  0
SECTION
  2
HEADER
  9
$ACADVER
  1
AC1032
  9
$ACADMAINTVER
 90
4
  9
$DWGCODEPAGE
  3
ANSI_1252
  9
$LASTSAVEDBY
  1
ezdxf
  9
$REQUIREDVERSIONS
160
0
  9
$INSBASE
 10
0.0
 20
0.0
 30
0.0
  9
$EXTMIN
 10
1e+20
 20
1e+20
 30
1e+20
  9
$EXTMAX
 10
-1e+20
 20
-1e+20
 30
-1e+20
  9
$LIMMIN
 10
0.0
 20
0.0
  9
$LIMMAX
 10
420.0
 20
297.0
  9
$ORTHOMODE
 70
0
  9
$REGENMODE
 70
1
  9
$FILLMODE
 70
1
  9
$QTEXTMODE
 70
0
  9
$MIRRTEXT
 70
1
  9
$LTSCALE
 40
2.0
  9
$ATTMODE
 70
1
  9
$TEXTSIZE
 40
2.5
  9
$TRACEWID
 40
1.0
  9
$TEXTSTYLE
  7
OpenSans
  9
$CLAYER
  8
0
  9
$CELTYPE
  6
ByLayer
  9
$CECOLOR
 62
256
  9
$CELTSCALE
 40
1.0
  9
$DISPSILH
 70
0
  9
$DIMSCALE
 40
1.0
  9
$DIMASZ
 40
0.175
  9
$DIMEXO
 40
0.125
  9
$DIMDLI
 40
3.75
  9
$DIMRND
 40
0.0
  9
$DIMDLE
 40
0.0
  9
$DIMEXE
 40
0.375
  9
$DIMTP
 40
0.0
  9
$DIMTM
 40
0.0
  9
$DIMTXT
 40
0.25
  9
$DIMCEN
 40
2.5
  9
$DIMTSZ
 40
0.0
  9
$DIMTOL
 70
0
  9
$DIMLIM
 70
0
  9
$DIMTIH
 70
0
  9
$DIMTOH
 70
0
  9
$DIMSE1
 70
0
  9
$DIMSE2
 70
0
  9
$DIMTAD
 70
1
  9
$DIMZIN
 70
12
  9
$DIMBLK
  1
ARCHTICK
  9
$DIMASO
 70
1
  9
$DIMSHO
 70
1
  9
$DIMPOST
  1

  9
$DIMAPOST
  1

  9
$DIMALT
 70
0
  9
$DIMALTD
 70
3
  9
$DIMALTF
 40
0.03937007874
  9
$DIMLFAC
 40
100.0
  9
$DIMTOFL
 70
1
  9
$DIMTVP
 40
0.0
  9
$DIMTIX
 70
0
  9
$DIMSOXD
 70
0
  9
$DIMSAH
 70
0
  9
$DIMBLK1
  1

  9
$DIMBLK2
  1

  9
$DIMSTYLE
  2
EZDXF
  9
$DIMCLRD
 70
0
  9
$DIMCLRE
 70
0
  9
$DIMCLRT
 70
0
  9
$DIMTFAC
 40
0.5
  9
$DIMGAP
 40
0.1
  9
$DIMJUST
 70
0
  9
$DIMSD1
 70
0
  9
$DIMSD2
 70
0
  9
$DIMTOLJ
 70
0
  9
$DIMTZIN
 70
8
  9
$DIMALTZ
 70
0
  9
$DIMALTTZ
 70
0
  9
$DIMUPT
 70
1
  9
$DIMDEC
 70
2
  9
$DIMTDEC
 70
2
  9
$DIMALTU
 70
2
  9
$DIMALTTD
 70
3
  9
$DIMTXSTY
  7
OpenSansCondensed-Light
  9
$DIMAUNIT
 70
0
  9
$DIMADEC
 70
2
  9
$DIMALTRND
 40
0.0
  9
$DIMAZIN
 70
3
  9
$DIMDSEP
 70
46
  9
$DIMATFIT
 70
3
  9
$DIMFRAC
 70
0
  9
$DIMLDRBLK
  1

  9
$DIMLUNIT
 70
2
  9
$DIMLWD
 70
-2
  9
$DIMLWE
 70
-2
  9
$DIMTMOVE
 70
2
  9
$DIMFXL
 40
1.0
  9
$DIMFXLON
 70
0
  9
$DIMJOGANG
 40
0.785398163397
  9
$DIMTFILL
 70
0
  9
$DIMTFILLCLR
 70
0
  9
$DIMARCSYM
 70
0
  9
$DIMLTYPE
  6

  9
$DIMLTEX1
  6

  9
$DIMLTEX2
  6

  9
$DIMTXTDIRECTION
 70
0
  9
$LUNITS
 70
2
  9
$LUPREC
 70
4
  9
$SKETCHINC
 40
1.0
  9
$FILLETRAD
 40
10.0
  9
$AUNITS
 70
0
  9
$AUPREC
 70
2
  9
$MENU
  1
.
  9
$ELEVATION
 40
0.0
  9
$PELEVATION
 40
0.0
  9
$THICKNESS
 40
0.0
  9
$LIMCHECK
 70
0
  9
$CHAMFERA
 40
0.0
  9
$CHAMFERB
 40
0.0
  9
$CHAMFERC
 40
0.0
  9
$CHAMFERD
 40
0.0
  9
$SKPOLY
 70
0
  9
$TDCREATE
 40
2461319.8300578706
  9
$TDUCREATE
 40
2458532.153996898
  9
$TDUPDATE
 40
2461319.8300578706
  9
$TDUUPDATE
 40
2458532.1544311
  9
$TDINDWG
 40
0.0
  9
$TDUSRTIMER
 40
0.0
  9
$USRTIMER
 70
1
  9
$ANGBASE
 50
0.0
  9
$ANGDIR
 70
0
  9
$PDMODE
 70
0
  9
$PDSIZE
 40
0.0
  9
$PLINEWID
 40
0.0
  9
$SPLFRAME
 70
0
  9
$SPLINETYPE
 70
6
  9
$SPLINESEGS
 70
8
  9
$HANDSEED
  5
1053
  9
$SURFTAB1
 70
6
  9
$SURFTAB2
 70
6
  9
$SURFTYPE
 70
6
  9
$SURFU
 70
6
  9
$SURFV
 70
6
  9
$UCSBASE
  2

  9
$UCSNAME
  2

  9
$UCSORG
 10
0.0
 20
0.0
 30
0.0
  9
$UCSXDIR
 10
1.0
 20
0.0
 30
0.0
  9
$UCSYDIR
 10
0.0
 20
1.0
 30
0.0
  9
$UCSORTHOREF
  2

  9
$UCSORTHOVIEW
 70
0
  9
$UCSORGTOP
 10
0.0
 20
0.0
 30
0.0
  9
$UCSORGBOTTOM
 10
0.0
 20
0.0
 30
0.0
  9
$UCSORGLEFT
 10
0.0
 20
0.0
 30
0.0
  9
$UCSORGRIGHT
 10
0.0
 20
0.0
 30
0.0
  9
$UCSORGFRONT
 10
0.0
 20
0.0
 30
0.0
  9
$UCSORGBACK
 10
0.0
 20
0.0
 30
0.0
  9
$PUCSBASE
  2

  9
$PUCSNAME
  2

  9
$PUCSORG
 10
0.0
 20
0.0
 30
0.0
  9
$PUCSXDIR
 10
1.0
 20
0.0
 30
0.0
  9
$PUCSYDIR
 10
0.0
 20
1.0
 30
0.0
  9
$PUCSORTHOREF
  2

  9
$PUCSORTHOVIEW
 70
0
  9
$PUCSORGTOP
 10
0.0
 20
0.0
 30
0.0
  9
$PUCSORGBOTTOM
 10
0.0
 20
0.0
 30
0.0
  9
$PUCSORGLEFT
 10
0.0
 20
0.0
 30
0.0
  9
$PUCSORGRIGHT
 10
0.0
 20
0.0
 30
0.0
  9
$PUCSORGFRONT
 10
0.0
 20
0.0
 30
0.0
  9
$PUCSORGBACK
 10
0.0
 20
0.0
 30
0.0
  9
$USERI1
 70
0
  9
$USERI2
 70
0
  9
$USERI3
 70
0
  9
$USERI4
 70
0
  9
$USERI5
 70
0
  9
$USERR1
 40
0.0
  9
$USERR2
 40
0.0
  9
$USERR3
 40
0.0
  9
$USERR4
 40
0.0
  9
$USERR5
 40
0.0
  9
$WORLDVIEW
 70
1
  9
$SHADEDGE
 70
3
  9
$SHADEDIF
 70
70
  9
$TILEMODE
 70
1
  9
$MAXACTVP
 70
64
  9
$PINSBASE
 10
0.0
 20
0.0
 30
0.0
  9
$PLIMCHECK
 70
0
  9
$PEXTMIN
 10
1e+20
 20
1e+20
 30
1e+20
  9
$PEXTMAX
 10
-1e+20
 20
-1e+20
 30
-1e+20
  9
$PLIMMIN
 10
0.0
 20
0.0
  9
$PLIMMAX
 10
420.0
 20
297.0
  9
$UNITMODE
 70
0
  9
$VISRETAIN
 70
1
  9
$PLINEGEN
 70
0
  9
$PSLTSCALE
 70
1
  9
$TREEDEPTH
 70
3020
  9
$CMLSTYLE
  2
Standard
  9
$CMLJUST
 70
0
  9
$CMLSCALE
 40
20.0
  9
$PROXYGRAPHICS
 70
1
  9
$MEASUREMENT
 70
1
  9
$CELWEIGHT
370
-1
  9
$ENDCAPS
280
0
  9
$JOINSTYLE
280
0
  9
$LWDISPLAY
290
0
  9
$INSUNITS
 70
6
  9
$HYPERLINKBASE
  1

  9
$STYLESHEET
  1

  9
$XEDIT
290
1
  9
$CEPSNTYPE
380
0
  9
$PSTYLEMODE
290
1
  9
$FINGERPRINTGUID
  2
{36B5094B-ABEE-4C6F-B5A8-0CB7EBFFA25C}
  9
$VERSIONGUID
  2
{C4D341E3-9259-4BEF-BE77-4FE3C2718DA4}
  9
$EXTNAMES
290
1
  9
$PSVPSCALE
 40
0.0
  9
$OLESTARTUP
290
0
  9
$SORTENTS
280
127
  9
$INDEXCTL
280
0
  9
$HIDETEXT
280
1
  9
$XCLIPFRAME
280
1
  9
$HALOGAP
280
0
  9
$OBSCOLOR
 70
257
  9
$OBSLTYPE
280
0
  9
$INTERSECTIONDISPLAY
280
0
  9
$INTERSECTIONCOLOR
 70
257
  9
$DIMASSOC
280
2
  9
$PROJECTNAME
  1

  9
$CAMERADISPLAY
290
0
  9
$LENSLENGTH
 40
50.0
  9
$CAMERAHEIGHT
 40
0.0
  9
$STEPSPERSEC
 40
24.0
  9
$STEPSIZE
 40
100.0
  9
$3DDWFPREC
 40
2.0
  9
$PSOLWIDTH
 40
0.005
  9
$PSOLHEIGHT
 40
0.08
  9
$LOFTANG1
 40
1.570796326795
  9
$LOFTANG2
 40
1.570796326795
  9
$LOFTMAG1
 40
0.0
  9
$LOFTMAG2
 40
0.0
  9
$LOFTPARAM
 70
7
  9
$LOFTNORMALS
280
1
  9
$LATITUDE
 40
37.795
  9
$LONGITUDE
 40
-122.394
  9
$NORTHDIRECTION
 40
0.0
  9
$TIMEZONE
 70
-8000
  9
$LIGHTGLYPHDISPLAY
280
1
  9
$TILEMODELIGHTSYNCH
280
1
  9
$CMATERIAL
347
20
  9
$SOLIDHIST
280
0
  9
$SHOWHIST
280
1
  9
$DWFFRAME
280
2
  9
$DGNFRAME
280
2
  9
$REALWORLDSCALE
290
1
  9
$INTERFERECOLOR
 62
256
  9
$CSHADOW
280
0
  9
$SHADOWPLANELOCATION
 40
0.0
  0
ENDSEC
  0
SECTION
  2
CLASSES
  0
CLASS
  1
ACDBDICTIONARYWDFLT
  2
AcDbDictionaryWithDefault
  3
ObjectDBX Classes
 90
0
 91
0
280
0
281
0
  0
CLASS
  1
SUN
  2
AcDbSun
  3
SCENEOE
 90
1153
 91
0
280
0
281
0
  0
CLASS
  1
VISUALSTYLE
  2
AcDbVisualStyle
  3
ObjectDBX Classes
 90
4095
 91
0
280
0
281
0
  0
CLASS
  1
MATERIAL
  2
AcDbMaterial
  3
ObjectDBX Classes
 90
1153
 91
0
280
0
281
0
  0
CLASS
  1
SCALE
  2
AcDbScale
  3
ObjectDBX Classes
 90
1153
 91
0
280
0
281
0
  0
CLASS
  1
TABLESTYLE
  2
AcDbTableStyle
  3
ObjectDBX Classes
 90
4095
 91
0
280
0
281
0
  0
CLASS
  1
MLEADERSTYLE
  2
AcDbMLeaderStyle
  3
ACDB_MLEADERSTYLE_CLASS
 90
4095
 91
0
280
0
281
0
  0
CLASS
  1
DICTIONARYVAR
  2
AcDbDictionaryVar
  3
ObjectDBX Classes
 90
0
 91
0
280
0
281
0
  0
CLASS
  1
CELLSTYLEMAP
  2
AcDbCellStyleMap
  3
ObjectDBX Classes
 90
1152
 91
0
280
0
281
0
  0
CLASS
  1
MENTALRAYRENDERSETTINGS
  2
AcDbMentalRayRenderSettings
  3
SCENEOE
 90
1024
 91
0
280
0
281
0
  0
CLASS
  1
ACDBDETAILVIEWSTYLE
  2
AcDbDetailViewStyle
  3
ObjectDBX Classes
 90
1025
 91
0
280
0
281
0
  0
CLASS
  1
ACDBSECTIONVIEWSTYLE
  2
AcDbSectionViewStyle
  3
ObjectDBX Classes
 90
1025
 91
0
280
0
281
0
  0
CLASS
  1
RASTERVARIABLES
  2
AcDbRasterVariables
  3
ISM
 90
0
 91
0
280
0
281
0
  0
CLASS
  1
ACDBPLACEHOLDER
  2
AcDbPlaceHolder
  3
ObjectDBX Classes
 90
0
 91
0
280
0
281
0
  0
CLASS
  1
LAYOUT
  2
AcDbLayout
  3
ObjectDBX Classes
 90
0
 91
0
280
0
281
0
  0
ENDSEC
  0
SECTION
  2
TABLES
  0
TABLE
  2
VPORT
  5
8
330
0
100
AcDbSymbolTable
 70
1
  0
VPORT
  5
104F
330
8
100
AcDbSymbolTableRecord
100
AcDbViewportTableRecord
  2
*Active
 70
0
 10
0.0
 20
0.0
 11
1.0
 21
1.0
 12
58.0
 22
-117.0
 13
0.0
 23
0.0
 14
0.5
 24
0.5
 15
0.5
 25
0.5
 16
0.0
 26
0.0
 36
1.0
 17
0.0
 27
0.0
 37
0.0
 40
660.0
 41
1.34
 42
50.0
 43
0.0
 44
0.0
 50
0.0
 51
0.0
 71
0
 72
1000
 73
1
 74
3
 75
0
 76
0
 77
0
 78
0
281
0
 65
1
110
0.0
120
0.0
130
0.0
111
1.0
121
0.0
131
0.0
112
0.0
122
1.0
132
0.0
 79
0
146
0.0
  0
ENDTAB
  0
TABLE
  2
LTYPE
  5
2
330
0
100
AcDbSymbolTable
 70
21
  0
LTYPE
  5
24
330
2
100
AcDbSymbolTableRecord
100
AcDbLinetypeTableRecord
  2
ByBlock
 70
0
  3

 72
65
 73
0
 40
0.0
  0
LTYPE
  5
25
330
2
100
AcDbSymbolTableRecord
100
AcDbLinetypeTableRecord
  2
ByLayer
 70
0
  3

 72
65
 73
0
 40
0.0
  0
LTYPE
  5
26
330
2
100
AcDbSymbolTableRecord
100
AcDbLinetypeTableRecord
  2
Continuous
 70
0
  3

 72
65
 73
0
 40
0.0
  0
LTYPE
  5
2F
330
2
100
AcDbSymbolTableRecord
100
AcDbLinetypeTableRecord
  2
CENTER
 70
0
  3
Center ____ _ ____ _ ____ _ ____ _ ____ _ ____
 72
65
 73
4
 40
5.08
 49
3.175
 74
0
 49
-0.635
 74
0
 49
0.635
 74
0
 49
-0.635
 74
0
  0
LTYPE
  5
30
330
2
100
AcDbSymbolTableRecord
100
AcDbLinetypeTableRecord
  2
CENTERX2
 70
0
  3
Center (2x) ________  __  ________  __  ________
 72
65
 73
4
 40
8.89
 49
6.35
 74
0
 49
-0.635
 74
0
 49
1.27
 74
0
 49
-0.635
 74
0
  0
LTYPE
  5
31
330
2
100
AcDbSymbolTableRecord
100
AcDbLinetypeTableRecord
  2
CENTER2
 70
0
  3
Center (.5x) ____ _ ____ _ ____ _ ____ _ ____
 72
65
 73
4
 40
2.54
 49
1.587
 74
0
 49
-0.318
 74
0
 49
0.318
 74
0
 49
-0.318
 74
0
  0
LTYPE
  5
32
330
2
100
AcDbSymbolTableRecord
100
AcDbLinetypeTableRecord
  2
DASHED
 70
0
  3
Dashed __ __ __ __ __ __ __ __ __ __ __ __ __ _
 72
65
 73
2
 40
1.524
 49
1.27
 74
0
 49
-0.254
 74
0
  0
LTYPE
  5
33
330
2
100
AcDbSymbolTableRecord
100
AcDbLinetypeTableRecord
  2
DASHEDX2
 70
0
  3
Dashed (2x) ____  ____  ____  ____  ____  ____
 72
65
 73
2
 40
3.048
 49
2.54
 74
0
 49
-0.508
 74
0
  0
LTYPE
  5
34
330
2
100
AcDbSymbolTableRecord
100
AcDbLinetypeTableRecord
  2
DASHED2
 70
0
  3
Dashed (.5x) _ _ _ _ _ _ _ _ _ _ _ _ _ _
 72
65
 73
2
 40
0.762
 49
0.635
 74
0
 49
-0.127
 74
0
  0
LTYPE
  5
35
330
2
100
AcDbSymbolTableRecord
100
AcDbLinetypeTableRecord
  2
PHANTOM
 70
0
  3
Phantom ______  __  __  ______  __  __  ______
 72
65
 73
6
 40
6.35
 49
3.175
 74
0
 49
-0.635
 74
0
 49
0.635
 74
0
 49
-0.635
 74
0
 49
0.635
 74
0
 49
-0.635
 74
0
  0
LTYPE
  5
36
330
2
100
AcDbSymbolTableRecord
100
AcDbLinetypeTableRecord
  2
PHANTOMX2
 70
0
  3
Phantom (2x)____________    ____    ____    ____________
 72
65
 73
6
 40
10.795
 49
6.35
 74
0
 49
-0.635
 74
0
 49
1.27
 74
0
 49
-0.635
 74
0
 49
1.27
 74
0
 49
-0.635
 74
0
  0
LTYPE
  5
37
330
2
100
AcDbSymbolTableRecord
100
AcDbLinetypeTableRecord
  2
PHANTOM2
 70
0
  3
Phantom (.5x) ___ _ _ ___ _ _ ___ _ _ ___ _ _ ___
 72
65
 73
6
 40
3.175
 49
1.587
 74
0
 49
-0.318
 74
0
 49
0.318
 74
0
 49
-0.318
 74
0
 49
0.318
 74
0
 49
-0.318
 74
0
  0
LTYPE
  5
38
330
2
100
AcDbSymbolTableRecord
100
AcDbLinetypeTableRecord
  2
DASHDOT
 70
0
  3
Dash dot __ . __ . __ . __ . __ . __ . __ . __
 72
65
 73
4
 40
3.556
 49
2.54
 74
0
 49
-0.508
 74
0
 49
0.0
 74
0
 49
-0.508
 74
0
  0
LTYPE
  5
39
330
2
100
AcDbSymbolTableRecord
100
AcDbLinetypeTableRecord
  2
DASHDOTX2
 70
0
  3
Dash dot (2x) ____  .  ____  .  ____  .  ____
 72
65
 73
4
 40
6.096
 49
5.08
 74
0
 49
-0.508
 74
0
 49
0.0
 74
0
 49
-0.508
 74
0
  0
LTYPE
  5
3A
330
2
100
AcDbSymbolTableRecord
100
AcDbLinetypeTableRecord
  2
DASHDOT2
 70
0
  3
Dash dot (.5x) _ . _ . _ . _ . _ . _ . _ . _
 72
65
 73
4
 40
1.778
 49
1.27
 74
0
 49
-0.254
 74
0
 49
0.0
 74
0
 49
-0.254
 74
0
  0
LTYPE
  5
3B
330
2
100
AcDbSymbolTableRecord
100
AcDbLinetypeTableRecord
  2
DOT
 70
0
  3
Dot .  .  .  .  .  .  .  .  .  .  .  .  .  .  .  .
 72
65
 73
2
 40
0.508
 49
0.0
 74
0
 49
-0.508
 74
0
  0
LTYPE
  5
3C
330
2
100
AcDbSymbolTableRecord
100
AcDbLinetypeTableRecord
  2
DOTX2
 70
0
  3
Dot (2x) .    .    .    .    .    .    .    . 
 72
65
 73
2
 40
1.016
 49
0.0
 74
0
 49
-1.016
 74
0
  0
LTYPE
  5
3D
330
2
100
AcDbSymbolTableRecord
100
AcDbLinetypeTableRecord
  2
DOT2
 70
0
  3
Dot (.5) . . . . . . . . . . . . . . . . . . . 
 72
65
 73
2
 40
0.254
 49
0.0
 74
0
 49
-0.254
 74
0
  0
LTYPE
  5
3E
330
2
100
AcDbSymbolTableRecord
100
AcDbLinetypeTableRecord
  2
DIVIDE
 70
0
  3
Divide __ . . __ . . __ . . __ . . __ . . __
 72
65
 73
6
 40
4.064
 49
2.54
 74
0
 49
-0.508
 74
0
 49
0.0
 74
0
 49
-0.508
 74
0
 49
0.0
 74
0
 49
-0.508
 74
0
  0
LTYPE
  5
3F
330
2
100
AcDbSymbolTableRecord
100
AcDbLinetypeTableRecord
  2
DIVIDEX2
 70
0
  3
Divide (2x) ____  . .  ____  . .  ____  . .  ____
 72
65
 73
6
 40
6.604
 49
5.08
 74
0
 49
-0.508
 74
0
 49
0.0
 74
0
 49
-0.508
 74
0
 49
0.0
 74
0
 49
-0.508
 74
0
  0
LTYPE
  5
40
330
2
100
AcDbSymbolTableRecord
100
AcDbLinetypeTableRecord
  2
DIVIDE2
 70
0
  3
Divide(.5x) _ . _ . _ . _ . _ . _ . _ . _
 72
65
 73
6
 40
2.032
 49
1.27
 74
0
 49
-0.254
 74
0
 49
0.0
 74
0
 49
-0.254
 74
0
 49
0.0
 74
0
 49
-0.254
 74
0
  0
ENDTAB
  0
TABLE
  2
LAYER
  5
1
330
0
100
AcDbSymbolTable
 70
24
  0
LAYER
  5
27
330
1
100
AcDbSymbolTableRecord
100
AcDbLayerTableRecord
  2
0
 70
0
 62
7
  6
Continuous
370
-3
390
13
347
21
  0
LAYER
  5
28
330
1
100
AcDbSymbolTableRecord
100
AcDbLayerTableRecord
  2
Defpoints
 70
0
 62
7
  6
Continuous
290
0
370
-3
390
13
347
21
  0
LAYER
  5
8A
330
1
100
AcDbSymbolTableRecord
100
AcDbLayerTableRecord
  2
TOPO-CONTOUR-MINOR
 70
0
 62
9
  6
CONTINUOUS
370
-3
390
13
347
21
  0
LAYER
  5
8B
330
1
100
AcDbSymbolTableRecord
100
AcDbLayerTableRecord
  2
TOPO-CONTOUR-MAJOR
 70
0
 62
8
  6
CONTINUOUS
370
-3
390
13
347
21
  0
LAYER
  5
8C
330
1
100
AcDbSymbolTableRecord
100
AcDbLayerTableRecord
  2
SITE-TREE-CANOPY
 70
0
 62
94
  6
CONTINUOUS
370
-3
390
13
347
21
  0
LAYER
  5
8D
330
1
100
AcDbSymbolTableRecord
100
AcDbLayerTableRecord
  2
SITE-WATER-EDGE
 70
0
 62
5
  6
CONTINUOUS
370
-3
390
13
347
21
  0
LAYER
  5
8E
330
1
100
AcDbSymbolTableRecord
100
AcDbLayerTableRecord
  2
SITE-FLOOD-LIMIT
 70
0
 62
5
  6
DASHED
370
-3
390
13
347
21
  0
LAYER
  5
8F
330
1
100
AcDbSymbolTableRecord
100
AcDbLayerTableRecord
  2
SITE-SETBACK-WATER
 70
0
 62
1
  6
DASHDOT
370
-3
390
13
347
21
  0
LAYER
  5
90
330
1
100
AcDbSymbolTableRecord
100
AcDbLayerTableRecord
  2
SITE-DRIVEWAY
 70
0
 62
-252
  6
CONTINUOUS
370
-3
390
13
347
21
  0
LAYER
  5
91
330
1
100
AcDbSymbolTableRecord
100
AcDbLayerTableRecord
  2
SITE-PATH
 70
0
 62
84
  6
CONTINUOUS
370
-3
390
13
347
21
  0
LAYER
  5
92
330
1
100
AcDbSymbolTableRecord
100
AcDbLayerTableRecord
  2
SITE-PARKING
 70
0
 62
250
  6
CONTINUOUS
370
-3
390
13
347
21
  0
LAYER
  5
93
330
1
100
AcDbSymbolTableRecord
100
AcDbLayerTableRecord
  2
SITE-ROAD-GRAVEL
 70
0
 62
32
  6
CONTINUOUS
370
-3
390
13
347
21
  0
LAYER
  5
94
330
1
100
AcDbSymbolTableRecord
100
AcDbLayerTableRecord
  2
SITE-ROAD-PAVED
 70
0
 62
7
  6
CONTINUOUS
370
-3
390
13
347
21
  0
LAYER
  5
95
330
1
100
AcDbSymbolTableRecord
100
AcDbLayerTableRecord
  2
SITE-ROAD-CURB
 70
0
 62
7
  6
CONTINUOUS
370
-3
390
13
347
21
  0
LAYER
  5
96
330
1
100
AcDbSymbolTableRecord
100
AcDbLayerTableRecord
  2
SITE-ROAD-CL
 70
0
 62
-8
  6
CENTER
370
-3
390
13
347
21
  0
LAYER
  5
97
330
1
100
AcDbSymbolTableRecord
100
AcDbLayerTableRecord
  2
SITE-RAIL
 70
0
 62
7
  6
CONTINUOUS
370
-3
390
13
347
21
  0
LAYER
  5
98
330
1
100
AcDbSymbolTableRecord
100
AcDbLayerTableRecord
  2
SITE-BLDG-EXIST
 70
0
 62
7
  6
CONTINUOUS
370
-3
390
13
347
21
  0
LAYER
  5
99
330
1
100
AcDbSymbolTableRecord
100
AcDbLayerTableRecord
  2
SITE-PROPERTY
 70
0
 62
7
  6
PHANTOM
370
-3
390
13
347
21
  0
LAYER
  5
9A
330
1
100
AcDbSymbolTableRecord
100
AcDbLayerTableRecord
  2
SITE-PROPERTY-SITE
 70
0
 62
1
  6
PHANTOM
370
-3
390
13
347
21
  0
LAYER
  5
9B
330
1
100
AcDbSymbolTableRecord
100
AcDbLayerTableRecord
  2
TEXT
 70
0
 62
7
  6
CONTINUOUS
370
-3
390
13
347
21
  0
LAYER
  5
9C
330
1
100
AcDbSymbolTableRecord
100
AcDbLayerTableRecord
  2
TEXT-CONTOUR
 70
0
 62
8
  6
CONTINUOUS
370
-3
390
13
347
21
  0
LAYER
  5
9D
330
1
100
AcDbSymbolTableRecord
100
AcDbLayerTableRecord
  2
Z-ORIGIN
 70
0
 62
1
  6
CONTINUOUS
370
-3
390
13
347
21
  0
LAYER
  5
9E
330
1
100
AcDbSymbolTableRecord
100
AcDbLayerTableRecord
  2
TOPO-EXTENT
 70
0
 62
3
  6
DASHED
370
-3
390
13
347
21
  0
LAYER
  5
9F
330
1
100
AcDbSymbolTableRecord
100
AcDbLayerTableRecord
  2
TOPO-REF-SITE
 70
0
 62
1
  6
PHANTOM
370
-3
390
13
347
21
  0
ENDTAB
  0
TABLE
  2
STYLE
  5
5
330
0
100
AcDbSymbolTable
 70
26
  0
STYLE
  5
29
330
5
100
AcDbSymbolTableRecord
100
AcDbTextStyleTableRecord
  2
Standard
 70
0
 40
0.0
 41
1.0
 50
0.0
 71
0
 42
2.5
  3
txt
  4

  0
STYLE
  5
41
330
5
100
AcDbSymbolTableRecord
100
AcDbTextStyleTableRecord
  2
OpenSans-Light
 70
0
 40
0.0
 41
1.0
 50
0.0
 71
0
 42
2.5
  3
OpenSans-Light.ttf
  4

  0
STYLE
  5
42
330
5
100
AcDbSymbolTableRecord
100
AcDbTextStyleTableRecord
  2
OpenSans-Light-Italic
 70
0
 40
0.0
 41
1.0
 50
0.0
 71
0
 42
2.5
  3
OpenSans-LightItalic.ttf
  4

  0
STYLE
  5
43
330
5
100
AcDbSymbolTableRecord
100
AcDbTextStyleTableRecord
  2
OpenSans
 70
0
 40
0.0
 41
1.0
 50
0.0
 71
0
 42
2.5
  3
OpenSans-Regular.ttf
  4

  0
STYLE
  5
44
330
5
100
AcDbSymbolTableRecord
100
AcDbTextStyleTableRecord
  2
OpenSans-Italic
 70
0
 40
0.0
 41
1.0
 50
0.0
 71
0
 42
2.5
  3
OpenSans-Italic.ttf
  4

  0
STYLE
  5
45
330
5
100
AcDbSymbolTableRecord
100
AcDbTextStyleTableRecord
  2
OpenSans-SemiBold
 70
0
 40
0.0
 41
1.0
 50
0.0
 71
0
 42
2.5
  3
OpenSans-SemiBold.ttf
  4

  0
STYLE
  5
46
330
5
100
AcDbSymbolTableRecord
100
AcDbTextStyleTableRecord
  2
OpenSans-SemiBoldItalic
 70
0
 40
0.0
 41
1.0
 50
0.0
 71
0
 42
2.5
  3
OpenSans-SemiBoldItalic.ttf
  4

  0
STYLE
  5
47
330
5
100
AcDbSymbolTableRecord
100
AcDbTextStyleTableRecord
  2
OpenSans-Bold
 70
0
 40
0.0
 41
1.0
 50
0.0
 71
0
 42
2.5
  3
OpenSans-Bold.ttf
  4

  0
STYLE
  5
48
330
5
100
AcDbSymbolTableRecord
100
AcDbTextStyleTableRecord
  2
OpenSans-BoldItalic
 70
0
 40
0.0
 41
1.0
 50
0.0
 71
0
 42
2.5
  3
OpenSans-BoldItalic.ttf
  4

  0
STYLE
  5
49
330
5
100
AcDbSymbolTableRecord
100
AcDbTextStyleTableRecord
  2
OpenSans-ExtraBold
 70
0
 40
0.0
 41
1.0
 50
0.0
 71
0
 42
2.5
  3
OpenSans-ExtraBold.ttf
  4

  0
STYLE
  5
4A
330
5
100
AcDbSymbolTableRecord
100
AcDbTextStyleTableRecord
  2
OpenSans-ExtraBoldItalic
 70
0
 40
0.0
 41
1.0
 50
0.0
 71
0
 42
2.5
  3
OpenSans-ExtraBoldItalic.ttf
  4

  0
STYLE
  5
4B
330
5
100
AcDbSymbolTableRecord
100
AcDbTextStyleTableRecord
  2
OpenSansCondensed-Bold
 70
0
 40
0.0
 41
1.0
 50
0.0
 71
0
 42
2.5
  3
OpenSansCondensed-Bold.ttf
  4

  0
STYLE
  5
4C
330
5
100
AcDbSymbolTableRecord
100
AcDbTextStyleTableRecord
  2
OpenSansCondensed-Light
 70
0
 40
0.0
 41
1.0
 50
0.0
 71
0
 42
2.5
  3
OpenSansCondensed-Light.ttf
  4

  0
STYLE
  5
4D
330
5
100
AcDbSymbolTableRecord
100
AcDbTextStyleTableRecord
  2
OpenSansCondensed-Italic
 70
0
 40
0.0
 41
1.0
 50
0.0
 71
0
 42
2.5
  3
OpenSansCondensed-LightItalic.ttf
  4

  0
STYLE
  5
4E
330
5
100
AcDbSymbolTableRecord
100
AcDbTextStyleTableRecord
  2
LiberationSans
 70
0
 40
0.0
 41
1.0
 50
0.0
 71
0
 42
2.5
  3
LiberationSans-Regular.ttf
  4

  0
STYLE
  5
4F
330
5
100
AcDbSymbolTableRecord
100
AcDbTextStyleTableRecord
  2
LiberationSans-Bold
 70
0
 40
0.0
 41
1.0
 50
0.0
 71
0
 42
2.5
  3
LiberationSans-Bold.ttf
  4

  0
STYLE
  5
50
330
5
100
AcDbSymbolTableRecord
100
AcDbTextStyleTableRecord
  2
LiberationSans-BoldItalic
 70
0
 40
0.0
 41
1.0
 50
0.0
 71
0
 42
2.5
  3
LiberationSans-BoldItalic.ttf
  4

  0
STYLE
  5
51
330
5
100
AcDbSymbolTableRecord
100
AcDbTextStyleTableRecord
  2
LiberationSans-Italic
 70
0
 40
0.0
 41
1.0
 50
0.0
 71
0
 42
2.5
  3
LiberationSans-Italic.ttf
  4

  0
STYLE
  5
52
330
5
100
AcDbSymbolTableRecord
100
AcDbTextStyleTableRecord
  2
LiberationSerif
 70
0
 40
0.0
 41
1.0
 50
0.0
 71
0
 42
2.5
  3
LiberationSerif-Regular.ttf
  4

  0
STYLE
  5
53
330
5
100
AcDbSymbolTableRecord
100
AcDbTextStyleTableRecord
  2
LiberationSerif-Bold
 70
0
 40
0.0
 41
1.0
 50
0.0
 71
0
 42
2.5
  3
LiberationSerif-Bold.ttf
  4

  0
STYLE
  5
54
330
5
100
AcDbSymbolTableRecord
100
AcDbTextStyleTableRecord
  2
LiberationSerif-BoldItalic
 70
0
 40
0.0
 41
1.0
 50
0.0
 71
0
 42
2.5
  3
LiberationSerif-BoldItalic.ttf
  4

  0
STYLE
  5
55
330
5
100
AcDbSymbolTableRecord
100
AcDbTextStyleTableRecord
  2
LiberationSerif-Italic
 70
0
 40
0.0
 41
1.0
 50
0.0
 71
0
 42
2.5
  3
LiberationSerif-Italic.ttf
  4

  0
STYLE
  5
56
330
5
100
AcDbSymbolTableRecord
100
AcDbTextStyleTableRecord
  2
LiberationMono
 70
0
 40
0.0
 41
1.0
 50
0.0
 71
0
 42
2.5
  3
LiberationMono-Regular.ttf
  4

  0
STYLE
  5
57
330
5
100
AcDbSymbolTableRecord
100
AcDbTextStyleTableRecord
  2
LiberationMono-Bold
 70
0
 40
0.0
 41
1.0
 50
0.0
 71
0
 42
2.5
  3
LiberationMono-Bold.ttf
  4

  0
STYLE
  5
58
330
5
100
AcDbSymbolTableRecord
100
AcDbTextStyleTableRecord
  2
LiberationMono-BoldItalic
 70
0
 40
0.0
 41
1.0
 50
0.0
 71
0
 42
2.5
  3
LiberationMono-BoldItalic.ttf
  4

  0
STYLE
  5
59
330
5
100
AcDbSymbolTableRecord
100
AcDbTextStyleTableRecord
  2
LiberationMono-Italic
 70
0
 40
0.0
 41
1.0
 50
0.0
 71
0
 42
2.5
  3
LiberationMono-Italic.ttf
  4

  0
ENDTAB
  0
TABLE
  2
VIEW
  5
7
330
0
100
AcDbSymbolTable
 70
0
  0
ENDTAB
  0
TABLE
  2
UCS
  5
6
330
0
100
AcDbSymbolTable
 70
0
  0
ENDTAB
  0
TABLE
  2
APPID
  5
3
330
0
100
AcDbSymbolTable
 70
3
  0
APPID
  5
2A
330
3
100
AcDbSymbolTableRecord
100
AcDbRegAppTableRecord
  2
ACAD
 70
0
  0
APPID
  5
1050
330
3
100
AcDbSymbolTableRecord
100
AcDbRegAppTableRecord
  2
HATCHBACKGROUNDCOLOR
 70
0
  0
APPID
  5
1051
330
3
100
AcDbSymbolTableRecord
100
AcDbRegAppTableRecord
  2
EZDXF
 70
0
  0
ENDTAB
  0
TABLE
  2
DIMSTYLE
  5
4
330
0
100
AcDbSymbolTable
 70
12
100
AcDbDimStyleTable
  0
DIMSTYLE
105
2B
330
4
100
AcDbSymbolTableRecord
100
AcDbDimStyleTableRecord
  2
Standard
 70
0
 40
1.0
 41
2.5
 42
0.625
 43
3.75
 44
1.25
 45
0.0
 46
0.0
 47
0.0
 48
0.0
 49
2.5
140
2.5
141
2.5
142
0.0
143
0.03937007874
144
1.0
145
0.0
146
1.0
147
0.625
148
0.0
 69
0
 70
0
 71
0
 72
0
 73
0
 74
0
 75
0
 76
0
 77
1
 78
8
 79
3
170
0
171
3
172
1
173
0
174
0
175
0
176
0
177
0
178
0
179
2
271
2
272
2
273
2
274
3
275
0
276
0
277
2
278
44
279
0
280
0
281
0
282
0
283
0
284
8
285
0
286
0
288
0
289
3
290
0
371
-2
372
-2
  0
DIMSTYLE
105
73
330
4
100
AcDbSymbolTableRecord
100
AcDbDimStyleTableRecord
  2
EZDXF
 70
0
 40
1.0
 41
0.175
 42
0.125
 43
3.75
 44
0.375
 45
0.0
 46
0.0
 47
0.0
 48
0.0
 49
2.5
140
0.25
141
2.5
142
0.0
143
0.03937007874
144
100.0
145
0.0
146
0.5
147
0.1
148
0.0
 69
0
 70
0
 71
0
 72
0
 73
0
 74
0
 75
0
 76
0
 77
1
 78
12
 79
3
170
0
171
3
172
1
173
0
174
0
175
0
176
0
177
0
178
0
179
2
271
2
272
2
273
2
274
3
275
0
276
0
277
2
278
46
279
2
280
0
281
0
282
0
283
0
284
8
285
0
286
0
288
1
289
3
290
0
340
4C
342
74
371
-2
372
-2
  0
DIMSTYLE
105
7C
330
4
100
AcDbSymbolTableRecord
100
AcDbDimStyleTableRecord
  2
EZ_M_100_H25_CM
 70
0
 40
1.0
 41
0.25
 42
0.125
 43
3.75
 44
0.375
 45
0.0
 46
0.0
 47
0.0
 48
0.0
 49
2.5
140
0.25
141
2.5
142
0.125
143
0.03937007874
144
100.0
145
0.0
146
0.5
147
0.1
148
0.0
 69
0
 70
0
 71
0
 72
0
 73
0
 74
0
 75
0
 76
0
 77
1
 78
12
 79
3
170
0
171
3
172
1
173
0
174
0
175
0
176
0
177
0
178
0
179
2
271
2
272
2
273
2
274
3
275
0
276
0
277
2
278
46
279
2
280
0
281
0
282
0
283
0
284
8
285
0
286
0
288
1
289
3
290
0
340
4C
371
-2
372
-2
  0
DIMSTYLE
105
7D
330
4
100
AcDbSymbolTableRecord
100
AcDbDimStyleTableRecord
  2
EZ_M_50_H25_CM
 70
0
 40
1.0
 41
0.125
 42
0.0625
 43
3.75
 44
0.1875
 45
0.0
 46
0.0
 47
0.0
 48
0.0
 49
2.5
140
0.125
141
2.5
142
0.0625
143
0.03937007874
144
100.0
145
0.0
146
0.5
147
0.05
148
0.0
 69
0
 70
0
 71
0
 72
0
 73
0
 74
0
 75
0
 76
0
 77
1
 78
12
 79
3
170
0
171
3
172
1
173
0
174
0
175
0
176
0
177
0
178
0
179
2
271
2
272
2
273
2
274
3
275
0
276
0
277
2
278
46
279
2
280
0
281
0
282
0
283
0
284
8
285
0
286
0
288
1
289
3
290
0
340
4C
371
-2
372
-2
  0
DIMSTYLE
105
7E
330
4
100
AcDbSymbolTableRecord
100
AcDbDimStyleTableRecord
  2
EZ_M_25_H25_CM
 70
0
 40
1.0
 41
0.0625
 42
0.03125
 43
3.75
 44
0.09375
 45
0.0
 46
0.0
 47
0.0
 48
0.0
 49
2.5
140
0.0625
141
2.5
142
0.03125
143
0.03937007874
144
100.0
145
0.0
146
0.5
147
0.025
148
0.0
 69
0
 70
0
 71
0
 72
0
 73
0
 74
0
 75
0
 76
0
 77
1
 78
12
 79
3
170
0
171
3
172
1
173
0
174
0
175
0
176
0
177
0
178
0
179
2
271
2
272
2
273
2
274
3
275
0
276
0
277
2
278
46
279
2
280
0
281
0
282
0
283
0
284
8
285
0
286
0
288
1
289
3
290
0
340
4C
371
-2
372
-2
  0
DIMSTYLE
105
7F
330
4
100
AcDbSymbolTableRecord
100
AcDbDimStyleTableRecord
  2
EZ_M_20_H25_CM
 70
0
 40
1.0
 41
0.05
 42
0.025
 43
3.75
 44
0.07500000000000001
 45
0.0
 46
0.0
 47
0.0
 48
0.0
 49
2.5
140
0.05
141
2.5
142
0.025
143
0.03937007874
144
100.0
145
0.0
146
0.5
147
0.020000000000000004
148
0.0
 69
0
 70
0
 71
0
 72
0
 73
0
 74
0
 75
0
 76
0
 77
1
 78
12
 79
3
170
0
171
3
172
1
173
0
174
0
175
0
176
0
177
0
178
0
179
2
271
2
272
2
273
2
274
3
275
0
276
0
277
2
278
46
279
2
280
0
281
0
282
0
283
0
284
8
285
0
286
0
288
1
289
3
290
0
340
4C
371
-2
372
-2
  0
DIMSTYLE
105
80
330
4
100
AcDbSymbolTableRecord
100
AcDbDimStyleTableRecord
  2
EZ_M_10_H25_CM
 70
0
 40
1.0
 41
0.025
 42
0.0125
 43
3.75
 44
0.037500000000000006
 45
0.0
 46
0.0
 47
0.0
 48
0.0
 49
2.5
140
0.025
141
2.5
142
0.0125
143
0.03937007874
144
100.0
145
0.0
146
0.5
147
0.010000000000000002
148
0.0
 69
0
 70
0
 71
0
 72
0
 73
0
 74
0
 75
0
 76
0
 77
1
 78
12
 79
3
170
0
171
3
172
1
173
0
174
0
175
0
176
0
177
0
178
0
179
2
271
2
272
2
273
2
274
3
275
0
276
0
277
2
278
46
279
2
280
0
281
0
282
0
283
0
284
8
285
0
286
0
288
1
289
3
290
0
340
4C
371
-2
372
-2
  0
DIMSTYLE
105
81
330
4
100
AcDbSymbolTableRecord
100
AcDbDimStyleTableRecord
  2
EZ_M_5_H25_CM
 70
0
 40
1.0
 41
0.0125
 42
0.00625
 43
3.75
 44
0.018750000000000003
 45
0.0
 46
0.0
 47
0.0
 48
0.0
 49
2.5
140
0.0125
141
2.5
142
0.00625
143
0.03937007874
144
100.0
145
0.0
146
0.5
147
0.005000000000000001
148
0.0
 69
0
 70
0
 71
0
 72
0
 73
0
 74
0
 75
0
 76
0
 77
1
 78
12
 79
3
170
0
171
3
172
1
173
0
174
0
175
0
176
0
177
0
178
0
179
2
271
2
272
2
273
2
274
3
275
0
276
0
277
2
278
46
279
2
280
0
281
0
282
0
283
0
284
8
285
0
286
0
288
1
289
3
290
0
340
4C
371
-2
372
-2
  0
DIMSTYLE
105
82
330
4
100
AcDbSymbolTableRecord
100
AcDbDimStyleTableRecord
  2
EZ_M_1_H25_CM
 70
0
 40
1.0
 41
0.0025
 42
0.00125
 43
3.75
 44
0.00375
 45
0.0
 46
0.0
 47
0.0
 48
0.0
 49
2.5
140
0.0025
141
2.5
142
0.00125
143
0.03937007874
144
100.0
145
0.0
146
0.5
147
0.001
148
0.0
 69
0
 70
0
 71
0
 72
0
 73
0
 74
0
 75
0
 76
0
 77
1
 78
12
 79
3
170
0
171
3
172
1
173
0
174
0
175
0
176
0
177
0
178
0
179
2
271
2
272
2
273
2
274
3
275
0
276
0
277
2
278
46
279
2
280
0
281
0
282
0
283
0
284
8
285
0
286
0
288
1
289
3
290
0
340
4C
371
-2
372
-2
  0
DIMSTYLE
105
83
330
4
100
AcDbSymbolTableRecord
100
AcDbDimStyleTableRecord
  2
EZ_RADIUS
 70
0
 40
1.0
 41
0.25
 42
0.125
 43
3.75
 44
0.375
 45
0.0
 46
0.0
 47
0.0
 48
0.0
 49
2.5
140
0.25
141
0.0
142
0.0
143
0.03937007874
144
100.0
145
0.0
146
0.5
147
0.1
148
0.0
 69
0
 70
0
 71
0
 72
0
 73
0
 74
0
 75
0
 76
0
 77
1
 78
12
 79
3
170
0
171
3
172
0
173
0
174
0
175
0
176
0
177
0
178
0
179
2
271
2
272
2
273
2
274
3
275
0
276
0
277
2
278
46
279
1
280
0
281
0
282
0
283
0
284
8
285
0
286
0
288
1
289
3
290
0
340
4C
342
84
371
-2
372
-2
  0
DIMSTYLE
105
88
330
4
100
AcDbSymbolTableRecord
100
AcDbDimStyleTableRecord
  2
EZ_RADIUS_INSIDE
 70
0
 40
1.0
 41
0.25
 42
0.125
 43
3.75
 44
0.375
 45
0.0
 46
0.0
 47
0.0
 48
0.0
 49
2.5
140
0.25
141
0.0
142
0.0
143
0.03937007874
144
100.0
145
0.0
146
0.5
147
0.1
148
0.0
 69
0
 70
0
 71
0
 72
0
 73
0
 74
0
 75
0
 76
0
 77
0
 78
12
 79
3
170
0
171
3
172
0
173
0
174
1
175
0
176
0
177
0
178
0
179
2
271
2
272
2
273
2
274
3
275
0
276
0
277
2
278
46
279
0
280
0
281
0
282
0
283
0
284
8
285
0
286
0
288
1
289
0
290
0
340
4C
342
84
371
-2
372
-2
  0
DIMSTYLE
105
89
330
4
100
AcDbSymbolTableRecord
100
AcDbDimStyleTableRecord
  2
EZ_CURVED
 70
0
 40
1.0
 41
0.25
 42
0.125
 43
3.75
 44
0.375
 45
0.0
 46
0.0
 47
0.0
 48
0.0
 49
2.5
140
0.25
141
2.5
142
0.0
143
0.03937007874
144
100.0
145
0.0
146
0.5
147
0.1
148
0.0
 69
0
 70
0
 71
0
 72
0
 73
0
 74
0
 75
0
 76
0
 77
1
 78
12
 79
2
 90
2
170
0
171
3
172
1
173
0
174
0
175
0
176
0
177
0
178
0
179
2
271
2
272
2
273
2
274
3
275
0
276
0
277
2
278
46
279
2
280
0
281
0
282
0
283
0
284
8
285
0
286
0
288
1
289
3
290
0
340
4C
371
-2
372
-2
  0
ENDTAB
  0
TABLE
  2
BLOCK_RECORD
  5
9
330
0
100
AcDbSymbolTable
 70
5
  0
BLOCK_RECORD
  5
17
330
9
100
AcDbSymbolTableRecord
100
AcDbBlockTableRecord
  2
*Model_Space
340
1A
 70
0
280
1
281
0
  0
BLOCK_RECORD
  5
1B
330
9
100
AcDbSymbolTableRecord
100
AcDbBlockTableRecord
  2
*Paper_Space
340
1E
 70
0
280
1
281
0
  0
BLOCK_RECORD
  5
74
330
9
100
AcDbSymbolTableRecord
100
AcDbBlockTableRecord
  2
_ARCHTICK
340
0
 70
0
280
1
281
0
  0
BLOCK_RECORD
  5
78
330
9
100
AcDbSymbolTableRecord
100
AcDbBlockTableRecord
  2
_CLOSEDFILLED
340
0
 70
0
280
1
281
0
  0
BLOCK_RECORD
  5
84
330
9
100
AcDbSymbolTableRecord
100
AcDbBlockTableRecord
  2
_CLOSEDBLANK
340
0
 70
0
280
1
281
0
  0
ENDTAB
  0
ENDSEC
  0
SECTION
  2
BLOCKS
  0
BLOCK
  5
18
330
17
100
AcDbEntity
  8
0
100
AcDbBlockBegin
  2
*Model_Space
 70
0
 10
0.0
 20
0.0
 30
0.0
  3
*Model_Space
  1

  0
ENDBLK
  5
19
330
17
100
AcDbEntity
  8
0
100
AcDbBlockEnd
  0
BLOCK
  5
1C
330
1B
100
AcDbEntity
  8
0
100
AcDbBlockBegin
  2
*Paper_Space
 70
0
 10
0.0
 20
0.0
 30
0.0
  3
*Paper_Space
  1

  0
ENDBLK
  5
1D
330
1B
100
AcDbEntity
  8
0
100
AcDbBlockEnd
  0
BLOCK
  5
75
330
74
100
AcDbEntity
  8
0
100
AcDbBlockBegin
  2
_ARCHTICK
 70
0
 10
0.0
 20
0.0
 30
0.0
  3
_ARCHTICK
  1

  0
LWPOLYLINE
  5
77
330
74
100
AcDbEntity
  8
0
  6
BYBLOCK
 62
0
100
AcDbPolyline
 90
2
 70
0
 43
0.15
 10
-0.5
 20
-0.5
 10
0.5
 20
0.5
  0
ENDBLK
  5
76
330
74
100
AcDbEntity
  8
0
100
AcDbBlockEnd
  0
BLOCK
  5
79
330
78
100
AcDbEntity
  8
0
100
AcDbBlockBegin
  2
_CLOSEDFILLED
 70
0
 10
0.0
 20
0.0
 30
0.0
  3
_CLOSEDFILLED
  1

  0
SOLID
  5
7B
330
78
100
AcDbEntity
  8
0
  6
BYBLOCK
 62
0
100
AcDbTrace
 10
-1.0
 20
0.16439898372402537
 30
0.0
 11
0.0
 21
0.0
 31
0.0
 12
-1.0
 22
-0.16439898372402537
 32
0.0
 13
-1.0
 23
-0.16439898372402537
 33
0.0
  0
ENDBLK
  5
7A
330
78
100
AcDbEntity
  8
0
100
AcDbBlockEnd
  0
BLOCK
  5
85
330
84
100
AcDbEntity
  8
0
100
AcDbBlockBegin
  2
_CLOSEDBLANK
 70
0
 10
0.0
 20
0.0
 30
0.0
  3
_CLOSEDBLANK
  1

  0
LWPOLYLINE
  5
87
330
84
100
AcDbEntity
  8
0
  6
BYBLOCK
 62
0
100
AcDbPolyline
 90
3
 70
1
 10
-1.0
 20
0.16439898372402537
 10
0.0
 20
0.0
 10
-1.0
 20
-0.16439898372402537
  0
ENDBLK
  5
86
330
84
100
AcDbEntity
  8
0
100
AcDbBlockEnd
  0
ENDSEC
  0
SECTION
  2
ENTITIES
  0
POLYLINE
  5
A0
330
17
100
AcDbEntity
  8
TOPO-CONTOUR-MAJOR
100
AcDb3dPolyline
 66
1
 10
0.0
 20
0.0
 30
0.0
 70
8
  0
VERTEX
  5
A2
330
17
100
AcDbEntity
  8
TOPO-CONTOUR-MAJOR
100
AcDbVertex
100
AcDb3dPolylineVertex
 10
358.0
 20
-153.12625243688748
 30
1030.0
 70
32
  0
VERTEX
  5
A3
330
17
100
AcDbEntity
  8
TOPO-CONTOUR-MAJOR
100
AcDbVertex
100
AcDb3dPolylineVertex
 10
353.07252310863055
 20
-157.68993235744847
 30
1030.0
 70
32
  0
VERTEX
  5
A4
330
17
100
AcDbEntity
  8
TOPO-CONTOUR-MAJOR
100
AcDbVertex
100
AcDb3dPolylineVertex
 10
350.0496795294034
 20
-159.7503175620323
 30
1030.0
 70
32
  0
VERTEX
  5
A5
330
17
100
AcDbEntity
  8
TOPO-CONTOUR-MAJOR
100
AcDbVertex
100
AcDb3dPolylineVertex
 10
345.00540708812645
 20
-162.1841205591336
 30
1030.0
 70
32
  0
VERTEX
  5
A6
330
17
100
AcDbEntity
  8
TOPO-CONTOUR-MAJOR
100
AcDbVertex
100
AcDb3dPolylineVertex
 10
341.8938579424646
 20
-165.20696413796395
 30
1030.0
 70
32
  0
VERTEX
  5
A7
330
17
100
AcDbEntity
  8
TOPO-CONTOUR-MAJOR
100
AcDbVertex
100
AcDb3dPolylineVertex
 10
336.9306232840406
 20
-171.25265129655597
 30
1030.0
 70
32
  0
VERTEX
  5
A8
330
17
100
AcDbEntity
  8
TOPO-CONTOUR-MAJOR
100
AcDbVertex
100
AcDb3dPolylineVertex
 10
333.82563279179647
 20
-177.29833845514804
 30
1030.0
 70
32
  0
VERTEX
  5
A9
330
17
100
AcDbEntity
  8
TOPO-CONTOUR-MAJOR
100
AcDbVertex
100
AcDb3dPolylineVertex
 10
330.9050035276315
 20
-181.41220997998963
 30
1030.0
 70
32
  0
VERTEX
  5
AA
330
17
100
AcDbEntity
  8
TOPO-CONTOUR-MAJOR
100
AcDbVertex
100
AcDb3dPolylineVertex
 10
329.95495159515065
 20
-184.35164014063776
 30
1030.0
 70
32
  0
VERTEX
  5
AB
330
17
100
AcDbEntity
  8
TOPO-CONTOUR-MAJOR
100
AcDbVertex
100
AcDb3dPolylineVertex
 10
329.07183300841547
 20
-189.38971277233213
 30
1030.0
 70
32
  0
VERTEX
  5
AC
330
17
100
AcDbEntity
  8
TOPO-CONTOUR-MAJOR
100
AcDbVertex
100
AcDb3dPolylineVertex
 10
328.2569268479127
 20
-191.40494182519615
 30
1030.0
 70
32
  0
VERTEX
  5
AD
330
17
100
AcDbEntity
  8
TOPO-CONTOUR-MAJOR
100
AcDbVertex
100
AcDb3dPolylineVertex
 10
326.8745454219953
 20
-193.58577981380873
 30
1030.0
 70
32
  0
VERTEX
  5
AE
330
17
100
AcDbEntity
  8
TOPO-CONTOUR-MAJOR
100
AcDbVertex
100
AcDb3dPolylineVertex
 10
324.85931636917724
 20
-195.20415448183033
 30
1030.0
 70
32
  0
VERTEX
  5
AF
330
17
100
AcDbEntity
  8
TOPO-CONTOUR-MAJOR
100
AcDbVertex
100
AcDb3dPolylineVertex
 10
322.84408731635915
 20
-195.98097989426503
 30
1030.0
 70
32
  0
VERTEX
  5
B0
330
17
100
AcDbEntity
  8
TOPO-CONTOUR-MAJOR
100
AcDbVertex
100
AcDb3dPolylineVertex
 10
316.7984001579049
 20
-196.58074249749242
 30
1030.0
 70
32
  0
VERTEX
  5
B1
330
17
100
AcDbEntity
  8
TOPO-CONTOUR-MAJOR
100
AcDbVertex
100
AcDb3dPolylineVertex
 10
309.64289543438275
 20
-200.47347256261853
 30
1030.0
 70
32
  0
VERTEX
  5
B2
330
17
100
AcDbEntity
  8
TOPO-CONTOUR-MAJOR
100
AcDbVertex
100
AcDb3dPolylineVertex
 10
293.6232660504968
 20
-216.2186496207284
 30
1030.0
 70
32
  0
VERTEX
  5
B3
330
17
100
AcDbEntity
  8
TOPO-CONTOUR-MAJOR
100
AcDbVertex
100
AcDb3dPolylineVertex
 10
291.08990588803226
 20
-219.61814856436104
 30
1030.0
 70
32
  0
VERTEX
  5
B4
330
17
100
AcDbEntity
  8
TOPO-CONTOUR-MAJOR
100
AcDbVertex
100
AcDb3dPolylineVertex
 10
287.57757889204254
 20
-223.31715714152682
 30
1030.0
 70
32
  0
VERTEX
  5
B5
330
17
100
AcDbEntity
  8
TOPO-CONTOUR-MAJOR
100
AcDbVertex
100
AcDb3dPolylineVertex
 10
271.15364724264055
 20
-237.7552100401372
 30
1030.0
 70
32
  0
VERTEX
  5
B6
330
17
100
AcDbEntity
  8
TOPO-CONTOUR-MAJOR
100
AcDbVertex
100
AcDb3dPolylineVertex
 10
268.4329028902706
 20
-241.02591651242093
 30
1030.0
 70
32
  0
VERTEX
  5
B7
330
17
100
AcDbEntity
  8
TOPO-CONTOUR-MAJOR
100
AcDbVertex
100
AcDb3dPolylineVertex
 10
265.7877881160053
 20
-245.81612625159323
 30
1030.0
 70
32
  0
VERTEX
  5
B8
330
17
100
AcDbEntity
  8
TOPO-CONTOUR-MAJOR
100
AcDbVertex
100
AcDb3dPolylineVertex
 10
264.40244478463444
 20
-247.3534911153355
 30
1030.0
 70
32
  0
VERTEX
  5
B9
330
17
100
AcDbEntity
  8
TOPO-CONTOUR-MAJOR
100
AcDbVertex
100
AcDb3dPolylineVertex
 10
262.38721573181635
 20
-248.33317408668765
 30
1030.0
 70
32
  0
VERTEX
  5
BA
330
17
100
AcDbEntity
  8
TOPO-CONTOUR-MAJOR
100
AcDbVertex
100
AcDb3dPolylineVertex
 10
258.3567576261802
 20
-248.95713530272226
 30
1030.0
 70
32
  0
VERTEX
  5
BB
330
17
100
AcDbEntity
  8
TOPO-CONTOUR-MAJOR
100
AcDbVertex
100
AcDb3dPolylineVertex
 10
254.32629952054396
 20
-250.64695678691038
 30
1030.0
 70
32
  0
VERTEX
  5
BC
330
17
100
AcDbEntity
  8
TOPO-CONTOUR-MAJOR
100
AcDbVertex
100
AcDb3dPolylineVertex
 10
251.30345594131683
 20
-251.2875330168531
 30
1030.0
 70
32
  0
VERTEX
  5
BD
330
17
100
AcDbEntity
  8
TOPO-CONTOUR-MAJOR
100
AcDbVertex
100
AcDb3dPolylineVertex
 10
248.2806123620897
 20
-250.73169074911945
 30
1030.0
 70
32
  0
VERTEX
  5
BE
330
17
100
AcDbEntity
  8
TOPO-CONTOUR-MAJOR
100
AcDbVertex
100
AcDb3dPolylineVertex
 10
245.3646058585715
 20
-248.8389698304236
 30
1030.0
 70
32
  0
VERTEX
  5
BF
330
17
100
AcDbEntity
  8
TOPO-CONTOUR-MAJOR
100
AcDbVertex
100
AcDb3dPolylineVertex
 10
244.25015425645353
 20
-248.67338636522058
 30
1030.0
 70
32
  0
VERTEX
  5
C0
330
17
100
AcDbEntity
  8
TOPO-CONTOUR-MAJOR
100
AcDbVertex
100
AcDb3dPolylineVertex
 10
239.21208162440823
 20
-248.68026496878102
 30
1030.0
 70
32
  0
VERTEX
  5
C1
330
17
100
AcDbEntity
  8
TOPO-CONTOUR-MAJOR
100
AcDbVertex
100
AcDb3dPolylineVertex
 10
235.18162351877208
 20
-250.55025289305433
 30
1030.0
 70
32
  0
VERTEX
  5
C2
330
17
100
AcDbEntity
  8
TOPO-CONTOUR-MAJOR
100
AcDbVertex
100
AcDb3dPolylineVertex
 10
233.166394465954
 20
-251.12059359621622
 30
1030.0
 70
32
  0
VERTEX
  5
C3
330
17
100
AcDbEntity
  8
TOPO-CONTOUR-MAJOR
100
AcDbVertex
100
AcDb3dPolylineVertex
 10
231.1511654131359
 20
-250.7228591780905
 30
1030.0
 70
32
  0
VERTEX
  5
C4
330
17
100
AcDbEntity
  8
TOPO-CONTOUR-MAJOR
100
AcDbVertex
100
AcDb3dPolylineVertex
 10
229.13593636031783
 20
-249.55203572122213
 30
1030.0
 70
32
  0
VERTEX
  5
C5
330
17
100
AcDbEntity
  8
TOPO-CONTOUR-MAJOR
100
AcDbVertex
100
AcDb3dPolylineVertex
 10
227.12070730749974
 20
-249.460932411389
 30
1030.0
 70
32
  0
VERTEX
  5
C6
330
17
100
AcDbEntity
  8
TOPO-CONTOUR-MAJOR
100
AcDbVertex
100
AcDb3dPolylineVertex
 10
221.87979805656033
 20
-251.86181340925395
 30
1030.0
 70
32
  0
VERTEX
  5
C7
330
17
100
AcDbEntity
  8
TOPO-CONTOUR-MAJOR
100
AcDbVertex
100
AcDb3dPolylineVertex
 10
218.66875033187438
 20
-253.87704246211797
 30
1030.0
 70
32
  0
VERTEX
  5
C8
330
17
100
AcDbEntity
  8
TOPO-CONTOUR-MAJOR
100
AcDbVertex
100
AcDb3dPolylineVertex
 10
217.45478917320446
 20
-255.89227151498199
 30
1030.0
 70
32
  0
VERTEX
  5
C9
330
17
100
AcDbEntity
  8
TOPO-CONTOUR-MAJOR
100
AcDbVertex
100
AcDb3dPolylineVertex
 10
217.23225664649118
 20
-258.91511509474367
 30
1030.0
 70
32
  0
VERTEX
  5
CA
330
17
100
AcDbEntity
  8
TOPO-CONTOUR-MAJOR
100
AcDbVertex
100
AcDb3dPolylineVertex
 10
216.83235531547783
 20
-259.92272962071
 30
1030.0
 70
32
  0
VERTEX
  5
CB
330
17
100
AcDbEntity
  8
TOPO-CONTOUR-MAJOR
100
AcDbVertex
100
AcDb3dPolylineVertex
 10
215.02933299059123
 20
-261.3969190646598
 30
1030.0
 70
32
  0
VERTEX
  5
CC
330
17
100
AcDbEntity
  8
TOPO-CONTOUR-MAJOR
100
AcDbVertex
100
AcDb3dPolylineVertex
 10
213.01410393777303
 20
-261.8300317152992
 30
1030.0
 70
32
  0
VERTEX
  5
CD
330
17
100
AcDbEntity
  8
TOPO-CONTOUR-MAJOR
100
AcDbVertex
100
AcDb3dPolylineVertex
 10
210.99887488495494
 20
-261.5272620613768
 30
1030.0
 70
32
  0
VERTEX
  5
CE
330
17
100
AcDbEntity
  8
TOPO-CONTOUR-MAJOR
100
AcDbVertex
100
AcDb3dPolylineVertex
 10
210.07743530599402
 20
-260.9303441476077
 30
1030.0
 70
32
  0
VERTEX
  5
CF
330
17
100
AcDbEntity
  8
TOPO-CONTOUR-MAJOR
100
AcDbVertex
100
AcDb3dPolylineVertex
 10
209.49393068573494
 20
-259.92272962071
 30
1030.0
 70
32
  0
VERTEX
  5
D0
330
17
100
AcDbEntity
  8
TOPO-CONTOUR-MAJOR
100
AcDbVertex
100
AcDb3dPolylineVertex
 10
209.6180892047804
 20
-257.907500567846
 30
1030.0
 70
32
  0
VERTEX
  5
D1
330
17
100
AcDbEntity
  8
TOPO-CONTOUR-MAJOR
100
AcDbVertex
100
AcDb3dPolylineVertex
 10
211.76349293079653
 20
-254.88465698901564
 30
1030.0
 70
32
  0
VERTEX
  5
D2
330
17
100
AcDbEntity
  8
TOPO-CONTOUR-MAJOR
100
AcDbVertex
100
AcDb3dPolylineVertex
 10
212.22995234835207
 20
-252.86942793615162
 30
1030.0
 70
32
  0
VERTEX
  5
D3
330
17
100
AcDbEntity
  8
TOPO-CONTOUR-MAJOR
100
AcDbVertex
100
AcDb3dPolylineVertex
 10
212.006489411364
 20
-251.7622750804407
 30
1030.0
 70
32
  0
VERTEX
  5
D4
330
17
100
AcDbEntity
  8
TOPO-CONTOUR-MAJOR
100
AcDbVertex
100
AcDb3dPolylineVertex
 10
210.99887488495494
 20
-250.35685796440902
 30
1030.0
 70
32
  0
VERTEX
  5
D5
330
17
100
AcDbEntity
  8
TOPO-CONTOUR-MAJOR
100
AcDbVertex
100
AcDb3dPolylineVertex
 10
209.9912603585459
 20
-250.16666805805787
 30
1030.0
 70
32
  0
VERTEX
  5
D6
330
17
100
AcDbEntity
  8
TOPO-CONTOUR-MAJOR
100
AcDbVertex
100
AcDb3dPolylineVertex
 10
208.98364583213686
 20
-250.76826339742163
 30
1030.0
 70
32
  0
VERTEX
  5
D7
330
17
100
AcDbEntity
  8
TOPO-CONTOUR-MAJOR
100
AcDbVertex
100
AcDb3dPolylineVertex
 10
208.16533373256
 20
-252.86942793615162
 30
1030.0
 70
32
  0
VERTEX
  5
D8
330
17
100
AcDbEntity
  8
TOPO-CONTOUR-MAJOR
100
AcDbVertex
100
AcDb3dPolylineVertex
 10
207.5948569557001
 20
-256.89988604187965
 30
1030.0
 70
32
  0
VERTEX
  5
D9
330
17
100
AcDbEntity
  8
TOPO-CONTOUR-MAJOR
100
AcDbVertex
100
AcDb3dPolylineVertex
 10
205.96080225290973
 20
-258.6978141450179
 30
1030.0
 70
32
  0
VERTEX
  5
DA
330
17
100
AcDbEntity
  8
TOPO-CONTOUR-MAJOR
100
AcDbVertex
100
AcDb3dPolylineVertex
 10
202.81867087075707
 20
-260.9303441476077
 30
1030.0
 70
32
  0
VERTEX
  5
DB
330
17
100
AcDbEntity
  8
TOPO-CONTOUR-MAJOR
100
AcDbVertex
100
AcDb3dPolylineVertex
 10
201.86238517251937
 20
-261.93795867357403
 30
1030.0
 70
32
  0
VERTEX
  5
DC
330
17
100
AcDbEntity
  8
TOPO-CONTOUR-MAJOR
100
AcDbVertex
100
AcDb3dPolylineVertex
 10
200.92272962086452
 20
-263.72224167479516
 30
1030.0
 70
32
  0
VERTEX
  5
DD
330
17
100
AcDbEntity
  8
TOPO-CONTOUR-MAJOR
100
AcDbVertex
100
AcDb3dPolylineVertex
 10
200.3740339838679
 20
-265.96841677930206
 30
1030.0
 70
32
  0
VERTEX
  5
DE
330
17
100
AcDbEntity
  8
TOPO-CONTOUR-MAJOR
100
AcDbVertex
100
AcDb3dPolylineVertex
 10
200.67941139457216
 20
-269.9988748850301
 30
1030.0
 70
32
  0
VERTEX
  5
DF
330
17
100
AcDbEntity
  8
TOPO-CONTOUR-MAJOR
100
AcDbVertex
100
AcDb3dPolylineVertex
 10
200.4736439673265
 20
-272.0141039378941
 30
1030.0
 70
32
  0
VERTEX
  5
E0
330
17
100
AcDbEntity
  8
TOPO-CONTOUR-MAJOR
100
AcDbVertex
100
AcDb3dPolylineVertex
 10
199.68277147756044
 20
-274.0293329907581
 30
1030.0
 70
32
  0
VERTEX
  5
E1
330
17
100
AcDbEntity
  8
TOPO-CONTOUR-MAJOR
100
AcDbVertex
100
AcDb3dPolylineVertex
 10
198.38386178833372
 20
-276.04456204362214
 30
1030.0
 70
32
  0
VERTEX
  5
E2
330
17
100
AcDbEntity
  8
TOPO-CONTOUR-MAJOR
100
AcDbVertex
100
AcDb3dPolylineVertex
 10
190.32940843765175
 20
-283.0978637281805
 30
1030.0
 70
32
  0
VERTEX
  5
E3
330
17
100
AcDbEntity
  8
TOPO-CONTOUR-MAJOR
100
AcDbVertex
100
AcDb3dPolylineVertex
 10
188.1517698350789
 20
-286.1207073079422
 30
1030.0
 70
32
  0
VERTEX
  5
E4
330
17
100
AcDbEntity
  8
TOPO-CONTOUR-MAJOR
100
AcDbVertex
100
AcDb3dPolylineVertex
 10
183.5557391707228
 20
-291.1587799396366
 30
1030.0
 70
32
  0
VERTEX
  5
E5
330
17
100
AcDbEntity
  8
TOPO-CONTOUR-MAJOR
100
AcDbVertex
100
AcDb3dPolylineVertex
 10
178.75521003986546
 20
-295.2958818413198
 30
1030.0
 70
32
  0
VERTEX
  5
E6
330
17
100
AcDbEntity
  8
TOPO-CONTOUR-MAJOR
100
AcDbVertex
100
AcDb3dPolylineVertex
 10
177.74759551345642
 20
-296.64159031503016
 30
1030.0
 70
32
  0
VERTEX
  5
E7
330
17
100
AcDbEntity
  8
TOPO-CONTOUR-MAJOR
100
AcDbVertex
100
AcDb3dPolylineVertex
 10
174.01135791675728
 20
-304.257768782787
 30
1030.0
 70
32
  0
VERTEX
  5
E8
330
17
100
AcDbEntity
  8
TOPO-CONTOUR-MAJOR
100
AcDbVertex
100
AcDb3dPolylineVertex
 10
171.70190835500216
 20
-307.11917133179145
 30
1030.0
 70
32
  0
VERTEX
  5
E9
330
17
100
AcDbEntity
  8
TOPO-CONTOUR-MAJOR
100
AcDbVertex
100
AcDb3dPolylineVertex
 10
168.67906477577503
 20
-308.9150920036632
 30
1030.0
 70
32
  0
VERTEX
  5
EA
330
17
100
AcDbEntity
  8
TOPO-CONTOUR-MAJOR
100
AcDbVertex
100
AcDb3dPolylineVertex
 10
165.6562211965479
 20
-311.99008083142905
 30
1030.0
 70
32
  0
VERTEX
  5
EB
330
17
100
AcDbEntity
  8
TOPO-CONTOUR-MAJOR
100
AcDbVertex
100
AcDb3dPolylineVertex
 10
163.64099214372982
 20
-313.0084533475489
 30
1030.0
 70
32
  0
VERTEX
  5
EC
330
17
100
AcDbEntity
  8
TOPO-CONTOUR-MAJOR
100
AcDbVertex
100
AcDb3dPolylineVertex
 10
160.6181485645027
 20
-313.89297358148133
 30
1030.0
 70
32
  0
VERTEX
  5
ED
330
17
100
AcDbEntity
  8
TOPO-CONTOUR-MAJOR
100
AcDbVertex
100
AcDb3dPolylineVertex
 10
158.6029195116846
 20
-313.7752744166454
 30
1030.0
 70
32
  0
VERTEX
  5
EE
330
17
100
AcDbEntity
  8
TOPO-CONTOUR-MAJOR
100
AcDbVertex
100
AcDb3dPolylineVertex
 10
156.58769045886652
 20
-313.2298931162163
 30
1030.0
 70
32
  0
VERTEX
  5
EF
330
17
100
AcDbEntity
  8
TOPO-CONTOUR-MAJOR
100
AcDbVertex
100
AcDb3dPolylineVertex
 10
155.55737731307113
 20
-313.32629952020943
 30
1030.0
 70
32
  0
VERTEX
  5
F0
330
17
100
AcDbEntity
  8
TOPO-CONTOUR-MAJOR
100
AcDbVertex
100
AcDb3dPolylineVertex
 10
154.57246140604832
 20
-314.01494541878264
 30
1030.0
 70
32
  0
VERTEX
  5
F1
330
17
100
AcDbEntity
  8
TOPO-CONTOUR-MAJOR
100
AcDbVertex
100
AcDb3dPolylineVertex
 10
153.5838814140949
 20
-315.34152857307345
 30
1030.0
 70
32
  0
VERTEX
  5
F2
330
17
100
AcDbEntity
  8
TOPO-CONTOUR-MAJOR
100
AcDbVertex
100
AcDb3dPolylineVertex
 10
152.302516777092
 20
-318.36437215283513
 30
1030.0
 70
32
  0
VERTEX
  5
F3
330
17
100
AcDbEntity
  8
TOPO-CONTOUR-MAJOR
100
AcDbVertex
100
AcDb3dPolylineVertex
 10
150.09692802236992
 20
-321.3872157316655
 30
1030.0
 70
32
  0
VERTEX
  5
F4
330
17
100
AcDbEntity
  8
TOPO-CONTOUR-MAJOR
100
AcDbVertex
100
AcDb3dPolylineVertex
 10
148.91211492513727
 20
-324.4100593114272
 30
1030.0
 70
32
  0
VERTEX
  5
F5
330
17
100
AcDbEntity
  8
TOPO-CONTOUR-MAJOR
100
AcDbVertex
100
AcDb3dPolylineVertex
 10
144.4963161419579
 20
-331.87856474710514
 30
1030.0
 70
32
  0
VERTEX
  5
F6
330
17
100
AcDbEntity
  8
TOPO-CONTOUR-MAJOR
100
AcDbVertex
100
AcDb3dPolylineVertex
 10
139.45824350991256
 20
-342.33292196734504
 30
1030.0
 70
32
  0
VERTEX
  5
F7
330
17
100
AcDbEntity
  8
TOPO-CONTOUR-MAJOR
100
AcDbVertex
100
AcDb3dPolylineVertex
 10
135.894896844976
 20
-351.6156515236944
 30
1030.0
 70
32
  0
VERTEX
  5
F8
330
17
100
AcDbEntity
  8
TOPO-CONTOUR-MAJOR
100
AcDbVertex
100
AcDb3dPolylineVertex
 10
134.42017087786735
 20
-354.5672196198162
 30
1030.0
 70
32
  0
VERTEX
  5
F9
330
17
100
AcDbEntity
  8
TOPO-CONTOUR-MAJOR
100
AcDbVertex
100
AcDb3dPolylineVertex
 10
129.38209824582214
 20
-366.91643286080597
 30
1030.0
 70
32
  0
VERTEX
  5
FA
330
17
100
AcDbEntity
  8
TOPO-CONTOUR-MAJOR
100
AcDbVertex
100
AcDb3dPolylineVertex
 10
125.93876564163685
 20
-378.82124373689294
 30
1030.0
 70
32
  0
VERTEX
  5
FB
330
17
100
AcDbEntity
  8
TOPO-CONTOUR-MAJOR
100
AcDbVertex
100
AcDb3dPolylineVertex
 10
125.24564271789424
 20
-382.85170184262097
 30
1030.0
 70
32
  0
VERTEX
  5
FC
330
17
100
AcDbEntity
  8
TOPO-CONTOUR-MAJOR
100
AcDbVertex
100
AcDb3dPolylineVertex
 10
123.33641108736788
 20
-386.3419083575757
 30
1030.0
 70
32
  0
VERTEX
  5
FD
330
17
100
AcDbEntity
  8
TOPO-CONTOUR-MAJOR
100
AcDbVertex
100
AcDb3dPolylineVertex
 10
122.9216892472506
 20
-387.88977447524667
 30
1030.0
 70
32
  0
VERTEX
  5
FE
330
17
100
AcDbEntity
  8
TOPO-CONTOUR-MAJOR
100
AcDbVertex
100
AcDb3dPolylineVertex
 10
121.32118203454979
 20
-391.19473538867953
 30
1030.0
 70
32
  0
VERTEX
  5
FF
330
17
100
AcDbEntity
  8
TOPO-CONTOUR-MAJOR
100
AcDbVertex
100
AcDb3dPolylineVertex
 10
119.24610727441052
 20
-397.9659197386355
 30
1030.0
 70
32
  0
VERTEX
  5
100
330
17
100
AcDbEntity
  8
TOPO-CONTOUR-MAJOR
100
AcDbVertex
100
AcDb3dPolylineVertex
 10
118.50254182025279
 20
-403.0039923712611
 30
1030.0
 70
32
  0
VERTEX
  5
101
330
17
100
AcDbEntity
  8
TOPO-CONTOUR-MAJOR
100
AcDbVertex
100
AcDb3dPolylineVertex
 10
116.28310940250458
 20
-407.4116142895798
 30
1030.0
 70
32
  0
VERTEX
  5
102
330
17
100
AcDbEntity
  8
TOPO-CONTOUR-MAJOR
100
AcDbVertex
100
AcDb3dPolylineVertex
 10
115.8342061142264
 20
-410.0572940558195
 30
1030.0
 70
32
  0
VERTEX
  5
103
330
17
100
AcDbEntity
  8
TOPO-CONTOUR-MAJOR
100
AcDbVertex
100
AcDb3dPolylineVertex
 10
114.8148970298246
 20
-413.0801376346499
 30
1030.0
 70
32
  0
VERTEX
  5
104
330
17
100
AcDbEntity
  8
TOPO-CONTOUR-MAJOR
100
AcDbVertex
100
AcDb3dPolylineVertex
 10
114.75023513585774
 20
-416.10298121441156
 30
1030.0
 70
32
  0
VERTEX
  5
105
330
17
100
AcDbEntity
  8
TOPO-CONTOUR-MAJOR
100
AcDbVertex
100
AcDb3dPolylineVertex
 10
114.35731559492578
 20
-417.0
 30
1030.0
 70
32
  0
SEQEND
  5
A1
330
A0
100
AcDbEntity
  8
TOPO-CONTOUR-MAJOR
  0
POLYLINE
  5
106
330
17
100
AcDbEntity
  8
TOPO-CONTOUR-MAJOR
100
AcDb3dPolyline
 66
1
 10
0.0
 20
0.0
 30
0.0
 70
8
  0
VERTEX
  5
108
330
17
100
AcDbEntity
  8
TOPO-CONTOUR-MAJOR
100
AcDbVertex
100
AcDb3dPolylineVertex
 10
255.9627726866304
 20
-257.907500567846
 30
1030.0
 70
32
  0
VERTEX
  5
109
330
17
100
AcDbEntity
  8
TOPO-CONTOUR-MAJOR
100
AcDbVertex
100
AcDb3dPolylineVertex
 10
256.34152857336204
 20
-257.4573041356915
 30
1030.0
 70
32
  0
VERTEX
  5
10A
330
17
100
AcDbEntity
  8
TOPO-CONTOUR-MAJOR
100
AcDbVertex
100
AcDb3dPolylineVertex
 10
257.34914309977114
 20
-257.43482773437313
 30
1030.0
 70
32
  0
VERTEX
  5
10B
330
17
100
AcDbEntity
  8
TOPO-CONTOUR-MAJOR
100
AcDbVertex
100
AcDb3dPolylineVertex
 10
257.75159787361366
 20
-257.907500567846
 30
1030.0
 70
32
  0
VERTEX
  5
10C
330
17
100
AcDbEntity
  8
TOPO-CONTOUR-MAJOR
100
AcDbVertex
100
AcDb3dPolylineVertex
 10
257.34914309977114
 20
-258.934814344893
 30
1030.0
 70
32
  0
VERTEX
  5
10D
330
17
100
AcDbEntity
  8
TOPO-CONTOUR-MAJOR
100
AcDbVertex
100
AcDb3dPolylineVertex
 10
256.32423882185896
 20
-258.91511509474367
 30
1030.0
 70
32
  0
VERTEX
  5
10E
330
17
100
AcDbEntity
  8
TOPO-CONTOUR-MAJOR
100
AcDbVertex
100
AcDb3dPolylineVertex
 10
255.9627726866304
 20
-257.907500567846
 30
1030.0
 70
32
  0
SEQEND
  5
107
330
106
100
AcDbEntity
  8
TOPO-CONTOUR-MAJOR
  0
POLYLINE
  5
10F
330
17
100
AcDbEntity
  8
TOPO-CONTOUR-MAJOR
100
AcDb3dPolyline
 66
1
 10
0.0
 20
0.0
 30
0.0
 70
8
  0
VERTEX
  5
111
330
17
100
AcDbEntity
  8
TOPO-CONTOUR-MAJOR
100
AcDbVertex
100
AcDb3dPolylineVertex
 10
159.97303017303813
 20
-347.5851934188977
 30
1030.0
 70
32
  0
VERTEX
  5
112
330
17
100
AcDbEntity
  8
TOPO-CONTOUR-MAJOR
100
AcDbVertex
100
AcDb3dPolylineVertex
 10
161.62576309091173
 20
-347.4024691617092
 30
1030.0
 70
32
  0
VERTEX
  5
113
330
17
100
AcDbEntity
  8
TOPO-CONTOUR-MAJOR
100
AcDbVertex
100
AcDb3dPolylineVertex
 10
162.63337761732078
 20
-347.75794831864386
 30
1030.0
 70
32
  0
VERTEX
  5
114
330
17
100
AcDbEntity
  8
TOPO-CONTOUR-MAJOR
100
AcDbVertex
100
AcDb3dPolylineVertex
 10
164.4782828921602
 20
-349.60042247083044
 30
1030.0
 70
32
  0
VERTEX
  5
115
330
17
100
AcDbEntity
  8
TOPO-CONTOUR-MAJOR
100
AcDbVertex
100
AcDb3dPolylineVertex
 10
169.1112931932896
 20
-356.6537241563201
 30
1030.0
 70
32
  0
VERTEX
  5
116
330
17
100
AcDbEntity
  8
TOPO-CONTOUR-MAJOR
100
AcDbVertex
100
AcDb3dPolylineVertex
 10
169.5448355102221
 20
-359.67656773515046
 30
1030.0
 70
32
  0
VERTEX
  5
117
330
17
100
AcDbEntity
  8
TOPO-CONTOUR-MAJOR
100
AcDbVertex
100
AcDb3dPolylineVertex
 10
169.09554250818275
 20
-361.69179678801447
 30
1030.0
 70
32
  0
VERTEX
  5
118
330
17
100
AcDbEntity
  8
TOPO-CONTOUR-MAJOR
100
AcDbVertex
100
AcDb3dPolylineVertex
 10
167.671450249366
 20
-363.3615501698114
 30
1030.0
 70
32
  0
VERTEX
  5
119
330
17
100
AcDbEntity
  8
TOPO-CONTOUR-MAJOR
100
AcDbVertex
100
AcDb3dPolylineVertex
 10
166.66383572295695
 20
-363.67085179278297
 30
1030.0
 70
32
  0
VERTEX
  5
11A
330
17
100
AcDbEntity
  8
TOPO-CONTOUR-MAJOR
100
AcDbVertex
100
AcDb3dPolylineVertex
 10
164.64860667013886
 20
-363.4269405467507
 30
1030.0
 70
32
  0
VERTEX
  5
11B
330
17
100
AcDbEntity
  8
TOPO-CONTOUR-MAJOR
100
AcDbVertex
100
AcDb3dPolylineVertex
 10
163.64099214372982
 20
-363.64987819171904
 30
1030.0
 70
32
  0
VERTEX
  5
11C
330
17
100
AcDbEntity
  8
TOPO-CONTOUR-MAJOR
100
AcDbVertex
100
AcDb3dPolylineVertex
 10
160.6181485645027
 20
-365.5147509811242
 30
1030.0
 70
32
  0
VERTEX
  5
11D
330
17
100
AcDbEntity
  8
TOPO-CONTOUR-MAJOR
100
AcDbVertex
100
AcDb3dPolylineVertex
 10
158.6029195116846
 20
-366.06844014858376
 30
1030.0
 70
32
  0
VERTEX
  5
11E
330
17
100
AcDbEntity
  8
TOPO-CONTOUR-MAJOR
100
AcDbVertex
100
AcDb3dPolylineVertex
 10
157.59530498527556
 20
-365.4179494641909
 30
1030.0
 70
32
  0
VERTEX
  5
11F
330
17
100
AcDbEntity
  8
TOPO-CONTOUR-MAJOR
100
AcDbVertex
100
AcDb3dPolylineVertex
 10
155.65329408331863
 20
-360.6841822620481
 30
1030.0
 70
32
  0
VERTEX
  5
120
330
17
100
AcDbEntity
  8
TOPO-CONTOUR-MAJOR
100
AcDbVertex
100
AcDb3dPolylineVertex
 10
154.93814073549206
 20
-357.66133868228644
 30
1030.0
 70
32
  0
VERTEX
  5
121
330
17
100
AcDbEntity
  8
TOPO-CONTOUR-MAJOR
100
AcDbVertex
100
AcDb3dPolylineVertex
 10
154.6696652614912
 20
-354.6384951034561
 30
1030.0
 70
32
  0
VERTEX
  5
122
330
17
100
AcDbEntity
  8
TOPO-CONTOUR-MAJOR
100
AcDbVertex
100
AcDb3dPolylineVertex
 10
154.97504618287627
 20
-352.62326605059206
 30
1030.0
 70
32
  0
VERTEX
  5
123
330
17
100
AcDbEntity
  8
TOPO-CONTOUR-MAJOR
100
AcDbVertex
100
AcDb3dPolylineVertex
 10
155.98255170583556
 20
-350.60803699772805
 30
1030.0
 70
32
  0
VERTEX
  5
124
330
17
100
AcDbEntity
  8
TOPO-CONTOUR-MAJOR
100
AcDbVertex
100
AcDb3dPolylineVertex
 10
157.59530498527556
 20
-348.8541119299699
 30
1030.0
 70
32
  0
VERTEX
  5
125
330
17
100
AcDbEntity
  8
TOPO-CONTOUR-MAJOR
100
AcDbVertex
100
AcDb3dPolylineVertex
 10
159.97303017303813
 20
-347.5851934188977
 30
1030.0
 70
32
  0
SEQEND
  5
110
330
10F
100
AcDbEntity
  8
TOPO-CONTOUR-MAJOR
  0
POLYLINE
  5
126
330
17
100
AcDbEntity
  8
TOPO-CONTOUR-MAJOR
100
AcDb3dPolyline
 66
1
 10
0.0
 20
0.0
 30
0.0
 70
8
  0
VERTEX
  5
128
330
17
100
AcDbEntity
  8
TOPO-CONTOUR-MAJOR
100
AcDbVertex
100
AcDb3dPolylineVertex
 10
138.77196584856773
 20
-417.0
 30
1030.0
 70
32
  0
VERTEX
  5
129
330
17
100
AcDbEntity
  8
TOPO-CONTOUR-MAJOR
100
AcDbVertex
100
AcDb3dPolylineVertex
 10
140.44790698181654
 20
-412.0725231086835
 30
1030.0
 70
32
  0
VERTEX
  5
12A
330
17
100
AcDbEntity
  8
TOPO-CONTOUR-MAJOR
100
AcDbVertex
100
AcDb3dPolylineVertex
 10
140.27023716177504
 20
-407.03445047698915
 30
1030.0
 70
32
  0
VERTEX
  5
12B
330
17
100
AcDbEntity
  8
TOPO-CONTOUR-MAJOR
100
AcDbVertex
100
AcDb3dPolylineVertex
 10
140.81304611579077
 20
-403.0039923712611
 30
1030.0
 70
32
  0
VERTEX
  5
12C
330
17
100
AcDbEntity
  8
TOPO-CONTOUR-MAJOR
100
AcDbVertex
100
AcDb3dPolylineVertex
 10
141.47347256273065
 20
-401.58962267876825
 30
1030.0
 70
32
  0
VERTEX
  5
12D
330
17
100
AcDbEntity
  8
TOPO-CONTOUR-MAJOR
100
AcDbVertex
100
AcDb3dPolylineVertex
 10
142.6488329119079
 20
-396.9583052126691
 30
1030.0
 70
32
  0
VERTEX
  5
12E
330
17
100
AcDbEntity
  8
TOPO-CONTOUR-MAJOR
100
AcDbVertex
100
AcDb3dPolylineVertex
 10
144.52677003723073
 20
-392.927847106941
 30
1030.0
 70
32
  0
VERTEX
  5
12F
330
17
100
AcDbEntity
  8
TOPO-CONTOUR-MAJOR
100
AcDbVertex
100
AcDb3dPolylineVertex
 10
147.51915972118502
 20
-389.25133461229234
 30
1030.0
 70
32
  0
VERTEX
  5
130
330
17
100
AcDbEntity
  8
TOPO-CONTOUR-MAJOR
100
AcDbVertex
100
AcDb3dPolylineVertex
 10
150.33891690328198
 20
-384.866930895485
 30
1030.0
 70
32
  0
VERTEX
  5
131
330
17
100
AcDbEntity
  8
TOPO-CONTOUR-MAJOR
100
AcDbVertex
100
AcDb3dPolylineVertex
 10
158.6029195116846
 20
-378.9231523745649
 30
1030.0
 70
32
  0
VERTEX
  5
132
330
17
100
AcDbEntity
  8
TOPO-CONTOUR-MAJOR
100
AcDbVertex
100
AcDb3dPolylineVertex
 10
166.66383572295695
 20
-369.05096924245635
 30
1030.0
 70
32
  0
VERTEX
  5
133
330
17
100
AcDbEntity
  8
TOPO-CONTOUR-MAJOR
100
AcDbVertex
100
AcDb3dPolylineVertex
 10
171.70190835500216
 20
-361.38045688143814
 30
1030.0
 70
32
  0
VERTEX
  5
134
330
17
100
AcDbEntity
  8
TOPO-CONTOUR-MAJOR
100
AcDbVertex
100
AcDb3dPolylineVertex
 10
172.3609310699333
 20
-357.66133868228644
 30
1030.0
 70
32
  0
VERTEX
  5
135
330
17
100
AcDbEntity
  8
TOPO-CONTOUR-MAJOR
100
AcDbVertex
100
AcDb3dPolylineVertex
 10
173.14294434333218
 20
-355.6461096294224
 30
1030.0
 70
32
  0
VERTEX
  5
136
330
17
100
AcDbEntity
  8
TOPO-CONTOUR-MAJOR
100
AcDbVertex
100
AcDb3dPolylineVertex
 10
177.69904245225968
 20
-350.60803699772805
 30
1030.0
 70
32
  0
VERTEX
  5
137
330
17
100
AcDbEntity
  8
TOPO-CONTOUR-MAJOR
100
AcDbVertex
100
AcDb3dPolylineVertex
 10
179.86498203685062
 20
-346.577578892
 30
1030.0
 70
32
  0
VERTEX
  5
138
330
17
100
AcDbEntity
  8
TOPO-CONTOUR-MAJOR
100
AcDbVertex
100
AcDb3dPolylineVertex
 10
181.7780536190926
 20
-344.878541435169
 30
1030.0
 70
32
  0
VERTEX
  5
139
330
17
100
AcDbEntity
  8
TOPO-CONTOUR-MAJOR
100
AcDbVertex
100
AcDb3dPolylineVertex
 10
186.7071882403963
 20
-343.55473531316966
 30
1030.0
 70
32
  0
VERTEX
  5
13A
330
17
100
AcDbEntity
  8
TOPO-CONTOUR-MAJOR
100
AcDbVertex
100
AcDb3dPolylineVertex
 10
190.88450168071253
 20
-340.531891733408
 30
1030.0
 70
32
  0
VERTEX
  5
13B
330
17
100
AcDbEntity
  8
TOPO-CONTOUR-MAJOR
100
AcDbVertex
100
AcDb3dPolylineVertex
 10
199.16629458365267
 20
-331.46336099598557
 30
1030.0
 70
32
  0
VERTEX
  5
13C
330
17
100
AcDbEntity
  8
TOPO-CONTOUR-MAJOR
100
AcDbVertex
100
AcDb3dPolylineVertex
 10
206.22230245849548
 20
-325.4176738373935
 30
1030.0
 70
32
  0
VERTEX
  5
13D
330
17
100
AcDbEntity
  8
TOPO-CONTOUR-MAJOR
100
AcDbVertex
100
AcDb3dPolylineVertex
 10
210.31297150822945
 20
-321.3872157316655
 30
1030.0
 70
32
  0
VERTEX
  5
13E
330
17
100
AcDbEntity
  8
TOPO-CONTOUR-MAJOR
100
AcDbVertex
100
AcDb3dPolylineVertex
 10
215.11935784343632
 20
-315.3415285730735
 30
1030.0
 70
32
  0
VERTEX
  5
13F
330
17
100
AcDbEntity
  8
TOPO-CONTOUR-MAJOR
100
AcDbVertex
100
AcDb3dPolylineVertex
 10
222.08263467545453
 20
-307.6236946897699
 30
1030.0
 70
32
  0
VERTEX
  5
140
330
17
100
AcDbEntity
  8
TOPO-CONTOUR-MAJOR
100
AcDbVertex
100
AcDb3dPolylineVertex
 10
227.02299870115115
 20
-304.257768782787
 30
1030.0
 70
32
  0
VERTEX
  5
141
330
17
100
AcDbEntity
  8
TOPO-CONTOUR-MAJOR
100
AcDbVertex
100
AcDb3dPolylineVertex
 10
230.14355088672687
 20
-301.6800340686269
 30
1030.0
 70
32
  0
VERTEX
  5
142
330
17
100
AcDbEntity
  8
TOPO-CONTOUR-MAJOR
100
AcDbVertex
100
AcDb3dPolylineVertex
 10
236.5921740121822
 20
-298.212081624195
 30
1030.0
 70
32
  0
VERTEX
  5
143
330
17
100
AcDbEntity
  8
TOPO-CONTOUR-MAJOR
100
AcDbVertex
100
AcDb3dPolylineVertex
 10
242.23492520363538
 20
-292.49613723931236
 30
1030.0
 70
32
  0
VERTEX
  5
144
330
17
100
AcDbEntity
  8
TOPO-CONTOUR-MAJOR
100
AcDbVertex
100
AcDb3dPolylineVertex
 10
245.8796605439008
 20
-290.1511654127389
 30
1030.0
 70
32
  0
VERTEX
  5
145
330
17
100
AcDbEntity
  8
TOPO-CONTOUR-MAJOR
100
AcDbVertex
100
AcDb3dPolylineVertex
 10
248.2806123620897
 20
-287.5323397719761
 30
1030.0
 70
32
  0
VERTEX
  5
146
330
17
100
AcDbEntity
  8
TOPO-CONTOUR-MAJOR
100
AcDbVertex
100
AcDb3dPolylineVertex
 10
249.28822688849874
 20
-286.8712395707036
 30
1030.0
 70
32
  0
VERTEX
  5
147
330
17
100
AcDbEntity
  8
TOPO-CONTOUR-MAJOR
100
AcDbVertex
100
AcDb3dPolylineVertex
 10
257.7641362202858
 20
-284.1054782550782
 30
1030.0
 70
32
  0
VERTEX
  5
148
330
17
100
AcDbEntity
  8
TOPO-CONTOUR-MAJOR
100
AcDbVertex
100
AcDb3dPolylineVertex
 10
265.197243657204
 20
-281.0826346753165
 30
1030.0
 70
32
  0
VERTEX
  5
149
330
17
100
AcDbEntity
  8
TOPO-CONTOUR-MAJOR
100
AcDbVertex
100
AcDb3dPolylineVertex
 10
273.16194210137394
 20
-276.04456204362214
 30
1030.0
 70
32
  0
VERTEX
  5
14A
330
17
100
AcDbEntity
  8
TOPO-CONTOUR-MAJOR
100
AcDbVertex
100
AcDb3dPolylineVertex
 10
296.0207904779567
 20
-257.907500567846
 30
1030.0
 70
32
  0
VERTEX
  5
14B
330
17
100
AcDbEntity
  8
TOPO-CONTOUR-MAJOR
100
AcDbVertex
100
AcDb3dPolylineVertex
 10
310.09531911440024
 20
-244.8085117246956
 30
1030.0
 70
32
  0
VERTEX
  5
14C
330
17
100
AcDbEntity
  8
TOPO-CONTOUR-MAJOR
100
AcDbVertex
100
AcDb3dPolylineVertex
 10
315.79078563149585
 20
-238.41095600432286
 30
1030.0
 70
32
  0
VERTEX
  5
14D
330
17
100
AcDbEntity
  8
TOPO-CONTOUR-MAJOR
100
AcDbVertex
100
AcDb3dPolylineVertex
 10
323.8517018427682
 20
-233.75029811726483
 30
1030.0
 70
32
  0
VERTEX
  5
14E
330
17
100
AcDbEntity
  8
TOPO-CONTOUR-MAJOR
100
AcDbVertex
100
AcDb3dPolylineVertex
 10
327.88215994840436
 20
-230.81332678239485
 30
1030.0
 70
32
  0
VERTEX
  5
14F
330
17
100
AcDbEntity
  8
TOPO-CONTOUR-MAJOR
100
AcDbVertex
100
AcDb3dPolylineVertex
 10
330.15568004271415
 20
-228.68667930178344
 30
1030.0
 70
32
  0
VERTEX
  5
150
330
17
100
AcDbEntity
  8
TOPO-CONTOUR-MAJOR
100
AcDbVertex
100
AcDb3dPolylineVertex
 10
335.0467206760561
 20
-223.64860667008907
 30
1030.0
 70
32
  0
VERTEX
  5
151
330
17
100
AcDbEntity
  8
TOPO-CONTOUR-MAJOR
100
AcDbVertex
100
AcDb3dPolylineVertex
 10
336.95069068608586
 20
-220.43038718449714
 30
1030.0
 70
32
  0
VERTEX
  5
152
330
17
100
AcDbEntity
  8
TOPO-CONTOUR-MAJOR
100
AcDbVertex
100
AcDb3dPolylineVertex
 10
336.95069068608586
 20
-218.2404198923843
 30
1030.0
 70
32
  0
VERTEX
  5
153
330
17
100
AcDbEntity
  8
TOPO-CONTOUR-MAJOR
100
AcDbVertex
100
AcDb3dPolylineVertex
 10
334.4419787878827
 20
-215.587690458633
 30
1030.0
 70
32
  0
VERTEX
  5
154
330
17
100
AcDbEntity
  8
TOPO-CONTOUR-MAJOR
100
AcDbVertex
100
AcDb3dPolylineVertex
 10
334.05699961879134
 20
-213.572461405769
 30
1030.0
 70
32
  0
VERTEX
  5
155
330
17
100
AcDbEntity
  8
TOPO-CONTOUR-MAJOR
100
AcDbVertex
100
AcDb3dPolylineVertex
 10
334.03047210409954
 20
-206.5191597212106
 30
1030.0
 70
32
  0
VERTEX
  5
156
330
17
100
AcDbEntity
  8
TOPO-CONTOUR-MAJOR
100
AcDbVertex
100
AcDb3dPolylineVertex
 10
335.4206306600468
 20
-202.48870161548257
 30
1030.0
 70
32
  0
VERTEX
  5
157
330
17
100
AcDbEntity
  8
TOPO-CONTOUR-MAJOR
100
AcDbVertex
100
AcDb3dPolylineVertex
 10
336.95069068608586
 20
-200.9847268256167
 30
1030.0
 70
32
  0
VERTEX
  5
158
330
17
100
AcDbEntity
  8
TOPO-CONTOUR-MAJOR
100
AcDbVertex
100
AcDb3dPolylineVertex
 10
339.973534265313
 20
-200.98537513395505
 30
1030.0
 70
32
  0
VERTEX
  5
159
330
17
100
AcDbEntity
  8
TOPO-CONTOUR-MAJOR
100
AcDbVertex
100
AcDb3dPolylineVertex
 10
341.15356853878666
 20
-200.47347256261855
 30
1030.0
 70
32
  0
VERTEX
  5
15A
330
17
100
AcDbEntity
  8
TOPO-CONTOUR-MAJOR
100
AcDbVertex
100
AcDb3dPolylineVertex
 10
342.9963778445401
 20
-195.34133559611575
 30
1030.0
 70
32
  0
VERTEX
  5
15B
330
17
100
AcDbEntity
  8
TOPO-CONTOUR-MAJOR
100
AcDbVertex
100
AcDb3dPolylineVertex
 10
344.6300734806329
 20
-189.38971277233213
 30
1030.0
 70
32
  0
VERTEX
  5
15C
330
17
100
AcDbEntity
  8
TOPO-CONTOUR-MAJOR
100
AcDbVertex
100
AcDb3dPolylineVertex
 10
346.01922142376725
 20
-186.83064121284977
 30
1030.0
 70
32
  0
VERTEX
  5
15D
330
17
100
AcDbEntity
  8
TOPO-CONTOUR-MAJOR
100
AcDbVertex
100
AcDb3dPolylineVertex
 10
348.73771197649614
 20
-184.35164014063776
 30
1030.0
 70
32
  0
VERTEX
  5
15E
330
17
100
AcDbEntity
  8
TOPO-CONTOUR-MAJOR
100
AcDbVertex
100
AcDb3dPolylineVertex
 10
349.0852874203345
 20
-181.32879656087607
 30
1030.0
 70
32
  0
VERTEX
  5
15F
330
17
100
AcDbEntity
  8
TOPO-CONTOUR-MAJOR
100
AcDbVertex
100
AcDb3dPolylineVertex
 10
350.78869704993843
 20
-178.3059529820457
 30
1030.0
 70
32
  0
VERTEX
  5
160
330
17
100
AcDbEntity
  8
TOPO-CONTOUR-MAJOR
100
AcDbVertex
100
AcDb3dPolylineVertex
 10
356.0953666878577
 20
-171.94220732578634
 30
1030.0
 70
32
  0
VERTEX
  5
161
330
17
100
AcDbEntity
  8
TOPO-CONTOUR-MAJOR
100
AcDbVertex
100
AcDb3dPolylineVertex
 10
357.1029812142667
 20
-169.87689671361935
 30
1030.0
 70
32
  0
VERTEX
  5
162
330
17
100
AcDbEntity
  8
TOPO-CONTOUR-MAJOR
100
AcDbVertex
100
AcDb3dPolylineVertex
 10
357.70369966798035
 20
-166.21457866486162
 30
1030.0
 70
32
  0
VERTEX
  5
163
330
17
100
AcDbEntity
  8
TOPO-CONTOUR-MAJOR
100
AcDbVertex
100
AcDb3dPolylineVertex
 10
358.0
 20
-165.62512915045468
 30
1030.0
 70
32
  0
SEQEND
  5
127
330
126
100
AcDbEntity
  8
TOPO-CONTOUR-MAJOR
  0
POLYLINE
  5
164
330
17
100
AcDbEntity
  8
TOPO-CONTOUR-MINOR
100
AcDb3dPolyline
 66
1
 10
0.0
 20
0.0
 30
0.0
 70
8
  0
VERTEX
  5
166
330
17
100
AcDbEntity
  8
TOPO-CONTOUR-MINOR
100
AcDbVertex
100
AcDb3dPolylineVertex
 10
13.329221133914302
 20
183.0
 30
1031.0
 70
32
  0
VERTEX
  5
167
330
17
100
AcDbEntity
  8
TOPO-CONTOUR-MINOR
100
AcDbVertex
100
AcDb3dPolylineVertex
 10
14.105180928702017
 20
182.4200474731624
 30
1031.0
 70
32
  0
VERTEX
  5
168
330
17
100
AcDbEntity
  8
TOPO-CONTOUR-MINOR
100
AcDbVertex
100
AcDb3dPolylineVertex
 10
17.232169230704745
 20
180.4048184202984
 30
1031.0
 70
32
  0
VERTEX
  5
169
330
17
100
AcDbEntity
  8
TOPO-CONTOUR-MINOR
100
AcDbVertex
100
AcDb3dPolylineVertex
 10
20.559729393645057
 20
178.8425961913942
 30
1031.0
 70
32
  0
VERTEX
  5
16A
330
17
100
AcDbEntity
  8
TOPO-CONTOUR-MINOR
100
AcDbVertex
100
AcDb3dPolylineVertex
 10
24.74026945381481
 20
175.3667457876727
 30
1031.0
 70
32
  0
VERTEX
  5
16B
330
17
100
AcDbEntity
  8
TOPO-CONTOUR-MINOR
100
AcDbVertex
100
AcDb3dPolylineVertex
 10
30.6358746577356
 20
171.70434437900042
 30
1031.0
 70
32
  0
VERTEX
  5
16C
330
17
100
AcDbEntity
  8
TOPO-CONTOUR-MINOR
100
AcDbVertex
100
AcDb3dPolylineVertex
 10
34.84383570934647
 20
168.3134441031143
 30
1031.0
 70
32
  0
VERTEX
  5
16D
330
17
100
AcDbEntity
  8
TOPO-CONTOUR-MINOR
100
AcDbVertex
100
AcDb3dPolylineVertex
 10
45.750092553871355
 20
161.03956092992541
 30
1031.0
 70
32
  0
VERTEX
  5
16E
330
17
100
AcDbEntity
  8
TOPO-CONTOUR-MINOR
100
AcDbVertex
100
AcDb3dPolylineVertex
 10
48.77293613309848
 20
159.71274703536972
 30
1031.0
 70
32
  0
VERTEX
  5
16F
330
17
100
AcDbEntity
  8
TOPO-CONTOUR-MINOR
100
AcDbVertex
100
AcDb3dPolylineVertex
 10
53.8110087651437
 20
158.5074145945232
 30
1031.0
 70
32
  0
VERTEX
  5
170
330
17
100
AcDbEntity
  8
TOPO-CONTOUR-MINOR
100
AcDbVertex
100
AcDb3dPolylineVertex
 10
56.833852344370825
 20
158.30653697759274
 30
1031.0
 70
32
  0
VERTEX
  5
171
330
17
100
AcDbEntity
  8
TOPO-CONTOUR-MINOR
100
AcDbVertex
100
AcDb3dPolylineVertex
 10
62.87953950282508
 20
158.52461382235302
 30
1031.0
 70
32
  0
VERTEX
  5
172
330
17
100
AcDbEntity
  8
TOPO-CONTOUR-MINOR
100
AcDbVertex
100
AcDb3dPolylineVertex
 10
68.92522666127934
 20
157.57455392306835
 30
1031.0
 70
32
  0
VERTEX
  5
173
330
17
100
AcDbEntity
  8
TOPO-CONTOUR-MINOR
100
AcDbVertex
100
AcDb3dPolylineVertex
 10
69.47396994172227
 20
157.22968431282789
 30
1031.0
 70
32
  0
VERTEX
  5
174
330
17
100
AcDbEntity
  8
TOPO-CONTOUR-MINOR
100
AcDbVertex
100
AcDb3dPolylineVertex
 10
69.39933331393564
 20
156.22206978593022
 30
1031.0
 70
32
  0
VERTEX
  5
175
330
17
100
AcDbEntity
  8
TOPO-CONTOUR-MINOR
100
AcDbVertex
100
AcDb3dPolylineVertex
 10
68.50511771650388
 20
155.21445525996387
 30
1031.0
 70
32
  0
VERTEX
  5
176
330
17
100
AcDbEntity
  8
TOPO-CONTOUR-MINOR
100
AcDbVertex
100
AcDb3dPolylineVertex
 10
65.74730852949173
 20
153.19922620709988
 30
1031.0
 70
32
  0
VERTEX
  5
177
330
17
100
AcDbEntity
  8
TOPO-CONTOUR-MINOR
100
AcDbVertex
100
AcDb3dPolylineVertex
 10
65.88845079131016
 20
152.19161168020221
 30
1031.0
 70
32
  0
VERTEX
  5
178
330
17
100
AcDbEntity
  8
TOPO-CONTOUR-MINOR
100
AcDbVertex
100
AcDb3dPolylineVertex
 10
66.92291007829479
 20
151.18399715423584
 30
1031.0
 70
32
  0
VERTEX
  5
179
330
17
100
AcDbEntity
  8
TOPO-CONTOUR-MINOR
100
AcDbVertex
100
AcDb3dPolylineVertex
 10
72.95568476691551
 20
148.2277302259595
 30
1031.0
 70
32
  0
VERTEX
  5
17A
330
17
100
AcDbEntity
  8
TOPO-CONTOUR-MINOR
100
AcDbVertex
100
AcDb3dPolylineVertex
 10
81.01660097818785
 20
145.70715245415138
 30
1031.0
 70
32
  0
VERTEX
  5
17B
330
17
100
AcDbEntity
  8
TOPO-CONTOUR-MINOR
100
AcDbVertex
100
AcDb3dPolylineVertex
 10
87.06228813664222
 20
142.03407629886019
 30
1031.0
 70
32
  0
VERTEX
  5
17C
330
17
100
AcDbEntity
  8
TOPO-CONTOUR-MINOR
100
AcDbVertex
100
AcDb3dPolylineVertex
 10
92.10036076868744
 20
140.17513951714744
 30
1031.0
 70
32
  0
VERTEX
  5
17D
330
17
100
AcDbEntity
  8
TOPO-CONTOUR-MINOR
100
AcDbVertex
100
AcDb3dPolylineVertex
 10
97.13843340073265
 20
137.79518612031166
 30
1031.0
 70
32
  0
VERTEX
  5
17E
330
17
100
AcDbEntity
  8
TOPO-CONTOUR-MINOR
100
AcDbVertex
100
AcDb3dPolylineVertex
 10
102.17650603277798
 20
136.86932764661856
 30
1031.0
 70
32
  0
VERTEX
  5
17F
330
17
100
AcDbEntity
  8
TOPO-CONTOUR-MINOR
100
AcDbVertex
100
AcDb3dPolylineVertex
 10
104.23864290078144
 20
137.07739378418773
 30
1031.0
 70
32
  0
VERTEX
  5
180
330
17
100
AcDbEntity
  8
TOPO-CONTOUR-MINOR
100
AcDbVertex
100
AcDb3dPolylineVertex
 10
106.90683626134629
 20
138.0850083110854
 30
1031.0
 70
32
  0
VERTEX
  5
181
330
17
100
AcDbEntity
  8
TOPO-CONTOUR-MINOR
100
AcDbVertex
100
AcDb3dPolylineVertex
 10
108.1545210090725
 20
139.09262283705175
 30
1031.0
 70
32
  0
VERTEX
  5
182
330
17
100
AcDbEntity
  8
TOPO-CONTOUR-MINOR
100
AcDbVertex
100
AcDb3dPolylineVertex
 10
108.80269660721933
 20
140.10023736394942
 30
1031.0
 70
32
  0
VERTEX
  5
183
330
17
100
AcDbEntity
  8
TOPO-CONTOUR-MINOR
100
AcDbVertex
100
AcDb3dPolylineVertex
 10
110.35661063943417
 20
144.13069546874613
 30
1031.0
 70
32
  0
VERTEX
  5
184
330
17
100
AcDbEntity
  8
TOPO-CONTOUR-MINOR
100
AcDbVertex
100
AcDb3dPolylineVertex
 10
112.25265129686841
 20
146.9842263177421
 30
1031.0
 70
32
  0
VERTEX
  5
185
330
17
100
AcDbEntity
  8
TOPO-CONTOUR-MINOR
100
AcDbVertex
100
AcDb3dPolylineVertex
 10
114.2678803496865
 20
148.50964287585452
 30
1031.0
 70
32
  0
VERTEX
  5
186
330
17
100
AcDbEntity
  8
TOPO-CONTOUR-MINOR
100
AcDbVertex
100
AcDb3dPolylineVertex
 10
117.29072392891362
 20
149.08215131997372
 30
1031.0
 70
32
  0
VERTEX
  5
187
330
17
100
AcDbEntity
  8
TOPO-CONTOUR-MINOR
100
AcDbVertex
100
AcDb3dPolylineVertex
 10
134.42017087786735
 20
148.39250487794905
 30
1031.0
 70
32
  0
VERTEX
  5
188
330
17
100
AcDbEntity
  8
TOPO-CONTOUR-MINOR
100
AcDbVertex
100
AcDb3dPolylineVertex
 10
139.45824350991256
 20
147.92274284399653
 30
1031.0
 70
32
  0
VERTEX
  5
189
330
17
100
AcDbEntity
  8
TOPO-CONTOUR-MINOR
100
AcDbVertex
100
AcDb3dPolylineVertex
 10
146.51154519477598
 20
146.5998744158412
 30
1031.0
 70
32
  0
VERTEX
  5
18A
330
17
100
AcDbEntity
  8
TOPO-CONTOUR-MINOR
100
AcDbVertex
100
AcDb3dPolylineVertex
 10
156.35804532658622
 20
144.13069546874613
 30
1031.0
 70
32
  0
VERTEX
  5
18B
330
17
100
AcDbEntity
  8
TOPO-CONTOUR-MINOR
100
AcDbVertex
100
AcDb3dPolylineVertex
 10
169.68667930218407
 20
141.63802093300438
 30
1031.0
 70
32
  0
VERTEX
  5
18C
330
17
100
AcDbEntity
  8
TOPO-CONTOUR-MINOR
100
AcDbVertex
100
AcDb3dPolylineVertex
 10
251.30345594131683
 20
114.41634171434741
 30
1031.0
 70
32
  0
VERTEX
  5
18D
330
17
100
AcDbEntity
  8
TOPO-CONTOUR-MINOR
100
AcDbVertex
100
AcDb3dPolylineVertex
 10
272.4633609959068
 20
106.3064295534285
 30
1031.0
 70
32
  0
VERTEX
  5
18E
330
17
100
AcDbEntity
  8
TOPO-CONTOUR-MINOR
100
AcDbVertex
100
AcDb3dPolylineVertex
 10
285.56234983922445
 20
100.90774040186056
 30
1031.0
 70
32
  0
VERTEX
  5
18F
330
17
100
AcDbEntity
  8
TOPO-CONTOUR-MINOR
100
AcDbVertex
100
AcDb3dPolylineVertex
 10
289.75896667857387
 20
98.78804178070277
 30
1031.0
 70
32
  0
VERTEX
  5
190
330
17
100
AcDbEntity
  8
TOPO-CONTOUR-MINOR
100
AcDbVertex
100
AcDb3dPolylineVertex
 10
290.7514912613651
 20
97.78042725473642
 30
1031.0
 70
32
  0
VERTEX
  5
191
330
17
100
AcDbEntity
  8
TOPO-CONTOUR-MINOR
100
AcDbVertex
100
AcDb3dPolylineVertex
 10
291.1174734113936
 20
96.77281272783875
 30
1031.0
 70
32
  0
VERTEX
  5
192
330
17
100
AcDbEntity
  8
TOPO-CONTOUR-MINOR
100
AcDbVertex
100
AcDb3dPolylineVertex
 10
290.6533300343695
 20
94.75758367497474
 30
1031.0
 70
32
  0
VERTEX
  5
193
330
17
100
AcDbEntity
  8
TOPO-CONTOUR-MINOR
100
AcDbVertex
100
AcDb3dPolylineVertex
 10
291.6080369976787
 20
93.7461271219256
 30
1031.0
 70
32
  0
VERTEX
  5
194
330
17
100
AcDbEntity
  8
TOPO-CONTOUR-MINOR
100
AcDbVertex
100
AcDb3dPolylineVertex
 10
307.7298694202235
 20
91.90217767623255
 30
1031.0
 70
32
  0
VERTEX
  5
195
330
17
100
AcDbEntity
  8
TOPO-CONTOUR-MINOR
100
AcDbVertex
100
AcDb3dPolylineVertex
 10
312.7679420522687
 20
90.74995741781288
 30
1031.0
 70
32
  0
VERTEX
  5
196
330
17
100
AcDbEntity
  8
TOPO-CONTOUR-MINOR
100
AcDbVertex
100
AcDb3dPolylineVertex
 10
315.79437400720684
 20
89.71951104328036
 30
1031.0
 70
32
  0
VERTEX
  5
197
330
17
100
AcDbEntity
  8
TOPO-CONTOUR-MINOR
100
AcDbVertex
100
AcDb3dPolylineVertex
 10
321.8565740347398
 20
86.69666746351868
 30
1031.0
 70
32
  0
VERTEX
  5
198
330
17
100
AcDbEntity
  8
TOPO-CONTOUR-MINOR
100
AcDbVertex
100
AcDb3dPolylineVertex
 10
327.02596489180536
 20
83.67382388468832
 30
1031.0
 70
32
  0
VERTEX
  5
199
330
17
100
AcDbEntity
  8
TOPO-CONTOUR-MINOR
100
AcDbVertex
100
AcDb3dPolylineVertex
 10
333.11022400564605
 20
79.64336577896029
 30
1031.0
 70
32
  0
VERTEX
  5
19A
330
17
100
AcDbEntity
  8
TOPO-CONTOUR-MINOR
100
AcDbVertex
100
AcDb3dPolylineVertex
 10
337.9583052124949
 20
75.71377349860197
 30
1031.0
 70
32
  0
VERTEX
  5
19B
330
17
100
AcDbEntity
  8
TOPO-CONTOUR-MINOR
100
AcDbVertex
100
AcDb3dPolylineVertex
 10
344.5188046247752
 20
72.5900640944019
 30
1031.0
 70
32
  0
VERTEX
  5
19C
330
17
100
AcDbEntity
  8
TOPO-CONTOUR-MINOR
100
AcDbVertex
100
AcDb3dPolylineVertex
 10
358.0
 20
66.80359377594444
 30
1031.0
 70
32
  0
SEQEND
  5
165
330
164
100
AcDbEntity
  8
TOPO-CONTOUR-MINOR
  0
POLYLINE
  5
19D
330
17
100
AcDbEntity
  8
TOPO-CONTOUR-MINOR
100
AcDb3dPolyline
 66
1
 10
0.0
 20
0.0
 30
0.0
 70
8
  0
VERTEX
  5
19F
330
17
100
AcDbEntity
  8
TOPO-CONTOUR-MINOR
100
AcDbVertex
100
AcDb3dPolylineVertex
 10
358.0
 20
-148.32309197071012
 30
1031.0
 70
32
  0
VERTEX
  5
1A0
330
17
100
AcDbEntity
  8
TOPO-CONTOUR-MINOR
100
AcDbVertex
100
AcDb3dPolylineVertex
 10
351.26130471043933
 20
-154.12320434767753
 30
1031.0
 70
32
  0
VERTEX
  5
1A1
330
17
100
AcDbEntity
  8
TOPO-CONTOUR-MINOR
100
AcDbVertex
100
AcDb3dPolylineVertex
 10
349.0420650029944
 20
-155.56399304237988
 30
1031.0
 70
32
  0
VERTEX
  5
1A2
330
17
100
AcDbEntity
  8
TOPO-CONTOUR-MINOR
100
AcDbVertex
100
AcDb3dPolylineVertex
 10
346.01922142376725
 20
-156.9197224327258
 30
1031.0
 70
32
  0
VERTEX
  5
1A3
330
17
100
AcDbEntity
  8
TOPO-CONTOUR-MINOR
100
AcDbVertex
100
AcDb3dPolylineVertex
 10
342.9963778445401
 20
-158.91313948248944
 30
1031.0
 70
32
  0
VERTEX
  5
1A4
330
17
100
AcDbEntity
  8
TOPO-CONTOUR-MINOR
100
AcDbVertex
100
AcDb3dPolylineVertex
 10
337.9583052124949
 20
-163.40264110312904
 30
1031.0
 70
32
  0
VERTEX
  5
1A5
330
17
100
AcDbEntity
  8
TOPO-CONTOUR-MINOR
100
AcDbVertex
100
AcDb3dPolylineVertex
 10
333.1756997742285
 20
-170.24503677058965
 30
1031.0
 70
32
  0
VERTEX
  5
1A6
330
17
100
AcDbEntity
  8
TOPO-CONTOUR-MINOR
100
AcDbVertex
100
AcDb3dPolylineVertex
 10
327.96013511477514
 20
-179.31356750801206
 30
1031.0
 70
32
  0
VERTEX
  5
1A7
330
17
100
AcDbEntity
  8
TOPO-CONTOUR-MINOR
100
AcDbVertex
100
AcDb3dPolylineVertex
 10
326.5398288064677
 20
-182.33641108777374
 30
1031.0
 70
32
  0
VERTEX
  5
1A8
330
17
100
AcDbEntity
  8
TOPO-CONTOUR-MINOR
100
AcDbVertex
100
AcDb3dPolylineVertex
 10
324.8593163691773
 20
-187.36444577813924
 30
1031.0
 70
32
  0
VERTEX
  5
1A9
330
17
100
AcDbEntity
  8
TOPO-CONTOUR-MINOR
100
AcDbVertex
100
AcDb3dPolylineVertex
 10
323.8517018427682
 20
-188.66340361522603
 30
1031.0
 70
32
  0
VERTEX
  5
1AA
330
17
100
AcDbEntity
  8
TOPO-CONTOUR-MINOR
100
AcDbVertex
100
AcDb3dPolylineVertex
 10
318.813629210723
 20
-191.83364503212925
 30
1031.0
 70
32
  0
VERTEX
  5
1AB
330
17
100
AcDbEntity
  8
TOPO-CONTOUR-MINOR
100
AcDbVertex
100
AcDb3dPolylineVertex
 10
311.78519184433105
 20
-194.4277854040265
 30
1031.0
 70
32
  0
VERTEX
  5
1AC
330
17
100
AcDbEntity
  8
TOPO-CONTOUR-MINOR
100
AcDbVertex
100
AcDb3dPolylineVertex
 10
307.7298694202235
 20
-197.06588276434658
 30
1031.0
 70
32
  0
VERTEX
  5
1AD
330
17
100
AcDbEntity
  8
TOPO-CONTOUR-MINOR
100
AcDbVertex
100
AcDb3dPolylineVertex
 10
300.6765677353601
 20
-204.0794508595639
 30
1031.0
 70
32
  0
VERTEX
  5
1AE
330
17
100
AcDbEntity
  8
TOPO-CONTOUR-MINOR
100
AcDbVertex
100
AcDb3dPolylineVertex
 10
291.6080369976787
 20
-212.15754745748004
 30
1031.0
 70
32
  0
VERTEX
  5
1AF
330
17
100
AcDbEntity
  8
TOPO-CONTOUR-MINOR
100
AcDbVertex
100
AcDb3dPolylineVertex
 10
284.5547353128154
 20
-220.24107072265127
 30
1031.0
 70
32
  0
VERTEX
  5
1B0
330
17
100
AcDbEntity
  8
TOPO-CONTOUR-MINOR
100
AcDbVertex
100
AcDb3dPolylineVertex
 10
280.52427720717924
 20
-223.59497587147982
 30
1031.0
 70
32
  0
VERTEX
  5
1B1
330
17
100
AcDbEntity
  8
TOPO-CONTOUR-MINOR
100
AcDbVertex
100
AcDb3dPolylineVertex
 10
276.69362047251514
 20
-227.6790647758171
 30
1031.0
 70
32
  0
VERTEX
  5
1B2
330
17
100
AcDbEntity
  8
TOPO-CONTOUR-MINOR
100
AcDbVertex
100
AcDb3dPolylineVertex
 10
269.44051741667965
 20
-234.1579940889435
 30
1031.0
 70
32
  0
VERTEX
  5
1B3
330
17
100
AcDbEntity
  8
TOPO-CONTOUR-MINOR
100
AcDbVertex
100
AcDb3dPolylineVertex
 10
264.11920322874806
 20
-240.77805361896753
 30
1031.0
 70
32
  0
VERTEX
  5
1B4
330
17
100
AcDbEntity
  8
TOPO-CONTOUR-MINOR
100
AcDbVertex
100
AcDb3dPolylineVertex
 10
262.38721573181635
 20
-242.42979389092795
 30
1031.0
 70
32
  0
VERTEX
  5
1B5
330
17
100
AcDbEntity
  8
TOPO-CONTOUR-MINOR
100
AcDbVertex
100
AcDb3dPolylineVertex
 10
257.8828524037767
 20
-244.80851172469556
 30
1031.0
 70
32
  0
VERTEX
  5
1B6
330
17
100
AcDbEntity
  8
TOPO-CONTOUR-MINOR
100
AcDbVertex
100
AcDb3dPolylineVertex
 10
253.3186849941349
 20
-246.68503964790324
 30
1031.0
 70
32
  0
VERTEX
  5
1B7
330
17
100
AcDbEntity
  8
TOPO-CONTOUR-MINOR
100
AcDbVertex
100
AcDb3dPolylineVertex
 10
251.30345594131683
 20
-247.07725459429162
 30
1031.0
 70
32
  0
VERTEX
  5
1B8
330
17
100
AcDbEntity
  8
TOPO-CONTOUR-MINOR
100
AcDbVertex
100
AcDb3dPolylineVertex
 10
249.83705901807375
 20
-246.82374077755958
 30
1031.0
 70
32
  0
VERTEX
  5
1B9
330
17
100
AcDbEntity
  8
TOPO-CONTOUR-MINOR
100
AcDbVertex
100
AcDb3dPolylineVertex
 10
246.2653833092716
 20
-244.8746855661841
 30
1031.0
 70
32
  0
VERTEX
  5
1BA
330
17
100
AcDbEntity
  8
TOPO-CONTOUR-MINOR
100
AcDbVertex
100
AcDb3dPolylineVertex
 10
240.2196961508173
 20
-243.98389365841075
 30
1031.0
 70
32
  0
VERTEX
  5
1BB
330
17
100
AcDbEntity
  8
TOPO-CONTOUR-MINOR
100
AcDbVertex
100
AcDb3dPolylineVertex
 10
235.18162351877208
 20
-244.7163913386004
 30
1031.0
 70
32
  0
VERTEX
  5
1BC
330
17
100
AcDbEntity
  8
TOPO-CONTOUR-MINOR
100
AcDbVertex
100
AcDb3dPolylineVertex
 10
231.1511654131359
 20
-244.56733302822113
 30
1031.0
 70
32
  0
VERTEX
  5
1BD
330
17
100
AcDbEntity
  8
TOPO-CONTOUR-MINOR
100
AcDbVertex
100
AcDb3dPolylineVertex
 10
228.12832183390879
 20
-244.95260169054217
 30
1031.0
 70
32
  0
VERTEX
  5
1BE
330
17
100
AcDbEntity
  8
TOPO-CONTOUR-MINOR
100
AcDbVertex
100
AcDb3dPolylineVertex
 10
225.10547825468166
 20
-245.76188217046592
 30
1031.0
 70
32
  0
VERTEX
  5
1BF
330
17
100
AcDbEntity
  8
TOPO-CONTOUR-MINOR
100
AcDbVertex
100
AcDb3dPolylineVertex
 10
217.04456204340931
 20
-249.9335593711355
 30
1031.0
 70
32
  0
VERTEX
  5
1C0
330
17
100
AcDbEntity
  8
TOPO-CONTOUR-MINOR
100
AcDbVertex
100
AcDb3dPolylineVertex
 10
216.03694751700027
 20
-249.73634970059837
 30
1031.0
 70
32
  0
VERTEX
  5
1C1
330
17
100
AcDbEntity
  8
TOPO-CONTOUR-MINOR
100
AcDbVertex
100
AcDb3dPolylineVertex
 10
214.0217184641822
 20
-246.83592846881646
 30
1031.0
 70
32
  0
VERTEX
  5
1C2
330
17
100
AcDbEntity
  8
TOPO-CONTOUR-MINOR
100
AcDbVertex
100
AcDb3dPolylineVertex
 10
213.01410393777303
 20
-246.16147497332548
 30
1031.0
 70
32
  0
VERTEX
  5
1C3
330
17
100
AcDbEntity
  8
TOPO-CONTOUR-MINOR
100
AcDbVertex
100
AcDb3dPolylineVertex
 10
210.99887488495494
 20
-245.85938503994637
 30
1031.0
 70
32
  0
VERTEX
  5
1C4
330
17
100
AcDbEntity
  8
TOPO-CONTOUR-MINOR
100
AcDbVertex
100
AcDb3dPolylineVertex
 10
208.98364583213686
 20
-246.28085007549396
 30
1031.0
 70
32
  0
VERTEX
  5
1C5
330
17
100
AcDbEntity
  8
TOPO-CONTOUR-MINOR
100
AcDbVertex
100
AcDb3dPolylineVertex
 10
206.33274216300185
 20
-247.83135530352592
 30
1031.0
 70
32
  0
VERTEX
  5
1C6
330
17
100
AcDbEntity
  8
TOPO-CONTOUR-MINOR
100
AcDbVertex
100
AcDb3dPolylineVertex
 10
204.17919855075866
 20
-249.84658435638994
 30
1031.0
 70
32
  0
VERTEX
  5
1C7
330
17
100
AcDbEntity
  8
TOPO-CONTOUR-MINOR
100
AcDbVertex
100
AcDb3dPolylineVertex
 10
202.39683269633105
 20
-252.86942793615162
 30
1031.0
 70
32
  0
VERTEX
  5
1C8
330
17
100
AcDbEntity
  8
TOPO-CONTOUR-MINOR
100
AcDbVertex
100
AcDb3dPolylineVertex
 10
198.90750056804632
 20
-257.2449113645755
 30
1031.0
 70
32
  0
VERTEX
  5
1C9
330
17
100
AcDbEntity
  8
TOPO-CONTOUR-MINOR
100
AcDbVertex
100
AcDb3dPolylineVertex
 10
195.15494474615127
 20
-262.9455732004717
 30
1031.0
 70
32
  0
VERTEX
  5
1CA
330
17
100
AcDbEntity
  8
TOPO-CONTOUR-MINOR
100
AcDbVertex
100
AcDb3dPolylineVertex
 10
193.8694279360011
 20
-267.8029392247952
 30
1031.0
 70
32
  0
VERTEX
  5
1CB
330
17
100
AcDbEntity
  8
TOPO-CONTOUR-MINOR
100
AcDbVertex
100
AcDb3dPolylineVertex
 10
191.73513796748466
 20
-271.00648941099644
 30
1031.0
 70
32
  0
VERTEX
  5
1CC
330
17
100
AcDbEntity
  8
TOPO-CONTOUR-MINOR
100
AcDbVertex
100
AcDb3dPolylineVertex
 10
190.12045250374229
 20
-275.03694751672447
 30
1031.0
 70
32
  0
VERTEX
  5
1CD
330
17
100
AcDbEntity
  8
TOPO-CONTOUR-MINOR
100
AcDbVertex
100
AcDb3dPolylineVertex
 10
189.24239837440888
 20
-276.04456204362214
 30
1031.0
 70
32
  0
VERTEX
  5
1CE
330
17
100
AcDbEntity
  8
TOPO-CONTOUR-MINOR
100
AcDbVertex
100
AcDb3dPolylineVertex
 10
185.17053526993874
 20
-279.0674056224525
 30
1031.0
 70
32
  0
VERTEX
  5
1CF
330
17
100
AcDbEntity
  8
TOPO-CONTOUR-MINOR
100
AcDbVertex
100
AcDb3dPolylineVertex
 10
182.89460242254304
 20
-284.1054782550782
 30
1031.0
 70
32
  0
VERTEX
  5
1D0
330
17
100
AcDbEntity
  8
TOPO-CONTOUR-MINOR
100
AcDbVertex
100
AcDb3dPolylineVertex
 10
179.7628245662745
 20
-287.1448517097512
 30
1031.0
 70
32
  0
VERTEX
  5
1D1
330
17
100
AcDbEntity
  8
TOPO-CONTOUR-MINOR
100
AcDbVertex
100
AcDb3dPolylineVertex
 10
178.75521003986546
 20
-287.7533570755797
 30
1031.0
 70
32
  0
VERTEX
  5
1D2
330
17
100
AcDbEntity
  8
TOPO-CONTOUR-MINOR
100
AcDbVertex
100
AcDb3dPolylineVertex
 10
177.74759551345642
 20
-287.5722501534423
 30
1031.0
 70
32
  0
VERTEX
  5
1D3
330
17
100
AcDbEntity
  8
TOPO-CONTOUR-MINOR
100
AcDbVertex
100
AcDb3dPolylineVertex
 10
177.53468866351395
 20
-287.12832183390856
 30
1031.0
 70
32
  0
VERTEX
  5
1D4
330
17
100
AcDbEntity
  8
TOPO-CONTOUR-MINOR
100
AcDbVertex
100
AcDb3dPolylineVertex
 10
177.68497370509093
 20
-285.11309278104454
 30
1031.0
 70
32
  0
VERTEX
  5
1D5
330
17
100
AcDbEntity
  8
TOPO-CONTOUR-MINOR
100
AcDbVertex
100
AcDb3dPolylineVertex
 10
183.63995022533086
 20
-273.02171846386045
 30
1031.0
 70
32
  0
VERTEX
  5
1D6
330
17
100
AcDbEntity
  8
TOPO-CONTOUR-MINOR
100
AcDbVertex
100
AcDb3dPolylineVertex
 10
184.80089719831972
 20
-271.6901020869076
 30
1031.0
 70
32
  0
VERTEX
  5
1D7
330
17
100
AcDbEntity
  8
TOPO-CONTOUR-MINOR
100
AcDbVertex
100
AcDb3dPolylineVertex
 10
187.19534972476262
 20
-269.9988748850301
 30
1031.0
 70
32
  0
VERTEX
  5
1D8
330
17
100
AcDbEntity
  8
TOPO-CONTOUR-MINOR
100
AcDbVertex
100
AcDb3dPolylineVertex
 10
189.44179399275748
 20
-266.9760313052684
 30
1031.0
 70
32
  0
VERTEX
  5
1D9
330
17
100
AcDbEntity
  8
TOPO-CONTOUR-MINOR
100
AcDbVertex
100
AcDb3dPolylineVertex
 10
192.25944811484277
 20
-263.95318772643805
 30
1031.0
 70
32
  0
VERTEX
  5
1DA
330
17
100
AcDbEntity
  8
TOPO-CONTOUR-MINOR
100
AcDbVertex
100
AcDb3dPolylineVertex
 10
191.85419888318302
 20
-263.5196937765556
 30
1031.0
 70
32
  0
VERTEX
  5
1DB
330
17
100
AcDbEntity
  8
TOPO-CONTOUR-MINOR
100
AcDbVertex
100
AcDb3dPolylineVertex
 10
190.84658435677397
 20
-263.2310921592601
 30
1031.0
 70
32
  0
VERTEX
  5
1DC
330
17
100
AcDbEntity
  8
TOPO-CONTOUR-MINOR
100
AcDbVertex
100
AcDb3dPolylineVertex
 10
189.83896983036493
 20
-263.46676924458205
 30
1031.0
 70
32
  0
VERTEX
  5
1DD
330
17
100
AcDbEntity
  8
TOPO-CONTOUR-MINOR
100
AcDbVertex
100
AcDb3dPolylineVertex
 10
184.97789380687232
 20
-265.96841677930206
 30
1031.0
 70
32
  0
VERTEX
  5
1DE
330
17
100
AcDbEntity
  8
TOPO-CONTOUR-MINOR
100
AcDbVertex
100
AcDb3dPolylineVertex
 10
182.78566814550163
 20
-267.62611248245497
 30
1031.0
 70
32
  0
VERTEX
  5
1DF
330
17
100
AcDbEntity
  8
TOPO-CONTOUR-MINOR
100
AcDbVertex
100
AcDb3dPolylineVertex
 10
179.7628245662745
 20
-270.80734406898125
 30
1031.0
 70
32
  0
VERTEX
  5
1E0
330
17
100
AcDbEntity
  8
TOPO-CONTOUR-MINOR
100
AcDbVertex
100
AcDb3dPolylineVertex
 10
176.73998098704737
 20
-272.95901986251755
 30
1031.0
 70
32
  0
VERTEX
  5
1E1
330
17
100
AcDbEntity
  8
TOPO-CONTOUR-MINOR
100
AcDbVertex
100
AcDb3dPolylineVertex
 10
175.73236646063833
 20
-274.02150585414336
 30
1031.0
 70
32
  0
VERTEX
  5
1E2
330
17
100
AcDbEntity
  8
TOPO-CONTOUR-MINOR
100
AcDbVertex
100
AcDb3dPolylineVertex
 10
172.97487489956538
 20
-280.07502014935017
 30
1031.0
 70
32
  0
VERTEX
  5
1E3
330
17
100
AcDbEntity
  8
TOPO-CONTOUR-MINOR
100
AcDbVertex
100
AcDb3dPolylineVertex
 10
170.061910738563
 20
-285.11309278104454
 30
1031.0
 70
32
  0
VERTEX
  5
1E4
330
17
100
AcDbEntity
  8
TOPO-CONTOUR-MINOR
100
AcDbVertex
100
AcDb3dPolylineVertex
 10
166.82678877428796
 20
-289.1435508867726
 30
1031.0
 70
32
  0
VERTEX
  5
1E5
330
17
100
AcDbEntity
  8
TOPO-CONTOUR-MINOR
100
AcDbVertex
100
AcDb3dPolylineVertex
 10
163.65375997535443
 20
-292.16639446560293
 30
1031.0
 70
32
  0
VERTEX
  5
1E6
330
17
100
AcDbEntity
  8
TOPO-CONTOUR-MINOR
100
AcDbVertex
100
AcDb3dPolylineVertex
 10
160.6181485645027
 20
-296.7103135014901
 30
1031.0
 70
32
  0
VERTEX
  5
1E7
330
17
100
AcDbEntity
  8
TOPO-CONTOUR-MINOR
100
AcDbVertex
100
AcDb3dPolylineVertex
 10
155.01692042895155
 20
-307.2806123625487
 30
1031.0
 70
32
  0
VERTEX
  5
1E8
330
17
100
AcDbEntity
  8
TOPO-CONTOUR-MINOR
100
AcDbVertex
100
AcDb3dPolylineVertex
 10
152.55723235323023
 20
-310.9510291635662
 30
1031.0
 70
32
  0
VERTEX
  5
1E9
330
17
100
AcDbEntity
  8
TOPO-CONTOUR-MINOR
100
AcDbVertex
100
AcDb3dPolylineVertex
 10
149.5343887740031
 20
-316.62555643321116
 30
1031.0
 70
32
  0
VERTEX
  5
1EA
330
17
100
AcDbEntity
  8
TOPO-CONTOUR-MINOR
100
AcDbVertex
100
AcDb3dPolylineVertex
 10
147.51915972118502
 20
-319.69651706513184
 30
1031.0
 70
32
  0
VERTEX
  5
1EB
330
17
100
AcDbEntity
  8
TOPO-CONTOUR-MINOR
100
AcDbVertex
100
AcDb3dPolylineVertex
 10
145.80729132802094
 20
-323.4024447845295
 30
1031.0
 70
32
  0
VERTEX
  5
1EC
330
17
100
AcDbEntity
  8
TOPO-CONTOUR-MINOR
100
AcDbVertex
100
AcDb3dPolylineVertex
 10
139.14547255792263
 20
-335.4938191017136
 30
1031.0
 70
32
  0
VERTEX
  5
1ED
330
17
100
AcDbEntity
  8
TOPO-CONTOUR-MINOR
100
AcDbVertex
100
AcDb3dPolylineVertex
 10
135.39752368938395
 20
-343.55473531316966
 30
1031.0
 70
32
  0
VERTEX
  5
1EE
330
17
100
AcDbEntity
  8
TOPO-CONTOUR-MINOR
100
AcDbVertex
100
AcDb3dPolylineVertex
 10
132.98783058395833
 20
-349.6004224708304
 30
1031.0
 70
32
  0
VERTEX
  5
1EF
330
17
100
AcDbEntity
  8
TOPO-CONTOUR-MINOR
100
AcDbVertex
100
AcDb3dPolylineVertex
 10
130.80784693712909
 20
-353.6308805765584
 30
1031.0
 70
32
  0
VERTEX
  5
1F0
330
17
100
AcDbEntity
  8
TOPO-CONTOUR-MINOR
100
AcDbVertex
100
AcDb3dPolylineVertex
 10
125.89706368752255
 20
-366.72986942064017
 30
1031.0
 70
32
  0
VERTEX
  5
1F1
330
17
100
AcDbEntity
  8
TOPO-CONTOUR-MINOR
100
AcDbVertex
100
AcDb3dPolylineVertex
 10
119.3059529817317
 20
-387.66406836204976
 30
1031.0
 70
32
  0
VERTEX
  5
1F2
330
17
100
AcDbEntity
  8
TOPO-CONTOUR-MINOR
100
AcDbVertex
100
AcDb3dPolylineVertex
 10
117.63792272123415
 20
-390.91261805407703
 30
1031.0
 70
32
  0
VERTEX
  5
1F3
330
17
100
AcDbEntity
  8
TOPO-CONTOUR-MINOR
100
AcDbVertex
100
AcDb3dPolylineVertex
 10
115.63510822877635
 20
-396.9583052126691
 30
1031.0
 70
32
  0
VERTEX
  5
1F4
330
17
100
AcDbEntity
  8
TOPO-CONTOUR-MINOR
100
AcDbVertex
100
AcDb3dPolylineVertex
 10
114.63676988757229
 20
-401.99637784436345
 30
1031.0
 70
32
  0
VERTEX
  5
1F5
330
17
100
AcDbEntity
  8
TOPO-CONTOUR-MINOR
100
AcDbVertex
100
AcDb3dPolylineVertex
 10
112.8250750732956
 20
-406.0268359500915
 30
1031.0
 70
32
  0
VERTEX
  5
1F6
330
17
100
AcDbEntity
  8
TOPO-CONTOUR-MINOR
100
AcDbVertex
100
AcDb3dPolylineVertex
 10
112.11737212396595
 20
-409.0496795298532
 30
1031.0
 70
32
  0
VERTEX
  5
1F7
330
17
100
AcDbEntity
  8
TOPO-CONTOUR-MINOR
100
AcDbVertex
100
AcDb3dPolylineVertex
 10
110.719077431659
 20
-412.0725231086835
 30
1031.0
 70
32
  0
VERTEX
  5
1F8
330
17
100
AcDbEntity
  8
TOPO-CONTOUR-MINOR
100
AcDbVertex
100
AcDb3dPolylineVertex
 10
109.37933524860999
 20
-417.0
 30
1031.0
 70
32
  0
SEQEND
  5
19E
330
19D
100
AcDbEntity
  8
TOPO-CONTOUR-MINOR
  0
POLYLINE
  5
1F9
330
17
100
AcDbEntity
  8
TOPO-CONTOUR-MINOR
100
AcDb3dPolyline
 66
1
 10
0.0
 20
0.0
 30
0.0
 70
8
  0
VERTEX
  5
1FB
330
17
100
AcDbEntity
  8
TOPO-CONTOUR-MINOR
100
AcDbVertex
100
AcDb3dPolylineVertex
 10
358.0
 20
-181.948950679794
 30
1031.0
 70
32
  0
VERTEX
  5
1FC
330
17
100
AcDbEntity
  8
TOPO-CONTOUR-MINOR
100
AcDbVertex
100
AcDb3dPolylineVertex
 10
356.56867605488685
 20
-181.32879656087607
 30
1031.0
 70
32
  0
VERTEX
  5
1FD
330
17
100
AcDbEntity
  8
TOPO-CONTOUR-MINOR
100
AcDbVertex
100
AcDb3dPolylineVertex
 10
356.3111174141028
 20
-180.32118203490973
 30
1031.0
 70
32
  0
VERTEX
  5
1FE
330
17
100
AcDbEntity
  8
TOPO-CONTOUR-MINOR
100
AcDbVertex
100
AcDb3dPolylineVertex
 10
356.6243056481993
 20
-179.31356750801206
 30
1031.0
 70
32
  0
VERTEX
  5
1FF
330
17
100
AcDbEntity
  8
TOPO-CONTOUR-MINOR
100
AcDbVertex
100
AcDb3dPolylineVertex
 10
357.9571423474425
 20
-177.29833845514804
 30
1031.0
 70
32
  0
VERTEX
  5
200
330
17
100
AcDbEntity
  8
TOPO-CONTOUR-MINOR
100
AcDbVertex
100
AcDb3dPolylineVertex
 10
358.0
 20
-177.2534954671659
 30
1031.0
 70
32
  0
SEQEND
  5
1FA
330
1F9
100
AcDbEntity
  8
TOPO-CONTOUR-MINOR
  0
POLYLINE
  5
201
330
17
100
AcDbEntity
  8
TOPO-CONTOUR-MINOR
100
AcDb3dPolyline
 66
1
 10
0.0
 20
0.0
 30
0.0
 70
8
  0
VERTEX
  5
203
330
17
100
AcDbEntity
  8
TOPO-CONTOUR-MINOR
100
AcDbVertex
100
AcDb3dPolylineVertex
 10
171.30492262197976
 20
-296.19685257133096
 30
1031.0
 70
32
  0
VERTEX
  5
204
330
17
100
AcDbEntity
  8
TOPO-CONTOUR-MINOR
100
AcDbVertex
100
AcDb3dPolylineVertex
 10
171.70190835500216
 20
-295.9484802170532
 30
1031.0
 70
32
  0
VERTEX
  5
205
330
17
100
AcDbEntity
  8
TOPO-CONTOUR-MINOR
100
AcDbVertex
100
AcDb3dPolylineVertex
 10
171.70190835500216
 20
-297.02719511312625
 30
1031.0
 70
32
  0
VERTEX
  5
206
330
17
100
AcDbEntity
  8
TOPO-CONTOUR-MINOR
100
AcDbVertex
100
AcDb3dPolylineVertex
 10
170.69429382859312
 20
-298.4152105222003
 30
1031.0
 70
32
  0
VERTEX
  5
207
330
17
100
AcDbEntity
  8
TOPO-CONTOUR-MINOR
100
AcDbVertex
100
AcDb3dPolylineVertex
 10
170.49156173612982
 20
-297.20446709822863
 30
1031.0
 70
32
  0
VERTEX
  5
208
330
17
100
AcDbEntity
  8
TOPO-CONTOUR-MINOR
100
AcDbVertex
100
AcDb3dPolylineVertex
 10
170.69429382859312
 20
-296.6194323554806
 30
1031.0
 70
32
  0
VERTEX
  5
209
330
17
100
AcDbEntity
  8
TOPO-CONTOUR-MINOR
100
AcDbVertex
100
AcDb3dPolylineVertex
 10
171.30492262197976
 20
-296.19685257133096
 30
1031.0
 70
32
  0
SEQEND
  5
202
330
201
100
AcDbEntity
  8
TOPO-CONTOUR-MINOR
  0
POLYLINE
  5
20A
330
17
100
AcDbEntity
  8
TOPO-CONTOUR-MINOR
100
AcDb3dPolyline
 66
1
 10
0.0
 20
0.0
 30
0.0
 70
8
  0
VERTEX
  5
20C
330
17
100
AcDbEntity
  8
TOPO-CONTOUR-MINOR
100
AcDbVertex
100
AcDb3dPolylineVertex
 10
311.7603275258597
 20
-395.6274411304059
 30
1031.0
 70
32
  0
VERTEX
  5
20D
330
17
100
AcDbEntity
  8
TOPO-CONTOUR-MINOR
100
AcDbVertex
100
AcDb3dPolylineVertex
 10
311.40180300639827
 20
-396.9583052126691
 30
1031.0
 70
32
  0
VERTEX
  5
20E
330
17
100
AcDbEntity
  8
TOPO-CONTOUR-MINOR
100
AcDbVertex
100
AcDb3dPolylineVertex
 10
312.7679420522687
 20
-397.94440802342524
 30
1031.0
 70
32
  0
VERTEX
  5
20F
330
17
100
AcDbEntity
  8
TOPO-CONTOUR-MINOR
100
AcDbVertex
100
AcDb3dPolylineVertex
 10
313.7414787699116
 20
-396.9583052126691
 30
1031.0
 70
32
  0
VERTEX
  5
210
330
17
100
AcDbEntity
  8
TOPO-CONTOUR-MINOR
100
AcDbVertex
100
AcDb3dPolylineVertex
 10
312.7679420522687
 20
-395.61880818229577
 30
1031.0
 70
32
  0
VERTEX
  5
211
330
17
100
AcDbEntity
  8
TOPO-CONTOUR-MINOR
100
AcDbVertex
100
AcDb3dPolylineVertex
 10
311.7603275258597
 20
-395.6274411304059
 30
1031.0
 70
32
  0
SEQEND
  5
20B
330
20A
100
AcDbEntity
  8
TOPO-CONTOUR-MINOR
  0
POLYLINE
  5
212
330
17
100
AcDbEntity
  8
TOPO-CONTOUR-MINOR
100
AcDb3dPolyline
 66
1
 10
0.0
 20
0.0
 30
0.0
 70
8
  0
VERTEX
  5
214
330
17
100
AcDbEntity
  8
TOPO-CONTOUR-MINOR
100
AcDbVertex
100
AcDb3dPolylineVertex
 10
200.86213939744425
 20
-407.03445047698915
 30
1031.0
 70
32
  0
VERTEX
  5
215
330
17
100
AcDbEntity
  8
TOPO-CONTOUR-MINOR
100
AcDbVertex
100
AcDb3dPolylineVertex
 10
203.94557320009164
 20
-406.3533832212605
 30
1031.0
 70
32
  0
VERTEX
  5
216
330
17
100
AcDbEntity
  8
TOPO-CONTOUR-MINOR
100
AcDbVertex
100
AcDb3dPolylineVertex
 10
206.57320300184952
 20
-407.03445047698915
 30
1031.0
 70
32
  0
VERTEX
  5
217
330
17
100
AcDbEntity
  8
TOPO-CONTOUR-MINOR
100
AcDbVertex
100
AcDb3dPolylineVertex
 10
208.74325131950923
 20
-409.04967952985317
 30
1031.0
 70
32
  0
VERTEX
  5
218
330
17
100
AcDbEntity
  8
TOPO-CONTOUR-MINOR
100
AcDbVertex
100
AcDb3dPolylineVertex
 10
209.04378983828855
 20
-410.0572940558195
 30
1031.0
 70
32
  0
VERTEX
  5
219
330
17
100
AcDbEntity
  8
TOPO-CONTOUR-MINOR
100
AcDbVertex
100
AcDb3dPolylineVertex
 10
208.65267502681343
 20
-411.06490858178586
 30
1031.0
 70
32
  0
VERTEX
  5
21A
330
17
100
AcDbEntity
  8
TOPO-CONTOUR-MINOR
100
AcDbVertex
100
AcDb3dPolylineVertex
 10
204.9531877265007
 20
-413.6600004540795
 30
1031.0
 70
32
  0
VERTEX
  5
21B
330
17
100
AcDbEntity
  8
TOPO-CONTOUR-MINOR
100
AcDbVertex
100
AcDb3dPolylineVertex
 10
201.93034414727356
 20
-415.1732778338243
 30
1031.0
 70
32
  0
VERTEX
  5
21C
330
17
100
AcDbEntity
  8
TOPO-CONTOUR-MINOR
100
AcDbVertex
100
AcDb3dPolylineVertex
 10
198.90750056804632
 20
-415.9000601905917
 30
1031.0
 70
32
  0
VERTEX
  5
21D
330
17
100
AcDbEntity
  8
TOPO-CONTOUR-MINOR
100
AcDbVertex
100
AcDb3dPolylineVertex
 10
196.89227151522823
 20
-415.70738674474285
 30
1031.0
 70
32
  0
VERTEX
  5
21E
330
17
100
AcDbEntity
  8
TOPO-CONTOUR-MINOR
100
AcDbVertex
100
AcDb3dPolylineVertex
 10
195.8654260182949
 20
-415.0953666875139
 30
1031.0
 70
32
  0
VERTEX
  5
21F
330
17
100
AcDbEntity
  8
TOPO-CONTOUR-MINOR
100
AcDbVertex
100
AcDb3dPolylineVertex
 10
195.03085263338212
 20
-414.08775216154754
 30
1031.0
 70
32
  0
VERTEX
  5
220
330
17
100
AcDbEntity
  8
TOPO-CONTOUR-MINOR
100
AcDbVertex
100
AcDb3dPolylineVertex
 10
194.88583864167862
 20
-413.0801376346499
 30
1031.0
 70
32
  0
VERTEX
  5
221
330
17
100
AcDbEntity
  8
TOPO-CONTOUR-MINOR
100
AcDbVertex
100
AcDb3dPolylineVertex
 10
195.3565370236722
 20
-412.0725231086835
 30
1031.0
 70
32
  0
VERTEX
  5
222
330
17
100
AcDbEntity
  8
TOPO-CONTOUR-MINOR
100
AcDbVertex
100
AcDb3dPolylineVertex
 10
198.0275893835997
 20
-409.04967952985317
 30
1031.0
 70
32
  0
VERTEX
  5
223
330
17
100
AcDbEntity
  8
TOPO-CONTOUR-MINOR
100
AcDbVertex
100
AcDb3dPolylineVertex
 10
200.86213939744425
 20
-407.03445047698915
 30
1031.0
 70
32
  0
SEQEND
  5
213
330
212
100
AcDbEntity
  8
TOPO-CONTOUR-MINOR
  0
POLYLINE
  5
224
330
17
100
AcDbEntity
  8
TOPO-CONTOUR-MINOR
100
AcDb3dPolyline
 66
1
 10
0.0
 20
0.0
 30
0.0
 70
8
  0
VERTEX
  5
226
330
17
100
AcDbEntity
  8
TOPO-CONTOUR-MINOR
100
AcDbVertex
100
AcDb3dPolylineVertex
 10
176.16548827646656
 20
-417.0
 30
1031.0
 70
32
  0
VERTEX
  5
227
330
17
100
AcDbEntity
  8
TOPO-CONTOUR-MINOR
100
AcDbVertex
100
AcDb3dPolylineVertex
 10
177.74759551345642
 20
-416.88517396818025
 30
1031.0
 70
32
  0
VERTEX
  5
228
330
17
100
AcDbEntity
  8
TOPO-CONTOUR-MINOR
100
AcDbVertex
100
AcDb3dPolylineVertex
 10
178.90047682190502
 20
-417.0
 30
1031.0
 70
32
  0
SEQEND
  5
225
330
224
100
AcDbEntity
  8
TOPO-CONTOUR-MINOR
  0
POLYLINE
  5
229
330
17
100
AcDbEntity
  8
TOPO-CONTOUR-MINOR
100
AcDb3dPolyline
 66
1
 10
0.0
 20
0.0
 30
0.0
 70
8
  0
VERTEX
  5
22B
330
17
100
AcDbEntity
  8
TOPO-CONTOUR-MINOR
100
AcDbVertex
100
AcDb3dPolylineVertex
 10
224.64567862921126
 20
-417.0
 30
1031.0
 70
32
  0
VERTEX
  5
22C
330
17
100
AcDbEntity
  8
TOPO-CONTOUR-MINOR
100
AcDbVertex
100
AcDb3dPolylineVertex
 10
242.63943056447297
 20
-401.99637784436345
 30
1031.0
 70
32
  0
VERTEX
  5
22D
330
17
100
AcDbEntity
  8
TOPO-CONTOUR-MINOR
100
AcDbVertex
100
AcDb3dPolylineVertex
 10
247.81212052825708
 20
-396.9583052126691
 30
1031.0
 70
32
  0
VERTEX
  5
22E
330
17
100
AcDbEntity
  8
TOPO-CONTOUR-MINOR
100
AcDbVertex
100
AcDb3dPolylineVertex
 10
256.34152857336204
 20
-390.09302821901343
 30
1031.0
 70
32
  0
VERTEX
  5
22F
330
17
100
AcDbEntity
  8
TOPO-CONTOUR-MINOR
100
AcDbVertex
100
AcDb3dPolylineVertex
 10
269.44051741667965
 20
-377.1078347887319
 30
1031.0
 70
32
  0
VERTEX
  5
230
330
17
100
AcDbEntity
  8
TOPO-CONTOUR-MINOR
100
AcDbVertex
100
AcDb3dPolylineVertex
 10
280.52427720717924
 20
-365.29606010382156
 30
1031.0
 70
32
  0
VERTEX
  5
231
330
17
100
AcDbEntity
  8
TOPO-CONTOUR-MINOR
100
AcDbVertex
100
AcDb3dPolylineVertex
 10
284.5547353128154
 20
-360.0991430281349
 30
1031.0
 70
32
  0
VERTEX
  5
232
330
17
100
AcDbEntity
  8
TOPO-CONTOUR-MINOR
100
AcDbVertex
100
AcDb3dPolylineVertex
 10
290.60042247126967
 20
-353.8149481442004
 30
1031.0
 70
32
  0
VERTEX
  5
233
330
17
100
AcDbEntity
  8
TOPO-CONTOUR-MINOR
100
AcDbVertex
100
AcDb3dPolylineVertex
 10
295.6384951033149
 20
-347.4349850652069
 30
1031.0
 70
32
  0
VERTEX
  5
234
330
17
100
AcDbEntity
  8
TOPO-CONTOUR-MINOR
100
AcDbVertex
100
AcDb3dPolylineVertex
 10
301.071634180184
 20
-341.53950626030564
 30
1031.0
 70
32
  0
VERTEX
  5
235
330
17
100
AcDbEntity
  8
TOPO-CONTOUR-MINOR
100
AcDbVertex
100
AcDb3dPolylineVertex
 10
304.7492062705574
 20
-335.4938191017136
 30
1031.0
 70
32
  0
VERTEX
  5
236
330
17
100
AcDbEntity
  8
TOPO-CONTOUR-MINOR
100
AcDbVertex
100
AcDb3dPolylineVertex
 10
306.7222548938144
 20
-330.60607755074096
 30
1031.0
 70
32
  0
VERTEX
  5
237
330
17
100
AcDbEntity
  8
TOPO-CONTOUR-MINOR
100
AcDbVertex
100
AcDb3dPolylineVertex
 10
306.72225489381435
 20
-329.62800407074576
 30
1031.0
 70
32
  0
VERTEX
  5
238
330
17
100
AcDbEntity
  8
TOPO-CONTOUR-MINOR
100
AcDbVertex
100
AcDb3dPolylineVertex
 10
305.7146403674053
 20
-330.20086219921086
 30
1031.0
 70
32
  0
VERTEX
  5
239
330
17
100
AcDbEntity
  8
TOPO-CONTOUR-MINOR
100
AcDbVertex
100
AcDb3dPolylineVertex
 10
302.1964052209881
 20
-334.48620457481593
 30
1031.0
 70
32
  0
VERTEX
  5
23A
330
17
100
AcDbEntity
  8
TOPO-CONTOUR-MINOR
100
AcDbVertex
100
AcDb3dPolylineVertex
 10
292.7472378550922
 20
-343.55473531316966
 30
1031.0
 70
32
  0
VERTEX
  5
23B
330
17
100
AcDbEntity
  8
TOPO-CONTOUR-MINOR
100
AcDbVertex
100
AcDb3dPolylineVertex
 10
289.5928079448606
 20
-346.43235344936386
 30
1031.0
 70
32
  0
VERTEX
  5
23C
330
17
100
AcDbEntity
  8
TOPO-CONTOUR-MINOR
100
AcDbVertex
100
AcDb3dPolylineVertex
 10
283.54712078640637
 20
-351.0450526422859
 30
1031.0
 70
32
  0
VERTEX
  5
23D
330
17
100
AcDbEntity
  8
TOPO-CONTOUR-MINOR
100
AcDbVertex
100
AcDb3dPolylineVertex
 10
275.4862045751339
 20
-358.7105088006754
 30
1031.0
 70
32
  0
VERTEX
  5
23E
330
17
100
AcDbEntity
  8
TOPO-CONTOUR-MINOR
100
AcDbVertex
100
AcDb3dPolylineVertex
 10
273.4709755223158
 20
-360.03329200411326
 30
1031.0
 70
32
  0
VERTEX
  5
23F
330
17
100
AcDbEntity
  8
TOPO-CONTOUR-MINOR
100
AcDbVertex
100
AcDb3dPolylineVertex
 10
268.4329028902706
 20
-362.10648830406615
 30
1031.0
 70
32
  0
VERTEX
  5
240
330
17
100
AcDbEntity
  8
TOPO-CONTOUR-MINOR
100
AcDbVertex
100
AcDb3dPolylineVertex
 10
260.37198667899827
 20
-367.60454344425773
 30
1031.0
 70
32
  0
VERTEX
  5
241
330
17
100
AcDbEntity
  8
TOPO-CONTOUR-MINOR
100
AcDbVertex
100
AcDb3dPolylineVertex
 10
253.3186849941349
 20
-374.67847363807743
 30
1031.0
 70
32
  0
VERTEX
  5
242
330
17
100
AcDbEntity
  8
TOPO-CONTOUR-MINOR
100
AcDbVertex
100
AcDb3dPolylineVertex
 10
239.21208162440826
 20
-387.66978096837266
 30
1031.0
 70
32
  0
VERTEX
  5
243
330
17
100
AcDbEntity
  8
TOPO-CONTOUR-MINOR
100
AcDbVertex
100
AcDb3dPolylineVertex
 10
232.05900997101375
 20
-391.9202325800434
 30
1031.0
 70
32
  0
VERTEX
  5
244
330
17
100
AcDbEntity
  8
TOPO-CONTOUR-MINOR
100
AcDbVertex
100
AcDb3dPolylineVertex
 10
225.10547825468166
 20
-398.6225298067877
 30
1031.0
 70
32
  0
VERTEX
  5
245
330
17
100
AcDbEntity
  8
TOPO-CONTOUR-MINOR
100
AcDbVertex
100
AcDb3dPolylineVertex
 10
222.08263467545453
 20
-400.978584717528
 30
1031.0
 70
32
  0
VERTEX
  5
246
330
17
100
AcDbEntity
  8
TOPO-CONTOUR-MINOR
100
AcDbVertex
100
AcDb3dPolylineVertex
 10
217.04456204340931
 20
-402.94359056606646
 30
1031.0
 70
32
  0
VERTEX
  5
247
330
17
100
AcDbEntity
  8
TOPO-CONTOUR-MINOR
100
AcDbVertex
100
AcDb3dPolylineVertex
 10
215.02933299059123
 20
-403.33032342707645
 30
1031.0
 70
32
  0
VERTEX
  5
248
330
17
100
AcDbEntity
  8
TOPO-CONTOUR-MINOR
100
AcDbVertex
100
AcDb3dPolylineVertex
 10
212.006489411364
 20
-403.1253584245069
 30
1031.0
 70
32
  0
VERTEX
  5
249
330
17
100
AcDbEntity
  8
TOPO-CONTOUR-MINOR
100
AcDbVertex
100
AcDb3dPolylineVertex
 10
206.96841677931877
 20
-401.6079665853417
 30
1031.0
 70
32
  0
VERTEX
  5
24A
330
17
100
AcDbEntity
  8
TOPO-CONTOUR-MINOR
100
AcDbVertex
100
AcDb3dPolylineVertex
 10
201.93034414727356
 20
-402.1680445343038
 30
1031.0
 70
32
  0
VERTEX
  5
24B
330
17
100
AcDbEntity
  8
TOPO-CONTOUR-MINOR
100
AcDbVertex
100
AcDb3dPolylineVertex
 10
196.89227151522823
 20
-403.7975644106876
 30
1031.0
 70
32
  0
VERTEX
  5
24C
330
17
100
AcDbEntity
  8
TOPO-CONTOUR-MINOR
100
AcDbVertex
100
AcDb3dPolylineVertex
 10
193.8694279360011
 20
-405.4818700596237
 30
1031.0
 70
32
  0
VERTEX
  5
24D
330
17
100
AcDbEntity
  8
TOPO-CONTOUR-MINOR
100
AcDbVertex
100
AcDb3dPolylineVertex
 10
180.77043909268355
 20
-407.82315003278177
 30
1031.0
 70
32
  0
VERTEX
  5
24E
330
17
100
AcDbEntity
  8
TOPO-CONTOUR-MINOR
100
AcDbVertex
100
AcDb3dPolylineVertex
 10
167.671450249366
 20
-412.4726564829439
 30
1031.0
 70
32
  0
VERTEX
  5
24F
330
17
100
AcDbEntity
  8
TOPO-CONTOUR-MINOR
100
AcDbVertex
100
AcDb3dPolylineVertex
 10
162.63337761732078
 20
-414.9657776907325
 30
1031.0
 70
32
  0
VERTEX
  5
250
330
17
100
AcDbEntity
  8
TOPO-CONTOUR-MINOR
100
AcDbVertex
100
AcDb3dPolylineVertex
 10
155.58007593245736
 20
-416.49936204627033
 30
1031.0
 70
32
  0
VERTEX
  5
251
330
17
100
AcDbEntity
  8
TOPO-CONTOUR-MINOR
100
AcDbVertex
100
AcDb3dPolylineVertex
 10
154.59805466905325
 20
-417.0
 30
1031.0
 70
32
  0
SEQEND
  5
22A
330
229
100
AcDbEntity
  8
TOPO-CONTOUR-MINOR
  0
POLYLINE
  5
252
330
17
100
AcDbEntity
  8
TOPO-CONTOUR-MINOR
100
AcDb3dPolyline
 66
1
 10
0.0
 20
0.0
 30
0.0
 70
8
  0
VERTEX
  5
254
330
17
100
AcDbEntity
  8
TOPO-CONTOUR-MINOR
100
AcDbVertex
100
AcDb3dPolylineVertex
 10
147.40620736068547
 20
-417.0
 30
1031.0
 70
32
  0
VERTEX
  5
255
330
17
100
AcDbEntity
  8
TOPO-CONTOUR-MINOR
100
AcDbVertex
100
AcDb3dPolylineVertex
 10
149.5343887740031
 20
-413.9225640497391
 30
1031.0
 70
32
  0
VERTEX
  5
256
330
17
100
AcDbEntity
  8
TOPO-CONTOUR-MINOR
100
AcDbVertex
100
AcDb3dPolylineVertex
 10
150.54200330041215
 20
-411.304602027481
 30
1031.0
 70
32
  0
VERTEX
  5
257
330
17
100
AcDbEntity
  8
TOPO-CONTOUR-MINOR
100
AcDbVertex
100
AcDb3dPolylineVertex
 10
153.01342830756653
 20
-403.0039923712611
 30
1031.0
 70
32
  0
VERTEX
  5
258
330
17
100
AcDbEntity
  8
TOPO-CONTOUR-MINOR
100
AcDbVertex
100
AcDb3dPolylineVertex
 10
156.12467676857113
 20
-394.94307615980506
 30
1031.0
 70
32
  0
VERTEX
  5
259
330
17
100
AcDbEntity
  8
TOPO-CONTOUR-MINOR
100
AcDbVertex
100
AcDb3dPolylineVertex
 10
157.64123538278616
 20
-389.90500352717936
 30
1031.0
 70
32
  0
VERTEX
  5
25A
330
17
100
AcDbEntity
  8
TOPO-CONTOUR-MINOR
100
AcDbVertex
100
AcDb3dPolylineVertex
 10
162.39987915487148
 20
-381.8440873166546
 30
1031.0
 70
32
  0
VERTEX
  5
25B
330
17
100
AcDbEntity
  8
TOPO-CONTOUR-MINOR
100
AcDbVertex
100
AcDb3dPolylineVertex
 10
166.25591599580184
 20
-376.8060146840289
 30
1031.0
 70
32
  0
VERTEX
  5
25C
330
17
100
AcDbEntity
  8
TOPO-CONTOUR-MINOR
100
AcDbVertex
100
AcDb3dPolylineVertex
 10
168.6746101655273
 20
-372.7755565783009
 30
1031.0
 70
32
  0
VERTEX
  5
25D
330
17
100
AcDbEntity
  8
TOPO-CONTOUR-MINOR
100
AcDbVertex
100
AcDb3dPolylineVertex
 10
172.7095228814112
 20
-367.18133545421443
 30
1031.0
 70
32
  0
VERTEX
  5
25E
330
17
100
AcDbEntity
  8
TOPO-CONTOUR-MINOR
100
AcDbVertex
100
AcDb3dPolylineVertex
 10
178.88626723919617
 20
-360.6841822620481
 30
1031.0
 70
32
  0
VERTEX
  5
25F
330
17
100
AcDbEntity
  8
TOPO-CONTOUR-MINOR
100
AcDbVertex
100
AcDb3dPolylineVertex
 10
184.91624761445354
 20
-353.6308805765584
 30
1031.0
 70
32
  0
VERTEX
  5
260
330
17
100
AcDbEntity
  8
TOPO-CONTOUR-MINOR
100
AcDbVertex
100
AcDb3dPolylineVertex
 10
188.21920227169846
 20
-348.59280794486403
 30
1031.0
 70
32
  0
VERTEX
  5
261
330
17
100
AcDbEntity
  8
TOPO-CONTOUR-MINOR
100
AcDbVertex
100
AcDb3dPolylineVertex
 10
193.8694279360011
 20
-343.13679363262804
 30
1031.0
 70
32
  0
VERTEX
  5
262
330
17
100
AcDbEntity
  8
TOPO-CONTOUR-MINOR
100
AcDbVertex
100
AcDb3dPolylineVertex
 10
201.93034414727356
 20
-333.92981688289944
 30
1031.0
 70
32
  0
VERTEX
  5
263
330
17
100
AcDbEntity
  8
TOPO-CONTOUR-MINOR
100
AcDbVertex
100
AcDb3dPolylineVertex
 10
215.257861348538
 20
-323.4024447845295
 30
1031.0
 70
32
  0
VERTEX
  5
264
330
17
100
AcDbEntity
  8
TOPO-CONTOUR-MINOR
100
AcDbVertex
100
AcDb3dPolylineVertex
 10
218.71606566887522
 20
-317.35675762593746
 30
1031.0
 70
32
  0
VERTEX
  5
265
330
17
100
AcDbEntity
  8
TOPO-CONTOUR-MINOR
100
AcDbVertex
100
AcDb3dPolylineVertex
 10
220.72920495968845
 20
-315.34152857307345
 30
1031.0
 70
32
  0
VERTEX
  5
266
330
17
100
AcDbEntity
  8
TOPO-CONTOUR-MINOR
100
AcDbVertex
100
AcDb3dPolylineVertex
 10
223.09024920186357
 20
-313.79734140523465
 30
1031.0
 70
32
  0
VERTEX
  5
267
330
17
100
AcDbEntity
  8
TOPO-CONTOUR-MINOR
100
AcDbVertex
100
AcDb3dPolylineVertex
 10
228.12832183390879
 20
-311.8013362087131
 30
1031.0
 70
32
  0
VERTEX
  5
268
330
17
100
AcDbEntity
  8
TOPO-CONTOUR-MINOR
100
AcDbVertex
100
AcDb3dPolylineVertex
 10
233.11201171160684
 20
-308.28822688851506
 30
1031.0
 70
32
  0
VERTEX
  5
269
330
17
100
AcDbEntity
  8
TOPO-CONTOUR-MINOR
100
AcDbVertex
100
AcDb3dPolylineVertex
 10
235.9134990872673
 20
-305.2653833096847
 30
1031.0
 70
32
  0
VERTEX
  5
26A
330
17
100
AcDbEntity
  8
TOPO-CONTOUR-MINOR
100
AcDbVertex
100
AcDb3dPolylineVertex
 10
240.57191281390922
 20
-301.23492520395666
 30
1031.0
 70
32
  0
VERTEX
  5
26B
330
17
100
AcDbEntity
  8
TOPO-CONTOUR-MINOR
100
AcDbVertex
100
AcDb3dPolylineVertex
 10
243.5412453231912
 20
-297.20446709822863
 30
1031.0
 70
32
  0
VERTEX
  5
26C
330
17
100
AcDbEntity
  8
TOPO-CONTOUR-MINOR
100
AcDbVertex
100
AcDb3dPolylineVertex
 10
245.25776878286257
 20
-295.3837018519791
 30
1031.0
 70
32
  0
VERTEX
  5
26D
330
17
100
AcDbEntity
  8
TOPO-CONTOUR-MINOR
100
AcDbVertex
100
AcDb3dPolylineVertex
 10
249.28822688849874
 20
-293.73174819484257
 30
1031.0
 70
32
  0
VERTEX
  5
26E
330
17
100
AcDbEntity
  8
TOPO-CONTOUR-MINOR
100
AcDbVertex
100
AcDb3dPolylineVertex
 10
251.83950312287038
 20
-291.1587799396366
 30
1031.0
 70
32
  0
VERTEX
  5
26F
330
17
100
AcDbEntity
  8
TOPO-CONTOUR-MINOR
100
AcDbVertex
100
AcDb3dPolylineVertex
 10
253.31868499413494
 20
-290.1561471148798
 30
1031.0
 70
32
  0
VERTEX
  5
270
330
17
100
AcDbEntity
  8
TOPO-CONTOUR-MINOR
100
AcDbVertex
100
AcDb3dPolylineVertex
 10
259.3643721525892
 20
-287.9444269017324
 30
1031.0
 70
32
  0
VERTEX
  5
271
330
17
100
AcDbEntity
  8
TOPO-CONTOUR-MINOR
100
AcDbVertex
100
AcDb3dPolylineVertex
 10
263.3948302582254
 20
-286.05104055486737
 30
1031.0
 70
32
  0
VERTEX
  5
272
330
17
100
AcDbEntity
  8
TOPO-CONTOUR-MINOR
100
AcDbVertex
100
AcDb3dPolylineVertex
 10
273.4709755223158
 20
-279.5574367607681
 30
1031.0
 70
32
  0
VERTEX
  5
273
330
17
100
AcDbEntity
  8
TOPO-CONTOUR-MINOR
100
AcDbVertex
100
AcDb3dPolylineVertex
 10
297.65372415613297
 20
-260.60345821861046
 30
1031.0
 70
32
  0
VERTEX
  5
274
330
17
100
AcDbEntity
  8
TOPO-CONTOUR-MINOR
100
AcDbVertex
100
AcDb3dPolylineVertex
 10
318.47177043991474
 20
-241.7856681458652
 30
1031.0
 70
32
  0
VERTEX
  5
275
330
17
100
AcDbEntity
  8
TOPO-CONTOUR-MINOR
100
AcDbVertex
100
AcDb3dPolylineVertex
 10
321.8364727899501
 20
-239.48354614568626
 30
1031.0
 70
32
  0
VERTEX
  5
276
330
17
100
AcDbEntity
  8
TOPO-CONTOUR-MINOR
100
AcDbVertex
100
AcDb3dPolylineVertex
 10
324.85931636917724
 20
-237.92473961686244
 30
1031.0
 70
32
  0
VERTEX
  5
277
330
17
100
AcDbEntity
  8
TOPO-CONTOUR-MINOR
100
AcDbVertex
100
AcDb3dPolylineVertex
 10
330.9050035276315
 20
-232.57230412570902
 30
1031.0
 70
32
  0
VERTEX
  5
278
330
17
100
AcDbEntity
  8
TOPO-CONTOUR-MINOR
100
AcDbVertex
100
AcDb3dPolylineVertex
 10
338.74108250346865
 20
-224.65622119698673
 30
1031.0
 70
32
  0
VERTEX
  5
279
330
17
100
AcDbEntity
  8
TOPO-CONTOUR-MINOR
100
AcDbVertex
100
AcDb3dPolylineVertex
 10
342.36669762302625
 20
-216.59530498553067
 30
1031.0
 70
32
  0
VERTEX
  5
27A
330
17
100
AcDbEntity
  8
TOPO-CONTOUR-MINOR
100
AcDbVertex
100
AcDb3dPolylineVertex
 10
344.00399237094916
 20
-214.44289055757832
 30
1031.0
 70
32
  0
VERTEX
  5
27B
330
17
100
AcDbEntity
  8
TOPO-CONTOUR-MINOR
100
AcDbVertex
100
AcDb3dPolylineVertex
 10
347.8062405316101
 20
-210.54961782693863
 30
1031.0
 70
32
  0
VERTEX
  5
27C
330
17
100
AcDbEntity
  8
TOPO-CONTOUR-MINOR
100
AcDbVertex
100
AcDb3dPolylineVertex
 10
348.72720440223634
 20
-208.5343887740746
 30
1031.0
 70
32
  0
VERTEX
  5
27D
330
17
100
AcDbEntity
  8
TOPO-CONTOUR-MINOR
100
AcDbVertex
100
AcDb3dPolylineVertex
 10
349.1077497895987
 20
-206.5191597212106
 30
1031.0
 70
32
  0
VERTEX
  5
27E
330
17
100
AcDbEntity
  8
TOPO-CONTOUR-MINOR
100
AcDbVertex
100
AcDb3dPolylineVertex
 10
348.5224020988102
 20
-201.48108708951622
 30
1031.0
 70
32
  0
VERTEX
  5
27F
330
17
100
AcDbEntity
  8
TOPO-CONTOUR-MINOR
100
AcDbVertex
100
AcDb3dPolylineVertex
 10
349.0420650029944
 20
-199.14198609140067
 30
1031.0
 70
32
  0
VERTEX
  5
280
330
17
100
AcDbEntity
  8
TOPO-CONTOUR-MINOR
100
AcDbVertex
100
AcDb3dPolylineVertex
 10
350.0496795294034
 20
-198.1051592770918
 30
1031.0
 70
32
  0
VERTEX
  5
281
330
17
100
AcDbEntity
  8
TOPO-CONTOUR-MINOR
100
AcDbVertex
100
AcDb3dPolylineVertex
 10
353.07252310863055
 20
-196.14206949682819
 30
1031.0
 70
32
  0
VERTEX
  5
282
330
17
100
AcDbEntity
  8
TOPO-CONTOUR-MINOR
100
AcDbVertex
100
AcDb3dPolylineVertex
 10
358.0
 20
-191.56357163223768
 30
1031.0
 70
32
  0
SEQEND
  5
253
330
252
100
AcDbEntity
  8
TOPO-CONTOUR-MINOR
  0
POLYLINE
  5
283
330
17
100
AcDbEntity
  8
TOPO-CONTOUR-MINOR
100
AcDb3dPolyline
 66
1
 10
0.0
 20
0.0
 30
0.0
 70
8
  0
VERTEX
  5
285
330
17
100
AcDbEntity
  8
TOPO-CONTOUR-MINOR
100
AcDbVertex
100
AcDb3dPolylineVertex
 10
2.3800144499266156
 20
183.0
 30
1032.0
 70
32
  0
VERTEX
  5
286
330
17
100
AcDbEntity
  8
TOPO-CONTOUR-MINOR
100
AcDbVertex
100
AcDb3dPolylineVertex
 10
11.42086498717949
 20
175.36674578767273
 30
1032.0
 70
32
  0
VERTEX
  5
287
330
17
100
AcDbEntity
  8
TOPO-CONTOUR-MINOR
100
AcDbVertex
100
AcDb3dPolylineVertex
 10
36.45502076291436
 20
159.2449133656919
 30
1032.0
 70
32
  0
VERTEX
  5
288
330
17
100
AcDbEntity
  8
TOPO-CONTOUR-MINOR
100
AcDbVertex
100
AcDb3dPolylineVertex
 10
40.71201992182603
 20
157.0792710757519
 30
1032.0
 70
32
  0
VERTEX
  5
289
330
17
100
AcDbEntity
  8
TOPO-CONTOUR-MINOR
100
AcDbVertex
100
AcDb3dPolylineVertex
 10
45.102116286527405
 20
154.2068407330662
 30
1032.0
 70
32
  0
VERTEX
  5
28A
330
17
100
AcDbEntity
  8
TOPO-CONTOUR-MINOR
100
AcDbVertex
100
AcDb3dPolylineVertex
 10
53.70908167682053
 20
150.17638262733817
 30
1032.0
 70
32
  0
VERTEX
  5
28B
330
17
100
AcDbEntity
  8
TOPO-CONTOUR-MINOR
100
AcDbVertex
100
AcDb3dPolylineVertex
 10
58.84908139718891
 20
148.15052341390808
 30
1032.0
 70
32
  0
VERTEX
  5
28C
330
17
100
AcDbEntity
  8
TOPO-CONTOUR-MINOR
100
AcDbVertex
100
AcDb3dPolylineVertex
 10
71.72070977064456
 20
140.10023736394942
 30
1032.0
 70
32
  0
VERTEX
  5
28D
330
17
100
AcDbEntity
  8
TOPO-CONTOUR-MINOR
100
AcDbVertex
100
AcDb3dPolylineVertex
 10
77.99375739896072
 20
137.03592982927614
 30
1032.0
 70
32
  0
VERTEX
  5
28E
330
17
100
AcDbEntity
  8
TOPO-CONTOUR-MINOR
100
AcDbVertex
100
AcDb3dPolylineVertex
 10
90.07846905987535
 20
128.00886304676533
 30
1032.0
 70
32
  0
VERTEX
  5
28F
330
17
100
AcDbEntity
  8
TOPO-CONTOUR-MINOR
100
AcDbVertex
100
AcDb3dPolylineVertex
 10
97.13843340073265
 20
123.88597736267829
 30
1032.0
 70
32
  0
VERTEX
  5
290
330
17
100
AcDbEntity
  8
TOPO-CONTOUR-MINOR
100
AcDbVertex
100
AcDb3dPolylineVertex
 10
100.1612769799599
 20
122.93302846794766
 30
1032.0
 70
32
  0
VERTEX
  5
291
330
17
100
AcDbEntity
  8
TOPO-CONTOUR-MINOR
100
AcDbVertex
100
AcDb3dPolylineVertex
 10
101.16889150636894
 20
122.94028921174612
 30
1032.0
 70
32
  0
VERTEX
  5
292
330
17
100
AcDbEntity
  8
TOPO-CONTOUR-MINOR
100
AcDbVertex
100
AcDb3dPolylineVertex
 10
102.17650603277798
 20
123.56011361432913
 30
1032.0
 70
32
  0
VERTEX
  5
293
330
17
100
AcDbEntity
  8
TOPO-CONTOUR-MINOR
100
AcDbVertex
100
AcDb3dPolylineVertex
 10
105.19934961200511
 20
127.05656298745915
 30
1032.0
 70
32
  0
VERTEX
  5
294
330
17
100
AcDbEntity
  8
TOPO-CONTOUR-MINOR
100
AcDbVertex
100
AcDb3dPolylineVertex
 10
111.24503677045936
 20
131.40766769423968
 30
1032.0
 70
32
  0
VERTEX
  5
295
330
17
100
AcDbEntity
  8
TOPO-CONTOUR-MINOR
100
AcDbVertex
100
AcDb3dPolylineVertex
 10
114.2596510262842
 20
134.05455020535737
 30
1032.0
 70
32
  0
VERTEX
  5
296
330
17
100
AcDbEntity
  8
TOPO-CONTOUR-MINOR
100
AcDbVertex
100
AcDb3dPolylineVertex
 10
115.5176300427712
 20
136.0697792582214
 30
1032.0
 70
32
  0
VERTEX
  5
297
330
17
100
AcDbEntity
  8
TOPO-CONTOUR-MINOR
100
AcDbVertex
100
AcDb3dPolylineVertex
 10
116.56076530210098
 20
139.09262283705175
 30
1032.0
 70
32
  0
VERTEX
  5
298
330
17
100
AcDbEntity
  8
TOPO-CONTOUR-MINOR
100
AcDbVertex
100
AcDb3dPolylineVertex
 10
117.4155820433394
 20
140.10023736394942
 30
1032.0
 70
32
  0
VERTEX
  5
299
330
17
100
AcDbEntity
  8
TOPO-CONTOUR-MINOR
100
AcDbVertex
100
AcDb3dPolylineVertex
 10
121.2579769823772
 20
142.1154664158821
 30
1032.0
 70
32
  0
VERTEX
  5
29A
330
17
100
AcDbEntity
  8
TOPO-CONTOUR-MINOR
100
AcDbVertex
100
AcDb3dPolylineVertex
 10
125.35164014018596
 20
143.36855089062783
 30
1032.0
 70
32
  0
VERTEX
  5
29B
330
17
100
AcDbEntity
  8
TOPO-CONTOUR-MINOR
100
AcDbVertex
100
AcDb3dPolylineVertex
 10
131.67688748016604
 20
144.13069546874613
 30
1032.0
 70
32
  0
VERTEX
  5
29C
330
17
100
AcDbEntity
  8
TOPO-CONTOUR-MINOR
100
AcDbVertex
100
AcDb3dPolylineVertex
 10
136.43539993068543
 20
144.05676872670696
 30
1032.0
 70
32
  0
VERTEX
  5
29D
330
17
100
AcDbEntity
  8
TOPO-CONTOUR-MINOR
100
AcDbVertex
100
AcDb3dPolylineVertex
 10
141.7877559394102
 20
143.12308094277978
 30
1032.0
 70
32
  0
VERTEX
  5
29E
330
17
100
AcDbEntity
  8
TOPO-CONTOUR-MINOR
100
AcDbVertex
100
AcDb3dPolylineVertex
 10
154.57246140604832
 20
140.18267631059868
 30
1032.0
 70
32
  0
VERTEX
  5
29F
330
17
100
AcDbEntity
  8
TOPO-CONTOUR-MINOR
100
AcDbVertex
100
AcDb3dPolylineVertex
 10
167.671450249366
 20
137.8342905595454
 30
1032.0
 70
32
  0
VERTEX
  5
2A0
330
17
100
AcDbEntity
  8
TOPO-CONTOUR-MINOR
100
AcDbVertex
100
AcDb3dPolylineVertex
 10
173.71713740782025
 20
135.7845825566468
 30
1032.0
 70
32
  0
VERTEX
  5
2A1
330
17
100
AcDbEntity
  8
TOPO-CONTOUR-MINOR
100
AcDbVertex
100
AcDb3dPolylineVertex
 10
180.72432953013623
 20
134.05455020535737
 30
1032.0
 70
32
  0
VERTEX
  5
2A2
330
17
100
AcDbEntity
  8
TOPO-CONTOUR-MINOR
100
AcDbVertex
100
AcDb3dPolylineVertex
 10
187.82374077754685
 20
131.59906311821675
 30
1032.0
 70
32
  0
VERTEX
  5
2A3
330
17
100
AcDbEntity
  8
TOPO-CONTOUR-MINOR
100
AcDbVertex
100
AcDb3dPolylineVertex
 10
193.8694279360011
 20
130.06847872308526
 30
1032.0
 70
32
  0
VERTEX
  5
2A4
330
17
100
AcDbEntity
  8
TOPO-CONTOUR-MINOR
100
AcDbVertex
100
AcDb3dPolylineVertex
 10
216.03694751700027
 20
122.29865533609237
 30
1032.0
 70
32
  0
VERTEX
  5
2A5
330
17
100
AcDbEntity
  8
TOPO-CONTOUR-MINOR
100
AcDbVertex
100
AcDb3dPolylineVertex
 10
231.28969411525097
 20
117.93271778244525
 30
1032.0
 70
32
  0
VERTEX
  5
2A6
330
17
100
AcDbEntity
  8
TOPO-CONTOUR-MINOR
100
AcDbVertex
100
AcDb3dPolylineVertex
 10
242.23492520363538
 20
113.57560369149455
 30
1032.0
 70
32
  0
VERTEX
  5
2A7
330
17
100
AcDbEntity
  8
TOPO-CONTOUR-MINOR
100
AcDbVertex
100
AcDb3dPolylineVertex
 10
251.66906287725573
 20
110.87941609788686
 30
1032.0
 70
32
  0
VERTEX
  5
2A8
330
17
100
AcDbEntity
  8
TOPO-CONTOUR-MINOR
100
AcDbVertex
100
AcDb3dPolylineVertex
 10
261.6660089807534
 20
106.84895799215883
 30
1032.0
 70
32
  0
VERTEX
  5
2A9
330
17
100
AcDbEntity
  8
TOPO-CONTOUR-MINOR
100
AcDbVertex
100
AcDb3dPolylineVertex
 10
273.88748273473135
 20
100.80327083356678
 30
1032.0
 70
32
  0
VERTEX
  5
2AA
330
17
100
AcDbEntity
  8
TOPO-CONTOUR-MINOR
100
AcDbVertex
100
AcDb3dPolylineVertex
 10
279.53570584390457
 20
97.78042725473642
 30
1032.0
 70
32
  0
VERTEX
  5
2AB
330
17
100
AcDbEntity
  8
TOPO-CONTOUR-MINOR
100
AcDbVertex
100
AcDb3dPolylineVertex
 10
280.52427720717924
 20
96.86070821204939
 30
1032.0
 70
32
  0
VERTEX
  5
2AC
330
17
100
AcDbEntity
  8
TOPO-CONTOUR-MINOR
100
AcDbVertex
100
AcDb3dPolylineVertex
 10
281.80196040286717
 20
93.7499691490084
 30
1032.0
 70
32
  0
VERTEX
  5
2AD
330
17
100
AcDbEntity
  8
TOPO-CONTOUR-MINOR
100
AcDbVertex
100
AcDb3dPolylineVertex
 10
283.54712078640637
 20
91.73529380937156
 30
1032.0
 70
32
  0
VERTEX
  5
2AE
330
17
100
AcDbEntity
  8
TOPO-CONTOUR-MINOR
100
AcDbVertex
100
AcDb3dPolylineVertex
 10
290.60042247126967
 20
87.13475653915306
 30
1032.0
 70
32
  0
VERTEX
  5
2AF
330
17
100
AcDbEntity
  8
TOPO-CONTOUR-MINOR
100
AcDbVertex
100
AcDb3dPolylineVertex
 10
293.1911004881895
 20
84.68143841065466
 30
1032.0
 70
32
  0
VERTEX
  5
2B0
330
17
100
AcDbEntity
  8
TOPO-CONTOUR-MINOR
100
AcDbVertex
100
AcDb3dPolylineVertex
 10
297.8344310018102
 20
77.62813672609627
 30
1032.0
 70
32
  0
VERTEX
  5
2B1
330
17
100
AcDbEntity
  8
TOPO-CONTOUR-MINOR
100
AcDbVertex
100
AcDb3dPolylineVertex
 10
300.62617163523754
 20
70.57483504153788
 30
1032.0
 70
32
  0
VERTEX
  5
2B2
330
17
100
AcDbEntity
  8
TOPO-CONTOUR-MINOR
100
AcDbVertex
100
AcDb3dPolylineVertex
 10
301.269006597435
 20
69.56722051464021
 30
1032.0
 70
32
  0
VERTEX
  5
2B3
330
17
100
AcDbEntity
  8
TOPO-CONTOUR-MINOR
100
AcDbVertex
100
AcDb3dPolylineVertex
 10
302.59044063273467
 20
68.55960598867387
 30
1032.0
 70
32
  0
VERTEX
  5
2B4
330
17
100
AcDbEntity
  8
TOPO-CONTOUR-MINOR
100
AcDbVertex
100
AcDb3dPolylineVertex
 10
305.7146403674053
 20
67.95887819257095
 30
1032.0
 70
32
  0
VERTEX
  5
2B5
330
17
100
AcDbEntity
  8
TOPO-CONTOUR-MINOR
100
AcDbVertex
100
AcDb3dPolylineVertex
 10
317.80601468431394
 20
67.8480375530003
 30
1032.0
 70
32
  0
VERTEX
  5
2B6
330
17
100
AcDbEntity
  8
TOPO-CONTOUR-MINOR
100
AcDbVertex
100
AcDb3dPolylineVertex
 10
321.8364727899501
 20
67.48861007012579
 30
1032.0
 70
32
  0
VERTEX
  5
2B7
330
17
100
AcDbEntity
  8
TOPO-CONTOUR-MINOR
100
AcDbVertex
100
AcDb3dPolylineVertex
 10
330.9050035276315
 20
64.94023359188444
 30
1032.0
 70
32
  0
VERTEX
  5
2B8
330
17
100
AcDbEntity
  8
TOPO-CONTOUR-MINOR
100
AcDbVertex
100
AcDb3dPolylineVertex
 10
348.03445047658533
 20
57.70073621952653
 30
1032.0
 70
32
  0
VERTEX
  5
2B9
330
17
100
AcDbEntity
  8
TOPO-CONTOUR-MINOR
100
AcDbVertex
100
AcDb3dPolylineVertex
 10
358.0
 20
52.21097971844359
 30
1032.0
 70
32
  0
SEQEND
  5
284
330
283
100
AcDbEntity
  8
TOPO-CONTOUR-MINOR
  0
POLYLINE
  5
2BA
330
17
100
AcDbEntity
  8
TOPO-CONTOUR-MINOR
100
AcDb3dPolyline
 66
1
 10
0.0
 20
0.0
 30
0.0
 70
8
  0
VERTEX
  5
2BC
330
17
100
AcDbEntity
  8
TOPO-CONTOUR-MINOR
100
AcDbVertex
100
AcDb3dPolylineVertex
 10
358.0
 20
-126.77275984860466
 30
1032.0
 70
32
  0
VERTEX
  5
2BD
330
17
100
AcDbEntity
  8
TOPO-CONTOUR-MINOR
100
AcDbVertex
100
AcDb3dPolylineVertex
 10
357.1029812142667
 20
-127.03435068169897
 30
1032.0
 70
32
  0
VERTEX
  5
2BE
330
17
100
AcDbEntity
  8
TOPO-CONTOUR-MINOR
100
AcDbVertex
100
AcDb3dPolylineVertex
 10
356.0953666878577
 20
-127.0559412728518
 30
1032.0
 70
32
  0
VERTEX
  5
2BF
330
17
100
AcDbEntity
  8
TOPO-CONTOUR-MINOR
100
AcDbVertex
100
AcDb3dPolylineVertex
 10
355.08775216144863
 20
-126.33899557416818
 30
1032.0
 70
32
  0
VERTEX
  5
2C0
330
17
100
AcDbEntity
  8
TOPO-CONTOUR-MINOR
100
AcDbVertex
100
AcDb3dPolylineVertex
 10
354.22491285167274
 20
-122.88715402968228
 30
1032.0
 70
32
  0
VERTEX
  5
2C1
330
17
100
AcDbEntity
  8
TOPO-CONTOUR-MINOR
100
AcDbVertex
100
AcDb3dPolylineVertex
 10
354.40130228303855
 20
-121.87953950278461
 30
1032.0
 70
32
  0
VERTEX
  5
2C2
330
17
100
AcDbEntity
  8
TOPO-CONTOUR-MINOR
100
AcDbVertex
100
AcDb3dPolylineVertex
 10
356.4151755786993
 20
-117.84908139705658
 30
1032.0
 70
32
  0
VERTEX
  5
2C3
330
17
100
AcDbEntity
  8
TOPO-CONTOUR-MINOR
100
AcDbVertex
100
AcDb3dPolylineVertex
 10
356.31252220856777
 20
-114.8262378182262
 30
1032.0
 70
32
  0
VERTEX
  5
2C4
330
17
100
AcDbEntity
  8
TOPO-CONTOUR-MINOR
100
AcDbVertex
100
AcDb3dPolylineVertex
 10
355.2999112459539
 20
-112.8110087653622
 30
1032.0
 70
32
  0
VERTEX
  5
2C5
330
17
100
AcDbEntity
  8
TOPO-CONTOUR-MINOR
100
AcDbVertex
100
AcDb3dPolylineVertex
 10
354.0801376350396
 20
-111.45237072459517
 30
1032.0
 70
32
  0
VERTEX
  5
2C6
330
17
100
AcDbEntity
  8
TOPO-CONTOUR-MINOR
100
AcDbVertex
100
AcDb3dPolylineVertex
 10
352.0649085822215
 20
-110.37272119235399
 30
1032.0
 70
32
  0
VERTEX
  5
2C7
330
17
100
AcDbEntity
  8
TOPO-CONTOUR-MINOR
100
AcDbVertex
100
AcDb3dPolylineVertex
 10
351.05729405581246
 20
-110.65696645984966
 30
1032.0
 70
32
  0
VERTEX
  5
2C8
330
17
100
AcDbEntity
  8
TOPO-CONTOUR-MINOR
100
AcDbVertex
100
AcDb3dPolylineVertex
 10
349.6629149944047
 20
-112.8110087653622
 30
1032.0
 70
32
  0
VERTEX
  5
2C9
330
17
100
AcDbEntity
  8
TOPO-CONTOUR-MINOR
100
AcDbVertex
100
AcDb3dPolylineVertex
 10
348.98775099083514
 20
-115.83385234419256
 30
1032.0
 70
32
  0
VERTEX
  5
2CA
330
17
100
AcDbEntity
  8
TOPO-CONTOUR-MINOR
100
AcDbVertex
100
AcDb3dPolylineVertex
 10
350.6775627039353
 20
-127.92522666137666
 30
1032.0
 70
32
  0
VERTEX
  5
2CB
330
17
100
AcDbEntity
  8
TOPO-CONTOUR-MINOR
100
AcDbVertex
100
AcDb3dPolylineVertex
 10
350.0496795294034
 20
-129.08013737579657
 30
1032.0
 70
32
  0
VERTEX
  5
2CC
330
17
100
AcDbEntity
  8
TOPO-CONTOUR-MINOR
100
AcDbVertex
100
AcDb3dPolylineVertex
 10
349.0420650029944
 20
-129.4871843080033
 30
1032.0
 70
32
  0
VERTEX
  5
2CD
330
17
100
AcDbEntity
  8
TOPO-CONTOUR-MINOR
100
AcDbVertex
100
AcDb3dPolylineVertex
 10
348.03445047658533
 20
-129.43406887911055
 30
1032.0
 70
32
  0
VERTEX
  5
2CE
330
17
100
AcDbEntity
  8
TOPO-CONTOUR-MINOR
100
AcDbVertex
100
AcDb3dPolylineVertex
 10
345.0116068973582
 20
-127.41161444865683
 30
1032.0
 70
32
  0
VERTEX
  5
2CF
330
17
100
AcDbEntity
  8
TOPO-CONTOUR-MINOR
100
AcDbVertex
100
AcDb3dPolylineVertex
 10
344.00399237094916
 20
-127.40351455162295
 30
1032.0
 70
32
  0
VERTEX
  5
2D0
330
17
100
AcDbEntity
  8
TOPO-CONTOUR-MINOR
100
AcDbVertex
100
AcDb3dPolylineVertex
 10
339.973534265313
 20
-132.98420564110535
 30
1032.0
 70
32
  0
VERTEX
  5
2D1
330
17
100
AcDbEntity
  8
TOPO-CONTOUR-MINOR
100
AcDbVertex
100
AcDb3dPolylineVertex
 10
339.02641940458307
 20
-134.97852834593505
 30
1032.0
 70
32
  0
VERTEX
  5
2D2
330
17
100
AcDbEntity
  8
TOPO-CONTOUR-MINOR
100
AcDbVertex
100
AcDb3dPolylineVertex
 10
338.6812877811593
 20
-136.99375739879906
 30
1032.0
 70
32
  0
VERTEX
  5
2D3
330
17
100
AcDbEntity
  8
TOPO-CONTOUR-MINOR
100
AcDbVertex
100
AcDb3dPolylineVertex
 10
339.973534265313
 20
-140.32984633106955
 30
1032.0
 70
32
  0
VERTEX
  5
2D4
330
17
100
AcDbEntity
  8
TOPO-CONTOUR-MINOR
100
AcDbVertex
100
AcDb3dPolylineVertex
 10
340.25644574692717
 20
-143.0394445573911
 30
1032.0
 70
32
  0
VERTEX
  5
2D5
330
17
100
AcDbEntity
  8
TOPO-CONTOUR-MINOR
100
AcDbVertex
100
AcDb3dPolylineVertex
 10
339.8107824390383
 20
-145.05467361025512
 30
1032.0
 70
32
  0
VERTEX
  5
2D6
330
17
100
AcDbEntity
  8
TOPO-CONTOUR-MINOR
100
AcDbVertex
100
AcDb3dPolylineVertex
 10
338.18707033260216
 20
-149.08513171598315
 30
1032.0
 70
32
  0
VERTEX
  5
2D7
330
17
100
AcDbEntity
  8
TOPO-CONTOUR-MINOR
100
AcDbVertex
100
AcDb3dPolylineVertex
 10
338.4059088998811
 20
-153.11558982171118
 30
1032.0
 70
32
  0
VERTEX
  5
2D8
330
17
100
AcDbEntity
  8
TOPO-CONTOUR-MINOR
100
AcDbVertex
100
AcDb3dPolylineVertex
 10
336.95069068608586
 20
-155.13503075403645
 30
1032.0
 70
32
  0
VERTEX
  5
2D9
330
17
100
AcDbEntity
  8
TOPO-CONTOUR-MINOR
100
AcDbVertex
100
AcDb3dPolylineVertex
 10
332.7683817011604
 20
-159.16127698030323
 30
1032.0
 70
32
  0
VERTEX
  5
2DA
330
17
100
AcDbEntity
  8
TOPO-CONTOUR-MINOR
100
AcDbVertex
100
AcDb3dPolylineVertex
 10
331.596190153164
 20
-161.17650603316724
 30
1032.0
 70
32
  0
VERTEX
  5
2DB
330
17
100
AcDbEntity
  8
TOPO-CONTOUR-MINOR
100
AcDbVertex
100
AcDb3dPolylineVertex
 10
330.9050035276315
 20
-163.4860705349215
 30
1032.0
 70
32
  0
VERTEX
  5
2DC
330
17
100
AcDbEntity
  8
TOPO-CONTOUR-MINOR
100
AcDbVertex
100
AcDb3dPolylineVertex
 10
328.3093924525614
 20
-167.22219319082797
 30
1032.0
 70
32
  0
VERTEX
  5
2DD
330
17
100
AcDbEntity
  8
TOPO-CONTOUR-MINOR
100
AcDbVertex
100
AcDb3dPolylineVertex
 10
326.8745454219953
 20
-171.09781774751258
 30
1032.0
 70
32
  0
VERTEX
  5
2DE
330
17
100
AcDbEntity
  8
TOPO-CONTOUR-MINOR
100
AcDbVertex
100
AcDb3dPolylineVertex
 10
324.0052544671247
 20
-174.27549487631768
 30
1032.0
 70
32
  0
VERTEX
  5
2DF
330
17
100
AcDbEntity
  8
TOPO-CONTOUR-MINOR
100
AcDbVertex
100
AcDb3dPolylineVertex
 10
320.39632518991345
 20
-179.31356750801206
 30
1032.0
 70
32
  0
VERTEX
  5
2E0
330
17
100
AcDbEntity
  8
TOPO-CONTOUR-MINOR
100
AcDbVertex
100
AcDb3dPolylineVertex
 10
319.50524094962475
 20
-181.32879656087607
 30
1032.0
 70
32
  0
VERTEX
  5
2E1
330
17
100
AcDbEntity
  8
TOPO-CONTOUR-MINOR
100
AcDbVertex
100
AcDb3dPolylineVertex
 10
318.9842289921404
 20
-185.3592546666041
 30
1032.0
 70
32
  0
VERTEX
  5
2E2
330
17
100
AcDbEntity
  8
TOPO-CONTOUR-MINOR
100
AcDbVertex
100
AcDb3dPolylineVertex
 10
317.8988919553699
 20
-187.37448371946812
 30
1032.0
 70
32
  0
VERTEX
  5
2E3
330
17
100
AcDbEntity
  8
TOPO-CONTOUR-MINOR
100
AcDbVertex
100
AcDb3dPolylineVertex
 10
316.7984001579049
 20
-188.52000214155322
 30
1032.0
 70
32
  0
VERTEX
  5
2E4
330
17
100
AcDbEntity
  8
TOPO-CONTOUR-MINOR
100
AcDbVertex
100
AcDb3dPolylineVertex
 10
314.7831711050868
 20
-189.8551784397504
 30
1032.0
 70
32
  0
VERTEX
  5
2E5
330
17
100
AcDbEntity
  8
TOPO-CONTOUR-MINOR
100
AcDbVertex
100
AcDb3dPolylineVertex
 10
308.73748394663255
 20
-192.04741589496876
 30
1032.0
 70
32
  0
VERTEX
  5
2E6
330
17
100
AcDbEntity
  8
TOPO-CONTOUR-MINOR
100
AcDbVertex
100
AcDb3dPolylineVertex
 10
304.70702584099627
 20
-194.14717267948757
 30
1032.0
 70
32
  0
VERTEX
  5
2E7
330
17
100
AcDbEntity
  8
TOPO-CONTOUR-MINOR
100
AcDbVertex
100
AcDb3dPolylineVertex
 10
281.5318917335883
 20
-214.81158947550364
 30
1032.0
 70
32
  0
VERTEX
  5
2E8
330
17
100
AcDbEntity
  8
TOPO-CONTOUR-MINOR
100
AcDbVertex
100
AcDb3dPolylineVertex
 10
280.52427720717924
 20
-215.22727923529942
 30
1032.0
 70
32
  0
VERTEX
  5
2E9
330
17
100
AcDbEntity
  8
TOPO-CONTOUR-MINOR
100
AcDbVertex
100
AcDb3dPolylineVertex
 10
279.5166626807702
 20
-215.16813404624617
 30
1032.0
 70
32
  0
VERTEX
  5
2EA
330
17
100
AcDbEntity
  8
TOPO-CONTOUR-MINOR
100
AcDbVertex
100
AcDb3dPolylineVertex
 10
277.501433627952
 20
-213.86314902831043
 30
1032.0
 70
32
  0
VERTEX
  5
2EB
330
17
100
AcDbEntity
  8
TOPO-CONTOUR-MINOR
100
AcDbVertex
100
AcDb3dPolylineVertex
 10
276.49381910154295
 20
-213.75926022641767
 30
1032.0
 70
32
  0
VERTEX
  5
2EC
330
17
100
AcDbEntity
  8
TOPO-CONTOUR-MINOR
100
AcDbVertex
100
AcDb3dPolylineVertex
 10
274.47859004872487
 20
-214.7992208573334
 30
1032.0
 70
32
  0
VERTEX
  5
2ED
330
17
100
AcDbEntity
  8
TOPO-CONTOUR-MINOR
100
AcDbVertex
100
AcDb3dPolylineVertex
 10
270.4481319430887
 20
-215.93554814960112
 30
1032.0
 70
32
  0
VERTEX
  5
2EE
330
17
100
AcDbEntity
  8
TOPO-CONTOUR-MINOR
100
AcDbVertex
100
AcDb3dPolylineVertex
 10
266.4176738374525
 20
-216.51431411627905
 30
1032.0
 70
32
  0
VERTEX
  5
2EF
330
17
100
AcDbEntity
  8
TOPO-CONTOUR-MINOR
100
AcDbVertex
100
AcDb3dPolylineVertex
 10
264.7587206525436
 20
-217.60291951149702
 30
1032.0
 70
32
  0
VERTEX
  5
2F0
330
17
100
AcDbEntity
  8
TOPO-CONTOUR-MINOR
100
AcDbVertex
100
AcDb3dPolylineVertex
 10
263.8371742862296
 20
-218.6105340383947
 30
1032.0
 70
32
  0
VERTEX
  5
2F1
330
17
100
AcDbEntity
  8
TOPO-CONTOUR-MINOR
100
AcDbVertex
100
AcDb3dPolylineVertex
 10
263.47248316558705
 20
-219.61814856436104
 30
1032.0
 70
32
  0
VERTEX
  5
2F2
330
17
100
AcDbEntity
  8
TOPO-CONTOUR-MINOR
100
AcDbVertex
100
AcDb3dPolylineVertex
 10
264.2389561090746
 20
-222.64099214412272
 30
1032.0
 70
32
  0
VERTEX
  5
2F3
330
17
100
AcDbEntity
  8
TOPO-CONTOUR-MINOR
100
AcDbVertex
100
AcDb3dPolylineVertex
 10
263.88557428043157
 20
-223.64860667008907
 30
1032.0
 70
32
  0
VERTEX
  5
2F4
330
17
100
AcDbEntity
  8
TOPO-CONTOUR-MINOR
100
AcDbVertex
100
AcDb3dPolylineVertex
 10
261.3796012054073
 20
-226.71751438923945
 30
1032.0
 70
32
  0
VERTEX
  5
2F5
330
17
100
AcDbEntity
  8
TOPO-CONTOUR-MINOR
100
AcDbVertex
100
AcDb3dPolylineVertex
 10
258.6540930595831
 20
-228.68667930178344
 30
1032.0
 70
32
  0
VERTEX
  5
2F6
330
17
100
AcDbEntity
  8
TOPO-CONTOUR-MINOR
100
AcDbVertex
100
AcDb3dPolylineVertex
 10
258.38508335915253
 20
-229.6942938286811
 30
1032.0
 70
32
  0
VERTEX
  5
2F7
330
17
100
AcDbEntity
  8
TOPO-CONTOUR-MINOR
100
AcDbVertex
100
AcDb3dPolylineVertex
 10
258.5589871148607
 20
-231.70952288154513
 30
1032.0
 70
32
  0
VERTEX
  5
2F8
330
17
100
AcDbEntity
  8
TOPO-CONTOUR-MINOR
100
AcDbVertex
100
AcDb3dPolylineVertex
 10
258.13358712882825
 20
-232.71713740751147
 30
1032.0
 70
32
  0
VERTEX
  5
2F9
330
17
100
AcDbEntity
  8
TOPO-CONTOUR-MINOR
100
AcDbVertex
100
AcDb3dPolylineVertex
 10
257.02835921949276
 20
-233.72475193440914
 30
1032.0
 70
32
  0
VERTEX
  5
2FA
330
17
100
AcDbEntity
  8
TOPO-CONTOUR-MINOR
100
AcDbVertex
100
AcDb3dPolylineVertex
 10
255.333914046953
 20
-234.10251359793762
 30
1032.0
 70
32
  0
VERTEX
  5
2FB
330
17
100
AcDbEntity
  8
TOPO-CONTOUR-MINOR
100
AcDbVertex
100
AcDb3dPolylineVertex
 10
254.29625191607812
 20
-233.72475193440914
 30
1032.0
 70
32
  0
VERTEX
  5
2FC
330
17
100
AcDbEntity
  8
TOPO-CONTOUR-MINOR
100
AcDbVertex
100
AcDb3dPolylineVertex
 10
253.16640847814494
 20
-232.71713740751147
 30
1032.0
 70
32
  0
VERTEX
  5
2FD
330
17
100
AcDbEntity
  8
TOPO-CONTOUR-MINOR
100
AcDbVertex
100
AcDb3dPolylineVertex
 10
251.9777937426727
 20
-230.70190835464746
 30
1032.0
 70
32
  0
VERTEX
  5
2FE
330
17
100
AcDbEntity
  8
TOPO-CONTOUR-MINOR
100
AcDbVertex
100
AcDb3dPolylineVertex
 10
250.29584141490778
 20
-229.4729282537804
 30
1032.0
 70
32
  0
VERTEX
  5
2FF
330
17
100
AcDbEntity
  8
TOPO-CONTOUR-MINOR
100
AcDbVertex
100
AcDb3dPolylineVertex
 10
248.2806123620897
 20
-229.3205243563735
 30
1032.0
 70
32
  0
VERTEX
  5
300
330
17
100
AcDbEntity
  8
TOPO-CONTOUR-MINOR
100
AcDbVertex
100
AcDb3dPolylineVertex
 10
245.25776878286257
 20
-230.05036017421372
 30
1032.0
 70
32
  0
VERTEX
  5
301
330
17
100
AcDbEntity
  8
TOPO-CONTOUR-MINOR
100
AcDbVertex
100
AcDb3dPolylineVertex
 10
243.5898080424389
 20
-229.6942938286811
 30
1032.0
 70
32
  0
VERTEX
  5
302
330
17
100
AcDbEntity
  8
TOPO-CONTOUR-MINOR
100
AcDbVertex
100
AcDb3dPolylineVertex
 10
241.22731067722634
 20
-228.24283004878038
 30
1032.0
 70
32
  0
VERTEX
  5
303
330
17
100
AcDbEntity
  8
TOPO-CONTOUR-MINOR
100
AcDbVertex
100
AcDb3dPolylineVertex
 10
240.2196961508173
 20
-228.0550424740727
 30
1032.0
 70
32
  0
VERTEX
  5
304
330
17
100
AcDbEntity
  8
TOPO-CONTOUR-MINOR
100
AcDbVertex
100
AcDb3dPolylineVertex
 10
235.18162351877208
 20
-228.59483014700362
 30
1032.0
 70
32
  0
VERTEX
  5
305
330
17
100
AcDbEntity
  8
TOPO-CONTOUR-MINOR
100
AcDbVertex
100
AcDb3dPolylineVertex
 10
233.166394465954
 20
-228.25337900755187
 30
1032.0
 70
32
  0
VERTEX
  5
306
330
17
100
AcDbEntity
  8
TOPO-CONTOUR-MINOR
100
AcDbVertex
100
AcDb3dPolylineVertex
 10
232.15877993954496
 20
-227.35181824238094
 30
1032.0
 70
32
  0
VERTEX
  5
307
330
17
100
AcDbEntity
  8
TOPO-CONTOUR-MINOR
100
AcDbVertex
100
AcDb3dPolylineVertex
 10
230.26764916594007
 20
-224.65622119698673
 30
1032.0
 70
32
  0
VERTEX
  5
308
330
17
100
AcDbEntity
  8
TOPO-CONTOUR-MINOR
100
AcDbVertex
100
AcDb3dPolylineVertex
 10
229.13593636031783
 20
-223.6730366339537
 30
1032.0
 70
32
  0
VERTEX
  5
309
330
17
100
AcDbEntity
  8
TOPO-CONTOUR-MINOR
100
AcDbVertex
100
AcDb3dPolylineVertex
 10
226.1130927810907
 20
-221.88493026739812
 30
1032.0
 70
32
  0
VERTEX
  5
30A
330
17
100
AcDbEntity
  8
TOPO-CONTOUR-MINOR
100
AcDbVertex
100
AcDb3dPolylineVertex
 10
217.04456204340931
 20
-215.21899560014037
 30
1032.0
 70
32
  0
VERTEX
  5
30B
330
17
100
AcDbEntity
  8
TOPO-CONTOUR-MINOR
100
AcDbVertex
100
AcDb3dPolylineVertex
 10
214.0217184641822
 20
-213.6358485332895
 30
1032.0
 70
32
  0
VERTEX
  5
30C
330
17
100
AcDbEntity
  8
TOPO-CONTOUR-MINOR
100
AcDbVertex
100
AcDb3dPolylineVertex
 10
206.96841677931877
 20
-211.2363383162305
 30
1032.0
 70
32
  0
VERTEX
  5
30D
330
17
100
AcDbEntity
  8
TOPO-CONTOUR-MINOR
100
AcDbVertex
100
AcDb3dPolylineVertex
 10
203.94557320009164
 20
-210.7258654020095
 30
1032.0
 70
32
  0
VERTEX
  5
30E
330
17
100
AcDbEntity
  8
TOPO-CONTOUR-MINOR
100
AcDbVertex
100
AcDb3dPolylineVertex
 10
200.92272962086452
 20
-211.1574026773494
 30
1032.0
 70
32
  0
VERTEX
  5
30F
330
17
100
AcDbEntity
  8
TOPO-CONTOUR-MINOR
100
AcDbVertex
100
AcDb3dPolylineVertex
 10
198.4779132805113
 20
-212.56484687980264
 30
1032.0
 70
32
  0
VERTEX
  5
310
330
17
100
AcDbEntity
  8
TOPO-CONTOUR-MINOR
100
AcDbVertex
100
AcDb3dPolylineVertex
 10
197.55530755399647
 20
-214.58007593266666
 30
1032.0
 70
32
  0
VERTEX
  5
311
330
17
100
AcDbEntity
  8
TOPO-CONTOUR-MINOR
100
AcDbVertex
100
AcDb3dPolylineVertex
 10
196.3804195229923
 20
-220.6257630912587
 30
1032.0
 70
32
  0
VERTEX
  5
312
330
17
100
AcDbEntity
  8
TOPO-CONTOUR-MINOR
100
AcDbVertex
100
AcDb3dPolylineVertex
 10
193.8694279360011
 20
-229.76480678878457
 30
1032.0
 70
32
  0
VERTEX
  5
313
330
17
100
AcDbEntity
  8
TOPO-CONTOUR-MINOR
100
AcDbVertex
100
AcDb3dPolylineVertex
 10
192.86181340959206
 20
-232.32507428275227
 30
1032.0
 70
32
  0
VERTEX
  5
314
330
17
100
AcDbEntity
  8
TOPO-CONTOUR-MINOR
100
AcDbVertex
100
AcDb3dPolylineVertex
 10
190.84658435677397
 20
-236.05000392528802
 30
1032.0
 70
32
  0
VERTEX
  5
315
330
17
100
AcDbEntity
  8
TOPO-CONTOUR-MINOR
100
AcDbVertex
100
AcDb3dPolylineVertex
 10
189.83896983036493
 20
-238.81132452562986
 30
1032.0
 70
32
  0
VERTEX
  5
316
330
17
100
AcDbEntity
  8
TOPO-CONTOUR-MINOR
100
AcDbVertex
100
AcDb3dPolylineVertex
 10
189.33831837790646
 20
-243.80089719872922
 30
1032.0
 70
32
  0
VERTEX
  5
317
330
17
100
AcDbEntity
  8
TOPO-CONTOUR-MINOR
100
AcDbVertex
100
AcDb3dPolylineVertex
 10
190.01116268751923
 20
-249.84658435638994
 30
1032.0
 70
32
  0
VERTEX
  5
318
330
17
100
AcDbEntity
  8
TOPO-CONTOUR-MINOR
100
AcDbVertex
100
AcDb3dPolylineVertex
 10
189.5302123702583
 20
-251.86181340925393
 30
1032.0
 70
32
  0
VERTEX
  5
319
330
17
100
AcDbEntity
  8
TOPO-CONTOUR-MINOR
100
AcDbVertex
100
AcDb3dPolylineVertex
 10
189.46529007087628
 20
-253.87704246211797
 30
1032.0
 70
32
  0
VERTEX
  5
31A
330
17
100
AcDbEntity
  8
TOPO-CONTOUR-MINOR
100
AcDbVertex
100
AcDb3dPolylineVertex
 10
185.92929378411563
 20
-257.907500567846
 30
1032.0
 70
32
  0
VERTEX
  5
31B
330
17
100
AcDbEntity
  8
TOPO-CONTOUR-MINOR
100
AcDbVertex
100
AcDb3dPolylineVertex
 10
180.77043909268355
 20
-262.14588145672843
 30
1032.0
 70
32
  0
VERTEX
  5
31C
330
17
100
AcDbEntity
  8
TOPO-CONTOUR-MINOR
100
AcDbVertex
100
AcDb3dPolylineVertex
 10
178.16937169657837
 20
-264.9608022533357
 30
1032.0
 70
32
  0
VERTEX
  5
31D
330
17
100
AcDbEntity
  8
TOPO-CONTOUR-MINOR
100
AcDbVertex
100
AcDb3dPolylineVertex
 10
173.71413109719379
 20
-271.00648941099644
 30
1032.0
 70
32
  0
VERTEX
  5
31E
330
17
100
AcDbEntity
  8
TOPO-CONTOUR-MINOR
100
AcDbVertex
100
AcDb3dPolylineVertex
 10
171.4426722092446
 20
-277.0521765695885
 30
1032.0
 70
32
  0
VERTEX
  5
31F
330
17
100
AcDbEntity
  8
TOPO-CONTOUR-MINOR
100
AcDbVertex
100
AcDb3dPolylineVertex
 10
169.81118234620615
 20
-280.07502014935017
 30
1032.0
 70
32
  0
VERTEX
  5
320
330
17
100
AcDbEntity
  8
TOPO-CONTOUR-MINOR
100
AcDbVertex
100
AcDb3dPolylineVertex
 10
163.64099214372982
 20
-287.52456473026547
 30
1032.0
 70
32
  0
VERTEX
  5
321
330
17
100
AcDbEntity
  8
TOPO-CONTOUR-MINOR
100
AcDbVertex
100
AcDb3dPolylineVertex
 10
160.20048018165966
 20
-291.1587799396366
 30
1032.0
 70
32
  0
VERTEX
  5
322
330
17
100
AcDbEntity
  8
TOPO-CONTOUR-MINOR
100
AcDbVertex
100
AcDb3dPolylineVertex
 10
152.11028773006225
 20
-307.2806123625487
 30
1032.0
 70
32
  0
VERTEX
  5
323
330
17
100
AcDbEntity
  8
TOPO-CONTOUR-MINOR
100
AcDbVertex
100
AcDb3dPolylineVertex
 10
147.73123182761393
 20
-315.34152857307345
 30
1032.0
 70
32
  0
VERTEX
  5
324
330
17
100
AcDbEntity
  8
TOPO-CONTOUR-MINOR
100
AcDbVertex
100
AcDb3dPolylineVertex
 10
145.06429676352795
 20
-319.3719866788015
 30
1032.0
 70
32
  0
VERTEX
  5
325
330
17
100
AcDbEntity
  8
TOPO-CONTOUR-MINOR
100
AcDbVertex
100
AcDb3dPolylineVertex
 10
137.44301445709448
 20
-334.02404976074854
 30
1032.0
 70
32
  0
VERTEX
  5
326
330
17
100
AcDbEntity
  8
TOPO-CONTOUR-MINOR
100
AcDbVertex
100
AcDb3dPolylineVertex
 10
126.359254666595
 20
-356.4106714666214
 30
1032.0
 70
32
  0
VERTEX
  5
327
330
17
100
AcDbEntity
  8
TOPO-CONTOUR-MINOR
100
AcDbVertex
100
AcDb3dPolylineVertex
 10
120.13596294751241
 20
-370.7603275254369
 30
1032.0
 70
32
  0
VERTEX
  5
328
330
17
100
AcDbEntity
  8
TOPO-CONTOUR-MINOR
100
AcDbVertex
100
AcDb3dPolylineVertex
 10
115.27549487609554
 20
-383.5760415435383
 30
1032.0
 70
32
  0
VERTEX
  5
329
330
17
100
AcDbEntity
  8
TOPO-CONTOUR-MINOR
100
AcDbVertex
100
AcDb3dPolylineVertex
 10
112.25265129686841
 20
-392.7261464118535
 30
1032.0
 70
32
  0
VERTEX
  5
32A
330
17
100
AcDbEntity
  8
TOPO-CONTOUR-MINOR
100
AcDbVertex
100
AcDb3dPolylineVertex
 10
107.2056208870161
 20
-411.0649085817858
 30
1032.0
 70
32
  0
VERTEX
  5
32B
330
17
100
AcDbEntity
  8
TOPO-CONTOUR-MINOR
100
AcDbVertex
100
AcDb3dPolylineVertex
 10
106.34406135755867
 20
-417.0
 30
1032.0
 70
32
  0
SEQEND
  5
2BB
330
2BA
100
AcDbEntity
  8
TOPO-CONTOUR-MINOR
  0
POLYLINE
  5
32C
330
17
100
AcDbEntity
  8
TOPO-CONTOUR-MINOR
100
AcDb3dPolyline
 66
1
 10
0.0
 20
0.0
 30
0.0
 70
8
  0
VERTEX
  5
32E
330
17
100
AcDbEntity
  8
TOPO-CONTOUR-MINOR
100
AcDbVertex
100
AcDb3dPolylineVertex
 10
240.2196961508173
 20
-149.0000148643876
 30
1032.0
 70
32
  0
VERTEX
  5
32F
330
17
100
AcDbEntity
  8
TOPO-CONTOUR-MINOR
100
AcDbVertex
100
AcDb3dPolylineVertex
 10
238.2044670979992
 20
-149.44092378588957
 30
1032.0
 70
32
  0
VERTEX
  5
330
330
17
100
AcDbEntity
  8
TOPO-CONTOUR-MINOR
100
AcDbVertex
100
AcDb3dPolylineVertex
 10
235.67763353848346
 20
-151.10036076884717
 30
1032.0
 70
32
  0
VERTEX
  5
331
330
17
100
AcDbEntity
  8
TOPO-CONTOUR-MINOR
100
AcDbVertex
100
AcDb3dPolylineVertex
 10
234.01452057125653
 20
-153.11558982171118
 30
1032.0
 70
32
  0
VERTEX
  5
332
330
17
100
AcDbEntity
  8
TOPO-CONTOUR-MINOR
100
AcDbVertex
100
AcDb3dPolylineVertex
 10
232.15877993954496
 20
-156.4593583441372
 30
1032.0
 70
32
  0
VERTEX
  5
333
330
17
100
AcDbEntity
  8
TOPO-CONTOUR-MINOR
100
AcDbVertex
100
AcDb3dPolylineVertex
 10
231.11322951906445
 20
-159.16127698030323
 30
1032.0
 70
32
  0
VERTEX
  5
334
330
17
100
AcDbEntity
  8
TOPO-CONTOUR-MINOR
100
AcDbVertex
100
AcDb3dPolylineVertex
 10
230.82158073884932
 20
-161.17650603316724
 30
1032.0
 70
32
  0
VERTEX
  5
335
330
17
100
AcDbEntity
  8
TOPO-CONTOUR-MINOR
100
AcDbVertex
100
AcDb3dPolylineVertex
 10
231.03863790518324
 20
-163.19173508603126
 30
1032.0
 70
32
  0
VERTEX
  5
336
330
17
100
AcDbEntity
  8
TOPO-CONTOUR-MINOR
100
AcDbVertex
100
AcDb3dPolylineVertex
 10
232.14173863553475
 20
-165.20696413796392
 30
1032.0
 70
32
  0
VERTEX
  5
337
330
17
100
AcDbEntity
  8
TOPO-CONTOUR-MINOR
100
AcDbVertex
100
AcDb3dPolylineVertex
 10
235.18162351877208
 20
-168.25559777356898
 30
1032.0
 70
32
  0
VERTEX
  5
338
330
17
100
AcDbEntity
  8
TOPO-CONTOUR-MINOR
100
AcDbVertex
100
AcDb3dPolylineVertex
 10
238.98079750610498
 20
-171.252651296556
 30
1032.0
 70
32
  0
VERTEX
  5
339
330
17
100
AcDbEntity
  8
TOPO-CONTOUR-MINOR
100
AcDbVertex
100
AcDb3dPolylineVertex
 10
242.23492520363538
 20
-174.60595106069297
 30
1032.0
 70
32
  0
VERTEX
  5
33A
330
17
100
AcDbEntity
  8
TOPO-CONTOUR-MINOR
100
AcDbVertex
100
AcDb3dPolylineVertex
 10
246.99638677189185
 20
-177.29833845514804
 30
1032.0
 70
32
  0
VERTEX
  5
33B
330
17
100
AcDbEntity
  8
TOPO-CONTOUR-MINOR
100
AcDbVertex
100
AcDb3dPolylineVertex
 10
250.29584141490778
 20
-180.2131175646783
 30
1032.0
 70
32
  0
VERTEX
  5
33C
330
17
100
AcDbEntity
  8
TOPO-CONTOUR-MINOR
100
AcDbVertex
100
AcDb3dPolylineVertex
 10
254.32629952054396
 20
-181.8054931970368
 30
1032.0
 70
32
  0
VERTEX
  5
33D
330
17
100
AcDbEntity
  8
TOPO-CONTOUR-MINOR
100
AcDbVertex
100
AcDb3dPolylineVertex
 10
256.1420512711636
 20
-183.3440256137401
 30
1032.0
 70
32
  0
VERTEX
  5
33E
330
17
100
AcDbEntity
  8
TOPO-CONTOUR-MINOR
100
AcDbVertex
100
AcDb3dPolylineVertex
 10
261.05617638746327
 20
-193.42017087806016
 30
1032.0
 70
32
  0
VERTEX
  5
33F
330
17
100
AcDbEntity
  8
TOPO-CONTOUR-MINOR
100
AcDbVertex
100
AcDb3dPolylineVertex
 10
260.28248363036
 20
-196.44301445689052
 30
1032.0
 70
32
  0
VERTEX
  5
340
330
17
100
AcDbEntity
  8
TOPO-CONTOUR-MINOR
100
AcDbVertex
100
AcDb3dPolylineVertex
 10
260.1677011149813
 20
-198.45824350975454
 30
1032.0
 70
32
  0
VERTEX
  5
341
330
17
100
AcDbEntity
  8
TOPO-CONTOUR-MINOR
100
AcDbVertex
100
AcDb3dPolylineVertex
 10
260.37198667899827
 20
-199.62875066570248
 30
1032.0
 70
32
  0
VERTEX
  5
342
330
17
100
AcDbEntity
  8
TOPO-CONTOUR-MINOR
100
AcDbVertex
100
AcDb3dPolylineVertex
 10
261.3796012054073
 20
-201.3083614760046
 30
1032.0
 70
32
  0
VERTEX
  5
343
330
17
100
AcDbEntity
  8
TOPO-CONTOUR-MINOR
100
AcDbVertex
100
AcDb3dPolylineVertex
 10
262.38721573181635
 20
-201.83421867641556
 30
1032.0
 70
32
  0
VERTEX
  5
344
330
17
100
AcDbEntity
  8
TOPO-CONTOUR-MINOR
100
AcDbVertex
100
AcDb3dPolylineVertex
 10
263.13919789554444
 20
-201.48108708951622
 30
1032.0
 70
32
  0
VERTEX
  5
345
330
17
100
AcDbEntity
  8
TOPO-CONTOUR-MINOR
100
AcDbVertex
100
AcDb3dPolylineVertex
 10
264.40244478463444
 20
-198.69354754925232
 30
1032.0
 70
32
  0
VERTEX
  5
346
330
17
100
AcDbEntity
  8
TOPO-CONTOUR-MINOR
100
AcDbVertex
100
AcDb3dPolylineVertex
 10
265.4100593110435
 20
-198.04211839185774
 30
1032.0
 70
32
  0
VERTEX
  5
347
330
17
100
AcDbEntity
  8
TOPO-CONTOUR-MINOR
100
AcDbVertex
100
AcDb3dPolylineVertex
 10
266.4176738374525
 20
-198.08700286080665
 30
1032.0
 70
32
  0
VERTEX
  5
348
330
17
100
AcDbEntity
  8
TOPO-CONTOUR-MINOR
100
AcDbVertex
100
AcDb3dPolylineVertex
 10
269.44051741667965
 20
-199.29696042334598
 30
1032.0
 70
32
  0
VERTEX
  5
349
330
17
100
AcDbEntity
  8
TOPO-CONTOUR-MINOR
100
AcDbVertex
100
AcDb3dPolylineVertex
 10
273.4709755223158
 20
-200.1540509055211
 30
1032.0
 70
32
  0
VERTEX
  5
34A
330
17
100
AcDbEntity
  8
TOPO-CONTOUR-MINOR
100
AcDbVertex
100
AcDb3dPolylineVertex
 10
280.52427720717924
 20
-203.74717444661152
 30
1032.0
 70
32
  0
VERTEX
  5
34B
330
17
100
AcDbEntity
  8
TOPO-CONTOUR-MINOR
100
AcDbVertex
100
AcDb3dPolylineVertex
 10
281.5318917335883
 20
-203.6573327797288
 30
1032.0
 70
32
  0
VERTEX
  5
34C
330
17
100
AcDbEntity
  8
TOPO-CONTOUR-MINOR
100
AcDbVertex
100
AcDb3dPolylineVertex
 10
283.4289850042275
 20
-202.48870161548257
 30
1032.0
 70
32
  0
VERTEX
  5
34D
330
17
100
AcDbEntity
  8
TOPO-CONTOUR-MINOR
100
AcDbVertex
100
AcDb3dPolylineVertex
 10
285.1584940651952
 20
-200.47347256261855
 30
1032.0
 70
32
  0
VERTEX
  5
34E
330
17
100
AcDbEntity
  8
TOPO-CONTOUR-MINOR
100
AcDbVertex
100
AcDb3dPolylineVertex
 10
285.4285572315959
 20
-199.4658580366522
 30
1032.0
 70
32
  0
VERTEX
  5
34F
330
17
100
AcDbEntity
  8
TOPO-CONTOUR-MINOR
100
AcDbVertex
100
AcDb3dPolylineVertex
 10
285.04921748138133
 20
-197.4506289837882
 30
1032.0
 70
32
  0
VERTEX
  5
350
330
17
100
AcDbEntity
  8
TOPO-CONTOUR-MINOR
100
AcDbVertex
100
AcDb3dPolylineVertex
 10
285.3400334559932
 20
-196.44301445689052
 30
1032.0
 70
32
  0
VERTEX
  5
351
330
17
100
AcDbEntity
  8
TOPO-CONTOUR-MINOR
100
AcDbVertex
100
AcDb3dPolylineVertex
 10
291.04217537864383
 20
-187.37448371946812
 30
1032.0
 70
32
  0
VERTEX
  5
352
330
17
100
AcDbEntity
  8
TOPO-CONTOUR-MINOR
100
AcDbVertex
100
AcDb3dPolylineVertex
 10
292.666093863072
 20
-183.3440256137401
 30
1032.0
 70
32
  0
VERTEX
  5
353
330
17
100
AcDbEntity
  8
TOPO-CONTOUR-MINOR
100
AcDbVertex
100
AcDb3dPolylineVertex
 10
292.49318550260995
 20
-181.32879656087607
 30
1032.0
 70
32
  0
VERTEX
  5
354
330
17
100
AcDbEntity
  8
TOPO-CONTOUR-MINOR
100
AcDbVertex
100
AcDb3dPolylineVertex
 10
290.9611359597671
 20
-177.29833845514804
 30
1032.0
 70
32
  0
VERTEX
  5
355
330
17
100
AcDbEntity
  8
TOPO-CONTOUR-MINOR
100
AcDbVertex
100
AcDb3dPolylineVertex
 10
289.85825500524925
 20
-175.28310940228403
 30
1032.0
 70
32
  0
VERTEX
  5
356
330
17
100
AcDbEntity
  8
TOPO-CONTOUR-MINOR
100
AcDbVertex
100
AcDb3dPolylineVertex
 10
287.51359044961333
 20
-172.26026582345366
 30
1032.0
 70
32
  0
VERTEX
  5
357
330
17
100
AcDbEntity
  8
TOPO-CONTOUR-MINOR
100
AcDbVertex
100
AcDb3dPolylineVertex
 10
285.92283957806796
 20
-169.23742224369198
 30
1032.0
 70
32
  0
VERTEX
  5
358
330
17
100
AcDbEntity
  8
TOPO-CONTOUR-MINOR
100
AcDbVertex
100
AcDb3dPolylineVertex
 10
284.5547353128154
 20
-167.92811867059243
 30
1032.0
 70
32
  0
VERTEX
  5
359
330
17
100
AcDbEntity
  8
TOPO-CONTOUR-MINOR
100
AcDbVertex
100
AcDb3dPolylineVertex
 10
282.5395062599973
 20
-166.6540908420219
 30
1032.0
 70
32
  0
VERTEX
  5
35A
330
17
100
AcDbEntity
  8
TOPO-CONTOUR-MINOR
100
AcDbVertex
100
AcDb3dPolylineVertex
 10
276.6974124833435
 20
-164.1993496119976
 30
1032.0
 70
32
  0
VERTEX
  5
35B
330
17
100
AcDbEntity
  8
TOPO-CONTOUR-MINOR
100
AcDbVertex
100
AcDb3dPolylineVertex
 10
270.4481319430887
 20
-162.60773567258016
 30
1032.0
 70
32
  0
VERTEX
  5
35C
330
17
100
AcDbEntity
  8
TOPO-CONTOUR-MINOR
100
AcDbVertex
100
AcDb3dPolylineVertex
 10
264.40244478463444
 20
-160.77050584904657
 30
1032.0
 70
32
  0
VERTEX
  5
35D
330
17
100
AcDbEntity
  8
TOPO-CONTOUR-MINOR
100
AcDbVertex
100
AcDb3dPolylineVertex
 10
260.37198667899827
 20
-159.15171770009928
 30
1032.0
 70
32
  0
VERTEX
  5
35E
330
17
100
AcDbEntity
  8
TOPO-CONTOUR-MINOR
100
AcDbVertex
100
AcDb3dPolylineVertex
 10
256.34152857336204
 20
-158.1307818515115
 30
1032.0
 70
32
  0
VERTEX
  5
35F
330
17
100
AcDbEntity
  8
TOPO-CONTOUR-MINOR
100
AcDbVertex
100
AcDb3dPolylineVertex
 10
254.7282231559305
 20
-157.1460479274392
 30
1032.0
 70
32
  0
VERTEX
  5
360
330
17
100
AcDbEntity
  8
TOPO-CONTOUR-MINOR
100
AcDbVertex
100
AcDb3dPolylineVertex
 10
250.29584141490778
 20
-153.3670883536209
 30
1032.0
 70
32
  0
VERTEX
  5
361
330
17
100
AcDbEntity
  8
TOPO-CONTOUR-MINOR
100
AcDbVertex
100
AcDb3dPolylineVertex
 10
246.2653833092716
 20
-151.88359282060753
 30
1032.0
 70
32
  0
VERTEX
  5
362
330
17
100
AcDbEntity
  8
TOPO-CONTOUR-MINOR
100
AcDbVertex
100
AcDb3dPolylineVertex
 10
243.24253973004448
 20
-149.7670045478829
 30
1032.0
 70
32
  0
VERTEX
  5
363
330
17
100
AcDbEntity
  8
TOPO-CONTOUR-MINOR
100
AcDbVertex
100
AcDb3dPolylineVertex
 10
240.2196961508173
 20
-149.0000148643876
 30
1032.0
 70
32
  0
SEQEND
  5
32D
330
32C
100
AcDbEntity
  8
TOPO-CONTOUR-MINOR
  0
POLYLINE
  5
364
330
17
100
AcDbEntity
  8
TOPO-CONTOUR-MINOR
100
AcDb3dPolyline
 66
1
 10
0.0
 20
0.0
 30
0.0
 70
8
  0
VERTEX
  5
366
330
17
100
AcDbEntity
  8
TOPO-CONTOUR-MINOR
100
AcDbVertex
100
AcDb3dPolylineVertex
 10
353.48274255603974
 20
-222.6409921441227
 30
1032.0
 70
32
  0
VERTEX
  5
367
330
17
100
AcDbEntity
  8
TOPO-CONTOUR-MINOR
100
AcDbVertex
100
AcDb3dPolylineVertex
 10
354.0801376350396
 20
-221.6795214128318
 30
1032.0
 70
32
  0
VERTEX
  5
368
330
17
100
AcDbEntity
  8
TOPO-CONTOUR-MINOR
100
AcDbVertex
100
AcDb3dPolylineVertex
 10
356.0953666878577
 20
-222.19271540733018
 30
1032.0
 70
32
  0
VERTEX
  5
369
330
17
100
AcDbEntity
  8
TOPO-CONTOUR-MINOR
100
AcDbVertex
100
AcDb3dPolylineVertex
 10
358.0
 20
-224.4558778424568
 30
1032.0
 70
32
  0
SEQEND
  5
365
330
364
100
AcDbEntity
  8
TOPO-CONTOUR-MINOR
  0
POLYLINE
  5
36A
330
17
100
AcDbEntity
  8
TOPO-CONTOUR-MINOR
100
AcDb3dPolyline
 66
1
 10
0.0
 20
0.0
 30
0.0
 70
8
  0
VERTEX
  5
36C
330
17
100
AcDbEntity
  8
TOPO-CONTOUR-MINOR
100
AcDbVertex
100
AcDb3dPolylineVertex
 10
358.0
 20
-228.80046547759025
 30
1032.0
 70
32
  0
VERTEX
  5
36D
330
17
100
AcDbEntity
  8
TOPO-CONTOUR-MINOR
100
AcDbVertex
100
AcDb3dPolylineVertex
 10
357.1029812142667
 20
-228.86274046096733
 30
1032.0
 70
32
  0
VERTEX
  5
36E
330
17
100
AcDbEntity
  8
TOPO-CONTOUR-MINOR
100
AcDbVertex
100
AcDb3dPolylineVertex
 10
355.08775216144863
 20
-227.5976306373314
 30
1032.0
 70
32
  0
VERTEX
  5
36F
330
17
100
AcDbEntity
  8
TOPO-CONTOUR-MINOR
100
AcDbVertex
100
AcDb3dPolylineVertex
 10
353.6981050758633
 20
-225.66383572295308
 30
1032.0
 70
32
  0
VERTEX
  5
370
330
17
100
AcDbEntity
  8
TOPO-CONTOUR-MINOR
100
AcDbVertex
100
AcDb3dPolylineVertex
 10
353.48274255603974
 20
-222.6409921441227
 30
1032.0
 70
32
  0
SEQEND
  5
36B
330
36A
100
AcDbEntity
  8
TOPO-CONTOUR-MINOR
  0
POLYLINE
  5
371
330
17
100
AcDbEntity
  8
TOPO-CONTOUR-MINOR
100
AcDb3dPolyline
 66
1
 10
0.0
 20
0.0
 30
0.0
 70
8
  0
VERTEX
  5
373
330
17
100
AcDbEntity
  8
TOPO-CONTOUR-MINOR
100
AcDbVertex
100
AcDb3dPolylineVertex
 10
344.4263360298045
 20
-239.7704390930012
 30
1032.0
 70
32
  0
VERTEX
  5
374
330
17
100
AcDbEntity
  8
TOPO-CONTOUR-MINOR
100
AcDbVertex
100
AcDb3dPolylineVertex
 10
347.0268359501763
 20
-239.35605902240397
 30
1032.0
 70
32
  0
VERTEX
  5
375
330
17
100
AcDbEntity
  8
TOPO-CONTOUR-MINOR
100
AcDbVertex
100
AcDb3dPolylineVertex
 10
349.0420650029944
 20
-239.61983498265056
 30
1032.0
 70
32
  0
VERTEX
  5
376
330
17
100
AcDbEntity
  8
TOPO-CONTOUR-MINOR
100
AcDbVertex
100
AcDb3dPolylineVertex
 10
352.0649085822215
 20
-241.77945653406505
 30
1032.0
 70
32
  0
VERTEX
  5
377
330
17
100
AcDbEntity
  8
TOPO-CONTOUR-MINOR
100
AcDbVertex
100
AcDb3dPolylineVertex
 10
355.08775216144863
 20
-242.0689029959855
 30
1032.0
 70
32
  0
VERTEX
  5
378
330
17
100
AcDbEntity
  8
TOPO-CONTOUR-MINOR
100
AcDbVertex
100
AcDb3dPolylineVertex
 10
356.0953666878577
 20
-242.655042842998
 30
1032.0
 70
32
  0
VERTEX
  5
379
330
17
100
AcDbEntity
  8
TOPO-CONTOUR-MINOR
100
AcDbVertex
100
AcDb3dPolylineVertex
 10
357.17426623776254
 20
-243.80089719872922
 30
1032.0
 70
32
  0
VERTEX
  5
37A
330
17
100
AcDbEntity
  8
TOPO-CONTOUR-MINOR
100
AcDbVertex
100
AcDb3dPolylineVertex
 10
357.3343116437383
 20
-244.80851172469556
 30
1032.0
 70
32
  0
VERTEX
  5
37B
330
17
100
AcDbEntity
  8
TOPO-CONTOUR-MINOR
100
AcDbVertex
100
AcDb3dPolylineVertex
 10
356.0953666878577
 20
-245.1660331693177
 30
1032.0
 70
32
  0
VERTEX
  5
37C
330
17
100
AcDbEntity
  8
TOPO-CONTOUR-MINOR
100
AcDbVertex
100
AcDb3dPolylineVertex
 10
351.05729405581246
 20
-244.32965213952866
 30
1032.0
 70
32
  0
VERTEX
  5
37D
330
17
100
AcDbEntity
  8
TOPO-CONTOUR-MINOR
100
AcDbVertex
100
AcDb3dPolylineVertex
 10
348.03445047658533
 20
-244.71854364772292
 30
1032.0
 70
32
  0
VERTEX
  5
37E
330
17
100
AcDbEntity
  8
TOPO-CONTOUR-MINOR
100
AcDbVertex
100
AcDb3dPolylineVertex
 10
345.0116068973582
 20
-243.99012910216496
 30
1032.0
 70
32
  0
VERTEX
  5
37F
330
17
100
AcDbEntity
  8
TOPO-CONTOUR-MINOR
100
AcDbVertex
100
AcDb3dPolylineVertex
 10
344.00399237094916
 20
-243.1751604881512
 30
1032.0
 70
32
  0
VERTEX
  5
380
330
17
100
AcDbEntity
  8
TOPO-CONTOUR-MINOR
100
AcDbVertex
100
AcDb3dPolylineVertex
 10
343.3136672785824
 20
-241.7856681458652
 30
1032.0
 70
32
  0
VERTEX
  5
381
330
17
100
AcDbEntity
  8
TOPO-CONTOUR-MINOR
100
AcDbVertex
100
AcDb3dPolylineVertex
 10
343.3455826809948
 20
-240.77805361896753
 30
1032.0
 70
32
  0
VERTEX
  5
382
330
17
100
AcDbEntity
  8
TOPO-CONTOUR-MINOR
100
AcDbVertex
100
AcDb3dPolylineVertex
 10
344.4263360298045
 20
-239.7704390930012
 30
1032.0
 70
32
  0
SEQEND
  5
372
330
371
100
AcDbEntity
  8
TOPO-CONTOUR-MINOR
  0
POLYLINE
  5
383
330
17
100
AcDbEntity
  8
TOPO-CONTOUR-MINOR
100
AcDb3dPolyline
 66
1
 10
0.0
 20
0.0
 30
0.0
 70
8
  0
VERTEX
  5
385
330
17
100
AcDbEntity
  8
TOPO-CONTOUR-MINOR
100
AcDbVertex
100
AcDb3dPolylineVertex
 10
358.0
 20
-239.23501001360887
 30
1032.0
 70
32
  0
VERTEX
  5
386
330
17
100
AcDbEntity
  8
TOPO-CONTOUR-MINOR
100
AcDbVertex
100
AcDb3dPolylineVertex
 10
357.22359084598423
 20
-238.76282456610352
 30
1032.0
 70
32
  0
VERTEX
  5
387
330
17
100
AcDbEntity
  8
TOPO-CONTOUR-MINOR
100
AcDbVertex
100
AcDb3dPolylineVertex
 10
354.0801376350396
 20
-237.5425612251741
 30
1032.0
 70
32
  0
VERTEX
  5
388
330
17
100
AcDbEntity
  8
TOPO-CONTOUR-MINOR
100
AcDbVertex
100
AcDb3dPolylineVertex
 10
349.0420650029944
 20
-237.23981927961586
 30
1032.0
 70
32
  0
VERTEX
  5
389
330
17
100
AcDbEntity
  8
TOPO-CONTOUR-MINOR
100
AcDbVertex
100
AcDb3dPolylineVertex
 10
348.03445047658533
 20
-236.40160709382678
 30
1032.0
 70
32
  0
VERTEX
  5
38A
330
17
100
AcDbEntity
  8
TOPO-CONTOUR-MINOR
100
AcDbVertex
100
AcDb3dPolylineVertex
 10
347.0156762163888
 20
-234.7323664603755
 30
1032.0
 70
32
  0
VERTEX
  5
38B
330
17
100
AcDbEntity
  8
TOPO-CONTOUR-MINOR
100
AcDbVertex
100
AcDb3dPolylineVertex
 10
346.5578891732224
 20
-231.70952288154513
 30
1032.0
 70
32
  0
VERTEX
  5
38C
330
17
100
AcDbEntity
  8
TOPO-CONTOUR-MINOR
100
AcDbVertex
100
AcDb3dPolylineVertex
 10
347.4318114409409
 20
-227.6790647758171
 30
1032.0
 70
32
  0
VERTEX
  5
38D
330
17
100
AcDbEntity
  8
TOPO-CONTOUR-MINOR
100
AcDbVertex
100
AcDb3dPolylineVertex
 10
348.03445047658533
 20
-226.56460386610394
 30
1032.0
 70
32
  0
VERTEX
  5
38E
330
17
100
AcDbEntity
  8
TOPO-CONTOUR-MINOR
100
AcDbVertex
100
AcDb3dPolylineVertex
 10
349.0420650029944
 20
-226.38920723286043
 30
1032.0
 70
32
  0
VERTEX
  5
38F
330
17
100
AcDbEntity
  8
TOPO-CONTOUR-MINOR
100
AcDbVertex
100
AcDb3dPolylineVertex
 10
350.0496795294034
 20
-226.7341327174372
 30
1032.0
 70
32
  0
VERTEX
  5
390
330
17
100
AcDbEntity
  8
TOPO-CONTOUR-MINOR
100
AcDbVertex
100
AcDb3dPolylineVertex
 10
353.07252310863055
 20
-229.90520455564499
 30
1032.0
 70
32
  0
VERTEX
  5
391
330
17
100
AcDbEntity
  8
TOPO-CONTOUR-MINOR
100
AcDbVertex
100
AcDb3dPolylineVertex
 10
355.08775216144863
 20
-230.58610247859528
 30
1032.0
 70
32
  0
VERTEX
  5
392
330
17
100
AcDbEntity
  8
TOPO-CONTOUR-MINOR
100
AcDbVertex
100
AcDb3dPolylineVertex
 10
357.1029812142667
 20
-230.5107584807329
 30
1032.0
 70
32
  0
VERTEX
  5
393
330
17
100
AcDbEntity
  8
TOPO-CONTOUR-MINOR
100
AcDbVertex
100
AcDb3dPolylineVertex
 10
358.0
 20
-230.71980694148684
 30
1032.0
 70
32
  0
SEQEND
  5
384
330
383
100
AcDbEntity
  8
TOPO-CONTOUR-MINOR
  0
POLYLINE
  5
394
330
17
100
AcDbEntity
  8
TOPO-CONTOUR-MINOR
100
AcDb3dPolyline
 66
1
 10
0.0
 20
0.0
 30
0.0
 70
8
  0
VERTEX
  5
396
330
17
100
AcDbEntity
  8
TOPO-CONTOUR-MINOR
100
AcDbVertex
100
AcDb3dPolylineVertex
 10
191.26296955417484
 20
-251.86181340925395
 30
1032.0
 70
32
  0
VERTEX
  5
397
330
17
100
AcDbEntity
  8
TOPO-CONTOUR-MINOR
100
AcDbVertex
100
AcDb3dPolylineVertex
 10
192.86181340959206
 20
-251.32728276165085
 30
1032.0
 70
32
  0
VERTEX
  5
398
330
17
100
AcDbEntity
  8
TOPO-CONTOUR-MINOR
100
AcDbVertex
100
AcDb3dPolylineVertex
 10
193.8694279360011
 20
-251.35331358696058
 30
1032.0
 70
32
  0
VERTEX
  5
399
330
17
100
AcDbEntity
  8
TOPO-CONTOUR-MINOR
100
AcDbVertex
100
AcDb3dPolylineVertex
 10
194.3444298926778
 20
-251.86181340925395
 30
1032.0
 70
32
  0
VERTEX
  5
39A
330
17
100
AcDbEntity
  8
TOPO-CONTOUR-MINOR
100
AcDbVertex
100
AcDb3dPolylineVertex
 10
193.97160974994426
 20
-253.87704246211797
 30
1032.0
 70
32
  0
VERTEX
  5
39B
330
17
100
AcDbEntity
  8
TOPO-CONTOUR-MINOR
100
AcDbVertex
100
AcDb3dPolylineVertex
 10
192.86181340959206
 20
-255.16526426982594
 30
1032.0
 70
32
  0
VERTEX
  5
39C
330
17
100
AcDbEntity
  8
TOPO-CONTOUR-MINOR
100
AcDbVertex
100
AcDb3dPolylineVertex
 10
191.85419888318302
 20
-255.24651971959233
 30
1032.0
 70
32
  0
VERTEX
  5
39D
330
17
100
AcDbEntity
  8
TOPO-CONTOUR-MINOR
100
AcDbVertex
100
AcDb3dPolylineVertex
 10
190.9438099671244
 20
-254.8846569890156
 30
1032.0
 70
32
  0
VERTEX
  5
39E
330
17
100
AcDbEntity
  8
TOPO-CONTOUR-MINOR
100
AcDbVertex
100
AcDb3dPolylineVertex
 10
190.13548789540172
 20
-253.87704246211797
 30
1032.0
 70
32
  0
VERTEX
  5
39F
330
17
100
AcDbEntity
  8
TOPO-CONTOUR-MINOR
100
AcDbVertex
100
AcDb3dPolylineVertex
 10
190.34241686509858
 20
-252.86942793615162
 30
1032.0
 70
32
  0
VERTEX
  5
3A0
330
17
100
AcDbEntity
  8
TOPO-CONTOUR-MINOR
100
AcDbVertex
100
AcDb3dPolylineVertex
 10
191.26296955417484
 20
-251.86181340925395
 30
1032.0
 70
32
  0
SEQEND
  5
395
330
394
100
AcDbEntity
  8
TOPO-CONTOUR-MINOR
  0
POLYLINE
  5
3A1
330
17
100
AcDbEntity
  8
TOPO-CONTOUR-MINOR
100
AcDb3dPolyline
 66
1
 10
0.0
 20
0.0
 30
0.0
 70
8
  0
VERTEX
  5
3A3
330
17
100
AcDbEntity
  8
TOPO-CONTOUR-MINOR
100
AcDbVertex
100
AcDb3dPolylineVertex
 10
311.6479597873895
 20
-251.86181340925395
 30
1032.0
 70
32
  0
VERTEX
  5
3A4
330
17
100
AcDbEntity
  8
TOPO-CONTOUR-MINOR
100
AcDbVertex
100
AcDb3dPolylineVertex
 10
313.77555657867777
 20
-251.09380174626511
 30
1032.0
 70
32
  0
VERTEX
  5
3A5
330
17
100
AcDbEntity
  8
TOPO-CONTOUR-MINOR
100
AcDbVertex
100
AcDb3dPolylineVertex
 10
318.813629210723
 20
-251.26103517876626
 30
1032.0
 70
32
  0
VERTEX
  5
3A6
330
17
100
AcDbEntity
  8
TOPO-CONTOUR-MINOR
100
AcDbVertex
100
AcDb3dPolylineVertex
 10
319.821243737132
 20
-251.5762237012584
 30
1032.0
 70
32
  0
VERTEX
  5
3A7
330
17
100
AcDbEntity
  8
TOPO-CONTOUR-MINOR
100
AcDbVertex
100
AcDb3dPolylineVertex
 10
321.7300761641842
 20
-252.86942793615162
 30
1032.0
 70
32
  0
VERTEX
  5
3A8
330
17
100
AcDbEntity
  8
TOPO-CONTOUR-MINOR
100
AcDbVertex
100
AcDb3dPolylineVertex
 10
322.27968961140573
 20
-253.87704246211797
 30
1032.0
 70
32
  0
VERTEX
  5
3A9
330
17
100
AcDbEntity
  8
TOPO-CONTOUR-MINOR
100
AcDbVertex
100
AcDb3dPolylineVertex
 10
322.15139853152925
 20
-254.88465698901564
 30
1032.0
 70
32
  0
VERTEX
  5
3AA
330
17
100
AcDbEntity
  8
TOPO-CONTOUR-MINOR
100
AcDbVertex
100
AcDb3dPolylineVertex
 10
320.82885826354106
 20
-256.0707080108553
 30
1032.0
 70
32
  0
VERTEX
  5
3AB
330
17
100
AcDbEntity
  8
TOPO-CONTOUR-MINOR
100
AcDbVertex
100
AcDb3dPolylineVertex
 10
318.4004933384548
 20
-256.89988604187965
 30
1032.0
 70
32
  0
VERTEX
  5
3AC
330
17
100
AcDbEntity
  8
TOPO-CONTOUR-MINOR
100
AcDbVertex
100
AcDb3dPolylineVertex
 10
314.7831711050868
 20
-258.86544815729536
 30
1032.0
 70
32
  0
VERTEX
  5
3AD
330
17
100
AcDbEntity
  8
TOPO-CONTOUR-MINOR
100
AcDbVertex
100
AcDb3dPolylineVertex
 10
308.73748394663255
 20
-260.22527936689653
 30
1032.0
 70
32
  0
VERTEX
  5
3AE
330
17
100
AcDbEntity
  8
TOPO-CONTOUR-MINOR
100
AcDbVertex
100
AcDb3dPolylineVertex
 10
306.72225489381435
 20
-259.7707192435438
 30
1032.0
 70
32
  0
VERTEX
  5
3AF
330
17
100
AcDbEntity
  8
TOPO-CONTOUR-MINOR
100
AcDbVertex
100
AcDb3dPolylineVertex
 10
306.03276884579617
 20
-258.91511509474367
 30
1032.0
 70
32
  0
VERTEX
  5
3B0
330
17
100
AcDbEntity
  8
TOPO-CONTOUR-MINOR
100
AcDbVertex
100
AcDb3dPolylineVertex
 10
305.93697794289056
 20
-257.907500567846
 30
1032.0
 70
32
  0
VERTEX
  5
3B1
330
17
100
AcDbEntity
  8
TOPO-CONTOUR-MINOR
100
AcDbVertex
100
AcDb3dPolylineVertex
 10
306.77437015998345
 20
-255.89227151498199
 30
1032.0
 70
32
  0
VERTEX
  5
3B2
330
17
100
AcDbEntity
  8
TOPO-CONTOUR-MINOR
100
AcDbVertex
100
AcDb3dPolylineVertex
 10
308.81774496471576
 20
-253.87704246211797
 30
1032.0
 70
32
  0
VERTEX
  5
3B3
330
17
100
AcDbEntity
  8
TOPO-CONTOUR-MINOR
100
AcDbVertex
100
AcDb3dPolylineVertex
 10
311.6479597873895
 20
-251.86181340925395
 30
1032.0
 70
32
  0
SEQEND
  5
3A2
330
3A1
100
AcDbEntity
  8
TOPO-CONTOUR-MINOR
  0
POLYLINE
  5
3B4
330
17
100
AcDbEntity
  8
TOPO-CONTOUR-MINOR
100
AcDb3dPolyline
 66
1
 10
0.0
 20
0.0
 30
0.0
 70
8
  0
VERTEX
  5
3B6
330
17
100
AcDbEntity
  8
TOPO-CONTOUR-MINOR
100
AcDbVertex
100
AcDb3dPolylineVertex
 10
315.83960799310466
 20
-260.9303441476077
 30
1032.0
 70
32
  0
VERTEX
  5
3B7
330
17
100
AcDbEntity
  8
TOPO-CONTOUR-MINOR
100
AcDbVertex
100
AcDb3dPolylineVertex
 10
318.4740861457367
 20
-260.9303441476077
 30
1032.0
 70
32
  0
VERTEX
  5
3B8
330
17
100
AcDbEntity
  8
TOPO-CONTOUR-MINOR
100
AcDbVertex
100
AcDb3dPolylineVertex
 10
319.5100463179791
 20
-261.93795867357403
 30
1032.0
 70
32
  0
VERTEX
  5
3B9
330
17
100
AcDbEntity
  8
TOPO-CONTOUR-MINOR
100
AcDbVertex
100
AcDb3dPolylineVertex
 10
318.8422688832036
 20
-263.95318772643805
 30
1032.0
 70
32
  0
VERTEX
  5
3BA
330
17
100
AcDbEntity
  8
TOPO-CONTOUR-MINOR
100
AcDbVertex
100
AcDb3dPolylineVertex
 10
316.7984001579049
 20
-266.5113773835749
 30
1032.0
 70
32
  0
VERTEX
  5
3BB
330
17
100
AcDbEntity
  8
TOPO-CONTOUR-MINOR
100
AcDbVertex
100
AcDb3dPolylineVertex
 10
315.1373559136165
 20
-267.9836458321661
 30
1032.0
 70
32
  0
VERTEX
  5
3BC
330
17
100
AcDbEntity
  8
TOPO-CONTOUR-MINOR
100
AcDbVertex
100
AcDb3dPolylineVertex
 10
312.7679420522687
 20
-268.8818605422582
 30
1032.0
 70
32
  0
VERTEX
  5
3BD
330
17
100
AcDbEntity
  8
TOPO-CONTOUR-MINOR
100
AcDbVertex
100
AcDb3dPolylineVertex
 10
310.75271299945064
 20
-268.9056724224148
 30
1032.0
 70
32
  0
VERTEX
  5
3BE
330
17
100
AcDbEntity
  8
TOPO-CONTOUR-MINOR
100
AcDbVertex
100
AcDb3dPolylineVertex
 10
308.03150890500984
 20
-267.9836458321661
 30
1032.0
 70
32
  0
VERTEX
  5
3BF
330
17
100
AcDbEntity
  8
TOPO-CONTOUR-MINOR
100
AcDbVertex
100
AcDb3dPolylineVertex
 10
307.1217822088313
 20
-266.9760313052684
 30
1032.0
 70
32
  0
VERTEX
  5
3C0
330
17
100
AcDbEntity
  8
TOPO-CONTOUR-MINOR
100
AcDbVertex
100
AcDb3dPolylineVertex
 10
307.1766757460607
 20
-265.96841677930206
 30
1032.0
 70
32
  0
VERTEX
  5
3C1
330
17
100
AcDbEntity
  8
TOPO-CONTOUR-MINOR
100
AcDbVertex
100
AcDb3dPolylineVertex
 10
307.8020044714772
 20
-264.9608022533357
 30
1032.0
 70
32
  0
VERTEX
  5
3C2
330
17
100
AcDbEntity
  8
TOPO-CONTOUR-MINOR
100
AcDbVertex
100
AcDb3dPolylineVertex
 10
308.73748394663255
 20
-264.3446052171632
 30
1032.0
 70
32
  0
VERTEX
  5
3C3
330
17
100
AcDbEntity
  8
TOPO-CONTOUR-MINOR
100
AcDbVertex
100
AcDb3dPolylineVertex
 10
311.7603275258597
 20
-263.621565247868
 30
1032.0
 70
32
  0
VERTEX
  5
3C4
330
17
100
AcDbEntity
  8
TOPO-CONTOUR-MINOR
100
AcDbVertex
100
AcDb3dPolylineVertex
 10
314.7831711050868
 20
-261.3771898612134
 30
1032.0
 70
32
  0
VERTEX
  5
3C5
330
17
100
AcDbEntity
  8
TOPO-CONTOUR-MINOR
100
AcDbVertex
100
AcDb3dPolylineVertex
 10
315.83960799310466
 20
-260.9303441476077
 30
1032.0
 70
32
  0
SEQEND
  5
3B5
330
3B4
100
AcDbEntity
  8
TOPO-CONTOUR-MINOR
  0
POLYLINE
  5
3C6
330
17
100
AcDbEntity
  8
TOPO-CONTOUR-MINOR
100
AcDb3dPolyline
 66
1
 10
0.0
 20
0.0
 30
0.0
 70
8
  0
VERTEX
  5
3C8
330
17
100
AcDbEntity
  8
TOPO-CONTOUR-MINOR
100
AcDbVertex
100
AcDb3dPolylineVertex
 10
358.0
 20
-271.4903119056381
 30
1032.0
 70
32
  0
VERTEX
  5
3C9
330
17
100
AcDbEntity
  8
TOPO-CONTOUR-MINOR
100
AcDbVertex
100
AcDb3dPolylineVertex
 10
355.83773698858306
 20
-273.02171846386045
 30
1032.0
 70
32
  0
VERTEX
  5
3CA
330
17
100
AcDbEntity
  8
TOPO-CONTOUR-MINOR
100
AcDbVertex
100
AcDb3dPolylineVertex
 10
349.0420650029944
 20
-276.6533936760346
 30
1032.0
 70
32
  0
VERTEX
  5
3CB
330
17
100
AcDbEntity
  8
TOPO-CONTOUR-MINOR
100
AcDbVertex
100
AcDb3dPolylineVertex
 10
344.8398095159364
 20
-280.07502014935017
 30
1032.0
 70
32
  0
VERTEX
  5
3CC
330
17
100
AcDbEntity
  8
TOPO-CONTOUR-MINOR
100
AcDbVertex
100
AcDb3dPolylineVertex
 10
336.95069068608586
 20
-284.20545762648607
 30
1032.0
 70
32
  0
VERTEX
  5
3CD
330
17
100
AcDbEntity
  8
TOPO-CONTOUR-MINOR
100
AcDbVertex
100
AcDb3dPolylineVertex
 10
331.72152804847855
 20
-285.11309278104454
 30
1032.0
 70
32
  0
VERTEX
  5
3CE
330
17
100
AcDbEntity
  8
TOPO-CONTOUR-MINOR
100
AcDbVertex
100
AcDb3dPolylineVertex
 10
330.9050035276315
 20
-285.81118547675266
 30
1032.0
 70
32
  0
VERTEX
  5
3CF
330
17
100
AcDbEntity
  8
TOPO-CONTOUR-MINOR
100
AcDbVertex
100
AcDb3dPolylineVertex
 10
328.8897744748134
 20
-289.4025934329261
 30
1032.0
 70
32
  0
VERTEX
  5
3D0
330
17
100
AcDbEntity
  8
TOPO-CONTOUR-MINOR
100
AcDbVertex
100
AcDb3dPolylineVertex
 10
327.88215994840436
 20
-290.4398958843682
 30
1032.0
 70
32
  0
VERTEX
  5
3D1
330
17
100
AcDbEntity
  8
TOPO-CONTOUR-MINOR
100
AcDbVertex
100
AcDb3dPolylineVertex
 10
325.8669308955863
 20
-291.63193000760407
 30
1032.0
 70
32
  0
VERTEX
  5
3D2
330
17
100
AcDbEntity
  8
TOPO-CONTOUR-MINOR
100
AcDbVertex
100
AcDb3dPolylineVertex
 10
322.84408731635915
 20
-292.5332157281948
 30
1032.0
 70
32
  0
VERTEX
  5
3D3
330
17
100
AcDbEntity
  8
TOPO-CONTOUR-MINOR
100
AcDbVertex
100
AcDb3dPolylineVertex
 10
321.8364727899501
 20
-292.52327809791086
 30
1032.0
 70
32
  0
VERTEX
  5
3D4
330
17
100
AcDbEntity
  8
TOPO-CONTOUR-MINOR
100
AcDbVertex
100
AcDb3dPolylineVertex
 10
320.82885826354106
 20
-291.8696854685225
 30
1032.0
 70
32
  0
VERTEX
  5
3D5
330
17
100
AcDbEntity
  8
TOPO-CONTOUR-MINOR
100
AcDbVertex
100
AcDb3dPolylineVertex
 10
320.6152526523614
 20
-290.1511654127389
 30
1032.0
 70
32
  0
VERTEX
  5
3D6
330
17
100
AcDbEntity
  8
TOPO-CONTOUR-MINOR
100
AcDbVertex
100
AcDb3dPolylineVertex
 10
321.4908388512034
 20
-288.1359363598749
 30
1032.0
 70
32
  0
VERTEX
  5
3D7
330
17
100
AcDbEntity
  8
TOPO-CONTOUR-MINOR
100
AcDbVertex
100
AcDb3dPolylineVertex
 10
324.1843982263491
 20
-285.11309278104454
 30
1032.0
 70
32
  0
VERTEX
  5
3D8
330
17
100
AcDbEntity
  8
TOPO-CONTOUR-MINOR
100
AcDbVertex
100
AcDb3dPolylineVertex
 10
325.78115826768106
 20
-282.0902492022142
 30
1032.0
 70
32
  0
VERTEX
  5
3D9
330
17
100
AcDbEntity
  8
TOPO-CONTOUR-MINOR
100
AcDbVertex
100
AcDb3dPolylineVertex
 10
326.7185595184824
 20
-281.0826346753165
 30
1032.0
 70
32
  0
VERTEX
  5
3DA
330
17
100
AcDbEntity
  8
TOPO-CONTOUR-MINOR
100
AcDbVertex
100
AcDb3dPolylineVertex
 10
334.93546163326766
 20
-275.04753511084016
 30
1032.0
 70
32
  0
VERTEX
  5
3DB
330
17
100
AcDbEntity
  8
TOPO-CONTOUR-MINOR
100
AcDbVertex
100
AcDb3dPolylineVertex
 10
342.2238814476249
 20
-272.0141039378941
 30
1032.0
 70
32
  0
VERTEX
  5
3DC
330
17
100
AcDbEntity
  8
TOPO-CONTOUR-MINOR
100
AcDbVertex
100
AcDb3dPolylineVertex
 10
345.0116068973582
 20
-270.1651362036538
 30
1032.0
 70
32
  0
VERTEX
  5
3DD
330
17
100
AcDbEntity
  8
TOPO-CONTOUR-MINOR
100
AcDbVertex
100
AcDb3dPolylineVertex
 10
348.92070682068186
 20
-268.9912603581324
 30
1032.0
 70
32
  0
VERTEX
  5
3DE
330
17
100
AcDbEntity
  8
TOPO-CONTOUR-MINOR
100
AcDbVertex
100
AcDb3dPolylineVertex
 10
349.8732426922412
 20
-267.9836458321661
 30
1032.0
 70
32
  0
VERTEX
  5
3DF
330
17
100
AcDbEntity
  8
TOPO-CONTOUR-MINOR
100
AcDbVertex
100
AcDb3dPolylineVertex
 10
349.0420650029944
 20
-267.4916641966014
 30
1032.0
 70
32
  0
VERTEX
  5
3E0
330
17
100
AcDbEntity
  8
TOPO-CONTOUR-MINOR
100
AcDbVertex
100
AcDb3dPolylineVertex
 10
346.84350556108325
 20
-266.9760313052684
 30
1032.0
 70
32
  0
VERTEX
  5
3E1
330
17
100
AcDbEntity
  8
TOPO-CONTOUR-MINOR
100
AcDbVertex
100
AcDb3dPolylineVertex
 10
346.60631278472727
 20
-265.96841677930206
 30
1032.0
 70
32
  0
VERTEX
  5
3E2
330
17
100
AcDbEntity
  8
TOPO-CONTOUR-MINOR
100
AcDbVertex
100
AcDb3dPolylineVertex
 10
347.2352108794912
 20
-263.95318772643805
 30
1032.0
 70
32
  0
VERTEX
  5
3E3
330
17
100
AcDbEntity
  8
TOPO-CONTOUR-MINOR
100
AcDbVertex
100
AcDb3dPolylineVertex
 10
346.01922142376725
 20
-263.21501207514456
 30
1032.0
 70
32
  0
VERTEX
  5
3E4
330
17
100
AcDbEntity
  8
TOPO-CONTOUR-MINOR
100
AcDbVertex
100
AcDb3dPolylineVertex
 10
344.0039923709491
 20
-263.9354177082714
 30
1032.0
 70
32
  0
VERTEX
  5
3E5
330
17
100
AcDbEntity
  8
TOPO-CONTOUR-MINOR
100
AcDbVertex
100
AcDb3dPolylineVertex
 10
341.4187310611835
 20
-265.96841677930206
 30
1032.0
 70
32
  0
VERTEX
  5
3E6
330
17
100
AcDbEntity
  8
TOPO-CONTOUR-MINOR
100
AcDbVertex
100
AcDb3dPolylineVertex
 10
334.93546163326766
 20
-268.7106620338095
 30
1032.0
 70
32
  0
VERTEX
  5
3E7
330
17
100
AcDbEntity
  8
TOPO-CONTOUR-MINOR
100
AcDbVertex
100
AcDb3dPolylineVertex
 10
330.9050035276315
 20
-269.69241289538263
 30
1032.0
 70
32
  0
VERTEX
  5
3E8
330
17
100
AcDbEntity
  8
TOPO-CONTOUR-MINOR
100
AcDbVertex
100
AcDb3dPolylineVertex
 10
326.8745454219953
 20
-271.09394787301704
 30
1032.0
 70
32
  0
VERTEX
  5
3E9
330
17
100
AcDbEntity
  8
TOPO-CONTOUR-MINOR
100
AcDbVertex
100
AcDb3dPolylineVertex
 10
323.8517018427682
 20
-271.3845922182745
 30
1032.0
 70
32
  0
VERTEX
  5
3EA
330
17
100
AcDbEntity
  8
TOPO-CONTOUR-MINOR
100
AcDbVertex
100
AcDb3dPolylineVertex
 10
322.84408731635915
 20
-270.6735761309621
 30
1032.0
 70
32
  0
VERTEX
  5
3EB
330
17
100
AcDbEntity
  8
TOPO-CONTOUR-MINOR
100
AcDbVertex
100
AcDb3dPolylineVertex
 10
322.56535942566927
 20
-269.9988748850301
 30
1032.0
 70
32
  0
VERTEX
  5
3EC
330
17
100
AcDbEntity
  8
TOPO-CONTOUR-MINOR
100
AcDbVertex
100
AcDb3dPolylineVertex
 10
322.46245985164836
 20
-268.9912603581324
 30
1032.0
 70
32
  0
VERTEX
  5
3ED
330
17
100
AcDbEntity
  8
TOPO-CONTOUR-MINOR
100
AcDbVertex
100
AcDb3dPolylineVertex
 10
322.7962507093734
 20
-267.9836458321661
 30
1032.0
 70
32
  0
VERTEX
  5
3EE
330
17
100
AcDbEntity
  8
TOPO-CONTOUR-MINOR
100
AcDbVertex
100
AcDb3dPolylineVertex
 10
324.7162409792766
 20
-264.9608022533357
 30
1032.0
 70
32
  0
VERTEX
  5
3EF
330
17
100
AcDbEntity
  8
TOPO-CONTOUR-MINOR
100
AcDbVertex
100
AcDb3dPolylineVertex
 10
326.76183081364786
 20
-259.92272962071
 30
1032.0
 70
32
  0
VERTEX
  5
3F0
330
17
100
AcDbEntity
  8
TOPO-CONTOUR-MINOR
100
AcDbVertex
100
AcDb3dPolylineVertex
 10
328.8897744748134
 20
-257.7209649065193
 30
1032.0
 70
32
  0
VERTEX
  5
3F1
330
17
100
AcDbEntity
  8
TOPO-CONTOUR-MINOR
100
AcDbVertex
100
AcDb3dPolylineVertex
 10
332.9202325804496
 20
-255.66067996374798
 30
1032.0
 70
32
  0
VERTEX
  5
3F2
330
17
100
AcDbEntity
  8
TOPO-CONTOUR-MINOR
100
AcDbVertex
100
AcDb3dPolylineVertex
 10
338.96591973890395
 20
-254.62069039174014
 30
1032.0
 70
32
  0
VERTEX
  5
3F3
330
17
100
AcDbEntity
  8
TOPO-CONTOUR-MINOR
100
AcDbVertex
100
AcDb3dPolylineVertex
 10
342.9963778445401
 20
-253.21629220728272
 30
1032.0
 70
32
  0
VERTEX
  5
3F4
330
17
100
AcDbEntity
  8
TOPO-CONTOUR-MINOR
100
AcDbVertex
100
AcDb3dPolylineVertex
 10
348.03445047658533
 20
-253.215061273915
 30
1032.0
 70
32
  0
VERTEX
  5
3F5
330
17
100
AcDbEntity
  8
TOPO-CONTOUR-MINOR
100
AcDbVertex
100
AcDb3dPolylineVertex
 10
354.0801376350396
 20
-254.38145422852074
 30
1032.0
 70
32
  0
VERTEX
  5
3F6
330
17
100
AcDbEntity
  8
TOPO-CONTOUR-MINOR
100
AcDbVertex
100
AcDb3dPolylineVertex
 10
358.0
 20
-254.70384150255785
 30
1032.0
 70
32
  0
SEQEND
  5
3C7
330
3C6
100
AcDbEntity
  8
TOPO-CONTOUR-MINOR
  0
POLYLINE
  5
3F7
330
17
100
AcDbEntity
  8
TOPO-CONTOUR-MINOR
100
AcDb3dPolyline
 66
1
 10
0.0
 20
0.0
 30
0.0
 70
8
  0
VERTEX
  5
3F9
330
17
100
AcDbEntity
  8
TOPO-CONTOUR-MINOR
100
AcDbVertex
100
AcDb3dPolylineVertex
 10
358.0
 20
-260.5284173945999
 30
1032.0
 70
32
  0
VERTEX
  5
3FA
330
17
100
AcDbEntity
  8
TOPO-CONTOUR-MINOR
100
AcDbVertex
100
AcDb3dPolylineVertex
 10
353.07252310863055
 20
-261.0126013942412
 30
1032.0
 70
32
  0
VERTEX
  5
3FB
330
17
100
AcDbEntity
  8
TOPO-CONTOUR-MINOR
100
AcDbVertex
100
AcDb3dPolylineVertex
 10
352.8774554909402
 20
-261.93795867357403
 30
1032.0
 70
32
  0
VERTEX
  5
3FC
330
17
100
AcDbEntity
  8
TOPO-CONTOUR-MINOR
100
AcDbVertex
100
AcDb3dPolylineVertex
 10
354.08013763503965
 20
-265.0123916788826
 30
1032.0
 70
32
  0
VERTEX
  5
3FD
330
17
100
AcDbEntity
  8
TOPO-CONTOUR-MINOR
100
AcDbVertex
100
AcDb3dPolylineVertex
 10
355.08775216144863
 20
-264.3613726688622
 30
1032.0
 70
32
  0
VERTEX
  5
3FE
330
17
100
AcDbEntity
  8
TOPO-CONTOUR-MINOR
100
AcDbVertex
100
AcDb3dPolylineVertex
 10
358.0
 20
-261.2732245502788
 30
1032.0
 70
32
  0
SEQEND
  5
3F8
330
3F7
100
AcDbEntity
  8
TOPO-CONTOUR-MINOR
  0
POLYLINE
  5
3FF
330
17
100
AcDbEntity
  8
TOPO-CONTOUR-MINOR
100
AcDb3dPolyline
 66
1
 10
0.0
 20
0.0
 30
0.0
 70
8
  0
VERTEX
  5
401
330
17
100
AcDbEntity
  8
TOPO-CONTOUR-MINOR
100
AcDbVertex
100
AcDb3dPolylineVertex
 10
295.6312618357403
 20
-267.9836458321661
 30
1032.0
 70
32
  0
VERTEX
  5
402
330
17
100
AcDbEntity
  8
TOPO-CONTOUR-MINOR
100
AcDbVertex
100
AcDb3dPolylineVertex
 10
296.6461096297239
 20
-268.2875825076267
 30
1032.0
 70
32
  0
VERTEX
  5
403
330
17
100
AcDbEntity
  8
TOPO-CONTOUR-MINOR
100
AcDbVertex
100
AcDb3dPolylineVertex
 10
297.26331579097734
 20
-268.9912603581324
 30
1032.0
 70
32
  0
VERTEX
  5
404
330
17
100
AcDbEntity
  8
TOPO-CONTOUR-MINOR
100
AcDbVertex
100
AcDb3dPolylineVertex
 10
297.40449505201855
 20
-269.9988748850301
 30
1032.0
 70
32
  0
VERTEX
  5
405
330
17
100
AcDbEntity
  8
TOPO-CONTOUR-MINOR
100
AcDbVertex
100
AcDb3dPolylineVertex
 10
295.62560503192833
 20
-273.02171846386045
 30
1032.0
 70
32
  0
VERTEX
  5
406
330
17
100
AcDbEntity
  8
TOPO-CONTOUR-MINOR
100
AcDbVertex
100
AcDb3dPolylineVertex
 10
293.6232660504968
 20
-275.3251479056629
 30
1032.0
 70
32
  0
VERTEX
  5
407
330
17
100
AcDbEntity
  8
TOPO-CONTOUR-MINOR
100
AcDbVertex
100
AcDb3dPolylineVertex
 10
288.5851934184516
 20
-278.819958377959
 30
1032.0
 70
32
  0
VERTEX
  5
408
330
17
100
AcDbEntity
  8
TOPO-CONTOUR-MINOR
100
AcDbVertex
100
AcDb3dPolylineVertex
 10
286.5699643656335
 20
-282.0486490811229
 30
1032.0
 70
32
  0
VERTEX
  5
409
330
17
100
AcDbEntity
  8
TOPO-CONTOUR-MINOR
100
AcDbVertex
100
AcDb3dPolylineVertex
 10
285.56234983922445
 20
-283.06151290767576
 30
1032.0
 70
32
  0
VERTEX
  5
40A
330
17
100
AcDbEntity
  8
TOPO-CONTOUR-MINOR
100
AcDbVertex
100
AcDb3dPolylineVertex
 10
282.5395062599973
 20
-284.10264731292284
 30
1032.0
 70
32
  0
VERTEX
  5
40B
330
17
100
AcDbEntity
  8
TOPO-CONTOUR-MINOR
100
AcDbVertex
100
AcDb3dPolylineVertex
 10
277.93046765520927
 20
-288.1359363598749
 30
1032.0
 70
32
  0
VERTEX
  5
40C
330
17
100
AcDbEntity
  8
TOPO-CONTOUR-MINOR
100
AcDbVertex
100
AcDb3dPolylineVertex
 10
276.4751309517049
 20
-290.1511654127389
 30
1032.0
 70
32
  0
VERTEX
  5
40D
330
17
100
AcDbEntity
  8
TOPO-CONTOUR-MINOR
100
AcDbVertex
100
AcDb3dPolylineVertex
 10
274.72065104729137
 20
-295.1892380453646
 30
1032.0
 70
32
  0
VERTEX
  5
40E
330
17
100
AcDbEntity
  8
TOPO-CONTOUR-MINOR
100
AcDbVertex
100
AcDb3dPolylineVertex
 10
273.4709755223158
 20
-297.2993280080782
 30
1032.0
 70
32
  0
VERTEX
  5
40F
330
17
100
AcDbEntity
  8
TOPO-CONTOUR-MINOR
100
AcDbVertex
100
AcDb3dPolylineVertex
 10
271.45574646949774
 20
-298.77451920673434
 30
1032.0
 70
32
  0
VERTEX
  5
410
330
17
100
AcDbEntity
  8
TOPO-CONTOUR-MINOR
100
AcDbVertex
100
AcDb3dPolylineVertex
 10
269.44051741667965
 20
-299.1886495260661
 30
1032.0
 70
32
  0
VERTEX
  5
411
330
17
100
AcDbEntity
  8
TOPO-CONTOUR-MINOR
100
AcDbVertex
100
AcDb3dPolylineVertex
 10
267.42528836386157
 20
-298.7792299781571
 30
1032.0
 70
32
  0
VERTEX
  5
412
330
17
100
AcDbEntity
  8
TOPO-CONTOUR-MINOR
100
AcDbVertex
100
AcDb3dPolylineVertex
 10
265.218651900085
 20
-297.20446709822863
 30
1032.0
 70
32
  0
VERTEX
  5
413
330
17
100
AcDbEntity
  8
TOPO-CONTOUR-MINOR
100
AcDbVertex
100
AcDb3dPolylineVertex
 10
263.6170296578117
 20
-295.1892380453646
 30
1032.0
 70
32
  0
VERTEX
  5
414
330
17
100
AcDbEntity
  8
TOPO-CONTOUR-MINOR
100
AcDbVertex
100
AcDb3dPolylineVertex
 10
263.334490586004
 20
-294.18162351846695
 30
1032.0
 70
32
  0
VERTEX
  5
415
330
17
100
AcDbEntity
  8
TOPO-CONTOUR-MINOR
100
AcDbVertex
100
AcDb3dPolylineVertex
 10
263.5676133465775
 20
-293.1740089925006
 30
1032.0
 70
32
  0
VERTEX
  5
416
330
17
100
AcDbEntity
  8
TOPO-CONTOUR-MINOR
100
AcDbVertex
100
AcDb3dPolylineVertex
 10
266.19372347503196
 20
-290.1511654127389
 30
1032.0
 70
32
  0
VERTEX
  5
417
330
17
100
AcDbEntity
  8
TOPO-CONTOUR-MINOR
100
AcDbVertex
100
AcDb3dPolylineVertex
 10
267.86596209777963
 20
-287.12832183390856
 30
1032.0
 70
32
  0
VERTEX
  5
418
330
17
100
AcDbEntity
  8
TOPO-CONTOUR-MINOR
100
AcDbVertex
100
AcDb3dPolylineVertex
 10
268.7702454697819
 20
-286.1207073079422
 30
1032.0
 70
32
  0
VERTEX
  5
419
330
17
100
AcDbEntity
  8
TOPO-CONTOUR-MINOR
100
AcDbVertex
100
AcDb3dPolylineVertex
 10
280.52427720717924
 20
-277.6542564001364
 30
1032.0
 70
32
  0
VERTEX
  5
41A
330
17
100
AcDbEntity
  8
TOPO-CONTOUR-MINOR
100
AcDbVertex
100
AcDb3dPolylineVertex
 10
287.57757889204254
 20
-271.97461100429507
 30
1032.0
 70
32
  0
VERTEX
  5
41B
330
17
100
AcDbEntity
  8
TOPO-CONTOUR-MINOR
100
AcDbVertex
100
AcDb3dPolylineVertex
 10
292.61565152408775
 20
-268.97413840956887
 30
1032.0
 70
32
  0
VERTEX
  5
41C
330
17
100
AcDbEntity
  8
TOPO-CONTOUR-MINOR
100
AcDbVertex
100
AcDb3dPolylineVertex
 10
295.6312618357403
 20
-267.9836458321661
 30
1032.0
 70
32
  0
SEQEND
  5
400
330
3FF
100
AcDbEntity
  8
TOPO-CONTOUR-MINOR
  0
POLYLINE
  5
41D
330
17
100
AcDbEntity
  8
TOPO-CONTOUR-MINOR
100
AcDb3dPolyline
 66
1
 10
0.0
 20
0.0
 30
0.0
 70
8
  0
VERTEX
  5
41F
330
17
100
AcDbEntity
  8
TOPO-CONTOUR-MINOR
100
AcDbVertex
100
AcDb3dPolylineVertex
 10
354.0671668624474
 20
-298.212081624195
 30
1032.0
 70
32
  0
VERTEX
  5
420
330
17
100
AcDbEntity
  8
TOPO-CONTOUR-MINOR
100
AcDbVertex
100
AcDb3dPolylineVertex
 10
355.08775216144863
 20
-297.8969044354269
 30
1032.0
 70
32
  0
VERTEX
  5
421
330
17
100
AcDbEntity
  8
TOPO-CONTOUR-MINOR
100
AcDbVertex
100
AcDb3dPolylineVertex
 10
356.0953666878577
 20
-298.1151366267098
 30
1032.0
 70
32
  0
VERTEX
  5
422
330
17
100
AcDbEntity
  8
TOPO-CONTOUR-MINOR
100
AcDbVertex
100
AcDb3dPolylineVertex
 10
356.9465535500818
 20
-299.21969615109265
 30
1032.0
 70
32
  0
VERTEX
  5
423
330
17
100
AcDbEntity
  8
TOPO-CONTOUR-MINOR
100
AcDbVertex
100
AcDb3dPolylineVertex
 10
356.89129313171026
 20
-300.227310677059
 30
1032.0
 70
32
  0
VERTEX
  5
424
330
17
100
AcDbEntity
  8
TOPO-CONTOUR-MINOR
100
AcDbVertex
100
AcDb3dPolylineVertex
 10
356.0302505491302
 20
-301.23492520395666
 30
1032.0
 70
32
  0
VERTEX
  5
425
330
17
100
AcDbEntity
  8
TOPO-CONTOUR-MINOR
100
AcDbVertex
100
AcDb3dPolylineVertex
 10
354.0801376350396
 20
-302.16510665158603
 30
1032.0
 70
32
  0
VERTEX
  5
426
330
17
100
AcDbEntity
  8
TOPO-CONTOUR-MINOR
100
AcDbVertex
100
AcDb3dPolylineVertex
 10
350.7552129770648
 20
-302.242539729923
 30
1032.0
 70
32
  0
VERTEX
  5
427
330
17
100
AcDbEntity
  8
TOPO-CONTOUR-MINOR
100
AcDbVertex
100
AcDb3dPolylineVertex
 10
350.79690460378083
 20
-301.23492520395666
 30
1032.0
 70
32
  0
VERTEX
  5
428
330
17
100
AcDbEntity
  8
TOPO-CONTOUR-MINOR
100
AcDbVertex
100
AcDb3dPolylineVertex
 10
351.5486837519307
 20
-300.227310677059
 30
1032.0
 70
32
  0
VERTEX
  5
429
330
17
100
AcDbEntity
  8
TOPO-CONTOUR-MINOR
100
AcDbVertex
100
AcDb3dPolylineVertex
 10
354.0671668624474
 20
-298.212081624195
 30
1032.0
 70
32
  0
SEQEND
  5
41E
330
41D
100
AcDbEntity
  8
TOPO-CONTOUR-MINOR
  0
POLYLINE
  5
42A
330
17
100
AcDbEntity
  8
TOPO-CONTOUR-MINOR
100
AcDb3dPolyline
 66
1
 10
0.0
 20
0.0
 30
0.0
 70
8
  0
VERTEX
  5
42C
330
17
100
AcDbEntity
  8
TOPO-CONTOUR-MINOR
100
AcDbVertex
100
AcDb3dPolylineVertex
 10
260.15751756097666
 20
-299.21969615109265
 30
1032.0
 70
32
  0
VERTEX
  5
42D
330
17
100
AcDbEntity
  8
TOPO-CONTOUR-MINOR
100
AcDbVertex
100
AcDb3dPolylineVertex
 10
262.38721573181635
 20
-299.20309717219925
 30
1032.0
 70
32
  0
VERTEX
  5
42E
330
17
100
AcDbEntity
  8
TOPO-CONTOUR-MINOR
100
AcDbVertex
100
AcDb3dPolylineVertex
 10
264.005912059208
 20
-300.227310677059
 30
1032.0
 70
32
  0
VERTEX
  5
42F
330
17
100
AcDbEntity
  8
TOPO-CONTOUR-MINOR
100
AcDbVertex
100
AcDb3dPolylineVertex
 10
266.4176738374525
 20
-303.48321277799175
 30
1032.0
 70
32
  0
VERTEX
  5
430
330
17
100
AcDbEntity
  8
TOPO-CONTOUR-MINOR
100
AcDbVertex
100
AcDb3dPolylineVertex
 10
267.362671699587
 20
-306.27299783565104
 30
1032.0
 70
32
  0
VERTEX
  5
431
330
17
100
AcDbEntity
  8
TOPO-CONTOUR-MINOR
100
AcDbVertex
100
AcDb3dPolylineVertex
 10
264.40244478463444
 20
-313.41832492643994
 30
1032.0
 70
32
  0
VERTEX
  5
432
330
17
100
AcDbEntity
  8
TOPO-CONTOUR-MINOR
100
AcDbVertex
100
AcDb3dPolylineVertex
 10
261.36821671859167
 20
-317.35675762593746
 30
1032.0
 70
32
  0
VERTEX
  5
433
330
17
100
AcDbEntity
  8
TOPO-CONTOUR-MINOR
100
AcDbVertex
100
AcDb3dPolylineVertex
 10
260.09186293621406
 20
-318.36437215283513
 30
1032.0
 70
32
  0
VERTEX
  5
434
330
17
100
AcDbEntity
  8
TOPO-CONTOUR-MINOR
100
AcDbVertex
100
AcDb3dPolylineVertex
 10
258.3567576261802
 20
-319.0100719255771
 30
1032.0
 70
32
  0
VERTEX
  5
435
330
17
100
AcDbEntity
  8
TOPO-CONTOUR-MINOR
100
AcDbVertex
100
AcDb3dPolylineVertex
 10
257.34914309977114
 20
-318.8670570140474
 30
1032.0
 70
32
  0
VERTEX
  5
436
330
17
100
AcDbEntity
  8
TOPO-CONTOUR-MINOR
100
AcDbVertex
100
AcDb3dPolylineVertex
 10
256.34152857336204
 20
-317.74994858230525
 30
1032.0
 70
32
  0
VERTEX
  5
437
330
17
100
AcDbEntity
  8
TOPO-CONTOUR-MINOR
100
AcDbVertex
100
AcDb3dPolylineVertex
 10
255.85739309656054
 20
-316.3491430999711
 30
1032.0
 70
32
  0
VERTEX
  5
438
330
17
100
AcDbEntity
  8
TOPO-CONTOUR-MINOR
100
AcDbVertex
100
AcDb3dPolylineVertex
 10
255.71506097653082
 20
-314.3339140471071
 30
1032.0
 70
32
  0
VERTEX
  5
439
330
17
100
AcDbEntity
  8
TOPO-CONTOUR-MINOR
100
AcDbVertex
100
AcDb3dPolylineVertex
 10
255.89539728750324
 20
-313.32629952020943
 30
1032.0
 70
32
  0
VERTEX
  5
43A
330
17
100
AcDbEntity
  8
TOPO-CONTOUR-MINOR
100
AcDbVertex
100
AcDb3dPolylineVertex
 10
257.58576649733396
 20
-310.30345594137907
 30
1032.0
 70
32
  0
VERTEX
  5
43B
330
17
100
AcDbEntity
  8
TOPO-CONTOUR-MINOR
100
AcDbVertex
100
AcDb3dPolylineVertex
 10
259.419194953139
 20
-308.28822688851506
 30
1032.0
 70
32
  0
VERTEX
  5
43C
330
17
100
AcDbEntity
  8
TOPO-CONTOUR-MINOR
100
AcDbVertex
100
AcDb3dPolylineVertex
 10
262.04588552069214
 20
-306.27299783565104
 30
1032.0
 70
32
  0
VERTEX
  5
43D
330
17
100
AcDbEntity
  8
TOPO-CONTOUR-MINOR
100
AcDbVertex
100
AcDb3dPolylineVertex
 10
262.54655461271483
 20
-305.2653833096847
 30
1032.0
 70
32
  0
VERTEX
  5
43E
330
17
100
AcDbEntity
  8
TOPO-CONTOUR-MINOR
100
AcDbVertex
100
AcDb3dPolylineVertex
 10
259.3643721525892
 20
-303.2921243483844
 30
1032.0
 70
32
  0
VERTEX
  5
43F
330
17
100
AcDbEntity
  8
TOPO-CONTOUR-MINOR
100
AcDbVertex
100
AcDb3dPolylineVertex
 10
258.8647468395475
 20
-302.242539729923
 30
1032.0
 70
32
  0
VERTEX
  5
440
330
17
100
AcDbEntity
  8
TOPO-CONTOUR-MINOR
100
AcDbVertex
100
AcDb3dPolylineVertex
 10
258.9850765405363
 20
-300.227310677059
 30
1032.0
 70
32
  0
VERTEX
  5
441
330
17
100
AcDbEntity
  8
TOPO-CONTOUR-MINOR
100
AcDbVertex
100
AcDb3dPolylineVertex
 10
260.15751756097666
 20
-299.21969615109265
 30
1032.0
 70
32
  0
SEQEND
  5
42B
330
42A
100
AcDbEntity
  8
TOPO-CONTOUR-MINOR
  0
POLYLINE
  5
442
330
17
100
AcDbEntity
  8
TOPO-CONTOUR-MINOR
100
AcDb3dPolyline
 66
1
 10
0.0
 20
0.0
 30
0.0
 70
8
  0
VERTEX
  5
444
330
17
100
AcDbEntity
  8
TOPO-CONTOUR-MINOR
100
AcDbVertex
100
AcDb3dPolylineVertex
 10
247.18537764992604
 20
-307.2806123625487
 30
1032.0
 70
32
  0
VERTEX
  5
445
330
17
100
AcDbEntity
  8
TOPO-CONTOUR-MINOR
100
AcDbVertex
100
AcDb3dPolylineVertex
 10
250.29584141490778
 20
-307.3491042901907
 30
1032.0
 70
32
  0
VERTEX
  5
446
330
17
100
AcDbEntity
  8
TOPO-CONTOUR-MINOR
100
AcDbVertex
100
AcDb3dPolylineVertex
 10
252.31107046772587
 20
-306.97488954288474
 30
1032.0
 70
32
  0
VERTEX
  5
447
330
17
100
AcDbEntity
  8
TOPO-CONTOUR-MINOR
100
AcDbVertex
100
AcDb3dPolylineVertex
 10
253.3186849941349
 20
-307.1601540016062
 30
1032.0
 70
32
  0
VERTEX
  5
448
330
17
100
AcDbEntity
  8
TOPO-CONTOUR-MINOR
100
AcDbVertex
100
AcDb3dPolylineVertex
 10
254.7372546958898
 20
-308.28822688851506
 30
1032.0
 70
32
  0
VERTEX
  5
449
330
17
100
AcDbEntity
  8
TOPO-CONTOUR-MINOR
100
AcDbVertex
100
AcDb3dPolylineVertex
 10
255.07897047512722
 20
-309.2958414144814
 30
1032.0
 70
32
  0
VERTEX
  5
44A
330
17
100
AcDbEntity
  8
TOPO-CONTOUR-MINOR
100
AcDbVertex
100
AcDb3dPolylineVertex
 10
254.95923679492654
 20
-310.30345594137907
 30
1032.0
 70
32
  0
VERTEX
  5
44B
330
17
100
AcDbEntity
  8
TOPO-CONTOUR-MINOR
100
AcDbVertex
100
AcDb3dPolylineVertex
 10
253.0588753427587
 20
-314.3339140471071
 30
1032.0
 70
32
  0
VERTEX
  5
44C
330
17
100
AcDbEntity
  8
TOPO-CONTOUR-MINOR
100
AcDbVertex
100
AcDb3dPolylineVertex
 10
250.29584141490778
 20
-317.74455847358144
 30
1032.0
 70
32
  0
VERTEX
  5
44D
330
17
100
AcDbEntity
  8
TOPO-CONTOUR-MINOR
100
AcDbVertex
100
AcDb3dPolylineVertex
 10
249.05521166300917
 20
-323.4024447845295
 30
1032.0
 70
32
  0
VERTEX
  5
44E
330
17
100
AcDbEntity
  8
TOPO-CONTOUR-MINOR
100
AcDbVertex
100
AcDb3dPolylineVertex
 10
246.2653833092716
 20
-328.7633258340352
 30
1032.0
 70
32
  0
VERTEX
  5
44F
330
17
100
AcDbEntity
  8
TOPO-CONTOUR-MINOR
100
AcDbVertex
100
AcDb3dPolylineVertex
 10
245.25776878286257
 20
-329.8059203701728
 30
1032.0
 70
32
  0
VERTEX
  5
450
330
17
100
AcDbEntity
  8
TOPO-CONTOUR-MINOR
100
AcDbVertex
100
AcDb3dPolylineVertex
 10
242.01812610838033
 20
-330.4557464690879
 30
1032.0
 70
32
  0
VERTEX
  5
451
330
17
100
AcDbEntity
  8
TOPO-CONTOUR-MINOR
100
AcDbVertex
100
AcDb3dPolylineVertex
 10
240.83115803232022
 20
-331.46336099598557
 30
1032.0
 70
32
  0
VERTEX
  5
452
330
17
100
AcDbEntity
  8
TOPO-CONTOUR-MINOR
100
AcDbVertex
100
AcDb3dPolylineVertex
 10
239.21208162440826
 20
-333.68535254577745
 30
1032.0
 70
32
  0
VERTEX
  5
453
330
17
100
AcDbEntity
  8
TOPO-CONTOUR-MINOR
100
AcDbVertex
100
AcDb3dPolylineVertex
 10
238.2044670979992
 20
-334.11580642346405
 30
1032.0
 70
32
  0
VERTEX
  5
454
330
17
100
AcDbEntity
  8
TOPO-CONTOUR-MINOR
100
AcDbVertex
100
AcDb3dPolylineVertex
 10
237.19685257159017
 20
-333.86269207823955
 30
1032.0
 70
32
  0
VERTEX
  5
455
330
17
100
AcDbEntity
  8
TOPO-CONTOUR-MINOR
100
AcDbVertex
100
AcDb3dPolylineVertex
 10
235.94637052438597
 20
-332.4709755219519
 30
1032.0
 70
32
  0
VERTEX
  5
456
330
17
100
AcDbEntity
  8
TOPO-CONTOUR-MINOR
100
AcDbVertex
100
AcDb3dPolylineVertex
 10
235.5344104182025
 20
-331.46336099598557
 30
1032.0
 70
32
  0
VERTEX
  5
457
330
17
100
AcDbEntity
  8
TOPO-CONTOUR-MINOR
100
AcDbVertex
100
AcDb3dPolylineVertex
 10
235.47731771855024
 20
-330.4557464690879
 30
1032.0
 70
32
  0
VERTEX
  5
458
330
17
100
AcDbEntity
  8
TOPO-CONTOUR-MINOR
100
AcDbVertex
100
AcDb3dPolylineVertex
 10
236.20647619904878
 20
-328.4405174162239
 30
1032.0
 70
32
  0
VERTEX
  5
459
330
17
100
AcDbEntity
  8
TOPO-CONTOUR-MINOR
100
AcDbVertex
100
AcDb3dPolylineVertex
 10
237.15574982812277
 20
-323.4024447845295
 30
1032.0
 70
32
  0
VERTEX
  5
45A
330
17
100
AcDbEntity
  8
TOPO-CONTOUR-MINOR
100
AcDbVertex
100
AcDb3dPolylineVertex
 10
236.78895397192807
 20
-322.39483025856316
 30
1032.0
 70
32
  0
VERTEX
  5
45B
330
17
100
AcDbEntity
  8
TOPO-CONTOUR-MINOR
100
AcDbVertex
100
AcDb3dPolylineVertex
 10
234.75740474131214
 20
-319.3719866788015
 30
1032.0
 70
32
  0
VERTEX
  5
45C
330
17
100
AcDbEntity
  8
TOPO-CONTOUR-MINOR
100
AcDbVertex
100
AcDb3dPolylineVertex
 10
234.5670083887651
 20
-318.36437215283513
 30
1032.0
 70
32
  0
VERTEX
  5
45D
330
17
100
AcDbEntity
  8
TOPO-CONTOUR-MINOR
100
AcDbVertex
100
AcDb3dPolylineVertex
 10
235.01953500573273
 20
-316.3491430999711
 30
1032.0
 70
32
  0
VERTEX
  5
45E
330
17
100
AcDbEntity
  8
TOPO-CONTOUR-MINOR
100
AcDbVertex
100
AcDb3dPolylineVertex
 10
237.10846416761947
 20
-312.3186849942431
 30
1032.0
 70
32
  0
VERTEX
  5
45F
330
17
100
AcDbEntity
  8
TOPO-CONTOUR-MINOR
100
AcDbVertex
100
AcDb3dPolylineVertex
 10
239.8887621098188
 20
-309.2958414144814
 30
1032.0
 70
32
  0
VERTEX
  5
460
330
17
100
AcDbEntity
  8
TOPO-CONTOUR-MINOR
100
AcDbVertex
100
AcDb3dPolylineVertex
 10
241.22731067722634
 20
-308.71205018026524
 30
1032.0
 70
32
  0
VERTEX
  5
461
330
17
100
AcDbEntity
  8
TOPO-CONTOUR-MINOR
100
AcDbVertex
100
AcDb3dPolylineVertex
 10
247.18537764992604
 20
-307.2806123625487
 30
1032.0
 70
32
  0
SEQEND
  5
443
330
442
100
AcDbEntity
  8
TOPO-CONTOUR-MINOR
  0
POLYLINE
  5
462
330
17
100
AcDbEntity
  8
TOPO-CONTOUR-MINOR
100
AcDb3dPolyline
 66
1
 10
0.0
 20
0.0
 30
0.0
 70
8
  0
VERTEX
  5
464
330
17
100
AcDbEntity
  8
TOPO-CONTOUR-MINOR
100
AcDbVertex
100
AcDb3dPolylineVertex
 10
228.49590832927626
 20
-342.547120786272
 30
1032.0
 70
32
  0
VERTEX
  5
465
330
17
100
AcDbEntity
  8
TOPO-CONTOUR-MINOR
100
AcDbVertex
100
AcDb3dPolylineVertex
 10
229.13593636031783
 20
-342.0889496063419
 30
1032.0
 70
32
  0
VERTEX
  5
466
330
17
100
AcDbEntity
  8
TOPO-CONTOUR-MINOR
100
AcDbVertex
100
AcDb3dPolylineVertex
 10
230.14355088672684
 20
-342.55880620691664
 30
1032.0
 70
32
  0
VERTEX
  5
467
330
17
100
AcDbEntity
  8
TOPO-CONTOUR-MINOR
100
AcDbVertex
100
AcDb3dPolylineVertex
 10
230.61828128694785
 20
-344.562349839136
 30
1032.0
 70
32
  0
VERTEX
  5
468
330
17
100
AcDbEntity
  8
TOPO-CONTOUR-MINOR
100
AcDbVertex
100
AcDb3dPolylineVertex
 10
230.14355088672687
 20
-346.02790623930656
 30
1032.0
 70
32
  0
VERTEX
  5
469
330
17
100
AcDbEntity
  8
TOPO-CONTOUR-MINOR
100
AcDbVertex
100
AcDb3dPolylineVertex
 10
229.13593636031783
 20
-345.9660631641852
 30
1032.0
 70
32
  0
VERTEX
  5
46A
330
17
100
AcDbEntity
  8
TOPO-CONTOUR-MINOR
100
AcDbVertex
100
AcDb3dPolylineVertex
 10
228.12832183390879
 20
-344.5730935200064
 30
1032.0
 70
32
  0
VERTEX
  5
46B
330
17
100
AcDbEntity
  8
TOPO-CONTOUR-MINOR
100
AcDbVertex
100
AcDb3dPolylineVertex
 10
228.03233256000178
 20
-343.55473531316966
 30
1032.0
 70
32
  0
VERTEX
  5
46C
330
17
100
AcDbEntity
  8
TOPO-CONTOUR-MINOR
100
AcDbVertex
100
AcDb3dPolylineVertex
 10
228.49590832927626
 20
-342.547120786272
 30
1032.0
 70
32
  0
SEQEND
  5
463
330
462
100
AcDbEntity
  8
TOPO-CONTOUR-MINOR
  0
POLYLINE
  5
46D
330
17
100
AcDbEntity
  8
TOPO-CONTOUR-MINOR
100
AcDb3dPolyline
 66
1
 10
0.0
 20
0.0
 30
0.0
 70
8
  0
VERTEX
  5
46F
330
17
100
AcDbEntity
  8
TOPO-CONTOUR-MINOR
100
AcDbVertex
100
AcDb3dPolylineVertex
 10
234.1145830729546
 20
-347.5851934188977
 30
1032.0
 70
32
  0
VERTEX
  5
470
330
17
100
AcDbEntity
  8
TOPO-CONTOUR-MINOR
100
AcDbVertex
100
AcDb3dPolylineVertex
 10
235.18162351877206
 20
-346.9498032598242
 30
1032.0
 70
32
  0
VERTEX
  5
471
330
17
100
AcDbEntity
  8
TOPO-CONTOUR-MINOR
100
AcDbVertex
100
AcDb3dPolylineVertex
 10
235.73717363509417
 20
-347.5851934188977
 30
1032.0
 70
32
  0
VERTEX
  5
472
330
17
100
AcDbEntity
  8
TOPO-CONTOUR-MINOR
100
AcDbVertex
100
AcDb3dPolylineVertex
 10
235.89606277833934
 20
-348.59280794486403
 30
1032.0
 70
32
  0
VERTEX
  5
473
330
17
100
AcDbEntity
  8
TOPO-CONTOUR-MINOR
100
AcDbVertex
100
AcDb3dPolylineVertex
 10
235.18162351877208
 20
-349.68590146769
 30
1032.0
 70
32
  0
VERTEX
  5
474
330
17
100
AcDbEntity
  8
TOPO-CONTOUR-MINOR
100
AcDbVertex
100
AcDb3dPolylineVertex
 10
234.17400899236304
 20
-348.9457637336721
 30
1032.0
 70
32
  0
VERTEX
  5
475
330
17
100
AcDbEntity
  8
TOPO-CONTOUR-MINOR
100
AcDbVertex
100
AcDb3dPolylineVertex
 10
234.1145830729546
 20
-347.5851934188977
 30
1032.0
 70
32
  0
SEQEND
  5
46E
330
46D
100
AcDbEntity
  8
TOPO-CONTOUR-MINOR
  0
POLYLINE
  5
476
330
17
100
AcDbEntity
  8
TOPO-CONTOUR-MINOR
100
AcDb3dPolyline
 66
1
 10
0.0
 20
0.0
 30
0.0
 70
8
  0
VERTEX
  5
478
330
17
100
AcDbEntity
  8
TOPO-CONTOUR-MINOR
100
AcDbVertex
100
AcDb3dPolylineVertex
 10
358.0
 20
-344.32819046599417
 30
1032.0
 70
32
  0
VERTEX
  5
479
330
17
100
AcDbEntity
  8
TOPO-CONTOUR-MINOR
100
AcDbVertex
100
AcDb3dPolylineVertex
 10
353.86221494837565
 20
-348.59280794486403
 30
1032.0
 70
32
  0
VERTEX
  5
47A
330
17
100
AcDbEntity
  8
TOPO-CONTOUR-MINOR
100
AcDbVertex
100
AcDb3dPolylineVertex
 10
346.01922142376725
 20
-352.83692372280524
 30
1032.0
 70
32
  0
VERTEX
  5
47B
330
17
100
AcDbEntity
  8
TOPO-CONTOUR-MINOR
100
AcDbVertex
100
AcDb3dPolylineVertex
 10
344.00399237094916
 20
-353.47081404845204
 30
1032.0
 70
32
  0
VERTEX
  5
47C
330
17
100
AcDbEntity
  8
TOPO-CONTOUR-MINOR
100
AcDbVertex
100
AcDb3dPolylineVertex
 10
342.9963778445401
 20
-353.3352565470435
 30
1032.0
 70
32
  0
VERTEX
  5
47D
330
17
100
AcDbEntity
  8
TOPO-CONTOUR-MINOR
100
AcDbVertex
100
AcDb3dPolylineVertex
 10
342.2214096584083
 20
-352.62326605059206
 30
1032.0
 70
32
  0
VERTEX
  5
47E
330
17
100
AcDbEntity
  8
TOPO-CONTOUR-MINOR
100
AcDbVertex
100
AcDb3dPolylineVertex
 10
341.9135760405446
 20
-350.60803699772805
 30
1032.0
 70
32
  0
VERTEX
  5
47F
330
17
100
AcDbEntity
  8
TOPO-CONTOUR-MINOR
100
AcDbVertex
100
AcDb3dPolylineVertex
 10
338.00708815030686
 20
-346.577578892
 30
1032.0
 70
32
  0
VERTEX
  5
480
330
17
100
AcDbEntity
  8
TOPO-CONTOUR-MINOR
100
AcDbVertex
100
AcDb3dPolylineVertex
 10
337.88031774559994
 20
-345.5699643660337
 30
1032.0
 70
32
  0
VERTEX
  5
481
330
17
100
AcDbEntity
  8
TOPO-CONTOUR-MINOR
100
AcDbVertex
100
AcDb3dPolylineVertex
 10
339.973534265313
 20
-344.45728573991204
 30
1032.0
 70
32
  0
VERTEX
  5
482
330
17
100
AcDbEntity
  8
TOPO-CONTOUR-MINOR
100
AcDbVertex
100
AcDb3dPolylineVertex
 10
340.98114879172203
 20
-343.1228059928492
 30
1032.0
 70
32
  0
VERTEX
  5
483
330
17
100
AcDbEntity
  8
TOPO-CONTOUR-MINOR
100
AcDbVertex
100
AcDb3dPolylineVertex
 10
342.9038116225973
 20
-337.5090481545776
 30
1032.0
 70
32
  0
VERTEX
  5
484
330
17
100
AcDbEntity
  8
TOPO-CONTOUR-MINOR
100
AcDbVertex
100
AcDb3dPolylineVertex
 10
342.9963778445401
 20
-336.395988263301
 30
1032.0
 70
32
  0
VERTEX
  5
485
330
17
100
AcDbEntity
  8
TOPO-CONTOUR-MINOR
100
AcDbVertex
100
AcDb3dPolylineVertex
 10
341.9887633181311
 20
-336.07606257844515
 30
1032.0
 70
32
  0
VERTEX
  5
486
330
17
100
AcDbEntity
  8
TOPO-CONTOUR-MINOR
100
AcDbVertex
100
AcDb3dPolylineVertex
 10
338.96591973890395
 20
-336.475410370959
 30
1032.0
 70
32
  0
VERTEX
  5
487
330
17
100
AcDbEntity
  8
TOPO-CONTOUR-MINOR
100
AcDbVertex
100
AcDb3dPolylineVertex
 10
336.95069068608586
 20
-335.89733187493226
 30
1032.0
 70
32
  0
VERTEX
  5
488
330
17
100
AcDbEntity
  8
TOPO-CONTOUR-MINOR
100
AcDbVertex
100
AcDb3dPolylineVertex
 10
335.4998160109444
 20
-334.48620457481593
 30
1032.0
 70
32
  0
VERTEX
  5
489
330
17
100
AcDbEntity
  8
TOPO-CONTOUR-MINOR
100
AcDbVertex
100
AcDb3dPolylineVertex
 10
334.93546163326766
 20
-331.27676048706434
 30
1032.0
 70
32
  0
VERTEX
  5
48A
330
17
100
AcDbEntity
  8
TOPO-CONTOUR-MINOR
100
AcDbVertex
100
AcDb3dPolylineVertex
 10
333.9278471068586
 20
-330.8040956530185
 30
1032.0
 70
32
  0
VERTEX
  5
48B
330
17
100
AcDbEntity
  8
TOPO-CONTOUR-MINOR
100
AcDbVertex
100
AcDb3dPolylineVertex
 10
331.91261805404054
 20
-331.96943287867214
 30
1032.0
 70
32
  0
VERTEX
  5
48C
330
17
100
AcDbEntity
  8
TOPO-CONTOUR-MINOR
100
AcDbVertex
100
AcDb3dPolylineVertex
 10
329.89738900122245
 20
-334.15759840205186
 30
1032.0
 70
32
  0
VERTEX
  5
48D
330
17
100
AcDbEntity
  8
TOPO-CONTOUR-MINOR
100
AcDbVertex
100
AcDb3dPolylineVertex
 10
328.8897744748134
 20
-334.1888858361046
 30
1032.0
 70
32
  0
VERTEX
  5
48E
330
17
100
AcDbEntity
  8
TOPO-CONTOUR-MINOR
100
AcDbVertex
100
AcDb3dPolylineVertex
 10
323.8517018427682
 20
-333.2905379875884
 30
1032.0
 70
32
  0
VERTEX
  5
48F
330
17
100
AcDbEntity
  8
TOPO-CONTOUR-MINOR
100
AcDbVertex
100
AcDb3dPolylineVertex
 10
319.821243737132
 20
-331.69434271707735
 30
1032.0
 70
32
  0
VERTEX
  5
490
330
17
100
AcDbEntity
  8
TOPO-CONTOUR-MINOR
100
AcDbVertex
100
AcDb3dPolylineVertex
 10
318.813629210723
 20
-330.84186178096246
 30
1032.0
 70
32
  0
VERTEX
  5
491
330
17
100
AcDbEntity
  8
TOPO-CONTOUR-MINOR
100
AcDbVertex
100
AcDb3dPolylineVertex
 10
318.40563256365397
 20
-329.44813194312155
 30
1032.0
 70
32
  0
VERTEX
  5
492
330
17
100
AcDbEntity
  8
TOPO-CONTOUR-MINOR
100
AcDbVertex
100
AcDb3dPolylineVertex
 10
318.5812842285143
 20
-328.4405174162239
 30
1032.0
 70
32
  0
VERTEX
  5
493
330
17
100
AcDbEntity
  8
TOPO-CONTOUR-MINOR
100
AcDbVertex
100
AcDb3dPolylineVertex
 10
319.34432156137956
 20
-327.43290289025754
 30
1032.0
 70
32
  0
VERTEX
  5
494
330
17
100
AcDbEntity
  8
TOPO-CONTOUR-MINOR
100
AcDbVertex
100
AcDb3dPolylineVertex
 10
322.84408731635915
 20
-326.0711634768042
 30
1032.0
 70
32
  0
VERTEX
  5
495
330
17
100
AcDbEntity
  8
TOPO-CONTOUR-MINOR
100
AcDbVertex
100
AcDb3dPolylineVertex
 10
324.85931636917724
 20
-324.6192322428795
 30
1032.0
 70
32
  0
VERTEX
  5
496
330
17
100
AcDbEntity
  8
TOPO-CONTOUR-MINOR
100
AcDbVertex
100
AcDb3dPolylineVertex
 10
329.260137767782
 20
-318.36437215283513
 30
1032.0
 70
32
  0
VERTEX
  5
497
330
17
100
AcDbEntity
  8
TOPO-CONTOUR-MINOR
100
AcDbVertex
100
AcDb3dPolylineVertex
 10
330.9050035276315
 20
-317.1744138349905
 30
1032.0
 70
32
  0
VERTEX
  5
498
330
17
100
AcDbEntity
  8
TOPO-CONTOUR-MINOR
100
AcDbVertex
100
AcDb3dPolylineVertex
 10
334.93546163326766
 20
-315.4711863328142
 30
1032.0
 70
32
  0
VERTEX
  5
499
330
17
100
AcDbEntity
  8
TOPO-CONTOUR-MINOR
100
AcDbVertex
100
AcDb3dPolylineVertex
 10
338.08416289196765
 20
-312.3186849942431
 30
1032.0
 70
32
  0
VERTEX
  5
49A
330
17
100
AcDbEntity
  8
TOPO-CONTOUR-MINOR
100
AcDbVertex
100
AcDb3dPolylineVertex
 10
339.973534265313
 20
-311.2756504252198
 30
1032.0
 70
32
  0
VERTEX
  5
49B
330
17
100
AcDbEntity
  8
TOPO-CONTOUR-MINOR
100
AcDbVertex
100
AcDb3dPolylineVertex
 10
344.00399237094916
 20
-310.00437243991206
 30
1032.0
 70
32
  0
VERTEX
  5
49C
330
17
100
AcDbEntity
  8
TOPO-CONTOUR-MINOR
100
AcDbVertex
100
AcDb3dPolylineVertex
 10
348.03445047658533
 20
-309.880279174339
 30
1032.0
 70
32
  0
VERTEX
  5
49D
330
17
100
AcDbEntity
  8
TOPO-CONTOUR-MINOR
100
AcDbVertex
100
AcDb3dPolylineVertex
 10
353.07252310863055
 20
-308.3831306018846
 30
1032.0
 70
32
  0
VERTEX
  5
49E
330
17
100
AcDbEntity
  8
TOPO-CONTOUR-MINOR
100
AcDbVertex
100
AcDb3dPolylineVertex
 10
355.46162578392705
 20
-307.2806123625487
 30
1032.0
 70
32
  0
VERTEX
  5
49F
330
17
100
AcDbEntity
  8
TOPO-CONTOUR-MINOR
100
AcDbVertex
100
AcDb3dPolylineVertex
 10
358.0
 20
-305.3385222598288
 30
1032.0
 70
32
  0
SEQEND
  5
477
330
476
100
AcDbEntity
  8
TOPO-CONTOUR-MINOR
  0
POLYLINE
  5
4A0
330
17
100
AcDbEntity
  8
TOPO-CONTOUR-MINOR
100
AcDb3dPolyline
 66
1
 10
0.0
 20
0.0
 30
0.0
 70
8
  0
VERTEX
  5
4A2
330
17
100
AcDbEntity
  8
TOPO-CONTOUR-MINOR
100
AcDbVertex
100
AcDb3dPolylineVertex
 10
358.0
 20
-296.39324852089135
 30
1032.0
 70
32
  0
VERTEX
  5
4A3
330
17
100
AcDbEntity
  8
TOPO-CONTOUR-MINOR
100
AcDbVertex
100
AcDb3dPolylineVertex
 10
357.1029812142667
 20
-296.0445391231215
 30
1032.0
 70
32
  0
VERTEX
  5
4A4
330
17
100
AcDbEntity
  8
TOPO-CONTOUR-MINOR
100
AcDbVertex
100
AcDb3dPolylineVertex
 10
356.3696547099862
 20
-295.1892380453646
 30
1032.0
 70
32
  0
VERTEX
  5
4A5
330
17
100
AcDbEntity
  8
TOPO-CONTOUR-MINOR
100
AcDbVertex
100
AcDb3dPolylineVertex
 10
356.3020485861326
 20
-294.18162351846695
 30
1032.0
 70
32
  0
VERTEX
  5
4A6
330
17
100
AcDbEntity
  8
TOPO-CONTOUR-MINOR
100
AcDbVertex
100
AcDb3dPolylineVertex
 10
357.78858510316354
 20
-292.16639446560293
 30
1032.0
 70
32
  0
VERTEX
  5
4A7
330
17
100
AcDbEntity
  8
TOPO-CONTOUR-MINOR
100
AcDbVertex
100
AcDb3dPolylineVertex
 10
358.0
 20
-292.01843506648265
 30
1032.0
 70
32
  0
SEQEND
  5
4A1
330
4A0
100
AcDbEntity
  8
TOPO-CONTOUR-MINOR
  0
POLYLINE
  5
4A8
330
17
100
AcDbEntity
  8
TOPO-CONTOUR-MINOR
100
AcDb3dPolyline
 66
1
 10
0.0
 20
0.0
 30
0.0
 70
8
  0
VERTEX
  5
4AA
330
17
100
AcDbEntity
  8
TOPO-CONTOUR-MINOR
100
AcDbVertex
100
AcDb3dPolylineVertex
 10
176.9927106083411
 20
-367.7374839466065
 30
1032.0
 70
32
  0
VERTEX
  5
4AB
330
17
100
AcDbEntity
  8
TOPO-CONTOUR-MINOR
100
AcDbVertex
100
AcDb3dPolylineVertex
 10
178.75521003986546
 20
-367.41735607269413
 30
1032.0
 70
32
  0
VERTEX
  5
4AC
330
17
100
AcDbEntity
  8
TOPO-CONTOUR-MINOR
100
AcDbVertex
100
AcDb3dPolylineVertex
 10
179.7628245662745
 20
-367.9357506506916
 30
1032.0
 70
32
  0
VERTEX
  5
4AD
330
17
100
AcDbEntity
  8
TOPO-CONTOUR-MINOR
100
AcDbVertex
100
AcDb3dPolylineVertex
 10
180.28364272623668
 20
-369.75271299947053
 30
1032.0
 70
32
  0
VERTEX
  5
4AE
330
17
100
AcDbEntity
  8
TOPO-CONTOUR-MINOR
100
AcDbVertex
100
AcDb3dPolylineVertex
 10
180.0965620612197
 20
-371.76794205233455
 30
1032.0
 70
32
  0
VERTEX
  5
4AF
330
17
100
AcDbEntity
  8
TOPO-CONTOUR-MINOR
100
AcDbVertex
100
AcDb3dPolylineVertex
 10
178.99932178487222
 20
-372.7755565783009
 30
1032.0
 70
32
  0
VERTEX
  5
4B0
330
17
100
AcDbEntity
  8
TOPO-CONTOUR-MINOR
100
AcDbVertex
100
AcDb3dPolylineVertex
 10
174.62326469054847
 20
-374.7907856311649
 30
1032.0
 70
32
  0
VERTEX
  5
4B1
330
17
100
AcDbEntity
  8
TOPO-CONTOUR-MINOR
100
AcDbVertex
100
AcDb3dPolylineVertex
 10
173.72682709592934
 20
-373.7831711051986
 30
1032.0
 70
32
  0
VERTEX
  5
4B2
330
17
100
AcDbEntity
  8
TOPO-CONTOUR-MINOR
100
AcDbVertex
100
AcDb3dPolylineVertex
 10
174.6988052707021
 20
-369.75271299947053
 30
1032.0
 70
32
  0
VERTEX
  5
4B3
330
17
100
AcDbEntity
  8
TOPO-CONTOUR-MINOR
100
AcDbVertex
100
AcDb3dPolylineVertex
 10
175.73236646063833
 20
-368.4553491495712
 30
1032.0
 70
32
  0
VERTEX
  5
4B4
330
17
100
AcDbEntity
  8
TOPO-CONTOUR-MINOR
100
AcDbVertex
100
AcDb3dPolylineVertex
 10
176.9927106083411
 20
-367.7374839466065
 30
1032.0
 70
32
  0
SEQEND
  5
4A9
330
4A8
100
AcDbEntity
  8
TOPO-CONTOUR-MINOR
  0
POLYLINE
  5
4B5
330
17
100
AcDbEntity
  8
TOPO-CONTOUR-MINOR
100
AcDb3dPolyline
 66
1
 10
0.0
 20
0.0
 30
0.0
 70
8
  0
VERTEX
  5
4B7
330
17
100
AcDbEntity
  8
TOPO-CONTOUR-MINOR
100
AcDbVertex
100
AcDb3dPolylineVertex
 10
319.7255886132085
 20
-394.94307615980506
 30
1032.0
 70
32
  0
VERTEX
  5
4B8
330
17
100
AcDbEntity
  8
TOPO-CONTOUR-MINOR
100
AcDbVertex
100
AcDb3dPolylineVertex
 10
320.82885826354106
 20
-394.11535992455276
 30
1032.0
 70
32
  0
VERTEX
  5
4B9
330
17
100
AcDbEntity
  8
TOPO-CONTOUR-MINOR
100
AcDbVertex
100
AcDb3dPolylineVertex
 10
322.84408731635915
 20
-396.57837621672286
 30
1032.0
 70
32
  0
VERTEX
  5
4BA
330
17
100
AcDbEntity
  8
TOPO-CONTOUR-MINOR
100
AcDbVertex
100
AcDb3dPolylineVertex
 10
324.6250970861732
 20
-397.9659197386354
 30
1032.0
 70
32
  0
VERTEX
  5
4BB
330
17
100
AcDbEntity
  8
TOPO-CONTOUR-MINOR
100
AcDbVertex
100
AcDb3dPolylineVertex
 10
324.5544487921305
 20
-398.9735342655331
 30
1032.0
 70
32
  0
VERTEX
  5
4BC
330
17
100
AcDbEntity
  8
TOPO-CONTOUR-MINOR
100
AcDbVertex
100
AcDb3dPolylineVertex
 10
322.84408731635915
 20
-400.23512092505246
 30
1032.0
 70
32
  0
VERTEX
  5
4BD
330
17
100
AcDbEntity
  8
TOPO-CONTOUR-MINOR
100
AcDbVertex
100
AcDb3dPolylineVertex
 10
321.8364727899501
 20
-400.41466287123524
 30
1032.0
 70
32
  0
VERTEX
  5
4BE
330
17
100
AcDbEntity
  8
TOPO-CONTOUR-MINOR
100
AcDbVertex
100
AcDb3dPolylineVertex
 10
320.32916398046837
 20
-399.98114879149944
 30
1032.0
 70
32
  0
VERTEX
  5
4BF
330
17
100
AcDbEntity
  8
TOPO-CONTOUR-MINOR
100
AcDbVertex
100
AcDb3dPolylineVertex
 10
319.5070376198814
 20
-398.9735342655331
 30
1032.0
 70
32
  0
VERTEX
  5
4C0
330
17
100
AcDbEntity
  8
TOPO-CONTOUR-MINOR
100
AcDbVertex
100
AcDb3dPolylineVertex
 10
319.3100139746888
 20
-397.9659197386354
 30
1032.0
 70
32
  0
VERTEX
  5
4C1
330
17
100
AcDbEntity
  8
TOPO-CONTOUR-MINOR
100
AcDbVertex
100
AcDb3dPolylineVertex
 10
319.7255886132085
 20
-394.94307615980506
 30
1032.0
 70
32
  0
SEQEND
  5
4B6
330
4B5
100
AcDbEntity
  8
TOPO-CONTOUR-MINOR
  0
POLYLINE
  5
4C2
330
17
100
AcDbEntity
  8
TOPO-CONTOUR-MINOR
100
AcDb3dPolyline
 66
1
 10
0.0
 20
0.0
 30
0.0
 70
8
  0
VERTEX
  5
4C4
330
17
100
AcDbEntity
  8
TOPO-CONTOUR-MINOR
100
AcDbVertex
100
AcDb3dPolylineVertex
 10
-1.2513774080533855
 20
183.0
 30
1033.0
 70
32
  0
VERTEX
  5
4C5
330
17
100
AcDbEntity
  8
TOPO-CONTOUR-MINOR
100
AcDbVertex
100
AcDb3dPolylineVertex
 10
-0.6259907519847794
 20
182.42004747316244
 30
1033.0
 70
32
  0
VERTEX
  5
4C6
330
17
100
AcDbEntity
  8
TOPO-CONTOUR-MINOR
100
AcDbVertex
100
AcDb3dPolylineVertex
 10
4.437896971100372
 20
178.95579829326653
 30
1033.0
 70
32
  0
VERTEX
  5
4C7
330
17
100
AcDbEntity
  8
TOPO-CONTOUR-MINOR
100
AcDbVertex
100
AcDb3dPolylineVertex
 10
9.563135327073564
 20
174.35913126170635
 30
1033.0
 70
32
  0
VERTEX
  5
4C8
330
17
100
AcDbEntity
  8
TOPO-CONTOUR-MINOR
100
AcDbVertex
100
AcDb3dPolylineVertex
 10
18.54450034082697
 20
168.62706433993023
 30
1033.0
 70
32
  0
VERTEX
  5
4C9
330
17
100
AcDbEntity
  8
TOPO-CONTOUR-MINOR
100
AcDbVertex
100
AcDb3dPolylineVertex
 10
35.67394728978081
 20
156.17204893751514
 30
1033.0
 70
32
  0
VERTEX
  5
4CA
330
17
100
AcDbEntity
  8
TOPO-CONTOUR-MINOR
100
AcDbVertex
100
AcDb3dPolylineVertex
 10
44.67179617956209
 20
151.18399715423584
 30
1033.0
 70
32
  0
VERTEX
  5
4CB
330
17
100
AcDbEntity
  8
TOPO-CONTOUR-MINOR
100
AcDbVertex
100
AcDb3dPolylineVertex
 10
48.77293613309848
 20
149.47180117827185
 30
1033.0
 70
32
  0
VERTEX
  5
4CC
330
17
100
AcDbEntity
  8
TOPO-CONTOUR-MINOR
100
AcDbVertex
100
AcDb3dPolylineVertex
 10
64.28729599652681
 20
140.10023736394942
 30
1033.0
 70
32
  0
VERTEX
  5
4CD
330
17
100
AcDbEntity
  8
TOPO-CONTOUR-MINOR
100
AcDbVertex
100
AcDb3dPolylineVertex
 10
70.94045571409742
 20
136.4984481193208
 30
1033.0
 70
32
  0
VERTEX
  5
4CE
330
17
100
AcDbEntity
  8
TOPO-CONTOUR-MINOR
100
AcDbVertex
100
AcDb3dPolylineVertex
 10
74.9709138197336
 20
133.58596073854358
 30
1033.0
 70
32
  0
VERTEX
  5
4CF
330
17
100
AcDbEntity
  8
TOPO-CONTOUR-MINOR
100
AcDbVertex
100
AcDb3dPolylineVertex
 10
80.00898645177881
 20
131.52934636448606
 30
1033.0
 70
32
  0
VERTEX
  5
4D0
330
17
100
AcDbEntity
  8
TOPO-CONTOUR-MINOR
100
AcDbVertex
100
AcDb3dPolylineVertex
 10
95.12320434791457
 20
121.92321005976086
 30
1033.0
 70
32
  0
VERTEX
  5
4D1
330
17
100
AcDbEntity
  8
TOPO-CONTOUR-MINOR
100
AcDbVertex
100
AcDb3dPolylineVertex
 10
102.176506032778
 20
117.854364603157
 30
1033.0
 70
32
  0
VERTEX
  5
4D2
330
17
100
AcDbEntity
  8
TOPO-CONTOUR-MINOR
100
AcDbVertex
100
AcDb3dPolylineVertex
 10
105.19934961200511
 20
116.46361301923567
 30
1033.0
 70
32
  0
VERTEX
  5
4D3
330
17
100
AcDbEntity
  8
TOPO-CONTOUR-MINOR
100
AcDbVertex
100
AcDb3dPolylineVertex
 10
108.22219319123224
 20
115.71240428294237
 30
1033.0
 70
32
  0
VERTEX
  5
4D4
330
17
100
AcDbEntity
  8
TOPO-CONTOUR-MINOR
100
AcDbVertex
100
AcDb3dPolylineVertex
 10
109.22980771764128
 20
115.84128285427242
 30
1033.0
 70
32
  0
VERTEX
  5
4D5
330
17
100
AcDbEntity
  8
TOPO-CONTOUR-MINOR
100
AcDbVertex
100
AcDb3dPolylineVertex
 10
110.23742224405032
 20
116.43495745138799
 30
1033.0
 70
32
  0
VERTEX
  5
4D6
330
17
100
AcDbEntity
  8
TOPO-CONTOUR-MINOR
100
AcDbVertex
100
AcDb3dPolylineVertex
 10
114.26788034968651
 20
119.69373085410504
 30
1033.0
 70
32
  0
VERTEX
  5
4D7
330
17
100
AcDbEntity
  8
TOPO-CONTOUR-MINOR
100
AcDbVertex
100
AcDb3dPolylineVertex
 10
119.76569177190282
 20
124.98601946700364
 30
1033.0
 70
32
  0
VERTEX
  5
4D8
330
17
100
AcDbEntity
  8
TOPO-CONTOUR-MINOR
100
AcDbVertex
100
AcDb3dPolylineVertex
 10
124.34402561377692
 20
131.41010111556355
 30
1033.0
 70
32
  0
VERTEX
  5
4D9
330
17
100
AcDbEntity
  8
TOPO-CONTOUR-MINOR
100
AcDbVertex
100
AcDb3dPolylineVertex
 10
127.36686919300405
 20
133.65316356128795
 30
1033.0
 70
32
  0
VERTEX
  5
4DA
330
17
100
AcDbEntity
  8
TOPO-CONTOUR-MINOR
100
AcDbVertex
100
AcDb3dPolylineVertex
 10
134.42017087786735
 20
136.19989103014638
 30
1033.0
 70
32
  0
VERTEX
  5
4DB
330
17
100
AcDbEntity
  8
TOPO-CONTOUR-MINOR
100
AcDbVertex
100
AcDb3dPolylineVertex
 10
137.44301445709448
 20
136.83876793565838
 30
1033.0
 70
32
  0
VERTEX
  5
4DC
330
17
100
AcDbEntity
  8
TOPO-CONTOUR-MINOR
100
AcDbVertex
100
AcDb3dPolylineVertex
 10
145.50393066836693
 20
136.92751232331494
 30
1033.0
 70
32
  0
VERTEX
  5
4DD
330
17
100
AcDbEntity
  8
TOPO-CONTOUR-MINOR
100
AcDbVertex
100
AcDb3dPolylineVertex
 10
151.5496178268212
 20
135.94638998544934
 30
1033.0
 70
32
  0
VERTEX
  5
4DE
330
17
100
AcDbEntity
  8
TOPO-CONTOUR-MINOR
100
AcDbVertex
100
AcDb3dPolylineVertex
 10
157.7261710892135
 20
134.05455020535737
 30
1033.0
 70
32
  0
VERTEX
  5
4DF
330
17
100
AcDbEntity
  8
TOPO-CONTOUR-MINOR
100
AcDbVertex
100
AcDb3dPolylineVertex
 10
163.64099214372982
 20
131.8009423704187
 30
1033.0
 70
32
  0
VERTEX
  5
4E0
330
17
100
AcDbEntity
  8
TOPO-CONTOUR-MINOR
100
AcDbVertex
100
AcDb3dPolylineVertex
 10
178.75521003986546
 20
127.17986655748354
 30
1033.0
 70
32
  0
VERTEX
  5
4E1
330
17
100
AcDbEntity
  8
TOPO-CONTOUR-MINOR
100
AcDbVertex
100
AcDb3dPolylineVertex
 10
195.7550746613857
 20
120.95556136220694
 30
1033.0
 70
32
  0
VERTEX
  5
4E2
330
17
100
AcDbEntity
  8
TOPO-CONTOUR-MINOR
100
AcDbVertex
100
AcDb3dPolylineVertex
 10
200.92272962086452
 20
119.41597370999884
 30
1033.0
 70
32
  0
VERTEX
  5
4E3
330
17
100
AcDbEntity
  8
TOPO-CONTOUR-MINOR
100
AcDbVertex
100
AcDb3dPolylineVertex
 10
207.97603130572782
 20
116.52931130985408
 30
1033.0
 70
32
  0
VERTEX
  5
4E4
330
17
100
AcDbEntity
  8
TOPO-CONTOUR-MINOR
100
AcDbVertex
100
AcDb3dPolylineVertex
 10
229.13593636031783
 20
110.43003386257755
 30
1033.0
 70
32
  0
VERTEX
  5
4E5
330
17
100
AcDbEntity
  8
TOPO-CONTOUR-MINOR
100
AcDbVertex
100
AcDb3dPolylineVertex
 10
236.56825080496571
 20
107.85657251812518
 30
1033.0
 70
32
  0
VERTEX
  5
4E6
330
17
100
AcDbEntity
  8
TOPO-CONTOUR-MINOR
100
AcDbVertex
100
AcDb3dPolylineVertex
 10
240.2196961508173
 20
107.05658773922775
 30
1033.0
 70
32
  0
VERTEX
  5
4E7
330
17
100
AcDbEntity
  8
TOPO-CONTOUR-MINOR
100
AcDbVertex
100
AcDb3dPolylineVertex
 10
256.3415285733621
 20
101.45279208555493
 30
1033.0
 70
32
  0
VERTEX
  5
4E8
330
17
100
AcDbEntity
  8
TOPO-CONTOUR-MINOR
100
AcDbVertex
100
AcDb3dPolylineVertex
 10
262.38721573181635
 20
99.0202634652076
 30
1033.0
 70
32
  0
VERTEX
  5
4E9
330
17
100
AcDbEntity
  8
TOPO-CONTOUR-MINOR
100
AcDbVertex
100
AcDb3dPolylineVertex
 10
268.4329028902706
 20
96.2477656258367
 30
1033.0
 70
32
  0
VERTEX
  5
4EA
330
17
100
AcDbEntity
  8
TOPO-CONTOUR-MINOR
100
AcDbVertex
100
AcDb3dPolylineVertex
 10
272.953067004029
 20
93.7499691490084
 30
1033.0
 70
32
  0
VERTEX
  5
4EB
330
17
100
AcDbEntity
  8
TOPO-CONTOUR-MINOR
100
AcDbVertex
100
AcDb3dPolylineVertex
 10
281.987913180185
 20
86.69666746351868
 30
1033.0
 70
32
  0
VERTEX
  5
4EC
330
17
100
AcDbEntity
  8
TOPO-CONTOUR-MINOR
100
AcDbVertex
100
AcDb3dPolylineVertex
 10
284.241074169224
 20
83.67382388468832
 30
1033.0
 70
32
  0
VERTEX
  5
4ED
330
17
100
AcDbEntity
  8
TOPO-CONTOUR-MINOR
100
AcDbVertex
100
AcDb3dPolylineVertex
 10
285.27491138594195
 20
77.62813672609627
 30
1033.0
 70
32
  0
VERTEX
  5
4EE
330
17
100
AcDbEntity
  8
TOPO-CONTOUR-MINOR
100
AcDbVertex
100
AcDb3dPolylineVertex
 10
286.4523391608741
 20
74.60529314726591
 30
1033.0
 70
32
  0
VERTEX
  5
4EF
330
17
100
AcDbEntity
  8
TOPO-CONTOUR-MINOR
100
AcDbVertex
100
AcDb3dPolylineVertex
 10
290.6298360445019
 20
69.56722051464021
 30
1033.0
 70
32
  0
VERTEX
  5
4F0
330
17
100
AcDbEntity
  8
TOPO-CONTOUR-MINOR
100
AcDbVertex
100
AcDb3dPolylineVertex
 10
292.0040041234219
 20
68.55960598867387
 30
1033.0
 70
32
  0
VERTEX
  5
4F1
330
17
100
AcDbEntity
  8
TOPO-CONTOUR-MINOR
100
AcDbVertex
100
AcDb3dPolylineVertex
 10
296.6461096297239
 20
66.98276940398382
 30
1033.0
 70
32
  0
VERTEX
  5
4F2
330
17
100
AcDbEntity
  8
TOPO-CONTOUR-MINOR
100
AcDbVertex
100
AcDb3dPolylineVertex
 10
302.6917967881782
 20
65.84252417786271
 30
1033.0
 70
32
  0
VERTEX
  5
4F3
330
17
100
AcDbEntity
  8
TOPO-CONTOUR-MINOR
100
AcDbVertex
100
AcDb3dPolylineVertex
 10
317.80601468431394
 20
65.93777501198585
 30
1033.0
 70
32
  0
VERTEX
  5
4F4
330
17
100
AcDbEntity
  8
TOPO-CONTOUR-MINOR
100
AcDbVertex
100
AcDb3dPolylineVertex
 10
321.62310933095955
 20
65.53676240891218
 30
1033.0
 70
32
  0
VERTEX
  5
4F5
330
17
100
AcDbEntity
  8
TOPO-CONTOUR-MINOR
100
AcDbVertex
100
AcDb3dPolylineVertex
 10
323.8517018427682
 20
64.90787533204158
 30
1033.0
 70
32
  0
VERTEX
  5
4F6
330
17
100
AcDbEntity
  8
TOPO-CONTOUR-MINOR
100
AcDbVertex
100
AcDb3dPolylineVertex
 10
332.9202325804496
 20
60.82389616486667
 30
1033.0
 70
32
  0
VERTEX
  5
4F7
330
17
100
AcDbEntity
  8
TOPO-CONTOUR-MINOR
100
AcDbVertex
100
AcDb3dPolylineVertex
 10
337.9583052124949
 20
57.77202964748943
 30
1033.0
 70
32
  0
VERTEX
  5
4F8
330
17
100
AcDbEntity
  8
TOPO-CONTOUR-MINOR
100
AcDbVertex
100
AcDb3dPolylineVertex
 10
343.73990180764235
 20
55.46061714552343
 30
1033.0
 70
32
  0
VERTEX
  5
4F9
330
17
100
AcDbEntity
  8
TOPO-CONTOUR-MINOR
100
AcDbVertex
100
AcDb3dPolylineVertex
 10
352.0649085822215
 20
51.457053454459846
 30
1033.0
 70
32
  0
VERTEX
  5
4FA
330
17
100
AcDbEntity
  8
TOPO-CONTOUR-MINOR
100
AcDbVertex
100
AcDb3dPolylineVertex
 10
358.0
 20
47.805298482085355
 30
1033.0
 70
32
  0
SEQEND
  5
4C3
330
4C2
100
AcDbEntity
  8
TOPO-CONTOUR-MINOR
  0
POLYLINE
  5
4FB
330
17
100
AcDbEntity
  8
TOPO-CONTOUR-MINOR
100
AcDb3dPolyline
 66
1
 10
0.0
 20
0.0
 30
0.0
 70
8
  0
VERTEX
  5
4FD
330
17
100
AcDbEntity
  8
TOPO-CONTOUR-MINOR
100
AcDbVertex
100
AcDb3dPolylineVertex
 10
292.61565152408775
 20
-19.081162623516388
 30
1033.0
 70
32
  0
VERTEX
  5
4FE
330
17
100
AcDbEntity
  8
TOPO-CONTOUR-MINOR
100
AcDbVertex
100
AcDb3dPolylineVertex
 10
289.5928079448606
 20
-21.27049039879633
 30
1033.0
 70
32
  0
VERTEX
  5
4FF
330
17
100
AcDbEntity
  8
TOPO-CONTOUR-MINOR
100
AcDbVertex
100
AcDb3dPolylineVertex
 10
279.5166626807702
 20
-35.16842910439915
 30
1033.0
 70
32
  0
VERTEX
  5
500
330
17
100
AcDbEntity
  8
TOPO-CONTOUR-MINOR
100
AcDbVertex
100
AcDb3dPolylineVertex
 10
277.030068911996
 20
-40.262762864120305
 30
1033.0
 70
32
  0
VERTEX
  5
501
330
17
100
AcDbEntity
  8
TOPO-CONTOUR-MINOR
100
AcDbVertex
100
AcDb3dPolylineVertex
 10
273.4709755223158
 20
-44.92167459714925
 30
1033.0
 70
32
  0
VERTEX
  5
502
330
17
100
AcDbEntity
  8
TOPO-CONTOUR-MINOR
100
AcDbVertex
100
AcDb3dPolylineVertex
 10
269.44051741667965
 20
-53.73216440645804
 30
1033.0
 70
32
  0
VERTEX
  5
503
330
17
100
AcDbEntity
  8
TOPO-CONTOUR-MINOR
100
AcDbVertex
100
AcDb3dPolylineVertex
 10
268.6539402082317
 20
-56.3845952861011
 30
1033.0
 70
32
  0
VERTEX
  5
504
330
17
100
AcDbEntity
  8
TOPO-CONTOUR-MINOR
100
AcDbVertex
100
AcDb3dPolylineVertex
 10
268.5012084002519
 20
-58.39982433896512
 30
1033.0
 70
32
  0
VERTEX
  5
505
330
17
100
AcDbEntity
  8
TOPO-CONTOUR-MINOR
100
AcDbVertex
100
AcDb3dPolylineVertex
 10
268.7288405207855
 20
-59.40743886586279
 30
1033.0
 70
32
  0
VERTEX
  5
506
330
17
100
AcDbEntity
  8
TOPO-CONTOUR-MINOR
100
AcDbVertex
100
AcDb3dPolylineVertex
 10
269.44051741667965
 20
-60.79178495565336
 30
1033.0
 70
32
  0
VERTEX
  5
507
330
17
100
AcDbEntity
  8
TOPO-CONTOUR-MINOR
100
AcDbVertex
100
AcDb3dPolylineVertex
 10
270.13045394512943
 20
-61.4226679187268
 30
1033.0
 70
32
  0
VERTEX
  5
508
330
17
100
AcDbEntity
  8
TOPO-CONTOUR-MINOR
100
AcDbVertex
100
AcDb3dPolylineVertex
 10
273.4709755223158
 20
-63.37043717916171
 30
1033.0
 70
32
  0
VERTEX
  5
509
330
17
100
AcDbEntity
  8
TOPO-CONTOUR-MINOR
100
AcDbVertex
100
AcDb3dPolylineVertex
 10
276.49381910154295
 20
-66.41137604635374
 30
1033.0
 70
32
  0
VERTEX
  5
50A
330
17
100
AcDbEntity
  8
TOPO-CONTOUR-MINOR
100
AcDbVertex
100
AcDb3dPolylineVertex
 10
281.5318917335883
 20
-67.93357000676288
 30
1033.0
 70
32
  0
VERTEX
  5
50B
330
17
100
AcDbEntity
  8
TOPO-CONTOUR-MINOR
100
AcDbVertex
100
AcDb3dPolylineVertex
 10
283.54712078640637
 20
-67.77311153522997
 30
1033.0
 70
32
  0
VERTEX
  5
50C
330
17
100
AcDbEntity
  8
TOPO-CONTOUR-MINOR
100
AcDbVertex
100
AcDb3dPolylineVertex
 10
285.56234983922445
 20
-66.22800178467716
 30
1033.0
 70
32
  0
VERTEX
  5
50D
330
17
100
AcDbEntity
  8
TOPO-CONTOUR-MINOR
100
AcDbVertex
100
AcDb3dPolylineVertex
 10
291.8674685651558
 20
-57.39220981299877
 30
1033.0
 70
32
  0
VERTEX
  5
50E
330
17
100
AcDbEntity
  8
TOPO-CONTOUR-MINOR
100
AcDbVertex
100
AcDb3dPolylineVertex
 10
292.81322284602675
 20
-54.369366233237095
 30
1033.0
 70
32
  0
VERTEX
  5
50F
330
17
100
AcDbEntity
  8
TOPO-CONTOUR-MINOR
100
AcDbVertex
100
AcDb3dPolylineVertex
 10
292.0553110499844
 20
-51.346522654406726
 30
1033.0
 70
32
  0
VERTEX
  5
510
330
17
100
AcDbEntity
  8
TOPO-CONTOUR-MINOR
100
AcDbVertex
100
AcDb3dPolylineVertex
 10
292.07399009099754
 20
-50.33890812750906
 30
1033.0
 70
32
  0
VERTEX
  5
511
330
17
100
AcDbEntity
  8
TOPO-CONTOUR-MINOR
100
AcDbVertex
100
AcDb3dPolylineVertex
 10
295.6384951033149
 20
-48.64268347344551
 30
1033.0
 70
32
  0
VERTEX
  5
512
330
17
100
AcDbEntity
  8
TOPO-CONTOUR-MINOR
100
AcDbVertex
100
AcDb3dPolylineVertex
 10
297.00930716842674
 20
-47.316064548678696
 30
1033.0
 70
32
  0
VERTEX
  5
513
330
17
100
AcDbEntity
  8
TOPO-CONTOUR-MINOR
100
AcDbVertex
100
AcDb3dPolylineVertex
 10
298.48099550039063
 20
-44.29322096891701
 30
1033.0
 70
32
  0
VERTEX
  5
514
330
17
100
AcDbEntity
  8
TOPO-CONTOUR-MINOR
100
AcDbVertex
100
AcDb3dPolylineVertex
 10
299.66895320895105
 20
-39.288967199399146
 30
1033.0
 70
32
  0
VERTEX
  5
515
330
17
100
AcDbEntity
  8
TOPO-CONTOUR-MINOR
100
AcDbVertex
100
AcDb3dPolylineVertex
 10
300.4826762062019
 20
-37.23991928435862
 30
1033.0
 70
32
  0
VERTEX
  5
516
330
17
100
AcDbEntity
  8
TOPO-CONTOUR-MINOR
100
AcDbVertex
100
AcDb3dPolylineVertex
 10
303.6994113145872
 20
-32.171702466412995
 30
1033.0
 70
32
  0
VERTEX
  5
517
330
17
100
AcDbEntity
  8
TOPO-CONTOUR-MINOR
100
AcDbVertex
100
AcDb3dPolylineVertex
 10
304.70702584099627
 20
-31.259360103665326
 30
1033.0
 70
32
  0
VERTEX
  5
518
330
17
100
AcDbEntity
  8
TOPO-CONTOUR-MINOR
100
AcDbVertex
100
AcDb3dPolylineVertex
 10
306.72225489381435
 20
-30.196710168381536
 30
1033.0
 70
32
  0
VERTEX
  5
519
330
17
100
AcDbEntity
  8
TOPO-CONTOUR-MINOR
100
AcDbVertex
100
AcDb3dPolylineVertex
 10
308.73748394663255
 20
-29.924692931233224
 30
1033.0
 70
32
  0
VERTEX
  5
51A
330
17
100
AcDbEntity
  8
TOPO-CONTOUR-MINOR
100
AcDbVertex
100
AcDb3dPolylineVertex
 10
311.7603275258597
 20
-30.449533587145464
 30
1033.0
 70
32
  0
VERTEX
  5
51B
330
17
100
AcDbEntity
  8
TOPO-CONTOUR-MINOR
100
AcDbVertex
100
AcDb3dPolylineVertex
 10
312.7679420522687
 20
-30.08335425956572
 30
1033.0
 70
32
  0
VERTEX
  5
51C
330
17
100
AcDbEntity
  8
TOPO-CONTOUR-MINOR
100
AcDbVertex
100
AcDb3dPolylineVertex
 10
313.295357394877
 20
-29.17900307290256
 30
1033.0
 70
32
  0
VERTEX
  5
51D
330
17
100
AcDbEntity
  8
TOPO-CONTOUR-MINOR
100
AcDbVertex
100
AcDb3dPolylineVertex
 10
312.96150345839584
 20
-27.163774020038545
 30
1033.0
 70
32
  0
VERTEX
  5
51E
330
17
100
AcDbEntity
  8
TOPO-CONTOUR-MINOR
100
AcDbVertex
100
AcDb3dPolylineVertex
 10
310.99200603464465
 20
-23.133315914310515
 30
1033.0
 70
32
  0
VERTEX
  5
51F
330
17
100
AcDbEntity
  8
TOPO-CONTOUR-MINOR
100
AcDbVertex
100
AcDb3dPolylineVertex
 10
310.42539194803635
 20
-20.110472335480154
 30
1033.0
 70
32
  0
VERTEX
  5
520
330
17
100
AcDbEntity
  8
TOPO-CONTOUR-MINOR
100
AcDbVertex
100
AcDb3dPolylineVertex
 10
309.7450984730416
 20
-19.521260114061263
 30
1033.0
 70
32
  0
VERTEX
  5
521
330
17
100
AcDbEntity
  8
TOPO-CONTOUR-MINOR
100
AcDbVertex
100
AcDb3dPolylineVertex
 10
303.6994113145872
 20
-19.570903162904727
 30
1033.0
 70
32
  0
VERTEX
  5
522
330
17
100
AcDbEntity
  8
TOPO-CONTOUR-MINOR
100
AcDbVertex
100
AcDb3dPolylineVertex
 10
296.6461096297239
 20
-18.223173856923545
 30
1033.0
 70
32
  0
VERTEX
  5
523
330
17
100
AcDbEntity
  8
TOPO-CONTOUR-MINOR
100
AcDbVertex
100
AcDb3dPolylineVertex
 10
294.63088057690584
 20
-18.39584103752478
 30
1033.0
 70
32
  0
VERTEX
  5
524
330
17
100
AcDbEntity
  8
TOPO-CONTOUR-MINOR
100
AcDbVertex
100
AcDb3dPolylineVertex
 10
292.61565152408775
 20
-19.081162623516388
 30
1033.0
 70
32
  0
SEQEND
  5
4FC
330
4FB
100
AcDbEntity
  8
TOPO-CONTOUR-MINOR
  0
POLYLINE
  5
525
330
17
100
AcDbEntity
  8
TOPO-CONTOUR-MINOR
100
AcDb3dPolyline
 66
1
 10
0.0
 20
0.0
 30
0.0
 70
8
  0
VERTEX
  5
527
330
17
100
AcDbEntity
  8
TOPO-CONTOUR-MINOR
100
AcDbVertex
100
AcDb3dPolylineVertex
 10
358.0
 20
-11.808124431473395
 30
1033.0
 70
32
  0
VERTEX
  5
528
330
17
100
AcDbEntity
  8
TOPO-CONTOUR-MINOR
100
AcDbVertex
100
AcDb3dPolylineVertex
 10
356.0953666878577
 20
-11.46703233244354
 30
1033.0
 70
32
  0
VERTEX
  5
529
330
17
100
AcDbEntity
  8
TOPO-CONTOUR-MINOR
100
AcDbVertex
100
AcDb3dPolylineVertex
 10
352.0649085822215
 20
-9.131089199991672
 30
1033.0
 70
32
  0
VERTEX
  5
52A
330
17
100
AcDbEntity
  8
TOPO-CONTOUR-MINOR
100
AcDbVertex
100
AcDb3dPolylineVertex
 10
349.0420650029944
 20
-8.675769264655036
 30
1033.0
 70
32
  0
VERTEX
  5
52B
330
17
100
AcDbEntity
  8
TOPO-CONTOUR-MINOR
100
AcDbVertex
100
AcDb3dPolylineVertex
 10
347.7463899436923
 20
-9.026712545193732
 30
1033.0
 70
32
  0
VERTEX
  5
52C
330
17
100
AcDbEntity
  8
TOPO-CONTOUR-MINOR
100
AcDbVertex
100
AcDb3dPolylineVertex
 10
345.85613230921916
 20
-12.049556124024093
 30
1033.0
 70
32
  0
VERTEX
  5
52D
330
17
100
AcDbEntity
  8
TOPO-CONTOUR-MINOR
100
AcDbVertex
100
AcDb3dPolylineVertex
 10
345.0116068973582
 20
-12.927046212882049
 30
1033.0
 70
32
  0
VERTEX
  5
52E
330
17
100
AcDbEntity
  8
TOPO-CONTOUR-MINOR
100
AcDbVertex
100
AcDb3dPolylineVertex
 10
344.00399237094916
 20
-13.163878969958152
 30
1033.0
 70
32
  0
VERTEX
  5
52F
330
17
100
AcDbEntity
  8
TOPO-CONTOUR-MINOR
100
AcDbVertex
100
AcDb3dPolylineVertex
 10
341.9887633181311
 20
-12.10591192457313
 30
1033.0
 70
32
  0
VERTEX
  5
530
330
17
100
AcDbEntity
  8
TOPO-CONTOUR-MINOR
100
AcDbVertex
100
AcDb3dPolylineVertex
 10
339.973534265313
 20
-8.989855240902259
 30
1033.0
 70
32
  0
VERTEX
  5
531
330
17
100
AcDbEntity
  8
TOPO-CONTOUR-MINOR
100
AcDbVertex
100
AcDb3dPolylineVertex
 10
338.96591973890395
 20
-8.31779322458631
 30
1033.0
 70
32
  0
VERTEX
  5
532
330
17
100
AcDbEntity
  8
TOPO-CONTOUR-MINOR
100
AcDbVertex
100
AcDb3dPolylineVertex
 10
337.9583052124949
 20
-8.814825977198288
 30
1033.0
 70
32
  0
VERTEX
  5
533
330
17
100
AcDbEntity
  8
TOPO-CONTOUR-MINOR
100
AcDbVertex
100
AcDb3dPolylineVertex
 10
336.88707862734134
 20
-10.034327071160078
 30
1033.0
 70
32
  0
VERTEX
  5
534
330
17
100
AcDbEntity
  8
TOPO-CONTOUR-MINOR
100
AcDbVertex
100
AcDb3dPolylineVertex
 10
336.55881169310237
 20
-11.041941598057747
 30
1033.0
 70
32
  0
VERTEX
  5
535
330
17
100
AcDbEntity
  8
TOPO-CONTOUR-MINOR
100
AcDbVertex
100
AcDb3dPolylineVertex
 10
336.6256272203496
 20
-12.049556124024093
 30
1033.0
 70
32
  0
VERTEX
  5
536
330
17
100
AcDbEntity
  8
TOPO-CONTOUR-MINOR
100
AcDbVertex
100
AcDb3dPolylineVertex
 10
338.1173847370823
 20
-16.080014229752123
 30
1033.0
 70
32
  0
VERTEX
  5
537
330
17
100
AcDbEntity
  8
TOPO-CONTOUR-MINOR
100
AcDbVertex
100
AcDb3dPolylineVertex
 10
338.37744874966893
 20
-21.118086862377822
 30
1033.0
 70
32
  0
VERTEX
  5
538
330
17
100
AcDbEntity
  8
TOPO-CONTOUR-MINOR
100
AcDbVertex
100
AcDb3dPolylineVertex
 10
339.5787896337426
 20
-23.133315914310515
 30
1033.0
 70
32
  0
VERTEX
  5
539
330
17
100
AcDbEntity
  8
TOPO-CONTOUR-MINOR
100
AcDbVertex
100
AcDb3dPolylineVertex
 10
342.20806163747403
 20
-25.14854496717453
 30
1033.0
 70
32
  0
VERTEX
  5
53A
330
17
100
AcDbEntity
  8
TOPO-CONTOUR-MINOR
100
AcDbVertex
100
AcDb3dPolylineVertex
 10
342.7352209904084
 20
-26.1561594940722
 30
1033.0
 70
32
  0
VERTEX
  5
53B
330
17
100
AcDbEntity
  8
TOPO-CONTOUR-MINOR
100
AcDbVertex
100
AcDb3dPolylineVertex
 10
341.98876331813113
 20
-27.051238917370327
 30
1033.0
 70
32
  0
VERTEX
  5
53C
330
17
100
AcDbEntity
  8
TOPO-CONTOUR-MINOR
100
AcDbVertex
100
AcDb3dPolylineVertex
 10
338.8295743168138
 20
-26.1561594940722
 30
1033.0
 70
32
  0
VERTEX
  5
53D
330
17
100
AcDbEntity
  8
TOPO-CONTOUR-MINOR
100
AcDbVertex
100
AcDb3dPolylineVertex
 10
335.9430761596768
 20
-24.451197174866735
 30
1033.0
 70
32
  0
VERTEX
  5
53E
330
17
100
AcDbEntity
  8
TOPO-CONTOUR-MINOR
100
AcDbVertex
100
AcDb3dPolylineVertex
 10
329.89738900122245
 20
-24.080787415721
 30
1033.0
 70
32
  0
VERTEX
  5
53F
330
17
100
AcDbEntity
  8
TOPO-CONTOUR-MINOR
100
AcDbVertex
100
AcDb3dPolylineVertex
 10
327.88215994840436
 20
-24.615430653172258
 30
1033.0
 70
32
  0
VERTEX
  5
540
330
17
100
AcDbEntity
  8
TOPO-CONTOUR-MINOR
100
AcDbVertex
100
AcDb3dPolylineVertex
 10
326.32108734227205
 20
-26.1561594940722
 30
1033.0
 70
32
  0
VERTEX
  5
541
330
17
100
AcDbEntity
  8
TOPO-CONTOUR-MINOR
100
AcDbVertex
100
AcDb3dPolylineVertex
 10
325.8991219848823
 20
-28.171388546936214
 30
1033.0
 70
32
  0
VERTEX
  5
542
330
17
100
AcDbEntity
  8
TOPO-CONTOUR-MINOR
100
AcDbVertex
100
AcDb3dPolylineVertex
 10
326.3143189116672
 20
-30.18661759980023
 30
1033.0
 70
32
  0
VERTEX
  5
543
330
17
100
AcDbEntity
  8
TOPO-CONTOUR-MINOR
100
AcDbVertex
100
AcDb3dPolylineVertex
 10
328.2933862402489
 20
-33.20946117863059
 30
1033.0
 70
32
  0
VERTEX
  5
544
330
17
100
AcDbEntity
  8
TOPO-CONTOUR-MINOR
100
AcDbVertex
100
AcDb3dPolylineVertex
 10
328.8897744748134
 20
-35.12303411720959
 30
1033.0
 70
32
  0
VERTEX
  5
545
330
17
100
AcDbEntity
  8
TOPO-CONTOUR-MINOR
100
AcDbVertex
100
AcDb3dPolylineVertex
 10
328.73497273657836
 20
-37.23991928435862
 30
1033.0
 70
32
  0
VERTEX
  5
546
330
17
100
AcDbEntity
  8
TOPO-CONTOUR-MINOR
100
AcDbVertex
100
AcDb3dPolylineVertex
 10
327.88215994840436
 20
-38.59129788505133
 30
1033.0
 70
32
  0
VERTEX
  5
547
330
17
100
AcDbEntity
  8
TOPO-CONTOUR-MINOR
100
AcDbVertex
100
AcDb3dPolylineVertex
 10
326.8745454219953
 20
-37.921935032667044
 30
1033.0
 70
32
  0
VERTEX
  5
548
330
17
100
AcDbEntity
  8
TOPO-CONTOUR-MINOR
100
AcDbVertex
100
AcDb3dPolylineVertex
 10
323.8517018427682
 20
-33.89046800371573
 30
1033.0
 70
32
  0
VERTEX
  5
549
330
17
100
AcDbEntity
  8
TOPO-CONTOUR-MINOR
100
AcDbVertex
100
AcDb3dPolylineVertex
 10
322.84408731635915
 20
-33.30716212694254
 30
1033.0
 70
32
  0
VERTEX
  5
54A
330
17
100
AcDbEntity
  8
TOPO-CONTOUR-MINOR
100
AcDbVertex
100
AcDb3dPolylineVertex
 10
320.82885826354106
 20
-33.133170109922766
 30
1033.0
 70
32
  0
VERTEX
  5
54B
330
17
100
AcDbEntity
  8
TOPO-CONTOUR-MINOR
100
AcDbVertex
100
AcDb3dPolylineVertex
 10
319.821243737132
 20
-33.68584713180693
 30
1033.0
 70
32
  0
VERTEX
  5
54C
330
17
100
AcDbEntity
  8
TOPO-CONTOUR-MINOR
100
AcDbVertex
100
AcDb3dPolylineVertex
 10
318.813629210723
 20
-35.17568094682969
 30
1033.0
 70
32
  0
VERTEX
  5
54D
330
17
100
AcDbEntity
  8
TOPO-CONTOUR-MINOR
100
AcDbVertex
100
AcDb3dPolylineVertex
 10
316.2773851730285
 20
-43.285606442950666
 30
1033.0
 70
32
  0
VERTEX
  5
54E
330
17
100
AcDbEntity
  8
TOPO-CONTOUR-MINOR
100
AcDbVertex
100
AcDb3dPolylineVertex
 10
315.79078563149585
 20
-44.34768551747919
 30
1033.0
 70
32
  0
VERTEX
  5
54F
330
17
100
AcDbEntity
  8
TOPO-CONTOUR-MINOR
100
AcDbVertex
100
AcDb3dPolylineVertex
 10
314.7831711050868
 20
-45.25938988579321
 30
1033.0
 70
32
  0
VERTEX
  5
550
330
17
100
AcDbEntity
  8
TOPO-CONTOUR-MINOR
100
AcDbVertex
100
AcDb3dPolylineVertex
 10
313.77555657867777
 20
-45.08102909934648
 30
1033.0
 70
32
  0
VERTEX
  5
551
330
17
100
AcDbEntity
  8
TOPO-CONTOUR-MINOR
100
AcDbVertex
100
AcDb3dPolylineVertex
 10
310.75271299945064
 20
-43.42098437900561
 30
1033.0
 70
32
  0
VERTEX
  5
552
330
17
100
AcDbEntity
  8
TOPO-CONTOUR-MINOR
100
AcDbVertex
100
AcDb3dPolylineVertex
 10
308.73748394663255
 20
-43.117436405000944
 30
1033.0
 70
32
  0
VERTEX
  5
553
330
17
100
AcDbEntity
  8
TOPO-CONTOUR-MINOR
100
AcDbVertex
100
AcDb3dPolylineVertex
 10
307.7298694202235
 20
-43.3536835486334
 30
1033.0
 70
32
  0
VERTEX
  5
554
330
17
100
AcDbEntity
  8
TOPO-CONTOUR-MINOR
100
AcDbVertex
100
AcDb3dPolylineVertex
 10
306.35615268168226
 20
-44.29322096891701
 30
1033.0
 70
32
  0
VERTEX
  5
555
330
17
100
AcDbEntity
  8
TOPO-CONTOUR-MINOR
100
AcDbVertex
100
AcDb3dPolylineVertex
 10
305.54412577929946
 20
-45.30083549581468
 30
1033.0
 70
32
  0
VERTEX
  5
556
330
17
100
AcDbEntity
  8
TOPO-CONTOUR-MINOR
100
AcDbVertex
100
AcDb3dPolylineVertex
 10
304.6356165767903
 20
-47.316064548678696
 30
1033.0
 70
32
  0
VERTEX
  5
557
330
17
100
AcDbEntity
  8
TOPO-CONTOUR-MINOR
100
AcDbVertex
100
AcDb3dPolylineVertex
 10
304.4486944511258
 20
-49.33129360154271
 30
1033.0
 70
32
  0
VERTEX
  5
558
330
17
100
AcDbEntity
  8
TOPO-CONTOUR-MINOR
100
AcDbVertex
100
AcDb3dPolylineVertex
 10
304.82306773500545
 20
-50.33890812750906
 30
1033.0
 70
32
  0
VERTEX
  5
559
330
17
100
AcDbEntity
  8
TOPO-CONTOUR-MINOR
100
AcDbVertex
100
AcDb3dPolylineVertex
 10
305.7146403674053
 20
-51.28116987706076
 30
1033.0
 70
32
  0
VERTEX
  5
55A
330
17
100
AcDbEntity
  8
TOPO-CONTOUR-MINOR
100
AcDbVertex
100
AcDb3dPolylineVertex
 10
306.72225489381435
 20
-51.77530305635093
 30
1033.0
 70
32
  0
VERTEX
  5
55B
330
17
100
AcDbEntity
  8
TOPO-CONTOUR-MINOR
100
AcDbVertex
100
AcDb3dPolylineVertex
 10
308.73748394663255
 20
-51.95001099820045
 30
1033.0
 70
32
  0
VERTEX
  5
55C
330
17
100
AcDbEntity
  8
TOPO-CONTOUR-MINOR
100
AcDbVertex
100
AcDb3dPolylineVertex
 10
313.7755565786777
 20
-50.43305632517921
 30
1033.0
 70
32
  0
VERTEX
  5
55D
330
17
100
AcDbEntity
  8
TOPO-CONTOUR-MINOR
100
AcDbVertex
100
AcDb3dPolylineVertex
 10
314.69117465450336
 20
-51.34652265440672
 30
1033.0
 70
32
  0
VERTEX
  5
55E
330
17
100
AcDbEntity
  8
TOPO-CONTOUR-MINOR
100
AcDbVertex
100
AcDb3dPolylineVertex
 10
314.7831711050868
 20
-52.42316193638762
 30
1033.0
 70
32
  0
VERTEX
  5
55F
330
17
100
AcDbEntity
  8
TOPO-CONTOUR-MINOR
100
AcDbVertex
100
AcDb3dPolylineVertex
 10
314.05499388685655
 20
-54.36936623323709
 30
1033.0
 70
32
  0
VERTEX
  5
560
330
17
100
AcDbEntity
  8
TOPO-CONTOUR-MINOR
100
AcDbVertex
100
AcDb3dPolylineVertex
 10
309.451487580942
 20
-61.4226679187268
 30
1033.0
 70
32
  0
VERTEX
  5
561
330
17
100
AcDbEntity
  8
TOPO-CONTOUR-MINOR
100
AcDbVertex
100
AcDb3dPolylineVertex
 10
308.7399259603785
 20
-63.437896970659494
 30
1033.0
 70
32
  0
VERTEX
  5
562
330
17
100
AcDbEntity
  8
TOPO-CONTOUR-MINOR
100
AcDbVertex
100
AcDb3dPolylineVertex
 10
308.9421709867872
 20
-64.44551149755716
 30
1033.0
 70
32
  0
VERTEX
  5
563
330
17
100
AcDbEntity
  8
TOPO-CONTOUR-MINOR
100
AcDbVertex
100
AcDb3dPolylineVertex
 10
309.5804144975655
 20
-65.45312602352351
 30
1033.0
 70
32
  0
VERTEX
  5
564
330
17
100
AcDbEntity
  8
TOPO-CONTOUR-MINOR
100
AcDbVertex
100
AcDb3dPolylineVertex
 10
310.75271299945064
 20
-66.41438454484344
 30
1033.0
 70
32
  0
VERTEX
  5
565
330
17
100
AcDbEntity
  8
TOPO-CONTOUR-MINOR
100
AcDbVertex
100
AcDb3dPolylineVertex
 10
320.51856006546507
 20
-71.49881318211555
 30
1033.0
 70
32
  0
VERTEX
  5
566
330
17
100
AcDbEntity
  8
TOPO-CONTOUR-MINOR
100
AcDbVertex
100
AcDb3dPolylineVertex
 10
322.94585965488415
 20
-73.51404223497957
 30
1033.0
 70
32
  0
VERTEX
  5
567
330
17
100
AcDbEntity
  8
TOPO-CONTOUR-MINOR
100
AcDbVertex
100
AcDb3dPolylineVertex
 10
323.34287490593124
 20
-74.52165676187724
 30
1033.0
 70
32
  0
VERTEX
  5
568
330
17
100
AcDbEntity
  8
TOPO-CONTOUR-MINOR
100
AcDbVertex
100
AcDb3dPolylineVertex
 10
323.1802122339721
 20
-75.52927128784359
 30
1033.0
 70
32
  0
VERTEX
  5
569
330
17
100
AcDbEntity
  8
TOPO-CONTOUR-MINOR
100
AcDbVertex
100
AcDb3dPolylineVertex
 10
317.80601468431394
 20
-82.17450605744179
 30
1033.0
 70
32
  0
VERTEX
  5
56A
330
17
100
AcDbEntity
  8
TOPO-CONTOUR-MINOR
100
AcDbVertex
100
AcDb3dPolylineVertex
 10
316.7984001579049
 20
-83.02734448014355
 30
1033.0
 70
32
  0
VERTEX
  5
56B
330
17
100
AcDbEntity
  8
TOPO-CONTOUR-MINOR
100
AcDbVertex
100
AcDb3dPolylineVertex
 10
315.79078563149585
 20
-83.34538644466777
 30
1033.0
 70
32
  0
VERTEX
  5
56C
330
17
100
AcDbEntity
  8
TOPO-CONTOUR-MINOR
100
AcDbVertex
100
AcDb3dPolylineVertex
 10
314.7831711050868
 20
-83.08990218389759
 30
1033.0
 70
32
  0
VERTEX
  5
56D
330
17
100
AcDbEntity
  8
TOPO-CONTOUR-MINOR
100
AcDbVertex
100
AcDb3dPolylineVertex
 10
313.0130590983524
 20
-81.57495844643563
 30
1033.0
 70
32
  0
VERTEX
  5
56E
330
17
100
AcDbEntity
  8
TOPO-CONTOUR-MINOR
100
AcDbVertex
100
AcDb3dPolylineVertex
 10
310.4872984964074
 20
-78.55211486760527
 30
1033.0
 70
32
  0
VERTEX
  5
56F
330
17
100
AcDbEntity
  8
TOPO-CONTOUR-MINOR
100
AcDbVertex
100
AcDb3dPolylineVertex
 10
309.67484021805376
 20
-76.53688581474125
 30
1033.0
 70
32
  0
VERTEX
  5
570
330
17
100
AcDbEntity
  8
TOPO-CONTOUR-MINOR
100
AcDbVertex
100
AcDb3dPolylineVertex
 10
309.8709920588677
 20
-75.52927128784359
 30
1033.0
 70
32
  0
VERTEX
  5
571
330
17
100
AcDbEntity
  8
TOPO-CONTOUR-MINOR
100
AcDbVertex
100
AcDb3dPolylineVertex
 10
311.3574639743526
 20
-72.50642770901322
 30
1033.0
 70
32
  0
VERTEX
  5
572
330
17
100
AcDbEntity
  8
TOPO-CONTOUR-MINOR
100
AcDbVertex
100
AcDb3dPolylineVertex
 10
311.47220309403724
 20
-71.49881318211555
 30
1033.0
 70
32
  0
VERTEX
  5
573
330
17
100
AcDbEntity
  8
TOPO-CONTOUR-MINOR
100
AcDbVertex
100
AcDb3dPolylineVertex
 10
310.3505092757144
 20
-69.48358412925154
 30
1033.0
 70
32
  0
VERTEX
  5
574
330
17
100
AcDbEntity
  8
TOPO-CONTOUR-MINOR
100
AcDbVertex
100
AcDb3dPolylineVertex
 10
309.0480048392493
 20
-68.4759696032852
 30
1033.0
 70
32
  0
VERTEX
  5
575
330
17
100
AcDbEntity
  8
TOPO-CONTOUR-MINOR
100
AcDbVertex
100
AcDb3dPolylineVertex
 10
306.72225489381435
 20
-67.73497783120291
 30
1033.0
 70
32
  0
VERTEX
  5
576
330
17
100
AcDbEntity
  8
TOPO-CONTOUR-MINOR
100
AcDbVertex
100
AcDb3dPolylineVertex
 10
304.70702584099627
 20
-67.68077703038199
 30
1033.0
 70
32
  0
VERTEX
  5
577
330
17
100
AcDbEntity
  8
TOPO-CONTOUR-MINOR
100
AcDbVertex
100
AcDb3dPolylineVertex
 10
298.661338682542
 20
-69.8750191882124
 30
1033.0
 70
32
  0
VERTEX
  5
578
330
17
100
AcDbEntity
  8
TOPO-CONTOUR-MINOR
100
AcDbVertex
100
AcDb3dPolylineVertex
 10
297.65372415613297
 20
-69.90848856979248
 30
1033.0
 70
32
  0
VERTEX
  5
579
330
17
100
AcDbEntity
  8
TOPO-CONTOUR-MINOR
100
AcDbVertex
100
AcDb3dPolylineVertex
 10
297.0185458912271
 20
-69.48358412925154
 30
1033.0
 70
32
  0
VERTEX
  5
57A
330
17
100
AcDbEntity
  8
TOPO-CONTOUR-MINOR
100
AcDbVertex
100
AcDb3dPolylineVertex
 10
296.95835196933706
 20
-68.4759696032852
 30
1033.0
 70
32
  0
VERTEX
  5
57B
330
17
100
AcDbEntity
  8
TOPO-CONTOUR-MINOR
100
AcDbVertex
100
AcDb3dPolylineVertex
 10
297.65372415613297
 20
-65.99042202292422
 30
1033.0
 70
32
  0
VERTEX
  5
57C
330
17
100
AcDbEntity
  8
TOPO-CONTOUR-MINOR
100
AcDbVertex
100
AcDb3dPolylineVertex
 10
298.06846541342577
 20
-65.45312602352351
 30
1033.0
 70
32
  0
VERTEX
  5
57D
330
17
100
AcDbEntity
  8
TOPO-CONTOUR-MINOR
100
AcDbVertex
100
AcDb3dPolylineVertex
 10
300.6765677353601
 20
-64.10586585347971
 30
1033.0
 70
32
  0
VERTEX
  5
57E
330
17
100
AcDbEntity
  8
TOPO-CONTOUR-MINOR
100
AcDbVertex
100
AcDb3dPolylineVertex
 10
301.8449322322242
 20
-62.43028244469315
 30
1033.0
 70
32
  0
VERTEX
  5
57F
330
17
100
AcDbEntity
  8
TOPO-CONTOUR-MINOR
100
AcDbVertex
100
AcDb3dPolylineVertex
 10
301.54305773325416
 20
-60.41505339182913
 30
1033.0
 70
32
  0
VERTEX
  5
580
330
17
100
AcDbEntity
  8
TOPO-CONTOUR-MINOR
100
AcDbVertex
100
AcDb3dPolylineVertex
 10
300.6765677353601
 20
-59.28755248480512
 30
1033.0
 70
32
  0
VERTEX
  5
581
330
17
100
AcDbEntity
  8
TOPO-CONTOUR-MINOR
100
AcDbVertex
100
AcDb3dPolylineVertex
 10
299.66895320895105
 20
-58.87735914546756
 30
1033.0
 70
32
  0
VERTEX
  5
582
330
17
100
AcDbEntity
  8
TOPO-CONTOUR-MINOR
100
AcDbVertex
100
AcDb3dPolylineVertex
 10
298.661338682542
 20
-59.021673997324996
 30
1033.0
 70
32
  0
VERTEX
  5
583
330
17
100
AcDbEntity
  8
TOPO-CONTOUR-MINOR
100
AcDbVertex
100
AcDb3dPolylineVertex
 10
297.65372415613297
 20
-59.78394641744174
 30
1033.0
 70
32
  0
VERTEX
  5
584
330
17
100
AcDbEntity
  8
TOPO-CONTOUR-MINOR
100
AcDbVertex
100
AcDb3dPolylineVertex
 10
295.6384951033149
 20
-63.48395337568732
 30
1033.0
 70
32
  0
VERTEX
  5
585
330
17
100
AcDbEntity
  8
TOPO-CONTOUR-MINOR
100
AcDbVertex
100
AcDb3dPolylineVertex
 10
292.61565152408775
 20
-64.2628399411024
 30
1033.0
 70
32
  0
VERTEX
  5
586
330
17
100
AcDbEntity
  8
TOPO-CONTOUR-MINOR
100
AcDbVertex
100
AcDb3dPolylineVertex
 10
290.6430283205887
 20
-65.45312602352351
 30
1033.0
 70
32
  0
VERTEX
  5
587
330
17
100
AcDbEntity
  8
TOPO-CONTOUR-MINOR
100
AcDbVertex
100
AcDb3dPolylineVertex
 10
289.93797850694284
 20
-66.46074055042118
 30
1033.0
 70
32
  0
VERTEX
  5
588
330
17
100
AcDbEntity
  8
TOPO-CONTOUR-MINOR
100
AcDbVertex
100
AcDb3dPolylineVertex
 10
289.1266402293445
 20
-70.49119865614921
 30
1033.0
 70
32
  0
VERTEX
  5
589
330
17
100
AcDbEntity
  8
TOPO-CONTOUR-MINOR
100
AcDbVertex
100
AcDb3dPolylineVertex
 10
288.5851934184516
 20
-71.06272517648308
 30
1033.0
 70
32
  0
VERTEX
  5
58A
330
17
100
AcDbEntity
  8
TOPO-CONTOUR-MINOR
100
AcDbVertex
100
AcDb3dPolylineVertex
 10
286.5699643656335
 20
-71.00255573754279
 30
1033.0
 70
32
  0
VERTEX
  5
58B
330
17
100
AcDbEntity
  8
TOPO-CONTOUR-MINOR
100
AcDbVertex
100
AcDb3dPolylineVertex
 10
282.5395062599973
 20
-69.97847329728452
 30
1033.0
 70
32
  0
VERTEX
  5
58C
330
17
100
AcDbEntity
  8
TOPO-CONTOUR-MINOR
100
AcDbVertex
100
AcDb3dPolylineVertex
 10
278.50904815436115
 20
-70.30820437547393
 30
1033.0
 70
32
  0
VERTEX
  5
58D
330
17
100
AcDbEntity
  8
TOPO-CONTOUR-MINOR
100
AcDbVertex
100
AcDb3dPolylineVertex
 10
277.501433627952
 20
-70.57116869327871
 30
1033.0
 70
32
  0
VERTEX
  5
58E
330
17
100
AcDbEntity
  8
TOPO-CONTOUR-MINOR
100
AcDbVertex
100
AcDb3dPolylineVertex
 10
276.49381910154295
 20
-71.4023320826317
 30
1033.0
 70
32
  0
VERTEX
  5
58F
330
17
100
AcDbEntity
  8
TOPO-CONTOUR-MINOR
100
AcDbVertex
100
AcDb3dPolylineVertex
 10
274.963453297181
 20
-73.51404223497957
 30
1033.0
 70
32
  0
VERTEX
  5
590
330
17
100
AcDbEntity
  8
TOPO-CONTOUR-MINOR
100
AcDbVertex
100
AcDb3dPolylineVertex
 10
273.84524155219856
 20
-74.52165676187724
 30
1033.0
 70
32
  0
VERTEX
  5
591
330
17
100
AcDbEntity
  8
TOPO-CONTOUR-MINOR
100
AcDbVertex
100
AcDb3dPolylineVertex
 10
272.4633609959068
 20
-75.0002886277017
 30
1033.0
 70
32
  0
VERTEX
  5
592
330
17
100
AcDbEntity
  8
TOPO-CONTOUR-MINOR
100
AcDbVertex
100
AcDb3dPolylineVertex
 10
271.45574646949774
 20
-74.41434078642847
 30
1033.0
 70
32
  0
VERTEX
  5
593
330
17
100
AcDbEntity
  8
TOPO-CONTOUR-MINOR
100
AcDbVertex
100
AcDb3dPolylineVertex
 10
269.9224386283569
 20
-72.50642770901322
 30
1033.0
 70
32
  0
VERTEX
  5
594
330
17
100
AcDbEntity
  8
TOPO-CONTOUR-MINOR
100
AcDbVertex
100
AcDb3dPolylineVertex
 10
268.4329028902706
 20
-71.66250323060788
 30
1033.0
 70
32
  0
VERTEX
  5
595
330
17
100
AcDbEntity
  8
TOPO-CONTOUR-MINOR
100
AcDbVertex
100
AcDb3dPolylineVertex
 10
266.4176738374525
 20
-71.6203261685182
 30
1033.0
 70
32
  0
VERTEX
  5
596
330
17
100
AcDbEntity
  8
TOPO-CONTOUR-MINOR
100
AcDbVertex
100
AcDb3dPolylineVertex
 10
265.4100593110435
 20
-72.06550351972344
 30
1033.0
 70
32
  0
VERTEX
  5
597
330
17
100
AcDbEntity
  8
TOPO-CONTOUR-MINOR
100
AcDbVertex
100
AcDb3dPolylineVertex
 10
264.2382227518198
 20
-73.51404223497957
 30
1033.0
 70
32
  0
VERTEX
  5
598
330
17
100
AcDbEntity
  8
TOPO-CONTOUR-MINOR
100
AcDbVertex
100
AcDb3dPolylineVertex
 10
262.935604565642
 20
-79.55972939357162
 30
1033.0
 70
32
  0
VERTEX
  5
599
330
17
100
AcDbEntity
  8
TOPO-CONTOUR-MINOR
100
AcDbVertex
100
AcDb3dPolylineVertex
 10
262.34174779486835
 20
-80.56734392046928
 30
1033.0
 70
32
  0
VERTEX
  5
59A
330
17
100
AcDbEntity
  8
TOPO-CONTOUR-MINOR
100
AcDbVertex
100
AcDb3dPolylineVertex
 10
258.3567576261802
 20
-84.51758247603645
 30
1033.0
 70
32
  0
VERTEX
  5
59B
330
17
100
AcDbEntity
  8
TOPO-CONTOUR-MINOR
100
AcDbVertex
100
AcDb3dPolylineVertex
 10
257.67520913566295
 20
-86.61303107813
 30
1033.0
 70
32
  0
VERTEX
  5
59C
330
17
100
AcDbEntity
  8
TOPO-CONTOUR-MINOR
100
AcDbVertex
100
AcDb3dPolylineVertex
 10
258.3567576261802
 20
-88.24337771394909
 30
1033.0
 70
32
  0
VERTEX
  5
59D
330
17
100
AcDbEntity
  8
TOPO-CONTOUR-MINOR
100
AcDbVertex
100
AcDb3dPolylineVertex
 10
266.14007647695547
 20
-98.7044053953141
 30
1033.0
 70
32
  0
VERTEX
  5
59E
330
17
100
AcDbEntity
  8
TOPO-CONTOUR-MINOR
100
AcDbVertex
100
AcDb3dPolylineVertex
 10
266.9543642434085
 20
-100.71963444817811
 30
1033.0
 70
32
  0
VERTEX
  5
59F
330
17
100
AcDbEntity
  8
TOPO-CONTOUR-MINOR
100
AcDbVertex
100
AcDb3dPolylineVertex
 10
267.0143076902948
 20
-101.72724897507578
 30
1033.0
 70
32
  0
VERTEX
  5
5A0
330
17
100
AcDbEntity
  8
TOPO-CONTOUR-MINOR
100
AcDbVertex
100
AcDb3dPolylineVertex
 10
266.4176738374525
 20
-103.36981149744639
 30
1033.0
 70
32
  0
VERTEX
  5
5A1
330
17
100
AcDbEntity
  8
TOPO-CONTOUR-MINOR
100
AcDbVertex
100
AcDb3dPolylineVertex
 10
265.4100593110435
 20
-104.17879800466747
 30
1033.0
 70
32
  0
VERTEX
  5
5A2
330
17
100
AcDbEntity
  8
TOPO-CONTOUR-MINOR
100
AcDbVertex
100
AcDb3dPolylineVertex
 10
260.37198667899827
 20
-106.8253967265658
 30
1033.0
 70
32
  0
VERTEX
  5
5A3
330
17
100
AcDbEntity
  8
TOPO-CONTOUR-MINOR
100
AcDbVertex
100
AcDb3dPolylineVertex
 10
255.333914046953
 20
-108.02191033819801
 30
1033.0
 70
32
  0
VERTEX
  5
5A4
330
17
100
AcDbEntity
  8
TOPO-CONTOUR-MINOR
100
AcDbVertex
100
AcDb3dPolylineVertex
 10
251.30345594131683
 20
-108.1730757040184
 30
1033.0
 70
32
  0
VERTEX
  5
5A5
330
17
100
AcDbEntity
  8
TOPO-CONTOUR-MINOR
100
AcDbVertex
100
AcDb3dPolylineVertex
 10
249.28822688849874
 20
-108.79338562069472
 30
1033.0
 70
32
  0
VERTEX
  5
5A6
330
17
100
AcDbEntity
  8
TOPO-CONTOUR-MINOR
100
AcDbVertex
100
AcDb3dPolylineVertex
 10
245.25776878286257
 20
-111.93317218774631
 30
1033.0
 70
32
  0
VERTEX
  5
5A7
330
17
100
AcDbEntity
  8
TOPO-CONTOUR-MINOR
100
AcDbVertex
100
AcDb3dPolylineVertex
 10
241.22731067722634
 20
-116.75845273409479
 30
1033.0
 70
32
  0
VERTEX
  5
5A8
330
17
100
AcDbEntity
  8
TOPO-CONTOUR-MINOR
100
AcDbVertex
100
AcDb3dPolylineVertex
 10
239.21208162440826
 20
-118.35708438941286
 30
1033.0
 70
32
  0
VERTEX
  5
5A9
330
17
100
AcDbEntity
  8
TOPO-CONTOUR-MINOR
100
AcDbVertex
100
AcDb3dPolylineVertex
 10
233.166394465954
 20
-121.13555283866586
 30
1033.0
 70
32
  0
VERTEX
  5
5AA
330
17
100
AcDbEntity
  8
TOPO-CONTOUR-MINOR
100
AcDbVertex
100
AcDb3dPolylineVertex
 10
227.12070730749974
 20
-123.02183625401676
 30
1033.0
 70
32
  0
VERTEX
  5
5AB
330
17
100
AcDbEntity
  8
TOPO-CONTOUR-MINOR
100
AcDbVertex
100
AcDb3dPolylineVertex
 10
226.1130927810907
 20
-123.7752514872891
 30
1033.0
 70
32
  0
VERTEX
  5
5AC
330
17
100
AcDbEntity
  8
TOPO-CONTOUR-MINOR
100
AcDbVertex
100
AcDb3dPolylineVertex
 10
220.06740562263644
 20
-130.54194873531648
 30
1033.0
 70
32
  0
VERTEX
  5
5AD
330
17
100
AcDbEntity
  8
TOPO-CONTOUR-MINOR
100
AcDbVertex
100
AcDb3dPolylineVertex
 10
217.1719911403783
 20
-132.96329929307103
 30
1033.0
 70
32
  0
VERTEX
  5
5AE
330
17
100
AcDbEntity
  8
TOPO-CONTOUR-MINOR
100
AcDbVertex
100
AcDb3dPolylineVertex
 10
216.46648659371252
 20
-133.9709138199687
 30
1033.0
 70
32
  0
VERTEX
  5
5AF
330
17
100
AcDbEntity
  8
TOPO-CONTOUR-MINOR
100
AcDbVertex
100
AcDb3dPolylineVertex
 10
215.31613798918576
 20
-138.00137192569673
 30
1033.0
 70
32
  0
VERTEX
  5
5B0
330
17
100
AcDbEntity
  8
TOPO-CONTOUR-MINOR
100
AcDbVertex
100
AcDb3dPolylineVertex
 10
216.4495358158187
 20
-143.0394445573911
 30
1033.0
 70
32
  0
VERTEX
  5
5B1
330
17
100
AcDbEntity
  8
TOPO-CONTOUR-MINOR
100
AcDbVertex
100
AcDb3dPolylineVertex
 10
216.08462896954748
 20
-145.05467361025512
 30
1033.0
 70
32
  0
VERTEX
  5
5B2
330
17
100
AcDbEntity
  8
TOPO-CONTOUR-MINOR
100
AcDbVertex
100
AcDb3dPolylineVertex
 10
214.0217184641822
 20
-147.30015326441978
 30
1033.0
 70
32
  0
VERTEX
  5
5B3
330
17
100
AcDbEntity
  8
TOPO-CONTOUR-MINOR
100
AcDbVertex
100
AcDb3dPolylineVertex
 10
211.52244207770048
 20
-151.10036076884717
 30
1033.0
 70
32
  0
VERTEX
  5
5B4
330
17
100
AcDbEntity
  8
TOPO-CONTOUR-MINOR
100
AcDbVertex
100
AcDb3dPolylineVertex
 10
207.82790442352152
 20
-158.1536624534056
 30
1033.0
 70
32
  0
VERTEX
  5
5B5
330
17
100
AcDbEntity
  8
TOPO-CONTOUR-MINOR
100
AcDbVertex
100
AcDb3dPolylineVertex
 10
207.65101938574966
 20
-160.16889150626957
 30
1033.0
 70
32
  0
VERTEX
  5
5B6
330
17
100
AcDbEntity
  8
TOPO-CONTOUR-MINOR
100
AcDbVertex
100
AcDb3dPolylineVertex
 10
208.940526997744
 20
-163.19173508603126
 30
1033.0
 70
32
  0
VERTEX
  5
5B7
330
17
100
AcDbEntity
  8
TOPO-CONTOUR-MINOR
100
AcDbVertex
100
AcDb3dPolylineVertex
 10
209.1078554581878
 20
-165.20696413796395
 30
1033.0
 70
32
  0
VERTEX
  5
5B8
330
17
100
AcDbEntity
  8
TOPO-CONTOUR-MINOR
100
AcDbVertex
100
AcDb3dPolylineVertex
 10
207.67480325612144
 20
-170.24503677058965
 30
1033.0
 70
32
  0
VERTEX
  5
5B9
330
17
100
AcDbEntity
  8
TOPO-CONTOUR-MINOR
100
AcDbVertex
100
AcDb3dPolylineVertex
 10
207.31362368307043
 20
-175.28310940228403
 30
1033.0
 70
32
  0
VERTEX
  5
5BA
330
17
100
AcDbEntity
  8
TOPO-CONTOUR-MINOR
100
AcDbVertex
100
AcDb3dPolylineVertex
 10
205.16045331295447
 20
-180.32118203490973
 30
1033.0
 70
32
  0
VERTEX
  5
5BB
330
17
100
AcDbEntity
  8
TOPO-CONTOUR-MINOR
100
AcDbVertex
100
AcDb3dPolylineVertex
 10
204.30144502239915
 20
-186.36686919257045
 30
1033.0
 70
32
  0
VERTEX
  5
5BC
330
17
100
AcDbEntity
  8
TOPO-CONTOUR-MINOR
100
AcDbVertex
100
AcDb3dPolylineVertex
 10
202.310719764333
 20
-193.42017087806016
 30
1033.0
 70
32
  0
VERTEX
  5
5BD
330
17
100
AcDbEntity
  8
TOPO-CONTOUR-MINOR
100
AcDbVertex
100
AcDb3dPolylineVertex
 10
201.48395561821764
 20
-195.43539993092418
 30
1033.0
 70
32
  0
VERTEX
  5
5BE
330
17
100
AcDbEntity
  8
TOPO-CONTOUR-MINOR
100
AcDbVertex
100
AcDb3dPolylineVertex
 10
198.457949643609
 20
-200.47347256261855
 30
1033.0
 70
32
  0
VERTEX
  5
5BF
330
17
100
AcDbEntity
  8
TOPO-CONTOUR-MINOR
100
AcDbVertex
100
AcDb3dPolylineVertex
 10
195.8846569888192
 20
-203.68914822719006
 30
1033.0
 70
32
  0
VERTEX
  5
5C0
330
17
100
AcDbEntity
  8
TOPO-CONTOUR-MINOR
100
AcDbVertex
100
AcDb3dPolylineVertex
 10
190.44316550531715
 20
-211.55723235290498
 30
1033.0
 70
32
  0
VERTEX
  5
5C1
330
17
100
AcDbEntity
  8
TOPO-CONTOUR-MINOR
100
AcDbVertex
100
AcDb3dPolylineVertex
 10
185.5588779616249
 20
-224.6562211969867
 30
1033.0
 70
32
  0
VERTEX
  5
5C2
330
17
100
AcDbEntity
  8
TOPO-CONTOUR-MINOR
100
AcDbVertex
100
AcDb3dPolylineVertex
 10
184.8875249369113
 20
-229.6942938286811
 30
1033.0
 70
32
  0
VERTEX
  5
5C3
330
17
100
AcDbEntity
  8
TOPO-CONTOUR-MINOR
100
AcDbVertex
100
AcDb3dPolylineVertex
 10
186.01676960476206
 20
-234.7323664603755
 30
1033.0
 70
32
  0
VERTEX
  5
5C4
330
17
100
AcDbEntity
  8
TOPO-CONTOUR-MINOR
100
AcDbVertex
100
AcDb3dPolylineVertex
 10
186.18188223681767
 20
-237.75521004013717
 30
1033.0
 70
32
  0
VERTEX
  5
5C5
330
17
100
AcDbEntity
  8
TOPO-CONTOUR-MINOR
100
AcDbVertex
100
AcDb3dPolylineVertex
 10
185.71370248859137
 20
-242.79328267183155
 30
1033.0
 70
32
  0
VERTEX
  5
5C6
330
17
100
AcDbEntity
  8
TOPO-CONTOUR-MINOR
100
AcDbVertex
100
AcDb3dPolylineVertex
 10
184.9005625023281
 20
-245.81612625159323
 30
1033.0
 70
32
  0
VERTEX
  5
5C7
330
17
100
AcDbEntity
  8
TOPO-CONTOUR-MINOR
100
AcDbVertex
100
AcDb3dPolylineVertex
 10
180.19349272501472
 20
-255.89227151498199
 30
1033.0
 70
32
  0
VERTEX
  5
5C8
330
17
100
AcDbEntity
  8
TOPO-CONTOUR-MINOR
100
AcDbVertex
100
AcDb3dPolylineVertex
 10
171.8481777990659
 20
-269.9988748850301
 30
1033.0
 70
32
  0
VERTEX
  5
5C9
330
17
100
AcDbEntity
  8
TOPO-CONTOUR-MINOR
100
AcDbVertex
100
AcDb3dPolylineVertex
 10
169.68667930218407
 20
-275.61727473585444
 30
1033.0
 70
32
  0
VERTEX
  5
5CA
330
17
100
AcDbEntity
  8
TOPO-CONTOUR-MINOR
100
AcDbVertex
100
AcDb3dPolylineVertex
 10
168.378246857292
 20
-278.05979109648615
 30
1033.0
 70
32
  0
VERTEX
  5
5CB
330
17
100
AcDbEntity
  8
TOPO-CONTOUR-MINOR
100
AcDbVertex
100
AcDb3dPolylineVertex
 10
166.66383572295695
 20
-280.4029016033281
 30
1033.0
 70
32
  0
VERTEX
  5
5CC
330
17
100
AcDbEntity
  8
TOPO-CONTOUR-MINOR
100
AcDbVertex
100
AcDb3dPolylineVertex
 10
162.6833800085224
 20
-284.1054782550782
 30
1033.0
 70
32
  0
VERTEX
  5
5CD
330
17
100
AcDbEntity
  8
TOPO-CONTOUR-MINOR
100
AcDbVertex
100
AcDb3dPolylineVertex
 10
158.15318419361586
 20
-289.1435508867726
 30
1033.0
 70
32
  0
VERTEX
  5
5CE
330
17
100
AcDbEntity
  8
TOPO-CONTOUR-MINOR
100
AcDbVertex
100
AcDb3dPolylineVertex
 10
153.56484687963928
 20
-299.58161983595187
 30
1033.0
 70
32
  0
VERTEX
  5
5CF
330
17
100
AcDbEntity
  8
TOPO-CONTOUR-MINOR
100
AcDbVertex
100
AcDb3dPolylineVertex
 10
146.51154519477598
 20
-312.8241096962052
 30
1033.0
 70
32
  0
VERTEX
  5
5D0
330
17
100
AcDbEntity
  8
TOPO-CONTOUR-MINOR
100
AcDbVertex
100
AcDb3dPolylineVertex
 10
141.8642028747601
 20
-320.37960120569915
 30
1033.0
 70
32
  0
VERTEX
  5
5D1
330
17
100
AcDbEntity
  8
TOPO-CONTOUR-MINOR
100
AcDbVertex
100
AcDb3dPolylineVertex
 10
139.45824350991256
 20
-326.0242315906406
 30
1033.0
 70
32
  0
VERTEX
  5
5D2
330
17
100
AcDbEntity
  8
TOPO-CONTOUR-MINOR
100
AcDbVertex
100
AcDb3dPolylineVertex
 10
125.09546290115303
 20
-353.6308805765584
 30
1033.0
 70
32
  0
VERTEX
  5
5D3
330
17
100
AcDbEntity
  8
TOPO-CONTOUR-MINOR
100
AcDbVertex
100
AcDb3dPolylineVertex
 10
117.75620937403518
 20
-369.75271299947053
 30
1033.0
 70
32
  0
VERTEX
  5
5D4
330
17
100
AcDbEntity
  8
TOPO-CONTOUR-MINOR
100
AcDbVertex
100
AcDb3dPolylineVertex
 10
112.68000710039938
 20
-383.85931636951864
 30
1033.0
 70
32
  0
VERTEX
  5
5D5
330
17
100
AcDbEntity
  8
TOPO-CONTOUR-MINOR
100
AcDbVertex
100
AcDb3dPolylineVertex
 10
105.80336403346922
 20
-407.03445047698915
 30
1033.0
 70
32
  0
VERTEX
  5
5D6
330
17
100
AcDbEntity
  8
TOPO-CONTOUR-MINOR
100
AcDbVertex
100
AcDb3dPolylineVertex
 10
103.25328155024225
 20
-417.0
 30
1033.0
 70
32
  0
SEQEND
  5
526
330
525
100
AcDbEntity
  8
TOPO-CONTOUR-MINOR
  0
POLYLINE
  5
5D7
330
17
100
AcDbEntity
  8
TOPO-CONTOUR-MINOR
100
AcDb3dPolyline
 66
1
 10
0.0
 20
0.0
 30
0.0
 70
8
  0
VERTEX
  5
5D9
330
17
100
AcDbEntity
  8
TOPO-CONTOUR-MINOR
100
AcDbVertex
100
AcDb3dPolylineVertex
 10
284.18225703908877
 20
-46.30845002178103
 30
1033.0
 70
32
  0
VERTEX
  5
5DA
330
17
100
AcDbEntity
  8
TOPO-CONTOUR-MINOR
100
AcDbVertex
100
AcDb3dPolylineVertex
 10
285.56234983922445
 20
-46.36353380870493
 30
1033.0
 70
32
  0
VERTEX
  5
5DB
330
17
100
AcDbEntity
  8
TOPO-CONTOUR-MINOR
100
AcDbVertex
100
AcDb3dPolylineVertex
 10
287.98615276544746
 20
-48.32367907464504
 30
1033.0
 70
32
  0
VERTEX
  5
5DC
330
17
100
AcDbEntity
  8
TOPO-CONTOUR-MINOR
100
AcDbVertex
100
AcDb3dPolylineVertex
 10
288.4016121797256
 20
-49.33129360154271
 30
1033.0
 70
32
  0
VERTEX
  5
5DD
330
17
100
AcDbEntity
  8
TOPO-CONTOUR-MINOR
100
AcDbVertex
100
AcDb3dPolylineVertex
 10
286.5699643656335
 20
-49.67368848504745
 30
1033.0
 70
32
  0
VERTEX
  5
5DE
330
17
100
AcDbEntity
  8
TOPO-CONTOUR-MINOR
100
AcDbVertex
100
AcDb3dPolylineVertex
 10
285.4044082650211
 20
-49.33129360154271
 30
1033.0
 70
32
  0
VERTEX
  5
5DF
330
17
100
AcDbEntity
  8
TOPO-CONTOUR-MINOR
100
AcDbVertex
100
AcDb3dPolylineVertex
 10
284.2040549517551
 20
-48.32367907464504
 30
1033.0
 70
32
  0
VERTEX
  5
5E0
330
17
100
AcDbEntity
  8
TOPO-CONTOUR-MINOR
100
AcDbVertex
100
AcDb3dPolylineVertex
 10
283.7802325071125
 20
-47.316064548678696
 30
1033.0
 70
32
  0
VERTEX
  5
5E1
330
17
100
AcDbEntity
  8
TOPO-CONTOUR-MINOR
100
AcDbVertex
100
AcDb3dPolylineVertex
 10
284.18225703908877
 20
-46.30845002178103
 30
1033.0
 70
32
  0
SEQEND
  5
5D8
330
5D7
100
AcDbEntity
  8
TOPO-CONTOUR-MINOR
  0
POLYLINE
  5
5E2
330
17
100
AcDbEntity
  8
TOPO-CONTOUR-MINOR
100
AcDb3dPolyline
 66
1
 10
0.0
 20
0.0
 30
0.0
 70
8
  0
VERTEX
  5
5E4
330
17
100
AcDbEntity
  8
TOPO-CONTOUR-MINOR
100
AcDbVertex
100
AcDb3dPolylineVertex
 10
352.8193675943445
 20
-79.55972939357162
 30
1033.0
 70
32
  0
VERTEX
  5
5E5
330
17
100
AcDbEntity
  8
TOPO-CONTOUR-MINOR
100
AcDbVertex
100
AcDb3dPolylineVertex
 10
355.08775216144863
 20
-78.57266935501173
 30
1033.0
 70
32
  0
VERTEX
  5
5E6
330
17
100
AcDbEntity
  8
TOPO-CONTOUR-MINOR
100
AcDbVertex
100
AcDb3dPolylineVertex
 10
357.1029812142667
 20
-79.4072331668761
 30
1033.0
 70
32
  0
VERTEX
  5
5E7
330
17
100
AcDbEntity
  8
TOPO-CONTOUR-MINOR
100
AcDbVertex
100
AcDb3dPolylineVertex
 10
357.9038633568846
 20
-80.56734392046928
 30
1033.0
 70
32
  0
VERTEX
  5
5E8
330
17
100
AcDbEntity
  8
TOPO-CONTOUR-MINOR
100
AcDbVertex
100
AcDb3dPolylineVertex
 10
357.6031781350565
 20
-82.5825729733333
 30
1033.0
 70
32
  0
VERTEX
  5
5E9
330
17
100
AcDbEntity
  8
TOPO-CONTOUR-MINOR
100
AcDbVertex
100
AcDb3dPolylineVertex
 10
356.0953666878577
 20
-86.26359452617535
 30
1033.0
 70
32
  0
VERTEX
  5
5EA
330
17
100
AcDbEntity
  8
TOPO-CONTOUR-MINOR
100
AcDbVertex
100
AcDb3dPolylineVertex
 10
355.0877521614486
 20
-87.51283256334165
 30
1033.0
 70
32
  0
VERTEX
  5
5EB
330
17
100
AcDbEntity
  8
TOPO-CONTOUR-MINOR
100
AcDbVertex
100
AcDb3dPolylineVertex
 10
354.0801376350396
 20
-87.20095118788186
 30
1033.0
 70
32
  0
VERTEX
  5
5EC
330
17
100
AcDbEntity
  8
TOPO-CONTOUR-MINOR
100
AcDbVertex
100
AcDb3dPolylineVertex
 10
351.7358527980732
 20
-82.5825729733333
 30
1033.0
 70
32
  0
VERTEX
  5
5ED
330
17
100
AcDbEntity
  8
TOPO-CONTOUR-MINOR
100
AcDbVertex
100
AcDb3dPolylineVertex
 10
351.5175085733418
 20
-81.57495844643563
 30
1033.0
 70
32
  0
VERTEX
  5
5EE
330
17
100
AcDbEntity
  8
TOPO-CONTOUR-MINOR
100
AcDbVertex
100
AcDb3dPolylineVertex
 10
351.8241863809777
 20
-80.56734392046928
 30
1033.0
 70
32
  0
VERTEX
  5
5EF
330
17
100
AcDbEntity
  8
TOPO-CONTOUR-MINOR
100
AcDbVertex
100
AcDb3dPolylineVertex
 10
352.8193675943445
 20
-79.55972939357162
 30
1033.0
 70
32
  0
SEQEND
  5
5E3
330
5E2
100
AcDbEntity
  8
TOPO-CONTOUR-MINOR
  0
POLYLINE
  5
5F0
330
17
100
AcDbEntity
  8
TOPO-CONTOUR-MINOR
100
AcDb3dPolyline
 66
1
 10
0.0
 20
0.0
 30
0.0
 70
8
  0
VERTEX
  5
5F2
330
17
100
AcDbEntity
  8
TOPO-CONTOUR-MINOR
100
AcDbVertex
100
AcDb3dPolylineVertex
 10
-4.740547597048712
 20
183.0
 30
1034.0
 70
32
  0
VERTEX
  5
5F3
330
17
100
AcDbEntity
  8
TOPO-CONTOUR-MINOR
100
AcDbVertex
100
AcDb3dPolylineVertex
 10
-4.103007153832215
 20
182.4200474731624
 30
1034.0
 70
32
  0
VERTEX
  5
5F4
330
17
100
AcDbEntity
  8
TOPO-CONTOUR-MINOR
100
AcDbVertex
100
AcDb3dPolylineVertex
 10
-1.2318136850744452
 20
180.4048184202984
 30
1034.0
 70
32
  0
VERTEX
  5
5F5
330
17
100
AcDbEntity
  8
TOPO-CONTOUR-MINOR
100
AcDbVertex
100
AcDb3dPolylineVertex
 10
4.437896971100372
 20
177.39861098609506
 30
1034.0
 70
32
  0
VERTEX
  5
5F6
330
17
100
AcDbEntity
  8
TOPO-CONTOUR-MINOR
100
AcDbVertex
100
AcDb3dPolylineVertex
 10
9.475969603145586
 20
172.75557012208418
 30
1034.0
 70
32
  0
VERTEX
  5
5F7
330
17
100
AcDbEntity
  8
TOPO-CONTOUR-MINOR
100
AcDbVertex
100
AcDb3dPolylineVertex
 10
15.412130687520587
 20
169.32105862908065
 30
1034.0
 70
32
  0
VERTEX
  5
5F8
330
17
100
AcDbEntity
  8
TOPO-CONTOUR-MINOR
100
AcDbVertex
100
AcDb3dPolylineVertex
 10
19.552114867236014
 20
166.43631740881466
 30
1034.0
 70
32
  0
VERTEX
  5
5F9
330
17
100
AcDbEntity
  8
TOPO-CONTOUR-MINOR
100
AcDbVertex
100
AcDb3dPolylineVertex
 10
31.597269911198545
 20
157.22968431282789
 30
1034.0
 70
32
  0
VERTEX
  5
5FA
330
17
100
AcDbEntity
  8
TOPO-CONTOUR-MINOR
100
AcDbVertex
100
AcDb3dPolylineVertex
 10
34.66633276337177
 20
154.48902898938408
 30
1034.0
 70
32
  0
VERTEX
  5
5FB
330
17
100
AcDbEntity
  8
TOPO-CONTOUR-MINOR
100
AcDbVertex
100
AcDb3dPolylineVertex
 10
43.73486350105327
 20
149.79331072422215
 30
1034.0
 70
32
  0
VERTEX
  5
5FC
330
17
100
AcDbEntity
  8
TOPO-CONTOUR-MINOR
100
AcDbVertex
100
AcDb3dPolylineVertex
 10
48.77293613309848
 20
147.63856774198683
 30
1034.0
 70
32
  0
VERTEX
  5
5FD
330
17
100
AcDbEntity
  8
TOPO-CONTOUR-MINOR
100
AcDbVertex
100
AcDb3dPolylineVertex
 10
69.93284118768838
 20
134.33435654426117
 30
1034.0
 70
32
  0
VERTEX
  5
5FE
330
17
100
AcDbEntity
  8
TOPO-CONTOUR-MINOR
100
AcDbVertex
100
AcDb3dPolylineVertex
 10
72.95568476691551
 20
131.81295867371904
 30
1034.0
 70
32
  0
VERTEX
  5
5FF
330
17
100
AcDbEntity
  8
TOPO-CONTOUR-MINOR
100
AcDbVertex
100
AcDb3dPolylineVertex
 10
73.96329929332455
 20
131.2780837765019
 30
1034.0
 70
32
  0
VERTEX
  5
600
330
17
100
AcDbEntity
  8
TOPO-CONTOUR-MINOR
100
AcDbVertex
100
AcDb3dPolylineVertex
 10
77.99375739896072
 20
130.24796770989957
 30
1034.0
 70
32
  0
VERTEX
  5
601
330
17
100
AcDbEntity
  8
TOPO-CONTOUR-MINOR
100
AcDbVertex
100
AcDb3dPolylineVertex
 10
80.52429894666886
 20
129.01647757273167
 30
1034.0
 70
32
  0
VERTEX
  5
602
330
17
100
AcDbEntity
  8
TOPO-CONTOUR-MINOR
100
AcDbVertex
100
AcDb3dPolylineVertex
 10
88.06990266305127
 20
124.2149397935653
 30
1034.0
 70
32
  0
VERTEX
  5
603
330
17
100
AcDbEntity
  8
TOPO-CONTOUR-MINOR
100
AcDbVertex
100
AcDb3dPolylineVertex
 10
107.2145786648232
 20
112.94996392453594
 30
1034.0
 70
32
  0
VERTEX
  5
604
330
17
100
AcDbEntity
  8
TOPO-CONTOUR-MINOR
100
AcDbVertex
100
AcDb3dPolylineVertex
 10
115.27549487609554
 20
109.69095491533332
 30
1034.0
 70
32
  0
VERTEX
  5
605
330
17
100
AcDbEntity
  8
TOPO-CONTOUR-MINOR
100
AcDbVertex
100
AcDb3dPolylineVertex
 10
117.29072392891362
 20
109.3502246011223
 30
1034.0
 70
32
  0
VERTEX
  5
606
330
17
100
AcDbEntity
  8
TOPO-CONTOUR-MINOR
100
AcDbVertex
100
AcDb3dPolylineVertex
 10
119.3059529817317
 20
109.46439449516626
 30
1034.0
 70
32
  0
VERTEX
  5
607
330
17
100
AcDbEntity
  8
TOPO-CONTOUR-MINOR
100
AcDbVertex
100
AcDb3dPolylineVertex
 10
120.17487940537282
 20
109.87180157098919
 30
1034.0
 70
32
  0
VERTEX
  5
608
330
17
100
AcDbEntity
  8
TOPO-CONTOUR-MINOR
100
AcDbVertex
100
AcDb3dPolylineVertex
 10
122.32879656095884
 20
112.44289961936568
 30
1034.0
 70
32
  0
VERTEX
  5
609
330
17
100
AcDbEntity
  8
TOPO-CONTOUR-MINOR
100
AcDbVertex
100
AcDb3dPolylineVertex
 10
126.93712893269071
 20
114.90987420361489
 30
1034.0
 70
32
  0
VERTEX
  5
60A
330
17
100
AcDbEntity
  8
TOPO-CONTOUR-MINOR
100
AcDbVertex
100
AcDb3dPolylineVertex
 10
129.38209824582214
 20
117.27677752924535
 30
1034.0
 70
32
  0
VERTEX
  5
60B
330
17
100
AcDbEntity
  8
TOPO-CONTOUR-MINOR
100
AcDbVertex
100
AcDb3dPolylineVertex
 10
130.38971277223118
 20
117.76879324992137
 30
1034.0
 70
32
  0
VERTEX
  5
60C
330
17
100
AcDbEntity
  8
TOPO-CONTOUR-MINOR
100
AcDbVertex
100
AcDb3dPolylineVertex
 10
131.39732729864022
 20
117.69313123680013
 30
1034.0
 70
32
  0
VERTEX
  5
60D
330
17
100
AcDbEntity
  8
TOPO-CONTOUR-MINOR
100
AcDbVertex
100
AcDb3dPolylineVertex
 10
133.4125563514583
 20
116.81150425559316
 30
1034.0
 70
32
  0
VERTEX
  5
60E
330
17
100
AcDbEntity
  8
TOPO-CONTOUR-MINOR
100
AcDbVertex
100
AcDb3dPolylineVertex
 10
134.42017087786735
 20
117.26144468026601
 30
1034.0
 70
32
  0
VERTEX
  5
60F
330
17
100
AcDbEntity
  8
TOPO-CONTOUR-MINOR
100
AcDbVertex
100
AcDb3dPolylineVertex
 10
135.4277854042764
 20
118.91616916666977
 30
1034.0
 70
32
  0
VERTEX
  5
610
330
17
100
AcDbEntity
  8
TOPO-CONTOUR-MINOR
100
AcDbVertex
100
AcDb3dPolylineVertex
 10
136.12064715291234
 20
120.95556136220694
 30
1034.0
 70
32
  0
VERTEX
  5
611
330
17
100
AcDbEntity
  8
TOPO-CONTOUR-MINOR
100
AcDbVertex
100
AcDb3dPolylineVertex
 10
137.53579643125443
 20
121.96317588817328
 30
1034.0
 70
32
  0
VERTEX
  5
612
330
17
100
AcDbEntity
  8
TOPO-CONTOUR-MINOR
100
AcDbVertex
100
AcDb3dPolylineVertex
 10
140.4658580363216
 20
122.65559555586405
 30
1034.0
 70
32
  0
VERTEX
  5
613
330
17
100
AcDbEntity
  8
TOPO-CONTOUR-MINOR
100
AcDbVertex
100
AcDb3dPolylineVertex
 10
145.50393066836693
 20
121.39774425016358
 30
1034.0
 70
32
  0
VERTEX
  5
614
330
17
100
AcDbEntity
  8
TOPO-CONTOUR-MINOR
100
AcDbVertex
100
AcDb3dPolylineVertex
 10
153.56484687963928
 20
118.23715324952809
 30
1034.0
 70
32
  0
VERTEX
  5
615
330
17
100
AcDbEntity
  8
TOPO-CONTOUR-MINOR
100
AcDbVertex
100
AcDb3dPolylineVertex
 10
156.58769045886652
 20
117.78582951655629
 30
1034.0
 70
32
  0
VERTEX
  5
616
330
17
100
AcDbEntity
  8
TOPO-CONTOUR-MINOR
100
AcDbVertex
100
AcDb3dPolylineVertex
 10
160.6181485645027
 20
116.55320302347835
 30
1034.0
 70
32
  0
VERTEX
  5
617
330
17
100
AcDbEntity
  8
TOPO-CONTOUR-MINOR
100
AcDbVertex
100
AcDb3dPolylineVertex
 10
163.64099214372982
 20
116.4972534589748
 30
1034.0
 70
32
  0
VERTEX
  5
618
330
17
100
AcDbEntity
  8
TOPO-CONTOUR-MINOR
100
AcDbVertex
100
AcDb3dPolylineVertex
 10
164.64860667013886
 20
116.1445915525497
 30
1034.0
 70
32
  0
VERTEX
  5
619
330
17
100
AcDbEntity
  8
TOPO-CONTOUR-MINOR
100
AcDbVertex
100
AcDb3dPolylineVertex
 10
169.68667930218407
 20
110.8173771398787
 30
1034.0
 70
32
  0
VERTEX
  5
61A
330
17
100
AcDbEntity
  8
TOPO-CONTOUR-MINOR
100
AcDbVertex
100
AcDb3dPolylineVertex
 10
171.3634039302225
 20
109.87180157098918
 30
1034.0
 70
32
  0
VERTEX
  5
61B
330
17
100
AcDbEntity
  8
TOPO-CONTOUR-MINOR
100
AcDbVertex
100
AcDb3dPolylineVertex
 10
178.75521003986546
 20
106.91044613622007
 30
1034.0
 70
32
  0
VERTEX
  5
61C
330
17
100
AcDbEntity
  8
TOPO-CONTOUR-MINOR
100
AcDbVertex
100
AcDb3dPolylineVertex
 10
183.5657142533907
 20
102.8184998864308
 30
1034.0
 70
32
  0
VERTEX
  5
61D
330
17
100
AcDbEntity
  8
TOPO-CONTOUR-MINOR
100
AcDbVertex
100
AcDb3dPolylineVertex
 10
184.2633563195765
 20
101.81088535953313
 30
1034.0
 70
32
  0
VERTEX
  5
61E
330
17
100
AcDbEntity
  8
TOPO-CONTOUR-MINOR
100
AcDbVertex
100
AcDb3dPolylineVertex
 10
184.81575005956907
 20
99.79565630760044
 30
1034.0
 70
32
  0
VERTEX
  5
61F
330
17
100
AcDbEntity
  8
TOPO-CONTOUR-MINOR
100
AcDbVertex
100
AcDb3dPolylineVertex
 10
184.93047114166814
 20
96.77281272783875
 30
1034.0
 70
32
  0
VERTEX
  5
620
330
17
100
AcDbEntity
  8
TOPO-CONTOUR-MINOR
100
AcDbVertex
100
AcDb3dPolylineVertex
 10
181.15076364320925
 20
91.73474009614438
 30
1034.0
 70
32
  0
VERTEX
  5
621
330
17
100
AcDbEntity
  8
TOPO-CONTOUR-MINOR
100
AcDbVertex
100
AcDb3dPolylineVertex
 10
179.90511435098654
 20
87.70428199041635
 30
1034.0
 70
32
  0
VERTEX
  5
622
330
17
100
AcDbEntity
  8
TOPO-CONTOUR-MINOR
100
AcDbVertex
100
AcDb3dPolylineVertex
 10
177.50916051688782
 20
85.68905293755233
 30
1034.0
 70
32
  0
VERTEX
  5
623
330
17
100
AcDbEntity
  8
TOPO-CONTOUR-MINOR
100
AcDbVertex
100
AcDb3dPolylineVertex
 10
177.2423787851605
 20
84.68143841065466
 30
1034.0
 70
32
  0
VERTEX
  5
624
330
17
100
AcDbEntity
  8
TOPO-CONTOUR-MINOR
100
AcDbVertex
100
AcDb3dPolylineVertex
 10
177.80977435431328
 20
83.67382388468832
 30
1034.0
 70
32
  0
VERTEX
  5
625
330
17
100
AcDbEntity
  8
TOPO-CONTOUR-MINOR
100
AcDbVertex
100
AcDb3dPolylineVertex
 10
180.1346734101221
 20
81.6585948318243
 30
1034.0
 70
32
  0
VERTEX
  5
626
330
17
100
AcDbEntity
  8
TOPO-CONTOUR-MINOR
100
AcDbVertex
100
AcDb3dPolylineVertex
 10
181.9384430477917
 20
80.65098030492663
 30
1034.0
 70
32
  0
VERTEX
  5
627
330
17
100
AcDbEntity
  8
TOPO-CONTOUR-MINOR
100
AcDbVertex
100
AcDb3dPolylineVertex
 10
185.9396478143954
 20
78.63575125299394
 30
1034.0
 70
32
  0
VERTEX
  5
628
330
17
100
AcDbEntity
  8
TOPO-CONTOUR-MINOR
100
AcDbVertex
100
AcDb3dPolylineVertex
 10
190.84658435677397
 20
76.8396040884267
 30
1034.0
 70
32
  0
VERTEX
  5
629
330
17
100
AcDbEntity
  8
TOPO-CONTOUR-MINOR
100
AcDbVertex
100
AcDb3dPolylineVertex
 10
193.8694279360011
 20
75.22737057791875
 30
1034.0
 70
32
  0
VERTEX
  5
62A
330
17
100
AcDbEntity
  8
TOPO-CONTOUR-MINOR
100
AcDbVertex
100
AcDb3dPolylineVertex
 10
196.89227151522823
 20
74.60692135399252
 30
1034.0
 70
32
  0
VERTEX
  5
62B
330
17
100
AcDbEntity
  8
TOPO-CONTOUR-MINOR
100
AcDbVertex
100
AcDb3dPolylineVertex
 10
201.93034414727356
 20
74.83228868475769
 30
1034.0
 70
32
  0
VERTEX
  5
62C
330
17
100
AcDbEntity
  8
TOPO-CONTOUR-MINOR
100
AcDbVertex
100
AcDb3dPolylineVertex
 10
207.97603130572782
 20
73.58455526981525
 30
1034.0
 70
32
  0
VERTEX
  5
62D
330
17
100
AcDbEntity
  8
TOPO-CONTOUR-MINOR
100
AcDbVertex
100
AcDb3dPolylineVertex
 10
210.99887488495494
 20
73.9563963186803
 30
1034.0
 70
32
  0
VERTEX
  5
62E
330
17
100
AcDbEntity
  8
TOPO-CONTOUR-MINOR
100
AcDbVertex
100
AcDb3dPolylineVertex
 10
212.37594467897
 20
74.60529314726591
 30
1034.0
 70
32
  0
VERTEX
  5
62F
330
17
100
AcDbEntity
  8
TOPO-CONTOUR-MINOR
100
AcDbVertex
100
AcDb3dPolylineVertex
 10
215.02933299059123
 20
76.86345384828681
 30
1034.0
 70
32
  0
VERTEX
  5
630
330
17
100
AcDbEntity
  8
TOPO-CONTOUR-MINOR
100
AcDbVertex
100
AcDb3dPolylineVertex
 10
219.33078668631356
 20
78.63575125299394
 30
1034.0
 70
32
  0
VERTEX
  5
631
330
17
100
AcDbEntity
  8
TOPO-CONTOUR-MINOR
100
AcDbVertex
100
AcDb3dPolylineVertex
 10
220.55818880811123
 20
79.64336577896029
 30
1034.0
 70
32
  0
VERTEX
  5
632
330
17
100
AcDbEntity
  8
TOPO-CONTOUR-MINOR
100
AcDbVertex
100
AcDb3dPolylineVertex
 10
221.60724919400752
 20
83.67382388468832
 30
1034.0
 70
32
  0
VERTEX
  5
633
330
17
100
AcDbEntity
  8
TOPO-CONTOUR-MINOR
100
AcDbVertex
100
AcDb3dPolylineVertex
 10
220.7787498769534
 20
85.68905293755233
 30
1034.0
 70
32
  0
VERTEX
  5
634
330
17
100
AcDbEntity
  8
TOPO-CONTOUR-MINOR
100
AcDbVertex
100
AcDb3dPolylineVertex
 10
221.38264981243796
 20
86.69666746351868
 30
1034.0
 70
32
  0
VERTEX
  5
635
330
17
100
AcDbEntity
  8
TOPO-CONTOUR-MINOR
100
AcDbVertex
100
AcDb3dPolylineVertex
 10
222.08263467545453
 20
86.79961894713065
 30
1034.0
 70
32
  0
VERTEX
  5
636
330
17
100
AcDbEntity
  8
TOPO-CONTOUR-MINOR
100
AcDbVertex
100
AcDb3dPolylineVertex
 10
225.10547825468166
 20
86.16277706520094
 30
1034.0
 70
32
  0
VERTEX
  5
637
330
17
100
AcDbEntity
  8
TOPO-CONTOUR-MINOR
100
AcDbVertex
100
AcDb3dPolylineVertex
 10
227.12070730749974
 20
86.19452907701351
 30
1034.0
 70
32
  0
VERTEX
  5
638
330
17
100
AcDbEntity
  8
TOPO-CONTOUR-MINOR
100
AcDbVertex
100
AcDb3dPolylineVertex
 10
236.18923804518113
 20
88.96016515318176
 30
1034.0
 70
32
  0
VERTEX
  5
639
330
17
100
AcDbEntity
  8
TOPO-CONTOUR-MINOR
100
AcDbVertex
100
AcDb3dPolylineVertex
 10
241.22731067722634
 20
89.73779204251811
 30
1034.0
 70
32
  0
VERTEX
  5
63A
330
17
100
AcDbEntity
  8
TOPO-CONTOUR-MINOR
100
AcDbVertex
100
AcDb3dPolylineVertex
 10
242.23492520363538
 20
89.57638757107297
 30
1034.0
 70
32
  0
VERTEX
  5
63B
330
17
100
AcDbEntity
  8
TOPO-CONTOUR-MINOR
100
AcDbVertex
100
AcDb3dPolylineVertex
 10
243.81542473351269
 20
88.7118965163827
 30
1034.0
 70
32
  0
VERTEX
  5
63C
330
17
100
AcDbEntity
  8
TOPO-CONTOUR-MINOR
100
AcDbVertex
100
AcDb3dPolylineVertex
 10
244.6901158436125
 20
87.70428199041635
 30
1034.0
 70
32
  0
VERTEX
  5
63D
330
17
100
AcDbEntity
  8
TOPO-CONTOUR-MINOR
100
AcDbVertex
100
AcDb3dPolylineVertex
 10
245.02164338335254
 20
86.69666746351866
 30
1034.0
 70
32
  0
VERTEX
  5
63E
330
17
100
AcDbEntity
  8
TOPO-CONTOUR-MINOR
100
AcDbVertex
100
AcDb3dPolylineVertex
 10
244.7598507688855
 20
85.68905293755233
 30
1034.0
 70
32
  0
VERTEX
  5
63F
330
17
100
AcDbEntity
  8
TOPO-CONTOUR-MINOR
100
AcDbVertex
100
AcDb3dPolylineVertex
 10
243.19267247810063
 20
83.67382388468832
 30
1034.0
 70
32
  0
VERTEX
  5
640
330
17
100
AcDbEntity
  8
TOPO-CONTOUR-MINOR
100
AcDbVertex
100
AcDb3dPolylineVertex
 10
242.85061799333533
 20
78.63575125299394
 30
1034.0
 70
32
  0
VERTEX
  5
641
330
17
100
AcDbEntity
  8
TOPO-CONTOUR-MINOR
100
AcDbVertex
100
AcDb3dPolylineVertex
 10
243.5778110165818
 20
76.62052220012993
 30
1034.0
 70
32
  0
VERTEX
  5
642
330
17
100
AcDbEntity
  8
TOPO-CONTOUR-MINOR
100
AcDbVertex
100
AcDb3dPolylineVertex
 10
244.9026044104374
 20
74.60529314726591
 30
1034.0
 70
32
  0
VERTEX
  5
643
330
17
100
AcDbEntity
  8
TOPO-CONTOUR-MINOR
100
AcDbVertex
100
AcDb3dPolylineVertex
 10
246.2653833092716
 20
73.46140397327336
 30
1034.0
 70
32
  0
VERTEX
  5
644
330
17
100
AcDbEntity
  8
TOPO-CONTOUR-MINOR
100
AcDbVertex
100
AcDb3dPolylineVertex
 10
248.2806123620897
 20
72.75417125565197
 30
1034.0
 70
32
  0
VERTEX
  5
645
330
17
100
AcDbEntity
  8
TOPO-CONTOUR-MINOR
100
AcDbVertex
100
AcDb3dPolylineVertex
 10
252.31107046772584
 20
72.18769019897334
 30
1034.0
 70
32
  0
VERTEX
  5
646
330
17
100
AcDbEntity
  8
TOPO-CONTOUR-MINOR
100
AcDbVertex
100
AcDb3dPolylineVertex
 10
253.59808880614207
 20
71.58244956750423
 30
1034.0
 70
32
  0
VERTEX
  5
647
330
17
100
AcDbEntity
  8
TOPO-CONTOUR-MINOR
100
AcDbVertex
100
AcDb3dPolylineVertex
 10
254.17258816107466
 20
70.57483504153788
 30
1034.0
 70
32
  0
VERTEX
  5
648
330
17
100
AcDbEntity
  8
TOPO-CONTOUR-MINOR
100
AcDbVertex
100
AcDb3dPolylineVertex
 10
254.20838712064773
 20
69.56722051464021
 30
1034.0
 70
32
  0
VERTEX
  5
649
330
17
100
AcDbEntity
  8
TOPO-CONTOUR-MINOR
100
AcDbVertex
100
AcDb3dPolylineVertex
 10
253.0988004203312
 20
67.5519914617762
 30
1034.0
 70
32
  0
VERTEX
  5
64A
330
17
100
AcDbEntity
  8
TOPO-CONTOUR-MINOR
100
AcDbVertex
100
AcDb3dPolylineVertex
 10
253.31868499413488
 20
66.54174188207567
 30
1034.0
 70
32
  0
VERTEX
  5
64B
330
17
100
AcDbEntity
  8
TOPO-CONTOUR-MINOR
100
AcDbVertex
100
AcDb3dPolylineVertex
 10
260.37198667899827
 20
65.22819133310037
 30
1034.0
 70
32
  0
VERTEX
  5
64C
330
17
100
AcDbEntity
  8
TOPO-CONTOUR-MINOR
100
AcDbVertex
100
AcDb3dPolylineVertex
 10
265.4100593110435
 20
65.23239361072004
 30
1034.0
 70
32
  0
VERTEX
  5
64D
330
17
100
AcDbEntity
  8
TOPO-CONTOUR-MINOR
100
AcDbVertex
100
AcDb3dPolylineVertex
 10
275.4862045751339
 20
64.10668846424291
 30
1034.0
 70
32
  0
VERTEX
  5
64E
330
17
100
AcDbEntity
  8
TOPO-CONTOUR-MINOR
100
AcDbVertex
100
AcDb3dPolylineVertex
 10
286.5699643656335
 20
64.37309467772475
 30
1034.0
 70
32
  0
VERTEX
  5
64F
330
17
100
AcDbEntity
  8
TOPO-CONTOUR-MINOR
100
AcDbVertex
100
AcDb3dPolylineVertex
 10
292.61565152408775
 20
65.32347563367225
 30
1034.0
 70
32
  0
VERTEX
  5
650
330
17
100
AcDbEntity
  8
TOPO-CONTOUR-MINOR
100
AcDbVertex
100
AcDb3dPolylineVertex
 10
303.6994113145872
 20
64.01051961160579
 30
1034.0
 70
32
  0
VERTEX
  5
651
330
17
100
AcDbEntity
  8
TOPO-CONTOUR-MINOR
100
AcDbVertex
100
AcDb3dPolylineVertex
 10
312.7679420522687
 20
63.98678239786368
 30
1034.0
 70
32
  0
VERTEX
  5
652
330
17
100
AcDbEntity
  8
TOPO-CONTOUR-MINOR
100
AcDbVertex
100
AcDb3dPolylineVertex
 10
317.806014684314
 20
63.35552089984751
 30
1034.0
 70
32
  0
VERTEX
  5
653
330
17
100
AcDbEntity
  8
TOPO-CONTOUR-MINOR
100
AcDbVertex
100
AcDb3dPolylineVertex
 10
324.5869220227826
 20
61.50630430318416
 30
1034.0
 70
32
  0
VERTEX
  5
654
330
17
100
AcDbEntity
  8
TOPO-CONTOUR-MINOR
100
AcDbVertex
100
AcDb3dPolylineVertex
 10
326.8745454219953
 20
60.536683086157076
 30
1034.0
 70
32
  0
VERTEX
  5
655
330
17
100
AcDbEntity
  8
TOPO-CONTOUR-MINOR
100
AcDbVertex
100
AcDb3dPolylineVertex
 10
329.5303610013777
 20
58.48346072435379
 30
1034.0
 70
32
  0
VERTEX
  5
656
330
17
100
AcDbEntity
  8
TOPO-CONTOUR-MINOR
100
AcDbVertex
100
AcDb3dPolylineVertex
 10
330.22614509782494
 20
57.475846198387444
 30
1034.0
 70
32
  0
VERTEX
  5
657
330
17
100
AcDbEntity
  8
TOPO-CONTOUR-MINOR
100
AcDbVertex
100
AcDb3dPolylineVertex
 10
330.8857507063553
 20
55.46061714552342
 30
1034.0
 70
32
  0
VERTEX
  5
658
330
17
100
AcDbEntity
  8
TOPO-CONTOUR-MINOR
100
AcDbVertex
100
AcDb3dPolylineVertex
 10
330.72599342775027
 20
53.445388092659414
 30
1034.0
 70
32
  0
VERTEX
  5
659
330
17
100
AcDbEntity
  8
TOPO-CONTOUR-MINOR
100
AcDbVertex
100
AcDb3dPolylineVertex
 10
329.140342173926
 20
48.407315460033715
 30
1034.0
 70
32
  0
VERTEX
  5
65A
330
17
100
AcDbEntity
  8
TOPO-CONTOUR-MINOR
100
AcDbVertex
100
AcDb3dPolylineVertex
 10
329.03275430119095
 20
46.3920864071697
 30
1034.0
 70
32
  0
VERTEX
  5
65B
330
17
100
AcDbEntity
  8
TOPO-CONTOUR-MINOR
100
AcDbVertex
100
AcDb3dPolylineVertex
 10
329.4509600512092
 20
44.376857354305685
 30
1034.0
 70
32
  0
VERTEX
  5
65C
330
17
100
AcDbEntity
  8
TOPO-CONTOUR-MINOR
100
AcDbVertex
100
AcDb3dPolylineVertex
 10
330.9050035276315
 20
41.630006235889866
 30
1034.0
 70
32
  0
VERTEX
  5
65D
330
17
100
AcDbEntity
  8
TOPO-CONTOUR-MINOR
100
AcDbVertex
100
AcDb3dPolylineVertex
 10
333.64736661340316
 20
38.33117019664496
 30
1034.0
 70
32
  0
VERTEX
  5
65E
330
17
100
AcDbEntity
  8
TOPO-CONTOUR-MINOR
100
AcDbVertex
100
AcDb3dPolylineVertex
 10
335.5732061443425
 20
35.30832661688328
 30
1034.0
 70
32
  0
VERTEX
  5
65F
330
17
100
AcDbEntity
  8
TOPO-CONTOUR-MINOR
100
AcDbVertex
100
AcDb3dPolylineVertex
 10
336.34852896194604
 20
33.29309756401926
 30
1034.0
 70
32
  0
VERTEX
  5
660
330
17
100
AcDbEntity
  8
TOPO-CONTOUR-MINOR
100
AcDbVertex
100
AcDb3dPolylineVertex
 10
336.57156430584865
 20
30.2702539851889
 30
1034.0
 70
32
  0
VERTEX
  5
661
330
17
100
AcDbEntity
  8
TOPO-CONTOUR-MINOR
100
AcDbVertex
100
AcDb3dPolylineVertex
 10
335.89753812144676
 20
26.23979587946087
 30
1034.0
 70
32
  0
VERTEX
  5
662
330
17
100
AcDbEntity
  8
TOPO-CONTOUR-MINOR
100
AcDbVertex
100
AcDb3dPolylineVertex
 10
335.2746712621092
 20
19.18649419490248
 30
1034.0
 70
32
  0
VERTEX
  5
663
330
17
100
AcDbEntity
  8
TOPO-CONTOUR-MINOR
100
AcDbVertex
100
AcDb3dPolylineVertex
 10
334.13064978970533
 20
15.15603608917445
 30
1034.0
 70
32
  0
VERTEX
  5
664
330
17
100
AcDbEntity
  8
TOPO-CONTOUR-MINOR
100
AcDbVertex
100
AcDb3dPolylineVertex
 10
328.4494308570645
 20
5.079890824854374
 30
1034.0
 70
32
  0
VERTEX
  5
665
330
17
100
AcDbEntity
  8
TOPO-CONTOUR-MINOR
100
AcDbVertex
100
AcDb3dPolylineVertex
 10
323.1298136216892
 20
-0.9657963337376714
 30
1034.0
 70
32
  0
VERTEX
  5
666
330
17
100
AcDbEntity
  8
TOPO-CONTOUR-MINOR
100
AcDbVertex
100
AcDb3dPolylineVertex
 10
321.5524708400127
 20
-3.9886399125680327
 30
1034.0
 70
32
  0
VERTEX
  5
667
330
17
100
AcDbEntity
  8
TOPO-CONTOUR-MINOR
100
AcDbVertex
100
AcDb3dPolylineVertex
 10
321.2165132264902
 20
-7.011483492329717
 30
1034.0
 70
32
  0
VERTEX
  5
668
330
17
100
AcDbEntity
  8
TOPO-CONTOUR-MINOR
100
AcDbVertex
100
AcDb3dPolylineVertex
 10
322.75623934194397
 20
-12.049556124024093
 30
1034.0
 70
32
  0
VERTEX
  5
669
330
17
100
AcDbEntity
  8
TOPO-CONTOUR-MINOR
100
AcDbVertex
100
AcDb3dPolylineVertex
 10
322.76426132034004
 20
-13.057170650921762
 30
1034.0
 70
32
  0
VERTEX
  5
66A
330
17
100
AcDbEntity
  8
TOPO-CONTOUR-MINOR
100
AcDbVertex
100
AcDb3dPolylineVertex
 10
322.34045101192453
 20
-14.064785176888108
 30
1034.0
 70
32
  0
VERTEX
  5
66B
330
17
100
AcDbEntity
  8
TOPO-CONTOUR-MINOR
100
AcDbVertex
100
AcDb3dPolylineVertex
 10
320.9079965684544
 20
-15.072399703785777
 30
1034.0
 70
32
  0
VERTEX
  5
66C
330
17
100
AcDbEntity
  8
TOPO-CONTOUR-MINOR
100
AcDbVertex
100
AcDb3dPolylineVertex
 10
319.821243737132
 20
-15.14241819408914
 30
1034.0
 70
32
  0
VERTEX
  5
66D
330
17
100
AcDbEntity
  8
TOPO-CONTOUR-MINOR
100
AcDbVertex
100
AcDb3dPolylineVertex
 10
317.80601468431394
 20
-14.406509285763068
 30
1034.0
 70
32
  0
VERTEX
  5
66E
330
17
100
AcDbEntity
  8
TOPO-CONTOUR-MINOR
100
AcDbVertex
100
AcDb3dPolylineVertex
 10
313.77555657867777
 20
-12.261517121679937
 30
1034.0
 70
32
  0
VERTEX
  5
66F
330
17
100
AcDbEntity
  8
TOPO-CONTOUR-MINOR
100
AcDbVertex
100
AcDb3dPolylineVertex
 10
311.7603275258597
 20
-11.70206210479668
 30
1034.0
 70
32
  0
VERTEX
  5
670
330
17
100
AcDbEntity
  8
TOPO-CONTOUR-MINOR
100
AcDbVertex
100
AcDb3dPolylineVertex
 10
304.70702584099627
 20
-11.486665672336468
 30
1034.0
 70
32
  0
VERTEX
  5
671
330
17
100
AcDbEntity
  8
TOPO-CONTOUR-MINOR
100
AcDbVertex
100
AcDb3dPolylineVertex
 10
299.66895320895105
 20
-10.565554082436083
 30
1034.0
 70
32
  0
VERTEX
  5
672
330
17
100
AcDbEntity
  8
TOPO-CONTOUR-MINOR
100
AcDbVertex
100
AcDb3dPolylineVertex
 10
297.65372415613297
 20
-10.527643701138814
 30
1034.0
 70
32
  0
VERTEX
  5
673
330
17
100
AcDbEntity
  8
TOPO-CONTOUR-MINOR
100
AcDbVertex
100
AcDb3dPolylineVertex
 10
294.63088057690584
 20
-11.173797672187854
 30
1034.0
 70
32
  0
VERTEX
  5
674
330
17
100
AcDbEntity
  8
TOPO-CONTOUR-MINOR
100
AcDbVertex
100
AcDb3dPolylineVertex
 10
291.6080369976787
 20
-12.351020786282938
 30
1034.0
 70
32
  0
VERTEX
  5
675
330
17
100
AcDbEntity
  8
TOPO-CONTOUR-MINOR
100
AcDbVertex
100
AcDb3dPolylineVertex
 10
289.5928079448606
 20
-13.61478906529593
 30
1034.0
 70
32
  0
VERTEX
  5
676
330
17
100
AcDbEntity
  8
TOPO-CONTOUR-MINOR
100
AcDbVertex
100
AcDb3dPolylineVertex
 10
287.57757889204254
 20
-15.37939998109847
 30
1034.0
 70
32
  0
VERTEX
  5
677
330
17
100
AcDbEntity
  8
TOPO-CONTOUR-MINOR
100
AcDbVertex
100
AcDb3dPolylineVertex
 10
282.0363932172594
 20
-21.118086862377822
 30
1034.0
 70
32
  0
VERTEX
  5
678
330
17
100
AcDbEntity
  8
TOPO-CONTOUR-MINOR
100
AcDbVertex
100
AcDb3dPolylineVertex
 10
278.75473904010323
 20
-25.14854496717453
 30
1034.0
 70
32
  0
VERTEX
  5
679
330
17
100
AcDbEntity
  8
TOPO-CONTOUR-MINOR
100
AcDbVertex
100
AcDb3dPolylineVertex
 10
266.73559143049107
 20
-42.277991916053
 30
1034.0
 70
32
  0
VERTEX
  5
67A
330
17
100
AcDbEntity
  8
TOPO-CONTOUR-MINOR
100
AcDbVertex
100
AcDb3dPolylineVertex
 10
261.8480503554979
 20
-51.346522654406726
 30
1034.0
 70
32
  0
VERTEX
  5
67B
330
17
100
AcDbEntity
  8
TOPO-CONTOUR-MINOR
100
AcDbVertex
100
AcDb3dPolylineVertex
 10
260.37198667899827
 20
-54.97556890874236
 30
1034.0
 70
32
  0
VERTEX
  5
67C
330
17
100
AcDbEntity
  8
TOPO-CONTOUR-MINOR
100
AcDbVertex
100
AcDb3dPolylineVertex
 10
257.7840610506752
 20
-59.40743886586279
 30
1034.0
 70
32
  0
VERTEX
  5
67D
330
17
100
AcDbEntity
  8
TOPO-CONTOUR-MINOR
100
AcDbVertex
100
AcDb3dPolylineVertex
 10
256.34152857336204
 20
-62.833696063471336
 30
1034.0
 70
32
  0
VERTEX
  5
67E
330
17
100
AcDbEntity
  8
TOPO-CONTOUR-MINOR
100
AcDbVertex
100
AcDb3dPolylineVertex
 10
254.35052883093817
 20
-66.46074055042118
 30
1034.0
 70
32
  0
VERTEX
  5
67F
330
17
100
AcDbEntity
  8
TOPO-CONTOUR-MINOR
100
AcDbVertex
100
AcDb3dPolylineVertex
 10
253.65190851459357
 20
-69.48358412925154
 30
1034.0
 70
32
  0
VERTEX
  5
680
330
17
100
AcDbEntity
  8
TOPO-CONTOUR-MINOR
100
AcDbVertex
100
AcDb3dPolylineVertex
 10
254.03219426578602
 20
-74.52165676187724
 30
1034.0
 70
32
  0
VERTEX
  5
681
330
17
100
AcDbEntity
  8
TOPO-CONTOUR-MINOR
100
AcDbVertex
100
AcDb3dPolylineVertex
 10
253.49345947992055
 20
-76.53688581474125
 30
1034.0
 70
32
  0
VERTEX
  5
682
330
17
100
AcDbEntity
  8
TOPO-CONTOUR-MINOR
100
AcDbVertex
100
AcDb3dPolylineVertex
 10
252.82599409353094
 20
-77.5445003407076
 30
1034.0
 70
32
  0
VERTEX
  5
683
330
17
100
AcDbEntity
  8
TOPO-CONTOUR-MINOR
100
AcDbVertex
100
AcDb3dPolylineVertex
 10
250.2343139722704
 20
-80.56734392046927
 30
1034.0
 70
32
  0
VERTEX
  5
684
330
17
100
AcDbEntity
  8
TOPO-CONTOUR-MINOR
100
AcDbVertex
100
AcDb3dPolylineVertex
 10
248.2806123620897
 20
-83.82540662746575
 30
1034.0
 70
32
  0
VERTEX
  5
685
330
17
100
AcDbEntity
  8
TOPO-CONTOUR-MINOR
100
AcDbVertex
100
AcDb3dPolylineVertex
 10
244.08524625170966
 20
-88.62826013099402
 30
1034.0
 70
32
  0
VERTEX
  5
686
330
17
100
AcDbEntity
  8
TOPO-CONTOUR-MINOR
100
AcDbVertex
100
AcDb3dPolylineVertex
 10
237.30640622178785
 20
-92.65871823672205
 30
1034.0
 70
32
  0
VERTEX
  5
687
330
17
100
AcDbEntity
  8
TOPO-CONTOUR-MINOR
100
AcDbVertex
100
AcDb3dPolylineVertex
 10
233.166394465954
 20
-97.34430011992578
 30
1034.0
 70
32
  0
VERTEX
  5
688
330
17
100
AcDbEntity
  8
TOPO-CONTOUR-MINOR
100
AcDbVertex
100
AcDb3dPolylineVertex
 10
231.1511654131359
 20
-98.96446195116594
 30
1034.0
 70
32
  0
VERTEX
  5
689
330
17
100
AcDbEntity
  8
TOPO-CONTOUR-MINOR
100
AcDbVertex
100
AcDb3dPolylineVertex
 10
228.12832183390876
 20
-100.52679694329471
 30
1034.0
 70
32
  0
VERTEX
  5
68A
330
17
100
AcDbEntity
  8
TOPO-CONTOUR-MINOR
100
AcDbVertex
100
AcDb3dPolylineVertex
 10
224.0978637282726
 20
-101.74694919638834
 30
1034.0
 70
32
  0
VERTEX
  5
68B
330
17
100
AcDbEntity
  8
TOPO-CONTOUR-MINOR
100
AcDbVertex
100
AcDb3dPolylineVertex
 10
223.09024920186357
 20
-102.34580155673399
 30
1034.0
 70
32
  0
VERTEX
  5
68C
330
17
100
AcDbEntity
  8
TOPO-CONTOUR-MINOR
100
AcDbVertex
100
AcDb3dPolylineVertex
 10
222.5304640834194
 20
-103.74247802700847
 30
1034.0
 70
32
  0
VERTEX
  5
68D
330
17
100
AcDbEntity
  8
TOPO-CONTOUR-MINOR
100
AcDbVertex
100
AcDb3dPolylineVertex
 10
222.9343014278049
 20
-106.76532160677016
 30
1034.0
 70
32
  0
VERTEX
  5
68E
330
17
100
AcDbEntity
  8
TOPO-CONTOUR-MINOR
100
AcDbVertex
100
AcDb3dPolylineVertex
 10
222.79585086472753
 20
-107.77293613273652
 30
1034.0
 70
32
  0
VERTEX
  5
68F
330
17
100
AcDbEntity
  8
TOPO-CONTOUR-MINOR
100
AcDbVertex
100
AcDb3dPolylineVertex
 10
222.08263467545453
 20
-109.01988860641006
 30
1034.0
 70
32
  0
VERTEX
  5
690
330
17
100
AcDbEntity
  8
TOPO-CONTOUR-MINOR
100
AcDbVertex
100
AcDb3dPolylineVertex
 10
219.0597910962274
 20
-111.84255868884523
 30
1034.0
 70
32
  0
VERTEX
  5
691
330
17
100
AcDbEntity
  8
TOPO-CONTOUR-MINOR
100
AcDbVertex
100
AcDb3dPolylineVertex
 10
217.04456204340931
 20
-113.33311354970158
 30
1034.0
 70
32
  0
VERTEX
  5
692
330
17
100
AcDbEntity
  8
TOPO-CONTOUR-MINOR
100
AcDbVertex
100
AcDb3dPolylineVertex
 10
216.03694751700027
 20
-113.70610487282335
 30
1034.0
 70
32
  0
VERTEX
  5
693
330
17
100
AcDbEntity
  8
TOPO-CONTOUR-MINOR
100
AcDbVertex
100
AcDb3dPolylineVertex
 10
214.0217184641822
 20
-113.65912601098637
 30
1034.0
 70
32
  0
VERTEX
  5
694
330
17
100
AcDbEntity
  8
TOPO-CONTOUR-MINOR
100
AcDbVertex
100
AcDb3dPolylineVertex
 10
213.01410393777303
 20
-112.61338010156791
 30
1034.0
 70
32
  0
VERTEX
  5
695
330
17
100
AcDbEntity
  8
TOPO-CONTOUR-MINOR
100
AcDbVertex
100
AcDb3dPolylineVertex
 10
212.006489411364
 20
-109.47051571401393
 30
1034.0
 70
32
  0
VERTEX
  5
696
330
17
100
AcDbEntity
  8
TOPO-CONTOUR-MINOR
100
AcDbVertex
100
AcDb3dPolylineVertex
 10
211.04327157639878
 20
-107.7729361327365
 30
1034.0
 70
32
  0
VERTEX
  5
697
330
17
100
AcDbEntity
  8
TOPO-CONTOUR-MINOR
100
AcDbVertex
100
AcDb3dPolylineVertex
 10
208.98364583213686
 20
-106.38634361036912
 30
1034.0
 70
32
  0
VERTEX
  5
698
330
17
100
AcDbEntity
  8
TOPO-CONTOUR-MINOR
100
AcDbVertex
100
AcDb3dPolylineVertex
 10
205.96080225290973
 20
-105.50474106392377
 30
1034.0
 70
32
  0
VERTEX
  5
699
330
17
100
AcDbEntity
  8
TOPO-CONTOUR-MINOR
100
AcDbVertex
100
AcDb3dPolylineVertex
 10
200.92272962086452
 20
-105.55707558427574
 30
1034.0
 70
32
  0
VERTEX
  5
69A
330
17
100
AcDbEntity
  8
TOPO-CONTOUR-MINOR
100
AcDbVertex
100
AcDb3dPolylineVertex
 10
196.89227151522823
 20
-104.24155676225564
 30
1034.0
 70
32
  0
VERTEX
  5
69B
330
17
100
AcDbEntity
  8
TOPO-CONTOUR-MINOR
100
AcDbVertex
100
AcDb3dPolylineVertex
 10
192.86181340959206
 20
-103.44096285679403
 30
1034.0
 70
32
  0
VERTEX
  5
69C
330
17
100
AcDbEntity
  8
TOPO-CONTOUR-MINOR
100
AcDbVertex
100
AcDb3dPolylineVertex
 10
190.84658435677397
 20
-102.32515641258226
 30
1034.0
 70
32
  0
VERTEX
  5
69D
330
17
100
AcDbEntity
  8
TOPO-CONTOUR-MINOR
100
AcDbVertex
100
AcDb3dPolylineVertex
 10
188.8313553039559
 20
-101.94464118575931
 30
1034.0
 70
32
  0
VERTEX
  5
69E
330
17
100
AcDbEntity
  8
TOPO-CONTOUR-MINOR
100
AcDbVertex
100
AcDb3dPolylineVertex
 10
187.846897559448
 20
-102.73486350104213
 30
1034.0
 70
32
  0
VERTEX
  5
69F
330
17
100
AcDbEntity
  8
TOPO-CONTOUR-MINOR
100
AcDbVertex
100
AcDb3dPolylineVertex
 10
188.24819775992938
 20
-103.74247802700847
 30
1034.0
 70
32
  0
VERTEX
  5
6A0
330
17
100
AcDbEntity
  8
TOPO-CONTOUR-MINOR
100
AcDbVertex
100
AcDb3dPolylineVertex
 10
191.85419888318302
 20
-105.5975322388026
 30
1034.0
 70
32
  0
VERTEX
  5
6A1
330
17
100
AcDbEntity
  8
TOPO-CONTOUR-MINOR
100
AcDbVertex
100
AcDb3dPolylineVertex
 10
193.8694279360011
 20
-108.0349844042451
 30
1034.0
 70
32
  0
VERTEX
  5
6A2
330
17
100
AcDbEntity
  8
TOPO-CONTOUR-MINOR
100
AcDbVertex
100
AcDb3dPolylineVertex
 10
194.36693875818509
 20
-110.79577971249819
 30
1034.0
 70
32
  0
VERTEX
  5
6A3
330
17
100
AcDbEntity
  8
TOPO-CONTOUR-MINOR
100
AcDbVertex
100
AcDb3dPolylineVertex
 10
193.8694279360011
 20
-113.73945057515827
 30
1034.0
 70
32
  0
VERTEX
  5
6A4
330
17
100
AcDbEntity
  8
TOPO-CONTOUR-MINOR
100
AcDbVertex
100
AcDb3dPolylineVertex
 10
192.86181340959206
 20
-113.41153894976321
 30
1034.0
 70
32
  0
VERTEX
  5
6A5
330
17
100
AcDbEntity
  8
TOPO-CONTOUR-MINOR
100
AcDbVertex
100
AcDb3dPolylineVertex
 10
190.72696653947335
 20
-111.80339423846453
 30
1034.0
 70
32
  0
VERTEX
  5
6A6
330
17
100
AcDbEntity
  8
TOPO-CONTOUR-MINOR
100
AcDbVertex
100
AcDb3dPolylineVertex
 10
188.89940818913564
 20
-109.78816518560052
 30
1034.0
 70
32
  0
VERTEX
  5
6A7
330
17
100
AcDbEntity
  8
TOPO-CONTOUR-MINOR
100
AcDbVertex
100
AcDb3dPolylineVertex
 10
186.8161262511378
 20
-106.72707738741589
 30
1034.0
 70
32
  0
VERTEX
  5
6A8
330
17
100
AcDbEntity
  8
TOPO-CONTOUR-MINOR
100
AcDbVertex
100
AcDb3dPolylineVertex
 10
184.80089719831972
 20
-104.99896955616111
 30
1034.0
 70
32
  0
VERTEX
  5
6A9
330
17
100
AcDbEntity
  8
TOPO-CONTOUR-MINOR
100
AcDbVertex
100
AcDb3dPolylineVertex
 10
182.78566814550163
 20
-104.25535137144803
 30
1034.0
 70
32
  0
VERTEX
  5
6AA
330
17
100
AcDbEntity
  8
TOPO-CONTOUR-MINOR
100
AcDbVertex
100
AcDb3dPolylineVertex
 10
179.7628245662745
 20
-103.76689337375396
 30
1034.0
 70
32
  0
VERTEX
  5
6AB
330
17
100
AcDbEntity
  8
TOPO-CONTOUR-MINOR
100
AcDbVertex
100
AcDb3dPolylineVertex
 10
177.74759551345642
 20
-103.77404453502403
 30
1034.0
 70
32
  0
VERTEX
  5
6AC
330
17
100
AcDbEntity
  8
TOPO-CONTOUR-MINOR
100
AcDbVertex
100
AcDb3dPolylineVertex
 10
176.73998098704737
 20
-104.38384707179648
 30
1034.0
 70
32
  0
VERTEX
  5
6AD
330
17
100
AcDbEntity
  8
TOPO-CONTOUR-MINOR
100
AcDbVertex
100
AcDb3dPolylineVertex
 10
176.95041924305383
 20
-105.75770707987249
 30
1034.0
 70
32
  0
VERTEX
  5
6AE
330
17
100
AcDbEntity
  8
TOPO-CONTOUR-MINOR
100
AcDbVertex
100
AcDb3dPolylineVertex
 10
182.4248490375697
 20
-114.82623781822622
 30
1034.0
 70
32
  0
VERTEX
  5
6AF
330
17
100
AcDbEntity
  8
TOPO-CONTOUR-MINOR
100
AcDbVertex
100
AcDb3dPolylineVertex
 10
184.25507821423292
 20
-118.85669592395425
 30
1034.0
 70
32
  0
VERTEX
  5
6B0
330
17
100
AcDbEntity
  8
TOPO-CONTOUR-MINOR
100
AcDbVertex
100
AcDb3dPolylineVertex
 10
184.96687307881928
 20
-122.88715402968228
 30
1034.0
 70
32
  0
VERTEX
  5
6B1
330
17
100
AcDbEntity
  8
TOPO-CONTOUR-MINOR
100
AcDbVertex
100
AcDb3dPolylineVertex
 10
185.76568754875555
 20
-130.94807024020702
 30
1034.0
 70
32
  0
VERTEX
  5
6B2
330
17
100
AcDbEntity
  8
TOPO-CONTOUR-MINOR
100
AcDbVertex
100
AcDb3dPolylineVertex
 10
185.56256248300156
 20
-134.97852834593505
 30
1034.0
 70
32
  0
VERTEX
  5
6B3
330
17
100
AcDbEntity
  8
TOPO-CONTOUR-MINOR
100
AcDbVertex
100
AcDb3dPolylineVertex
 10
183.95966282247895
 20
-145.05467361025512
 30
1034.0
 70
32
  0
VERTEX
  5
6B4
330
17
100
AcDbEntity
  8
TOPO-CONTOUR-MINOR
100
AcDbVertex
100
AcDb3dPolylineVertex
 10
180.95586846319185
 20
-154.12320434767753
 30
1034.0
 70
32
  0
VERTEX
  5
6B5
330
17
100
AcDbEntity
  8
TOPO-CONTOUR-MINOR
100
AcDbVertex
100
AcDb3dPolylineVertex
 10
181.00596193186536
 20
-158.15366245340556
 30
1034.0
 70
32
  0
VERTEX
  5
6B6
330
17
100
AcDbEntity
  8
TOPO-CONTOUR-MINOR
100
AcDbVertex
100
AcDb3dPolylineVertex
 10
181.5465697073082
 20
-163.19173508603126
 30
1034.0
 70
32
  0
VERTEX
  5
6B7
330
17
100
AcDbEntity
  8
TOPO-CONTOUR-MINOR
100
AcDbVertex
100
AcDb3dPolylineVertex
 10
181.19154804044172
 20
-165.20696413796395
 30
1034.0
 70
32
  0
VERTEX
  5
6B8
330
17
100
AcDbEntity
  8
TOPO-CONTOUR-MINOR
100
AcDbVertex
100
AcDb3dPolylineVertex
 10
179.7628245662745
 20
-167.99025413601728
 30
1034.0
 70
32
  0
VERTEX
  5
6B9
330
17
100
AcDbEntity
  8
TOPO-CONTOUR-MINOR
100
AcDbVertex
100
AcDb3dPolylineVertex
 10
178.75521003986546
 20
-169.16431711144372
 30
1034.0
 70
32
  0
VERTEX
  5
6BA
330
17
100
AcDbEntity
  8
TOPO-CONTOUR-MINOR
100
AcDbVertex
100
AcDb3dPolylineVertex
 10
177.74759551345642
 20
-169.4787617578922
 30
1034.0
 70
32
  0
VERTEX
  5
6BB
330
17
100
AcDbEntity
  8
TOPO-CONTOUR-MINOR
100
AcDbVertex
100
AcDb3dPolylineVertex
 10
176.73998098704737
 20
-168.95228101110158
 30
1034.0
 70
32
  0
VERTEX
  5
6BC
330
17
100
AcDbEntity
  8
TOPO-CONTOUR-MINOR
100
AcDbVertex
100
AcDb3dPolylineVertex
 10
176.28507898858476
 20
-168.22980771772563
 30
1034.0
 70
32
  0
VERTEX
  5
6BD
330
17
100
AcDbEntity
  8
TOPO-CONTOUR-MINOR
100
AcDbVertex
100
AcDb3dPolylineVertex
 10
174.817307709185
 20
-163.19173508603126
 30
1034.0
 70
32
  0
VERTEX
  5
6BE
330
17
100
AcDbEntity
  8
TOPO-CONTOUR-MINOR
100
AcDbVertex
100
AcDb3dPolylineVertex
 10
173.71713740782025
 20
-161.60017282504052
 30
1034.0
 70
32
  0
VERTEX
  5
6BF
330
17
100
AcDbEntity
  8
TOPO-CONTOUR-MINOR
100
AcDbVertex
100
AcDb3dPolylineVertex
 10
172.70952288141123
 20
-161.1438706764391
 30
1034.0
 70
32
  0
VERTEX
  5
6C0
330
17
100
AcDbEntity
  8
TOPO-CONTOUR-MINOR
100
AcDbVertex
100
AcDb3dPolylineVertex
 10
167.671450249366
 20
-160.42968935990433
 30
1034.0
 70
32
  0
VERTEX
  5
6C1
330
17
100
AcDbEntity
  8
TOPO-CONTOUR-MINOR
100
AcDbVertex
100
AcDb3dPolylineVertex
 10
166.7130994267903
 20
-161.17650603316724
 30
1034.0
 70
32
  0
VERTEX
  5
6C2
330
17
100
AcDbEntity
  8
TOPO-CONTOUR-MINOR
100
AcDbVertex
100
AcDb3dPolylineVertex
 10
165.46183816231343
 20
-165.20696413796395
 30
1034.0
 70
32
  0
VERTEX
  5
6C3
330
17
100
AcDbEntity
  8
TOPO-CONTOUR-MINOR
100
AcDbVertex
100
AcDb3dPolylineVertex
 10
158.46025844367958
 20
-172.26026582345366
 30
1034.0
 70
32
  0
VERTEX
  5
6C4
330
17
100
AcDbEntity
  8
TOPO-CONTOUR-MINOR
100
AcDbVertex
100
AcDb3dPolylineVertex
 10
156.21487778383758
 20
-175.28310940228403
 30
1034.0
 70
32
  0
VERTEX
  5
6C5
330
17
100
AcDbEntity
  8
TOPO-CONTOUR-MINOR
100
AcDbVertex
100
AcDb3dPolylineVertex
 10
155.1019195097683
 20
-181.32879656087607
 30
1034.0
 70
32
  0
VERTEX
  5
6C6
330
17
100
AcDbEntity
  8
TOPO-CONTOUR-MINOR
100
AcDbVertex
100
AcDb3dPolylineVertex
 10
152.55723235323023
 20
-187.6349582600066
 30
1034.0
 70
32
  0
VERTEX
  5
6C7
330
17
100
AcDbEntity
  8
TOPO-CONTOUR-MINOR
100
AcDbVertex
100
AcDb3dPolylineVertex
 10
150.47566770368343
 20
-194.4277854040265
 30
1034.0
 70
32
  0
VERTEX
  5
6C8
330
17
100
AcDbEntity
  8
TOPO-CONTOUR-MINOR
100
AcDbVertex
100
AcDb3dPolylineVertex
 10
149.02837766681643
 20
-197.4506289837882
 30
1034.0
 70
32
  0
VERTEX
  5
6C9
330
17
100
AcDbEntity
  8
TOPO-CONTOUR-MINOR
100
AcDbVertex
100
AcDb3dPolylineVertex
 10
147.51915972118502
 20
-199.59844851442915
 30
1034.0
 70
32
  0
VERTEX
  5
6CA
330
17
100
AcDbEntity
  8
TOPO-CONTOUR-MINOR
100
AcDbVertex
100
AcDb3dPolylineVertex
 10
146.51154519477598
 20
-200.35164486552253
 30
1034.0
 70
32
  0
VERTEX
  5
6CB
330
17
100
AcDbEntity
  8
TOPO-CONTOUR-MINOR
100
AcDbVertex
100
AcDb3dPolylineVertex
 10
145.50393066836693
 20
-200.58003084788527
 30
1034.0
 70
32
  0
VERTEX
  5
6CC
330
17
100
AcDbEntity
  8
TOPO-CONTOUR-MINOR
100
AcDbVertex
100
AcDb3dPolylineVertex
 10
144.4963161419579
 20
-200.12781844328177
 30
1034.0
 70
32
  0
VERTEX
  5
6CD
330
17
100
AcDbEntity
  8
TOPO-CONTOUR-MINOR
100
AcDbVertex
100
AcDb3dPolylineVertex
 10
143.99759783611097
 20
-199.4658580366522
 30
1034.0
 70
32
  0
VERTEX
  5
6CE
330
17
100
AcDbEntity
  8
TOPO-CONTOUR-MINOR
100
AcDbVertex
100
AcDb3dPolylineVertex
 10
142.95045038068696
 20
-196.44301445689052
 30
1034.0
 70
32
  0
VERTEX
  5
6CF
330
17
100
AcDbEntity
  8
TOPO-CONTOUR-MINOR
100
AcDbVertex
100
AcDb3dPolylineVertex
 10
142.4810870891398
 20
-190.026974600764
 30
1034.0
 70
32
  0
VERTEX
  5
6D0
330
17
100
AcDbEntity
  8
TOPO-CONTOUR-MINOR
100
AcDbVertex
100
AcDb3dPolylineVertex
 10
141.47347256273065
 20
-188.63173473430567
 30
1034.0
 70
32
  0
VERTEX
  5
6D1
330
17
100
AcDbEntity
  8
TOPO-CONTOUR-MINOR
100
AcDbVertex
100
AcDb3dPolylineVertex
 10
140.4658580363216
 20
-188.73422122852037
 30
1034.0
 70
32
  0
VERTEX
  5
6D2
330
17
100
AcDbEntity
  8
TOPO-CONTOUR-MINOR
100
AcDbVertex
100
AcDb3dPolylineVertex
 10
138.45062898350352
 20
-191.91680517110086
 30
1034.0
 70
32
  0
VERTEX
  5
6D3
330
17
100
AcDbEntity
  8
TOPO-CONTOUR-MINOR
100
AcDbVertex
100
AcDb3dPolylineVertex
 10
137.44301445709448
 20
-192.75152170316989
 30
1034.0
 70
32
  0
VERTEX
  5
6D4
330
17
100
AcDbEntity
  8
TOPO-CONTOUR-MINOR
100
AcDbVertex
100
AcDb3dPolylineVertex
 10
132.18059209859084
 20
-194.4277854040265
 30
1034.0
 70
32
  0
VERTEX
  5
6D5
330
17
100
AcDbEntity
  8
TOPO-CONTOUR-MINOR
100
AcDbVertex
100
AcDb3dPolylineVertex
 10
129.38209824582214
 20
-197.24763612797503
 30
1034.0
 70
32
  0
VERTEX
  5
6D6
330
17
100
AcDbEntity
  8
TOPO-CONTOUR-MINOR
100
AcDbVertex
100
AcDb3dPolylineVertex
 10
127.36686919300405
 20
-197.9613980789166
 30
1034.0
 70
32
  0
VERTEX
  5
6D7
330
17
100
AcDbEntity
  8
TOPO-CONTOUR-MINOR
100
AcDbVertex
100
AcDb3dPolylineVertex
 10
126.359254666595
 20
-197.7595932968594
 30
1034.0
 70
32
  0
VERTEX
  5
6D8
330
17
100
AcDbEntity
  8
TOPO-CONTOUR-MINOR
100
AcDbVertex
100
AcDb3dPolylineVertex
 10
126.21158452486665
 20
-197.4506289837882
 30
1034.0
 70
32
  0
VERTEX
  5
6D9
330
17
100
AcDbEntity
  8
TOPO-CONTOUR-MINOR
100
AcDbVertex
100
AcDb3dPolylineVertex
 10
127.81494078190181
 20
-194.4277854040265
 30
1034.0
 70
32
  0
VERTEX
  5
6DA
330
17
100
AcDbEntity
  8
TOPO-CONTOUR-MINOR
100
AcDbVertex
100
AcDb3dPolylineVertex
 10
127.93123912548856
 20
-193.42017087806016
 30
1034.0
 70
32
  0
VERTEX
  5
6DB
330
17
100
AcDbEntity
  8
TOPO-CONTOUR-MINOR
100
AcDbVertex
100
AcDb3dPolylineVertex
 10
127.220025644949
 20
-191.40494182519615
 30
1034.0
 70
32
  0
VERTEX
  5
6DC
330
17
100
AcDbEntity
  8
TOPO-CONTOUR-MINOR
100
AcDbVertex
100
AcDb3dPolylineVertex
 10
126.69075182299773
 20
-190.39732729829848
 30
1034.0
 70
32
  0
VERTEX
  5
6DD
330
17
100
AcDbEntity
  8
TOPO-CONTOUR-MINOR
100
AcDbVertex
100
AcDb3dPolylineVertex
 10
125.35164014018596
 20
-189.0210612603367
 30
1034.0
 70
32
  0
VERTEX
  5
6DE
330
17
100
AcDbEntity
  8
TOPO-CONTOUR-MINOR
100
AcDbVertex
100
AcDb3dPolylineVertex
 10
124.33207637589246
 20
-188.38209824543446
 30
1034.0
 70
32
  0
VERTEX
  5
6DF
330
17
100
AcDbEntity
  8
TOPO-CONTOUR-MINOR
100
AcDbVertex
100
AcDb3dPolylineVertex
 10
122.32879656095884
 20
-188.13142804908267
 30
1034.0
 70
32
  0
VERTEX
  5
6E0
330
17
100
AcDbEntity
  8
TOPO-CONTOUR-MINOR
100
AcDbVertex
100
AcDb3dPolylineVertex
 10
120.82243338488163
 20
-189.38971277233213
 30
1034.0
 70
32
  0
VERTEX
  5
6E1
330
17
100
AcDbEntity
  8
TOPO-CONTOUR-MINOR
100
AcDbVertex
100
AcDb3dPolylineVertex
 10
119.3059529817317
 20
-191.9110875935092
 30
1034.0
 70
32
  0
VERTEX
  5
6E2
330
17
100
AcDbEntity
  8
TOPO-CONTOUR-MINOR
100
AcDbVertex
100
AcDb3dPolylineVertex
 10
118.29833845532266
 20
-192.6319210215475
 30
1034.0
 70
32
  0
VERTEX
  5
6E3
330
17
100
AcDbEntity
  8
TOPO-CONTOUR-MINOR
100
AcDbVertex
100
AcDb3dPolylineVertex
 10
116.28310940250458
 20
-193.26023025554517
 30
1034.0
 70
32
  0
VERTEX
  5
6E4
330
17
100
AcDbEntity
  8
TOPO-CONTOUR-MINOR
100
AcDbVertex
100
AcDb3dPolylineVertex
 10
115.60774279372365
 20
-194.4277854040265
 30
1034.0
 70
32
  0
VERTEX
  5
6E5
330
17
100
AcDbEntity
  8
TOPO-CONTOUR-MINOR
100
AcDbVertex
100
AcDb3dPolylineVertex
 10
115.97533607926269
 20
-198.45824350975454
 30
1034.0
 70
32
  0
VERTEX
  5
6E6
330
17
100
AcDbEntity
  8
TOPO-CONTOUR-MINOR
100
AcDbVertex
100
AcDb3dPolylineVertex
 10
117.65502061105266
 20
-202.48870161548257
 30
1034.0
 70
32
  0
VERTEX
  5
6E7
330
17
100
AcDbEntity
  8
TOPO-CONTOUR-MINOR
100
AcDbVertex
100
AcDb3dPolylineVertex
 10
115.83395830289548
 20
-207.52677424717695
 30
1034.0
 70
32
  0
VERTEX
  5
6E8
330
17
100
AcDbEntity
  8
TOPO-CONTOUR-MINOR
100
AcDbVertex
100
AcDb3dPolylineVertex
 10
114.2678803496865
 20
-210.09837691489867
 30
1034.0
 70
32
  0
VERTEX
  5
6E9
330
17
100
AcDbEntity
  8
TOPO-CONTOUR-MINOR
100
AcDbVertex
100
AcDb3dPolylineVertex
 10
113.26026582327744
 20
-211.16220636412257
 30
1034.0
 70
32
  0
VERTEX
  5
6EA
330
17
100
AcDbEntity
  8
TOPO-CONTOUR-MINOR
100
AcDbVertex
100
AcDb3dPolylineVertex
 10
111.24503677045936
 20
-211.74057118982523
 30
1034.0
 70
32
  0
VERTEX
  5
6EB
330
17
100
AcDbEntity
  8
TOPO-CONTOUR-MINOR
100
AcDbVertex
100
AcDb3dPolylineVertex
 10
108.22219319123224
 20
-211.16358302335095
 30
1034.0
 70
32
  0
VERTEX
  5
6EC
330
17
100
AcDbEntity
  8
TOPO-CONTOUR-MINOR
100
AcDbVertex
100
AcDb3dPolylineVertex
 10
106.20696413841415
 20
-210.38163235876422
 30
1034.0
 70
32
  0
VERTEX
  5
6ED
330
17
100
AcDbEntity
  8
TOPO-CONTOUR-MINOR
100
AcDbVertex
100
AcDb3dPolylineVertex
 10
102.17650603277798
 20
-208.12295612673105
 30
1034.0
 70
32
  0
VERTEX
  5
6EE
330
17
100
AcDbEntity
  8
TOPO-CONTOUR-MINOR
100
AcDbVertex
100
AcDb3dPolylineVertex
 10
98.1460479271417
 20
-206.72435889312794
 30
1034.0
 70
32
  0
VERTEX
  5
6EF
330
17
100
AcDbEntity
  8
TOPO-CONTOUR-MINOR
100
AcDbVertex
100
AcDb3dPolylineVertex
 10
92.10036076868744
 20
-203.88438064607425
 30
1034.0
 70
32
  0
VERTEX
  5
6F0
330
17
100
AcDbEntity
  8
TOPO-CONTOUR-MINOR
100
AcDbVertex
100
AcDb3dPolylineVertex
 10
90.08513171586935
 20
-203.31646946576546
 30
1034.0
 70
32
  0
VERTEX
  5
6F1
330
17
100
AcDbEntity
  8
TOPO-CONTOUR-MINOR
100
AcDbVertex
100
AcDb3dPolylineVertex
 10
86.05467361023318
 20
-203.34659445013372
 30
1034.0
 70
32
  0
VERTEX
  5
6F2
330
17
100
AcDbEntity
  8
TOPO-CONTOUR-MINOR
100
AcDbVertex
100
AcDb3dPolylineVertex
 10
84.03944455741498
 20
-204.0280745155614
 30
1034.0
 70
32
  0
VERTEX
  5
6F3
330
17
100
AcDbEntity
  8
TOPO-CONTOUR-MINOR
100
AcDbVertex
100
AcDb3dPolylineVertex
 10
82.51721080919091
 20
-205.51154519431293
 30
1034.0
 70
32
  0
VERTEX
  5
6F4
330
17
100
AcDbEntity
  8
TOPO-CONTOUR-MINOR
100
AcDbVertex
100
AcDb3dPolylineVertex
 10
81.25758466926442
 20
-207.52677424717695
 30
1034.0
 70
32
  0
VERTEX
  5
6F5
330
17
100
AcDbEntity
  8
TOPO-CONTOUR-MINOR
100
AcDbVertex
100
AcDb3dPolylineVertex
 10
79.00137192536977
 20
-212.49350134543502
 30
1034.0
 70
32
  0
VERTEX
  5
6F6
330
17
100
AcDbEntity
  8
TOPO-CONTOUR-MINOR
100
AcDbVertex
100
AcDb3dPolylineVertex
 10
74.9709138197336
 20
-217.10367059769527
 30
1034.0
 70
32
  0
VERTEX
  5
6F7
330
17
100
AcDbEntity
  8
TOPO-CONTOUR-MINOR
100
AcDbVertex
100
AcDb3dPolylineVertex
 10
74.42687418269489
 20
-218.6105340383947
 30
1034.0
 70
32
  0
VERTEX
  5
6F8
330
17
100
AcDbEntity
  8
TOPO-CONTOUR-MINOR
100
AcDbVertex
100
AcDb3dPolylineVertex
 10
74.53297753740522
 20
-219.61814856436104
 30
1034.0
 70
32
  0
VERTEX
  5
6F9
330
17
100
AcDbEntity
  8
TOPO-CONTOUR-MINOR
100
AcDbVertex
100
AcDb3dPolylineVertex
 10
74.9709138197336
 20
-220.64774347607607
 30
1034.0
 70
32
  0
VERTEX
  5
6FA
330
17
100
AcDbEntity
  8
TOPO-CONTOUR-MINOR
100
AcDbVertex
100
AcDb3dPolylineVertex
 10
75.91545935307062
 20
-221.63337761722505
 30
1034.0
 70
32
  0
VERTEX
  5
6FB
330
17
100
AcDbEntity
  8
TOPO-CONTOUR-MINOR
100
AcDbVertex
100
AcDb3dPolylineVertex
 10
80.00898645177881
 20
-223.8618668504672
 30
1034.0
 70
32
  0
VERTEX
  5
6FC
330
17
100
AcDbEntity
  8
TOPO-CONTOUR-MINOR
100
AcDbVertex
100
AcDb3dPolylineVertex
 10
83.03183003100594
 20
-224.5519395390739
 30
1034.0
 70
32
  0
VERTEX
  5
6FD
330
17
100
AcDbEntity
  8
TOPO-CONTOUR-MINOR
100
AcDbVertex
100
AcDb3dPolylineVertex
 10
87.06228813664222
 20
-224.19371419434253
 30
1034.0
 70
32
  0
VERTEX
  5
6FE
330
17
100
AcDbEntity
  8
TOPO-CONTOUR-MINOR
100
AcDbVertex
100
AcDb3dPolylineVertex
 10
94.11558982150552
 20
-221.88188891156142
 30
1034.0
 70
32
  0
VERTEX
  5
6FF
330
17
100
AcDbEntity
  8
TOPO-CONTOUR-MINOR
100
AcDbVertex
100
AcDb3dPolylineVertex
 10
98.1460479271417
 20
-222.1341770435253
 30
1034.0
 70
32
  0
VERTEX
  5
700
330
17
100
AcDbEntity
  8
TOPO-CONTOUR-MINOR
100
AcDbVertex
100
AcDb3dPolylineVertex
 10
101.85252531418399
 20
-221.63337761722505
 30
1034.0
 70
32
  0
VERTEX
  5
701
330
17
100
AcDbEntity
  8
TOPO-CONTOUR-MINOR
100
AcDbVertex
100
AcDb3dPolylineVertex
 10
106.20696413841415
 20
-220.56583619023368
 30
1034.0
 70
32
  0
VERTEX
  5
702
330
17
100
AcDbEntity
  8
TOPO-CONTOUR-MINOR
100
AcDbVertex
100
AcDb3dPolylineVertex
 10
108.22219319123225
 20
-220.96213910189755
 30
1034.0
 70
32
  0
VERTEX
  5
703
330
17
100
AcDbEntity
  8
TOPO-CONTOUR-MINOR
100
AcDbVertex
100
AcDb3dPolylineVertex
 10
111.24503677045936
 20
-222.81657978913455
 30
1034.0
 70
32
  0
VERTEX
  5
704
330
17
100
AcDbEntity
  8
TOPO-CONTOUR-MINOR
100
AcDbVertex
100
AcDb3dPolylineVertex
 10
112.25265129686841
 20
-222.55844492673282
 30
1034.0
 70
32
  0
VERTEX
  5
705
330
17
100
AcDbEntity
  8
TOPO-CONTOUR-MINOR
100
AcDbVertex
100
AcDb3dPolylineVertex
 10
114.2678803496865
 20
-220.93526743577394
 30
1034.0
 70
32
  0
VERTEX
  5
706
330
17
100
AcDbEntity
  8
TOPO-CONTOUR-MINOR
100
AcDbVertex
100
AcDb3dPolylineVertex
 10
115.27549487609554
 20
-221.09556692405732
 30
1034.0
 70
32
  0
VERTEX
  5
707
330
17
100
AcDbEntity
  8
TOPO-CONTOUR-MINOR
100
AcDbVertex
100
AcDb3dPolylineVertex
 10
119.3059529817317
 20
-224.91110349210967
 30
1034.0
 70
32
  0
VERTEX
  5
708
330
17
100
AcDbEntity
  8
TOPO-CONTOUR-MINOR
100
AcDbVertex
100
AcDb3dPolylineVertex
 10
122.32879656095884
 20
-225.78452339080812
 30
1034.0
 70
32
  0
VERTEX
  5
709
330
17
100
AcDbEntity
  8
TOPO-CONTOUR-MINOR
100
AcDbVertex
100
AcDb3dPolylineVertex
 10
123.33641108736788
 20
-225.66910737376278
 30
1034.0
 70
32
  0
VERTEX
  5
70A
330
17
100
AcDbEntity
  8
TOPO-CONTOUR-MINOR
100
AcDbVertex
100
AcDb3dPolylineVertex
 10
127.36686919300405
 20
-223.7253466352725
 30
1034.0
 70
32
  0
VERTEX
  5
70B
330
17
100
AcDbEntity
  8
TOPO-CONTOUR-MINOR
100
AcDbVertex
100
AcDb3dPolylineVertex
 10
132.40494182504926
 20
-222.4435808242722
 30
1034.0
 70
32
  0
VERTEX
  5
70C
330
17
100
AcDbEntity
  8
TOPO-CONTOUR-MINOR
100
AcDbVertex
100
AcDb3dPolylineVertex
 10
143.48870161554885
 20
-221.47159681010555
 30
1034.0
 70
32
  0
VERTEX
  5
70D
330
17
100
AcDbEntity
  8
TOPO-CONTOUR-MINOR
100
AcDbVertex
100
AcDb3dPolylineVertex
 10
146.51154519477598
 20
-221.88914076407633
 30
1034.0
 70
32
  0
VERTEX
  5
70E
330
17
100
AcDbEntity
  8
TOPO-CONTOUR-MINOR
100
AcDbVertex
100
AcDb3dPolylineVertex
 10
150.8569214480171
 20
-223.64860667008907
 30
1034.0
 70
32
  0
VERTEX
  5
70F
330
17
100
AcDbEntity
  8
TOPO-CONTOUR-MINOR
100
AcDbVertex
100
AcDb3dPolylineVertex
 10
153.56484687963928
 20
-223.71435670492303
 30
1034.0
 70
32
  0
VERTEX
  5
710
330
17
100
AcDbEntity
  8
TOPO-CONTOUR-MINOR
100
AcDbVertex
100
AcDb3dPolylineVertex
 10
157.59530498527556
 20
-223.06872763907995
 30
1034.0
 70
32
  0
VERTEX
  5
711
330
17
100
AcDbEntity
  8
TOPO-CONTOUR-MINOR
100
AcDbVertex
100
AcDb3dPolylineVertex
 10
164.64860667013886
 20
-224.5148486900977
 30
1034.0
 70
32
  0
VERTEX
  5
712
330
17
100
AcDbEntity
  8
TOPO-CONTOUR-MINOR
100
AcDbVertex
100
AcDb3dPolylineVertex
 10
175.73236646063833
 20
-224.67463543561908
 30
1034.0
 70
32
  0
VERTEX
  5
713
330
17
100
AcDbEntity
  8
TOPO-CONTOUR-MINOR
100
AcDbVertex
100
AcDb3dPolylineVertex
 10
178.75521003986546
 20
-222.77211957669545
 30
1034.0
 70
32
  0
VERTEX
  5
714
330
17
100
AcDbEntity
  8
TOPO-CONTOUR-MINOR
100
AcDbVertex
100
AcDb3dPolylineVertex
 10
179.7628245662745
 20
-223.225631420423
 30
1034.0
 70
32
  0
VERTEX
  5
715
330
17
100
AcDbEntity
  8
TOPO-CONTOUR-MINOR
100
AcDbVertex
100
AcDb3dPolylineVertex
 10
180.16898615567004
 20
-228.68667930178344
 30
1034.0
 70
32
  0
VERTEX
  5
716
330
17
100
AcDbEntity
  8
TOPO-CONTOUR-MINOR
100
AcDbVertex
100
AcDb3dPolylineVertex
 10
180.98027813464552
 20
-230.70190835464746
 30
1034.0
 70
32
  0
VERTEX
  5
717
330
17
100
AcDbEntity
  8
TOPO-CONTOUR-MINOR
100
AcDbVertex
100
AcDb3dPolylineVertex
 10
182.78566814550163
 20
-233.7342439571385
 30
1034.0
 70
32
  0
VERTEX
  5
718
330
17
100
AcDbEntity
  8
TOPO-CONTOUR-MINOR
100
AcDbVertex
100
AcDb3dPolylineVertex
 10
183.59454092289633
 20
-236.7475955132395
 30
1034.0
 70
32
  0
VERTEX
  5
719
330
17
100
AcDbEntity
  8
TOPO-CONTOUR-MINOR
100
AcDbVertex
100
AcDb3dPolylineVertex
 10
183.412664556997
 20
-240.77805361896753
 30
1034.0
 70
32
  0
VERTEX
  5
71A
330
17
100
AcDbEntity
  8
TOPO-CONTOUR-MINOR
100
AcDbVertex
100
AcDb3dPolylineVertex
 10
182.59976082724648
 20
-243.80089719872922
 30
1034.0
 70
32
  0
VERTEX
  5
71B
330
17
100
AcDbEntity
  8
TOPO-CONTOUR-MINOR
100
AcDbVertex
100
AcDb3dPolylineVertex
 10
176.73998098704737
 20
-254.69721325699408
 30
1034.0
 70
32
  0
VERTEX
  5
71C
330
17
100
AcDbEntity
  8
TOPO-CONTOUR-MINOR
100
AcDbVertex
100
AcDb3dPolylineVertex
 10
172.14149747971086
 20
-260.9303441476077
 30
1034.0
 70
32
  0
VERTEX
  5
71D
330
17
100
AcDbEntity
  8
TOPO-CONTOUR-MINOR
100
AcDbVertex
100
AcDb3dPolylineVertex
 10
169.22251974159224
 20
-265.96841677930206
 30
1034.0
 70
32
  0
VERTEX
  5
71E
330
17
100
AcDbEntity
  8
TOPO-CONTOUR-MINOR
100
AcDbVertex
100
AcDb3dPolylineVertex
 10
167.913059183746
 20
-268.9912603581324
 30
1034.0
 70
32
  0
VERTEX
  5
71F
330
17
100
AcDbEntity
  8
TOPO-CONTOUR-MINOR
100
AcDbVertex
100
AcDb3dPolylineVertex
 10
166.56039328111927
 20
-274.0293329907581
 30
1034.0
 70
32
  0
VERTEX
  5
720
330
17
100
AcDbEntity
  8
TOPO-CONTOUR-MINOR
100
AcDbVertex
100
AcDb3dPolylineVertex
 10
165.23438897989877
 20
-277.0521765695885
 30
1034.0
 70
32
  0
VERTEX
  5
721
330
17
100
AcDbEntity
  8
TOPO-CONTOUR-MINOR
100
AcDbVertex
100
AcDb3dPolylineVertex
 10
162.97507502063274
 20
-280.07502014935017
 30
1034.0
 70
32
  0
VERTEX
  5
722
330
17
100
AcDbEntity
  8
TOPO-CONTOUR-MINOR
100
AcDbVertex
100
AcDb3dPolylineVertex
 10
155.98911638379656
 20
-286.1207073079422
 30
1034.0
 70
32
  0
VERTEX
  5
723
330
17
100
AcDbEntity
  8
TOPO-CONTOUR-MINOR
100
AcDbVertex
100
AcDb3dPolylineVertex
 10
152.55723235323023
 20
-291.6723944688597
 30
1034.0
 70
32
  0
VERTEX
  5
724
330
17
100
AcDbEntity
  8
TOPO-CONTOUR-MINOR
100
AcDbVertex
100
AcDb3dPolylineVertex
 10
149.5343887740031
 20
-295.79568309700375
 30
1034.0
 70
32
  0
VERTEX
  5
725
330
17
100
AcDbEntity
  8
TOPO-CONTOUR-MINOR
100
AcDbVertex
100
AcDb3dPolylineVertex
 10
147.51915972118502
 20
-301.07876758138093
 30
1034.0
 70
32
  0
VERTEX
  5
726
330
17
100
AcDbEntity
  8
TOPO-CONTOUR-MINOR
100
AcDbVertex
100
AcDb3dPolylineVertex
 10
144.93555065271477
 20
-306.27299783565104
 30
1034.0
 70
32
  0
VERTEX
  5
727
330
17
100
AcDbEntity
  8
TOPO-CONTOUR-MINOR
100
AcDbVertex
100
AcDb3dPolylineVertex
 10
143.48870161554885
 20
-311.166144989409
 30
1034.0
 70
32
  0
VERTEX
  5
728
330
17
100
AcDbEntity
  8
TOPO-CONTOUR-MINOR
100
AcDbVertex
100
AcDb3dPolylineVertex
 10
141.47347256273065
 20
-314.93036284370305
 30
1034.0
 70
32
  0
VERTEX
  5
729
330
17
100
AcDbEntity
  8
TOPO-CONTOUR-MINOR
100
AcDbVertex
100
AcDb3dPolylineVertex
 10
138.552091434334
 20
-319.3719866788015
 30
1034.0
 70
32
  0
VERTEX
  5
72A
330
17
100
AcDbEntity
  8
TOPO-CONTOUR-MINOR
100
AcDbVertex
100
AcDb3dPolylineVertex
 10
136.43539993068543
 20
-325.0757094856708
 30
1034.0
 70
32
  0
VERTEX
  5
72B
330
17
100
AcDbEntity
  8
TOPO-CONTOUR-MINOR
100
AcDbVertex
100
AcDb3dPolylineVertex
 10
133.0591246546739
 20
-330.4557464690879
 30
1034.0
 70
32
  0
VERTEX
  5
72C
330
17
100
AcDbEntity
  8
TOPO-CONTOUR-MINOR
100
AcDbVertex
100
AcDb3dPolylineVertex
 10
130.38971277223118
 20
-335.8881619842661
 30
1034.0
 70
32
  0
VERTEX
  5
72D
330
17
100
AcDbEntity
  8
TOPO-CONTOUR-MINOR
100
AcDbVertex
100
AcDb3dPolylineVertex
 10
128.3744837194131
 20
-338.66627393159666
 30
1034.0
 70
32
  0
VERTEX
  5
72E
330
17
100
AcDbEntity
  8
TOPO-CONTOUR-MINOR
100
AcDbVertex
100
AcDb3dPolylineVertex
 10
127.36686919300405
 20
-339.5713618324295
 30
1034.0
 70
32
  0
VERTEX
  5
72F
330
17
100
AcDbEntity
  8
TOPO-CONTOUR-MINOR
100
AcDbVertex
100
AcDb3dPolylineVertex
 10
127.34831995237919
 20
-338.51666268054396
 30
1034.0
 70
32
  0
VERTEX
  5
730
330
17
100
AcDbEntity
  8
TOPO-CONTOUR-MINOR
100
AcDbVertex
100
AcDb3dPolylineVertex
 10
129.42996160242484
 20
-332.4709755219519
 30
1034.0
 70
32
  0
VERTEX
  5
731
330
17
100
AcDbEntity
  8
TOPO-CONTOUR-MINOR
100
AcDbVertex
100
AcDb3dPolylineVertex
 10
130.23946986095405
 20
-328.4405174162239
 30
1034.0
 70
32
  0
VERTEX
  5
732
330
17
100
AcDbEntity
  8
TOPO-CONTOUR-MINOR
100
AcDbVertex
100
AcDb3dPolylineVertex
 10
131.47188920436204
 20
-325.4176738373936
 30
1034.0
 70
32
  0
VERTEX
  5
733
330
17
100
AcDbEntity
  8
TOPO-CONTOUR-MINOR
100
AcDbVertex
100
AcDb3dPolylineVertex
 10
132.5114964569585
 20
-321.3872157316655
 30
1034.0
 70
32
  0
VERTEX
  5
734
330
17
100
AcDbEntity
  8
TOPO-CONTOUR-MINOR
100
AcDbVertex
100
AcDb3dPolylineVertex
 10
135.4277854042764
 20
-317.43404227461383
 30
1034.0
 70
32
  0
VERTEX
  5
735
330
17
100
AcDbEntity
  8
TOPO-CONTOUR-MINOR
100
AcDbVertex
100
AcDb3dPolylineVertex
 10
135.89559593267842
 20
-316.3491430999711
 30
1034.0
 70
32
  0
VERTEX
  5
736
330
17
100
AcDbEntity
  8
TOPO-CONTOUR-MINOR
100
AcDbVertex
100
AcDb3dPolylineVertex
 10
136.0681219574154
 20
-315.34152857307345
 30
1034.0
 70
32
  0
VERTEX
  5
737
330
17
100
AcDbEntity
  8
TOPO-CONTOUR-MINOR
100
AcDbVertex
100
AcDb3dPolylineVertex
 10
135.72823168670135
 20
-312.3186849942431
 30
1034.0
 70
32
  0
VERTEX
  5
738
330
17
100
AcDbEntity
  8
TOPO-CONTOUR-MINOR
100
AcDbVertex
100
AcDb3dPolylineVertex
 10
136.94203917600856
 20
-309.2958414144814
 30
1034.0
 70
32
  0
VERTEX
  5
739
330
17
100
AcDbEntity
  8
TOPO-CONTOUR-MINOR
100
AcDbVertex
100
AcDb3dPolylineVertex
 10
138.24114008675977
 20
-304.257768782787
 30
1034.0
 70
32
  0
VERTEX
  5
73A
330
17
100
AcDbEntity
  8
TOPO-CONTOUR-MINOR
100
AcDbVertex
100
AcDb3dPolylineVertex
 10
137.99725592076572
 20
-300.227310677059
 30
1034.0
 70
32
  0
VERTEX
  5
73B
330
17
100
AcDbEntity
  8
TOPO-CONTOUR-MINOR
100
AcDbVertex
100
AcDb3dPolylineVertex
 10
136.5560429906482
 20
-295.1892380453646
 30
1034.0
 70
32
  0
VERTEX
  5
73C
330
17
100
AcDbEntity
  8
TOPO-CONTOUR-MINOR
100
AcDbVertex
100
AcDb3dPolylineVertex
 10
137.59241362573633
 20
-294.18162351846695
 30
1034.0
 70
32
  0
VERTEX
  5
73D
330
17
100
AcDbEntity
  8
TOPO-CONTOUR-MINOR
100
AcDbVertex
100
AcDb3dPolylineVertex
 10
139.45824350991256
 20
-293.5800231451109
 30
1034.0
 70
32
  0
VERTEX
  5
73E
330
17
100
AcDbEntity
  8
TOPO-CONTOUR-MINOR
100
AcDbVertex
100
AcDb3dPolylineVertex
 10
142.4810870891398
 20
-291.66769287692966
 30
1034.0
 70
32
  0
VERTEX
  5
73F
330
17
100
AcDbEntity
  8
TOPO-CONTOUR-MINOR
100
AcDbVertex
100
AcDb3dPolylineVertex
 10
143.48870161554885
 20
-290.6569453813143
 30
1034.0
 70
32
  0
VERTEX
  5
740
330
17
100
AcDbEntity
  8
TOPO-CONTOUR-MINOR
100
AcDbVertex
100
AcDb3dPolylineVertex
 10
144.08275798614494
 20
-289.1435508867726
 30
1034.0
 70
32
  0
VERTEX
  5
741
330
17
100
AcDbEntity
  8
TOPO-CONTOUR-MINOR
100
AcDbVertex
100
AcDb3dPolylineVertex
 10
143.57819694821734
 20
-287.12832183390856
 30
1034.0
 70
32
  0
VERTEX
  5
742
330
17
100
AcDbEntity
  8
TOPO-CONTOUR-MINOR
100
AcDbVertex
100
AcDb3dPolylineVertex
 10
142.4810870891398
 20
-285.4637602035628
 30
1034.0
 70
32
  0
VERTEX
  5
743
330
17
100
AcDbEntity
  8
TOPO-CONTOUR-MINOR
100
AcDbVertex
100
AcDb3dPolylineVertex
 10
140.4658580363216
 20
-283.4448623603769
 30
1034.0
 70
32
  0
VERTEX
  5
744
330
17
100
AcDbEntity
  8
TOPO-CONTOUR-MINOR
100
AcDbVertex
100
AcDb3dPolylineVertex
 10
138.45062898350352
 20
-282.5251555559308
 30
1034.0
 70
32
  0
VERTEX
  5
745
330
17
100
AcDbEntity
  8
TOPO-CONTOUR-MINOR
100
AcDbVertex
100
AcDb3dPolylineVertex
 10
136.43539993068543
 20
-282.6252803105294
 30
1034.0
 70
32
  0
VERTEX
  5
746
330
17
100
AcDbEntity
  8
TOPO-CONTOUR-MINOR
100
AcDbVertex
100
AcDb3dPolylineVertex
 10
135.097939698895
 20
-283.0978637281805
 30
1034.0
 70
32
  0
VERTEX
  5
747
330
17
100
AcDbEntity
  8
TOPO-CONTOUR-MINOR
100
AcDbVertex
100
AcDb3dPolylineVertex
 10
134.31333261250478
 20
-284.1054782550782
 30
1034.0
 70
32
  0
VERTEX
  5
748
330
17
100
AcDbEntity
  8
TOPO-CONTOUR-MINOR
100
AcDbVertex
100
AcDb3dPolylineVertex
 10
133.58008432944484
 20
-286.1207073079422
 30
1034.0
 70
32
  0
VERTEX
  5
749
330
17
100
AcDbEntity
  8
TOPO-CONTOUR-MINOR
100
AcDbVertex
100
AcDb3dPolylineVertex
 10
131.25190091255385
 20
-288.1359363598749
 30
1034.0
 70
32
  0
VERTEX
  5
74A
330
17
100
AcDbEntity
  8
TOPO-CONTOUR-MINOR
100
AcDbVertex
100
AcDb3dPolylineVertex
 10
131.2305554210336
 20
-289.1435508867726
 30
1034.0
 70
32
  0
VERTEX
  5
74B
330
17
100
AcDbEntity
  8
TOPO-CONTOUR-MINOR
100
AcDbVertex
100
AcDb3dPolylineVertex
 10
131.6590418033071
 20
-290.1511654127389
 30
1034.0
 70
32
  0
VERTEX
  5
74C
330
17
100
AcDbEntity
  8
TOPO-CONTOUR-MINOR
100
AcDbVertex
100
AcDb3dPolylineVertex
 10
134.49688046738459
 20
-293.1740089925006
 30
1034.0
 70
32
  0
VERTEX
  5
74D
330
17
100
AcDbEntity
  8
TOPO-CONTOUR-MINOR
100
AcDbVertex
100
AcDb3dPolylineVertex
 10
134.55124245066926
 20
-294.18162351846695
 30
1034.0
 70
32
  0
VERTEX
  5
74E
330
17
100
AcDbEntity
  8
TOPO-CONTOUR-MINOR
100
AcDbVertex
100
AcDb3dPolylineVertex
 10
132.29243879146884
 20
-297.2044670982287
 30
1034.0
 70
32
  0
VERTEX
  5
74F
330
17
100
AcDbEntity
  8
TOPO-CONTOUR-MINOR
100
AcDbVertex
100
AcDb3dPolylineVertex
 10
130.9744792657761
 20
-300.227310677059
 30
1034.0
 70
32
  0
VERTEX
  5
750
330
17
100
AcDbEntity
  8
TOPO-CONTOUR-MINOR
100
AcDbVertex
100
AcDb3dPolylineVertex
 10
131.35483848922527
 20
-305.2653833096847
 30
1034.0
 70
32
  0
VERTEX
  5
751
330
17
100
AcDbEntity
  8
TOPO-CONTOUR-MINOR
100
AcDbVertex
100
AcDb3dPolylineVertex
 10
130.81368901589184
 20
-307.2806123625487
 30
1034.0
 70
32
  0
VERTEX
  5
752
330
17
100
AcDbEntity
  8
TOPO-CONTOUR-MINOR
100
AcDbVertex
100
AcDb3dPolylineVertex
 10
127.63138883820064
 20
-314.3339140471071
 30
1034.0
 70
32
  0
VERTEX
  5
753
330
17
100
AcDbEntity
  8
TOPO-CONTOUR-MINOR
100
AcDbVertex
100
AcDb3dPolylineVertex
 10
125.35164014018596
 20
-316.74630492978326
 30
1034.0
 70
32
  0
VERTEX
  5
754
330
17
100
AcDbEntity
  8
TOPO-CONTOUR-MINOR
100
AcDbVertex
100
AcDb3dPolylineVertex
 10
124.34402561377692
 20
-318.7157409723401
 30
1034.0
 70
32
  0
VERTEX
  5
755
330
17
100
AcDbEntity
  8
TOPO-CONTOUR-MINOR
100
AcDbVertex
100
AcDb3dPolylineVertex
 10
120.31356750814075
 20
-328.01701879068617
 30
1034.0
 70
32
  0
VERTEX
  5
756
330
17
100
AcDbEntity
  8
TOPO-CONTOUR-MINOR
100
AcDbVertex
100
AcDb3dPolylineVertex
 10
118.83654113910737
 20
-332.4709755219519
 30
1034.0
 70
32
  0
VERTEX
  5
757
330
17
100
AcDbEntity
  8
TOPO-CONTOUR-MINOR
100
AcDbVertex
100
AcDb3dPolylineVertex
 10
117.15628089297016
 20
-335.4938191017136
 30
1034.0
 70
32
  0
VERTEX
  5
758
330
17
100
AcDbEntity
  8
TOPO-CONTOUR-MINOR
100
AcDbVertex
100
AcDb3dPolylineVertex
 10
115.10254499710976
 20
-341.53950626030564
 30
1034.0
 70
32
  0
VERTEX
  5
759
330
17
100
AcDbEntity
  8
TOPO-CONTOUR-MINOR
100
AcDbVertex
100
AcDb3dPolylineVertex
 10
113.1031607625028
 20
-345.5699643660337
 30
1034.0
 70
32
  0
VERTEX
  5
75A
330
17
100
AcDbEntity
  8
TOPO-CONTOUR-MINOR
100
AcDbVertex
100
AcDb3dPolylineVertex
 10
111.74734581272992
 20
-350.60803699772805
 30
1034.0
 70
32
  0
VERTEX
  5
75B
330
17
100
AcDbEntity
  8
TOPO-CONTOUR-MINOR
100
AcDbVertex
100
AcDb3dPolylineVertex
 10
105.76400456506758
 20
-361.69179678801447
 30
1034.0
 70
32
  0
VERTEX
  5
75C
330
17
100
AcDbEntity
  8
TOPO-CONTOUR-MINOR
100
AcDbVertex
100
AcDb3dPolylineVertex
 10
101.16889150636894
 20
-373.50646915743357
 30
1034.0
 70
32
  0
VERTEX
  5
75D
330
17
100
AcDbEntity
  8
TOPO-CONTOUR-MINOR
100
AcDbVertex
100
AcDb3dPolylineVertex
 10
97.67713233303616
 20
-383.85931636951864
 30
1034.0
 70
32
  0
VERTEX
  5
75E
330
17
100
AcDbEntity
  8
TOPO-CONTOUR-MINOR
100
AcDbVertex
100
AcDb3dPolylineVertex
 10
93.52491158035772
 20
-392.92784710694104
 30
1034.0
 70
32
  0
VERTEX
  5
75F
330
17
100
AcDbEntity
  8
TOPO-CONTOUR-MINOR
100
AcDbVertex
100
AcDb3dPolylineVertex
 10
91.72300894540646
 20
-397.9659197386354
 30
1034.0
 70
32
  0
VERTEX
  5
760
330
17
100
AcDbEntity
  8
TOPO-CONTOUR-MINOR
100
AcDbVertex
100
AcDb3dPolylineVertex
 10
89.52408139713066
 20
-401.99637784436345
 30
1034.0
 70
32
  0
VERTEX
  5
761
330
17
100
AcDbEntity
  8
TOPO-CONTOUR-MINOR
100
AcDbVertex
100
AcDb3dPolylineVertex
 10
87.06228813664222
 20
-404.35388520094705
 30
1034.0
 70
32
  0
VERTEX
  5
762
330
17
100
AcDbEntity
  8
TOPO-CONTOUR-MINOR
100
AcDbVertex
100
AcDb3dPolylineVertex
 10
84.03944455741498
 20
-405.7956089975604
 30
1034.0
 70
32
  0
VERTEX
  5
763
330
17
100
AcDbEntity
  8
TOPO-CONTOUR-MINOR
100
AcDbVertex
100
AcDb3dPolylineVertex
 10
79.00137192536977
 20
-407.15222275908627
 30
1034.0
 70
32
  0
VERTEX
  5
764
330
17
100
AcDbEntity
  8
TOPO-CONTOUR-MINOR
100
AcDbVertex
100
AcDb3dPolylineVertex
 10
75.97852834614264
 20
-407.3657319608564
 30
1034.0
 70
32
  0
VERTEX
  5
765
330
17
100
AcDbEntity
  8
TOPO-CONTOUR-MINOR
100
AcDbVertex
100
AcDb3dPolylineVertex
 10
70.94045571409742
 20
-406.71707081072736
 30
1034.0
 70
32
  0
VERTEX
  5
766
330
17
100
AcDbEntity
  8
TOPO-CONTOUR-MINOR
100
AcDbVertex
100
AcDb3dPolylineVertex
 10
66.90999760846125
 20
-405.25694474812036
 30
1034.0
 70
32
  0
VERTEX
  5
767
330
17
100
AcDbEntity
  8
TOPO-CONTOUR-MINOR
100
AcDbVertex
100
AcDb3dPolylineVertex
 10
63.36754747011723
 20
-403.0039923712611
 30
1034.0
 70
32
  0
VERTEX
  5
768
330
17
100
AcDbEntity
  8
TOPO-CONTOUR-MINOR
100
AcDbVertex
100
AcDb3dPolylineVertex
 10
61.535237844371316
 20
-400.9887633183971
 30
1034.0
 70
32
  0
VERTEX
  5
769
330
17
100
AcDbEntity
  8
TOPO-CONTOUR-MINOR
100
AcDbVertex
100
AcDb3dPolylineVertex
 10
61.18412330517409
 20
-398.97353426553303
 30
1034.0
 70
32
  0
VERTEX
  5
76A
330
17
100
AcDbEntity
  8
TOPO-CONTOUR-MINOR
100
AcDbVertex
100
AcDb3dPolylineVertex
 10
62.11759387265158
 20
-396.9583052126691
 30
1034.0
 70
32
  0
VERTEX
  5
76B
330
17
100
AcDbEntity
  8
TOPO-CONTOUR-MINOR
100
AcDbVertex
100
AcDb3dPolylineVertex
 10
63.271235447105326
 20
-395.9506906857714
 30
1034.0
 70
32
  0
VERTEX
  5
76C
330
17
100
AcDbEntity
  8
TOPO-CONTOUR-MINOR
100
AcDbVertex
100
AcDb3dPolylineVertex
 10
64.89476855564317
 20
-395.1864138272946
 30
1034.0
 70
32
  0
VERTEX
  5
76D
330
17
100
AcDbEntity
  8
TOPO-CONTOUR-MINOR
100
AcDbVertex
100
AcDb3dPolylineVertex
 10
76.98614287255167
 20
-393.0403240701017
 30
1034.0
 70
32
  0
VERTEX
  5
76E
330
17
100
AcDbEntity
  8
TOPO-CONTOUR-MINOR
100
AcDbVertex
100
AcDb3dPolylineVertex
 10
79.00137192536977
 20
-392.12048341004197
 30
1034.0
 70
32
  0
VERTEX
  5
76F
330
17
100
AcDbEntity
  8
TOPO-CONTOUR-MINOR
100
AcDbVertex
100
AcDb3dPolylineVertex
 10
80.24090849761168
 20
-390.9126180540771
 30
1034.0
 70
32
  0
VERTEX
  5
770
330
17
100
AcDbEntity
  8
TOPO-CONTOUR-MINOR
100
AcDbVertex
100
AcDb3dPolylineVertex
 10
83.47035929822047
 20
-385.87454542238265
 30
1034.0
 70
32
  0
VERTEX
  5
771
330
17
100
AcDbEntity
  8
TOPO-CONTOUR-MINOR
100
AcDbVertex
100
AcDb3dPolylineVertex
 10
84.03944455741498
 20
-384.4648201943379
 30
1034.0
 70
32
  0
VERTEX
  5
772
330
17
100
AcDbEntity
  8
TOPO-CONTOUR-MINOR
100
AcDbVertex
100
AcDb3dPolylineVertex
 10
85.46672484522193
 20
-376.8060146840289
 30
1034.0
 70
32
  0
VERTEX
  5
773
330
17
100
AcDbEntity
  8
TOPO-CONTOUR-MINOR
100
AcDbVertex
100
AcDb3dPolylineVertex
 10
87.51110705460587
 20
-368.7450984735042
 30
1034.0
 70
32
  0
VERTEX
  5
774
330
17
100
AcDbEntity
  8
TOPO-CONTOUR-MINOR
100
AcDbVertex
100
AcDb3dPolylineVertex
 10
91.0927462422784
 20
-359.7073546584004
 30
1034.0
 70
32
  0
VERTEX
  5
775
330
17
100
AcDbEntity
  8
TOPO-CONTOUR-MINOR
100
AcDbVertex
100
AcDb3dPolylineVertex
 10
92.55894752787253
 20
-353.6308805765584
 30
1034.0
 70
32
  0
VERTEX
  5
776
330
17
100
AcDbEntity
  8
TOPO-CONTOUR-MINOR
100
AcDbVertex
100
AcDb3dPolylineVertex
 10
93.99588365844328
 20
-343.55473531316966
 30
1034.0
 70
32
  0
VERTEX
  5
777
330
17
100
AcDbEntity
  8
TOPO-CONTOUR-MINOR
100
AcDbVertex
100
AcDb3dPolylineVertex
 10
96.13351388517536
 20
-335.4938191017136
 30
1034.0
 70
32
  0
VERTEX
  5
778
330
17
100
AcDbEntity
  8
TOPO-CONTOUR-MINOR
100
AcDbVertex
100
AcDb3dPolylineVertex
 10
96.30999875498003
 20
-327.43290289025754
 30
1034.0
 70
32
  0
VERTEX
  5
779
330
17
100
AcDbEntity
  8
TOPO-CONTOUR-MINOR
100
AcDbVertex
100
AcDb3dPolylineVertex
 10
98.37682815201373
 20
-323.4024447845295
 30
1034.0
 70
32
  0
VERTEX
  5
77A
330
17
100
AcDbEntity
  8
TOPO-CONTOUR-MINOR
100
AcDbVertex
100
AcDb3dPolylineVertex
 10
99.0610517633748
 20
-321.3872157316655
 30
1034.0
 70
32
  0
VERTEX
  5
77B
330
17
100
AcDbEntity
  8
TOPO-CONTOUR-MINOR
100
AcDbVertex
100
AcDb3dPolylineVertex
 10
98.74531037359947
 20
-316.3491430999711
 30
1034.0
 70
32
  0
VERTEX
  5
77C
330
17
100
AcDbEntity
  8
TOPO-CONTOUR-MINOR
100
AcDbVertex
100
AcDb3dPolylineVertex
 10
98.1460479271417
 20
-314.5993292115303
 30
1034.0
 70
32
  0
VERTEX
  5
77D
330
17
100
AcDbEntity
  8
TOPO-CONTOUR-MINOR
100
AcDbVertex
100
AcDb3dPolylineVertex
 10
97.13843340073265
 20
-313.9780188151421
 30
1034.0
 70
32
  0
VERTEX
  5
77E
330
17
100
AcDbEntity
  8
TOPO-CONTOUR-MINOR
100
AcDbVertex
100
AcDb3dPolylineVertex
 10
95.12320434791457
 20
-314.29490447805114
 30
1034.0
 70
32
  0
VERTEX
  5
77F
330
17
100
AcDbEntity
  8
TOPO-CONTOUR-MINOR
100
AcDbVertex
100
AcDb3dPolylineVertex
 10
90.08513171586935
 20
-317.9793008082852
 30
1034.0
 70
32
  0
VERTEX
  5
780
330
17
100
AcDbEntity
  8
TOPO-CONTOUR-MINOR
100
AcDbVertex
100
AcDb3dPolylineVertex
 10
88.06990266305127
 20
-319.10462447496315
 30
1034.0
 70
32
  0
VERTEX
  5
781
330
17
100
AcDbEntity
  8
TOPO-CONTOUR-MINOR
100
AcDbVertex
100
AcDb3dPolylineVertex
 10
86.05467361023318
 20
-319.551907731488
 30
1034.0
 70
32
  0
VERTEX
  5
782
330
17
100
AcDbEntity
  8
TOPO-CONTOUR-MINOR
100
AcDbVertex
100
AcDb3dPolylineVertex
 10
84.03944455741498
 20
-319.0881161059983
 30
1034.0
 70
32
  0
VERTEX
  5
783
330
17
100
AcDbEntity
  8
TOPO-CONTOUR-MINOR
100
AcDbVertex
100
AcDb3dPolylineVertex
 10
82.66103731993361
 20
-317.35675762593746
 30
1034.0
 70
32
  0
VERTEX
  5
784
330
17
100
AcDbEntity
  8
TOPO-CONTOUR-MINOR
100
AcDbVertex
100
AcDb3dPolylineVertex
 10
80.17660231865486
 20
-307.2806123625487
 30
1034.0
 70
32
  0
VERTEX
  5
785
330
17
100
AcDbEntity
  8
TOPO-CONTOUR-MINOR
100
AcDbVertex
100
AcDb3dPolylineVertex
 10
79.00137192536977
 20
-305.752866636668
 30
1034.0
 70
32
  0
VERTEX
  5
786
330
17
100
AcDbEntity
  8
TOPO-CONTOUR-MINOR
100
AcDbVertex
100
AcDb3dPolylineVertex
 10
77.99375739896072
 20
-305.4336981151835
 30
1034.0
 70
32
  0
VERTEX
  5
787
330
17
100
AcDbEntity
  8
TOPO-CONTOUR-MINOR
100
AcDbVertex
100
AcDb3dPolylineVertex
 10
76.98614287255168
 20
-306.0940731586344
 30
1034.0
 70
32
  0
VERTEX
  5
788
330
17
100
AcDbEntity
  8
TOPO-CONTOUR-MINOR
100
AcDbVertex
100
AcDb3dPolylineVertex
 10
76.40780794601753
 20
-307.2806123625487
 30
1034.0
 70
32
  0
VERTEX
  5
789
330
17
100
AcDbEntity
  8
TOPO-CONTOUR-MINOR
100
AcDbVertex
100
AcDb3dPolylineVertex
 10
73.82531261987236
 20
-315.34152857307345
 30
1034.0
 70
32
  0
VERTEX
  5
78A
330
17
100
AcDbEntity
  8
TOPO-CONTOUR-MINOR
100
AcDbVertex
100
AcDb3dPolylineVertex
 10
73.71911273075975
 20
-323.4024447845295
 30
1034.0
 70
32
  0
VERTEX
  5
78B
330
17
100
AcDbEntity
  8
TOPO-CONTOUR-MINOR
100
AcDbVertex
100
AcDb3dPolylineVertex
 10
72.95568476691551
 20
-326.23722068263805
 30
1034.0
 70
32
  0
VERTEX
  5
78C
330
17
100
AcDbEntity
  8
TOPO-CONTOUR-MINOR
100
AcDbVertex
100
AcDb3dPolylineVertex
 10
71.94807024050647
 20
-327.4649088872346
 30
1034.0
 70
32
  0
VERTEX
  5
78D
330
17
100
AcDbEntity
  8
TOPO-CONTOUR-MINOR
100
AcDbVertex
100
AcDb3dPolylineVertex
 10
68.92522666127934
 20
-328.9116300710232
 30
1034.0
 70
32
  0
VERTEX
  5
78E
330
17
100
AcDbEntity
  8
TOPO-CONTOUR-MINOR
100
AcDbVertex
100
AcDb3dPolylineVertex
 10
66.90999760846125
 20
-329.1628561928037
 30
1034.0
 70
32
  0
VERTEX
  5
78F
330
17
100
AcDbEntity
  8
TOPO-CONTOUR-MINOR
100
AcDbVertex
100
AcDb3dPolylineVertex
 10
64.89476855564317
 20
-328.88809112797003
 30
1034.0
 70
32
  0
VERTEX
  5
790
330
17
100
AcDbEntity
  8
TOPO-CONTOUR-MINOR
100
AcDbVertex
100
AcDb3dPolylineVertex
 10
60.864310450007
 20
-327.405445277733
 30
1034.0
 70
32
  0
VERTEX
  5
791
330
17
100
AcDbEntity
  8
TOPO-CONTOUR-MINOR
100
AcDbVertex
100
AcDb3dPolylineVertex
 10
57.84146687077986
 20
-325.2838850576487
 30
1034.0
 70
32
  0
VERTEX
  5
792
330
17
100
AcDbEntity
  8
TOPO-CONTOUR-MINOR
100
AcDbVertex
100
AcDb3dPolylineVertex
 10
56.833852344370825
 20
-325.1411207438907
 30
1034.0
 70
32
  0
VERTEX
  5
793
330
17
100
AcDbEntity
  8
TOPO-CONTOUR-MINOR
100
AcDbVertex
100
AcDb3dPolylineVertex
 10
54.81862329155274
 20
-325.9118609520841
 30
1034.0
 70
32
  0
VERTEX
  5
794
330
17
100
AcDbEntity
  8
TOPO-CONTOUR-MINOR
100
AcDbVertex
100
AcDb3dPolylineVertex
 10
53.8110087651437
 20
-325.83662954164123
 30
1034.0
 70
32
  0
VERTEX
  5
795
330
17
100
AcDbEntity
  8
TOPO-CONTOUR-MINOR
100
AcDbVertex
100
AcDb3dPolylineVertex
 10
51.62776520943729
 20
-325.4176738373935
 30
1034.0
 70
32
  0
VERTEX
  5
796
330
17
100
AcDbEntity
  8
TOPO-CONTOUR-MINOR
100
AcDbVertex
100
AcDb3dPolylineVertex
 10
50.78816518591657
 20
-324.5424318206033
 30
1034.0
 70
32
  0
VERTEX
  5
797
330
17
100
AcDbEntity
  8
TOPO-CONTOUR-MINOR
100
AcDbVertex
100
AcDb3dPolylineVertex
 10
50.88995695625211
 20
-323.4024447845295
 30
1034.0
 70
32
  0
VERTEX
  5
798
330
17
100
AcDbEntity
  8
TOPO-CONTOUR-MINOR
100
AcDbVertex
100
AcDb3dPolylineVertex
 10
52.98634307386753
 20
-317.35675762593746
 30
1034.0
 70
32
  0
VERTEX
  5
799
330
17
100
AcDbEntity
  8
TOPO-CONTOUR-MINOR
100
AcDbVertex
100
AcDb3dPolylineVertex
 10
53.28326679891181
 20
-315.34152857307345
 30
1034.0
 70
32
  0
VERTEX
  5
79A
330
17
100
AcDbEntity
  8
TOPO-CONTOUR-MINOR
100
AcDbVertex
100
AcDb3dPolylineVertex
 10
53.233623879364266
 20
-309.2958414144814
 30
1034.0
 70
32
  0
VERTEX
  5
79B
330
17
100
AcDbEntity
  8
TOPO-CONTOUR-MINOR
100
AcDbVertex
100
AcDb3dPolylineVertex
 10
52.803394238734654
 20
-306.9323265324251
 30
1034.0
 70
32
  0
VERTEX
  5
79C
330
17
100
AcDbEntity
  8
TOPO-CONTOUR-MINOR
100
AcDbVertex
100
AcDb3dPolylineVertex
 10
51.79577971232561
 20
-304.47405767205123
 30
1034.0
 70
32
  0
VERTEX
  5
79D
330
17
100
AcDbEntity
  8
TOPO-CONTOUR-MINOR
100
AcDbVertex
100
AcDb3dPolylineVertex
 10
50.78816518591656
 20
-305.15691430503995
 30
1034.0
 70
32
  0
VERTEX
  5
79E
330
17
100
AcDbEntity
  8
TOPO-CONTOUR-MINOR
100
AcDbVertex
100
AcDb3dPolylineVertex
 10
49.75303252815795
 20
-308.28822688851506
 30
1034.0
 70
32
  0
VERTEX
  5
79F
330
17
100
AcDbEntity
  8
TOPO-CONTOUR-MINOR
100
AcDbVertex
100
AcDb3dPolylineVertex
 10
48.972434011243834
 20
-309.2958414144814
 30
1034.0
 70
32
  0
VERTEX
  5
7A0
330
17
100
AcDbEntity
  8
TOPO-CONTOUR-MINOR
100
AcDbVertex
100
AcDb3dPolylineVertex
 10
45.537561751420256
 20
-311.3110704673454
 30
1034.0
 70
32
  0
VERTEX
  5
7A1
330
17
100
AcDbEntity
  8
TOPO-CONTOUR-MINOR
100
AcDbVertex
100
AcDb3dPolylineVertex
 10
45.14118009861512
 20
-312.3186849942431
 30
1034.0
 70
32
  0
VERTEX
  5
7A2
330
17
100
AcDbEntity
  8
TOPO-CONTOUR-MINOR
100
AcDbVertex
100
AcDb3dPolylineVertex
 10
44.961951304886924
 20
-317.35675762593746
 30
1034.0
 70
32
  0
VERTEX
  5
7A3
330
17
100
AcDbEntity
  8
TOPO-CONTOUR-MINOR
100
AcDbVertex
100
AcDb3dPolylineVertex
 10
45.174804230734026
 20
-318.36437215283513
 30
1034.0
 70
32
  0
VERTEX
  5
7A4
330
17
100
AcDbEntity
  8
TOPO-CONTOUR-MINOR
100
AcDbVertex
100
AcDb3dPolylineVertex
 10
47.178923219719756
 20
-321.3872157316655
 30
1034.0
 70
32
  0
VERTEX
  5
7A5
330
17
100
AcDbEntity
  8
TOPO-CONTOUR-MINOR
100
AcDbVertex
100
AcDb3dPolylineVertex
 10
47.58246569360736
 20
-323.4024447845295
 30
1034.0
 70
32
  0
VERTEX
  5
7A6
330
17
100
AcDbEntity
  8
TOPO-CONTOUR-MINOR
100
AcDbVertex
100
AcDb3dPolylineVertex
 10
47.2922173047955
 20
-324.4100593114272
 30
1034.0
 70
32
  0
VERTEX
  5
7A7
330
17
100
AcDbEntity
  8
TOPO-CONTOUR-MINOR
100
AcDbVertex
100
AcDb3dPolylineVertex
 10
45.75009255387136
 20
-325.17396232774604
 30
1034.0
 70
32
  0
VERTEX
  5
7A8
330
17
100
AcDbEntity
  8
TOPO-CONTOUR-MINOR
100
AcDbVertex
100
AcDb3dPolylineVertex
 10
43.73486350105327
 20
-324.61376771057536
 30
1034.0
 70
32
  0
VERTEX
  5
7A9
330
17
100
AcDbEntity
  8
TOPO-CONTOUR-MINOR
100
AcDbVertex
100
AcDb3dPolylineVertex
 10
42.62961282137456
 20
-323.4024447845295
 30
1034.0
 70
32
  0
VERTEX
  5
7AA
330
17
100
AcDbEntity
  8
TOPO-CONTOUR-MINOR
100
AcDbVertex
100
AcDb3dPolylineVertex
 10
42.3026826330664
 20
-322.39483025856316
 30
1034.0
 70
32
  0
VERTEX
  5
7AB
330
17
100
AcDbEntity
  8
TOPO-CONTOUR-MINOR
100
AcDbVertex
100
AcDb3dPolylineVertex
 10
42.56138838727336
 20
-318.36437215283513
 30
1034.0
 70
32
  0
VERTEX
  5
7AC
330
17
100
AcDbEntity
  8
TOPO-CONTOUR-MINOR
100
AcDbVertex
100
AcDb3dPolylineVertex
 10
41.85063187319147
 20
-317.35675762593746
 30
1034.0
 70
32
  0
VERTEX
  5
7AD
330
17
100
AcDbEntity
  8
TOPO-CONTOUR-MINOR
100
AcDbVertex
100
AcDb3dPolylineVertex
 10
37.6891763425989
 20
-315.80301490317896
 30
1034.0
 70
32
  0
VERTEX
  5
7AE
330
17
100
AcDbEntity
  8
TOPO-CONTOUR-MINOR
100
AcDbVertex
100
AcDb3dPolylineVertex
 10
34.89046063109221
 20
-312.3186849942431
 30
1034.0
 70
32
  0
VERTEX
  5
7AF
330
17
100
AcDbEntity
  8
TOPO-CONTOUR-MINOR
100
AcDbVertex
100
AcDb3dPolylineVertex
 10
32.651103710553684
 20
-311.3677701355621
 30
1034.0
 70
32
  0
VERTEX
  5
7B0
330
17
100
AcDbEntity
  8
TOPO-CONTOUR-MINOR
100
AcDbVertex
100
AcDb3dPolylineVertex
 10
29.628260131326556
 20
-308.7595166172656
 30
1034.0
 70
32
  0
VERTEX
  5
7B1
330
17
100
AcDbEntity
  8
TOPO-CONTOUR-MINOR
100
AcDbVertex
100
AcDb3dPolylineVertex
 10
25.59780202569027
 20
-307.9848013073232
 30
1034.0
 70
32
  0
VERTEX
  5
7B2
330
17
100
AcDbEntity
  8
TOPO-CONTOUR-MINOR
100
AcDbVertex
100
AcDb3dPolylineVertex
 10
22.574958446463143
 20
-306.60646156932637
 30
1034.0
 70
32
  0
VERTEX
  5
7B3
330
17
100
AcDbEntity
  8
TOPO-CONTOUR-MINOR
100
AcDbVertex
100
AcDb3dPolylineVertex
 10
13.506427708781757
 20
-300.65034950508334
 30
1034.0
 70
32
  0
VERTEX
  5
7B4
330
17
100
AcDbEntity
  8
TOPO-CONTOUR-MINOR
100
AcDbVertex
100
AcDb3dPolylineVertex
 10
12.094747422465556
 20
-299.21969615109265
 30
1034.0
 70
32
  0
VERTEX
  5
7B5
330
17
100
AcDbEntity
  8
TOPO-CONTOUR-MINOR
100
AcDbVertex
100
AcDb3dPolylineVertex
 10
11.733554314161026
 20
-298.212081624195
 30
1034.0
 70
32
  0
VERTEX
  5
7B6
330
17
100
AcDbEntity
  8
TOPO-CONTOUR-MINOR
100
AcDbVertex
100
AcDb3dPolylineVertex
 10
11.882764944962112
 20
-297.20446709822863
 30
1034.0
 70
32
  0
VERTEX
  5
7B7
330
17
100
AcDbEntity
  8
TOPO-CONTOUR-MINOR
100
AcDbVertex
100
AcDb3dPolylineVertex
 10
12.498813182372714
 20
-296.3578867342135
 30
1034.0
 70
32
  0
VERTEX
  5
7B8
330
17
100
AcDbEntity
  8
TOPO-CONTOUR-MINOR
100
AcDbVertex
100
AcDb3dPolylineVertex
 10
14.5140422351908
 20
-295.1530440309442
 30
1034.0
 70
32
  0
VERTEX
  5
7B9
330
17
100
AcDbEntity
  8
TOPO-CONTOUR-MINOR
100
AcDbVertex
100
AcDb3dPolylineVertex
 10
17.53688581441793
 20
-292.2028566923888
 30
1034.0
 70
32
  0
VERTEX
  5
7BA
330
17
100
AcDbEntity
  8
TOPO-CONTOUR-MINOR
100
AcDbVertex
100
AcDb3dPolylineVertex
 10
18.54450034082697
 20
-291.6055485032025
 30
1034.0
 70
32
  0
VERTEX
  5
7BB
330
17
100
AcDbEntity
  8
TOPO-CONTOUR-MINOR
100
AcDbVertex
100
AcDb3dPolylineVertex
 10
21.5673439200541
 20
-290.7930836513241
 30
1034.0
 70
32
  0
VERTEX
  5
7BC
330
17
100
AcDbEntity
  8
TOPO-CONTOUR-MINOR
100
AcDbVertex
100
AcDb3dPolylineVertex
 10
22.30002573411719
 20
-290.1511654127389
 30
1034.0
 70
32
  0
VERTEX
  5
7BD
330
17
100
AcDbEntity
  8
TOPO-CONTOUR-MINOR
100
AcDbVertex
100
AcDb3dPolylineVertex
 10
22.574958446463143
 20
-289.291854416699
 30
1034.0
 70
32
  0
VERTEX
  5
7BE
330
17
100
AcDbEntity
  8
TOPO-CONTOUR-MINOR
100
AcDbVertex
100
AcDb3dPolylineVertex
 10
22.736424407836125
 20
-287.12832183390856
 30
1034.0
 70
32
  0
VERTEX
  5
7BF
330
17
100
AcDbEntity
  8
TOPO-CONTOUR-MINOR
100
AcDbVertex
100
AcDb3dPolylineVertex
 10
22.391943565901542
 20
-286.1207073079422
 30
1034.0
 70
32
  0
VERTEX
  5
7C0
330
17
100
AcDbEntity
  8
TOPO-CONTOUR-MINOR
100
AcDbVertex
100
AcDb3dPolylineVertex
 10
21.401733752475913
 20
-285.11309278104454
 30
1034.0
 70
32
  0
VERTEX
  5
7C1
330
17
100
AcDbEntity
  8
TOPO-CONTOUR-MINOR
100
AcDbVertex
100
AcDb3dPolylineVertex
 10
15.618542436079734
 20
-281.0826346753165
 30
1034.0
 70
32
  0
VERTEX
  5
7C2
330
17
100
AcDbEntity
  8
TOPO-CONTOUR-MINOR
100
AcDbVertex
100
AcDb3dPolylineVertex
 10
15.30904121125768
 20
-280.07502014935017
 30
1034.0
 70
32
  0
VERTEX
  5
7C3
330
17
100
AcDbEntity
  8
TOPO-CONTOUR-MINOR
100
AcDbVertex
100
AcDb3dPolylineVertex
 10
16.849451669431172
 20
-279.0674056224525
 30
1034.0
 70
32
  0
VERTEX
  5
7C4
330
17
100
AcDbEntity
  8
TOPO-CONTOUR-MINOR
100
AcDbVertex
100
AcDb3dPolylineVertex
 10
20.559729393645057
 20
-277.9776417363303
 30
1034.0
 70
32
  0
VERTEX
  5
7C5
330
17
100
AcDbEntity
  8
TOPO-CONTOUR-MINOR
100
AcDbVertex
100
AcDb3dPolylineVertex
 10
25.38832844320126
 20
-274.0293329907581
 30
1034.0
 70
32
  0
VERTEX
  5
7C6
330
17
100
AcDbEntity
  8
TOPO-CONTOUR-MINOR
100
AcDbVertex
100
AcDb3dPolylineVertex
 10
25.3433205675343
 20
-273.02171846386045
 30
1034.0
 70
32
  0
VERTEX
  5
7C7
330
17
100
AcDbEntity
  8
TOPO-CONTOUR-MINOR
100
AcDbVertex
100
AcDb3dPolylineVertex
 10
22.574958446463143
 20
-268.4245514078411
 30
1034.0
 70
32
  0
VERTEX
  5
7C8
330
17
100
AcDbEntity
  8
TOPO-CONTOUR-MINOR
100
AcDbVertex
100
AcDb3dPolylineVertex
 10
21.5673439200541
 20
-267.5417445662086
 30
1034.0
 70
32
  0
VERTEX
  5
7C9
330
17
100
AcDbEntity
  8
TOPO-CONTOUR-MINOR
100
AcDbVertex
100
AcDb3dPolylineVertex
 10
20.559729393645057
 20
-267.16150593887886
 30
1034.0
 70
32
  0
VERTEX
  5
7CA
330
17
100
AcDbEntity
  8
TOPO-CONTOUR-MINOR
100
AcDbVertex
100
AcDb3dPolylineVertex
 10
18.54450034082697
 20
-267.1419515852877
 30
1034.0
 70
32
  0
VERTEX
  5
7CB
330
17
100
AcDbEntity
  8
TOPO-CONTOUR-MINOR
100
AcDbVertex
100
AcDb3dPolylineVertex
 10
17.53688581441793
 20
-267.712502830662
 30
1034.0
 70
32
  0
VERTEX
  5
7CC
330
17
100
AcDbEntity
  8
TOPO-CONTOUR-MINOR
100
AcDbVertex
100
AcDb3dPolylineVertex
 10
16.529271288008886
 20
-269.14094494816555
 30
1034.0
 70
32
  0
VERTEX
  5
7CD
330
17
100
AcDbEntity
  8
TOPO-CONTOUR-MINOR
100
AcDbVertex
100
AcDb3dPolylineVertex
 10
15.1816116362433
 20
-273.02171846386045
 30
1034.0
 70
32
  0
VERTEX
  5
7CE
330
17
100
AcDbEntity
  8
TOPO-CONTOUR-MINOR
100
AcDbVertex
100
AcDb3dPolylineVertex
 10
13.506427708781757
 20
-275.5583365579856
 30
1034.0
 70
32
  0
VERTEX
  5
7CF
330
17
100
AcDbEntity
  8
TOPO-CONTOUR-MINOR
100
AcDbVertex
100
AcDb3dPolylineVertex
 10
12.498813182372714
 20
-276.81683131943083
 30
1034.0
 70
32
  0
VERTEX
  5
7D0
330
17
100
AcDbEntity
  8
TOPO-CONTOUR-MINOR
100
AcDbVertex
100
AcDb3dPolylineVertex
 10
9.29868006927805
 20
-279.0674056224525
 30
1034.0
 70
32
  0
VERTEX
  5
7D1
330
17
100
AcDbEntity
  8
TOPO-CONTOUR-MINOR
100
AcDbVertex
100
AcDb3dPolylineVertex
 10
7.127091771170439
 20
-281.0826346753165
 30
1034.0
 70
32
  0
VERTEX
  5
7D2
330
17
100
AcDbEntity
  8
TOPO-CONTOUR-MINOR
100
AcDbVertex
100
AcDb3dPolylineVertex
 10
6.737845494019206
 20
-282.0902492022142
 30
1034.0
 70
32
  0
VERTEX
  5
7D3
330
17
100
AcDbEntity
  8
TOPO-CONTOUR-MINOR
100
AcDbVertex
100
AcDb3dPolylineVertex
 10
6.864554090906367
 20
-283.0978637281805
 30
1034.0
 70
32
  0
VERTEX
  5
7D4
330
17
100
AcDbEntity
  8
TOPO-CONTOUR-MINOR
100
AcDbVertex
100
AcDb3dPolylineVertex
 10
8.22137488909291
 20
-287.12832183390856
 30
1034.0
 70
32
  0
VERTEX
  5
7D5
330
17
100
AcDbEntity
  8
TOPO-CONTOUR-MINOR
100
AcDbVertex
100
AcDb3dPolylineVertex
 10
8.23480151724796
 20
-289.1435508867726
 30
1034.0
 70
32
  0
VERTEX
  5
7D6
330
17
100
AcDbEntity
  8
TOPO-CONTOUR-MINOR
100
AcDbVertex
100
AcDb3dPolylineVertex
 10
7.186759918107067
 20
-291.1587799396366
 30
1034.0
 70
32
  0
VERTEX
  5
7D7
330
17
100
AcDbEntity
  8
TOPO-CONTOUR-MINOR
100
AcDbVertex
100
AcDb3dPolylineVertex
 10
2.4226679182822863
 20
-297.88699339271034
 30
1034.0
 70
32
  0
VERTEX
  5
7D8
330
17
100
AcDbEntity
  8
TOPO-CONTOUR-MINOR
100
AcDbVertex
100
AcDb3dPolylineVertex
 10
0.4074388654642007
 20
-299.6997334673458
 30
1034.0
 70
32
  0
VERTEX
  5
7D9
330
17
100
AcDbEntity
  8
TOPO-CONTOUR-MINOR
100
AcDbVertex
100
AcDb3dPolylineVertex
 10
-0.4523348123106908
 20
-298.212081624195
 30
1034.0
 70
32
  0
VERTEX
  5
7DA
330
17
100
AcDbEntity
  8
TOPO-CONTOUR-MINOR
100
AcDbVertex
100
AcDb3dPolylineVertex
 10
-1.4665220448162428
 20
-294.18162351846695
 30
1034.0
 70
32
  0
VERTEX
  5
7DB
330
17
100
AcDbEntity
  8
TOPO-CONTOUR-MINOR
100
AcDbVertex
100
AcDb3dPolylineVertex
 10
-2.751241475126658
 20
-291.1587799396366
 30
1034.0
 70
32
  0
VERTEX
  5
7DC
330
17
100
AcDbEntity
  8
TOPO-CONTOUR-MINOR
100
AcDbVertex
100
AcDb3dPolylineVertex
 10
-2.918201101123346
 20
-287.12832183390856
 30
1034.0
 70
32
  0
VERTEX
  5
7DD
330
17
100
AcDbEntity
  8
TOPO-CONTOUR-MINOR
100
AcDbVertex
100
AcDb3dPolylineVertex
 10
-2.462133820530753
 20
-286.1207073079422
 30
1034.0
 70
32
  0
VERTEX
  5
7DE
330
17
100
AcDbEntity
  8
TOPO-CONTOUR-MINOR
100
AcDbVertex
100
AcDb3dPolylineVertex
 10
2.639926934685616
 20
-281.0826346753165
 30
1034.0
 70
32
  0
VERTEX
  5
7DF
330
17
100
AcDbEntity
  8
TOPO-CONTOUR-MINOR
100
AcDbVertex
100
AcDb3dPolylineVertex
 10
2.9543784237537967
 20
-280.07502014935017
 30
1034.0
 70
32
  0
VERTEX
  5
7E0
330
17
100
AcDbEntity
  8
TOPO-CONTOUR-MINOR
100
AcDbVertex
100
AcDb3dPolylineVertex
 10
2.484060543004667
 20
-277.0521765695885
 30
1034.0
 70
32
  0
VERTEX
  5
7E1
330
17
100
AcDbEntity
  8
TOPO-CONTOUR-MINOR
100
AcDbVertex
100
AcDb3dPolylineVertex
 10
2.6225290416655342
 20
-276.04456204362214
 30
1034.0
 70
32
  0
VERTEX
  5
7E2
330
17
100
AcDbEntity
  8
TOPO-CONTOUR-MINOR
100
AcDbVertex
100
AcDb3dPolylineVertex
 10
4.8133102557695
 20
-272.0141039378941
 30
1034.0
 70
32
  0
VERTEX
  5
7E3
330
17
100
AcDbEntity
  8
TOPO-CONTOUR-MINOR
100
AcDbVertex
100
AcDb3dPolylineVertex
 10
5.078841149261328
 20
-266.9760313052684
 30
1034.0
 70
32
  0
VERTEX
  5
7E4
330
17
100
AcDbEntity
  8
TOPO-CONTOUR-MINOR
100
AcDbVertex
100
AcDb3dPolylineVertex
 10
6.025973826203698
 20
-262.9455732004717
 30
1034.0
 70
32
  0
VERTEX
  5
7E5
330
17
100
AcDbEntity
  8
TOPO-CONTOUR-MINOR
100
AcDbVertex
100
AcDb3dPolylineVertex
 10
5.6467543168552785
 20
-260.9303441476077
 30
1034.0
 70
32
  0
VERTEX
  5
7E6
330
17
100
AcDbEntity
  8
TOPO-CONTOUR-MINOR
100
AcDbVertex
100
AcDb3dPolylineVertex
 10
4.437896971100372
 20
-259.6067311810651
 30
1034.0
 70
32
  0
VERTEX
  5
7E7
330
17
100
AcDbEntity
  8
TOPO-CONTOUR-MINOR
100
AcDbVertex
100
AcDb3dPolylineVertex
 10
-1.607790187353885
 20
-256.35652557878274
 30
1034.0
 70
32
  0
VERTEX
  5
7E8
330
17
100
AcDbEntity
  8
TOPO-CONTOUR-MINOR
100
AcDbVertex
100
AcDb3dPolylineVertex
 10
-6.645862819399099
 20
-254.99777855831735
 30
1034.0
 70
32
  0
VERTEX
  5
7E9
330
17
100
AcDbEntity
  8
TOPO-CONTOUR-MINOR
100
AcDbVertex
100
AcDb3dPolylineVertex
 10
-10.67632092503527
 20
-255.32138181185786
 30
1034.0
 70
32
  0
VERTEX
  5
7EA
330
17
100
AcDbEntity
  8
TOPO-CONTOUR-MINOR
100
AcDbVertex
100
AcDb3dPolylineVertex
 10
-14.706779030671555
 20
-254.53139002963496
 30
1034.0
 70
32
  0
VERTEX
  5
7EB
330
17
100
AcDbEntity
  8
TOPO-CONTOUR-MINOR
100
AcDbVertex
100
AcDb3dPolylineVertex
 10
-15.714393557080598
 20
-253.66940759888823
 30
1034.0
 70
32
  0
VERTEX
  5
7EC
330
17
100
AcDbEntity
  8
TOPO-CONTOUR-MINOR
100
AcDbVertex
100
AcDb3dPolylineVertex
 10
-16.04020371985196
 20
-252.86942793615162
 30
1034.0
 70
32
  0
VERTEX
  5
7ED
330
17
100
AcDbEntity
  8
TOPO-CONTOUR-MINOR
100
AcDbVertex
100
AcDb3dPolylineVertex
 10
-16.95921833836516
 20
-249.84658435638994
 30
1034.0
 70
32
  0
VERTEX
  5
7EE
330
17
100
AcDbEntity
  8
TOPO-CONTOUR-MINOR
100
AcDbVertex
100
AcDb3dPolylineVertex
 10
-17.097863663788193
 20
-247.83135530352592
 30
1034.0
 70
32
  0
VERTEX
  5
7EF
330
17
100
AcDbEntity
  8
TOPO-CONTOUR-MINOR
100
AcDbVertex
100
AcDb3dPolylineVertex
 10
-16.72200808348964
 20
-246.48203368747227
 30
1034.0
 70
32
  0
VERTEX
  5
7F0
330
17
100
AcDbEntity
  8
TOPO-CONTOUR-MINOR
100
AcDbVertex
100
AcDb3dPolylineVertex
 10
-14.779426249980082
 20
-243.80089719872922
 30
1034.0
 70
32
  0
VERTEX
  5
7F1
330
17
100
AcDbEntity
  8
TOPO-CONTOUR-MINOR
100
AcDbVertex
100
AcDb3dPolylineVertex
 10
-13.699164504262512
 20
-241.52973757086647
 30
1034.0
 70
32
  0
VERTEX
  5
7F2
330
17
100
AcDbEntity
  8
TOPO-CONTOUR-MINOR
100
AcDbVertex
100
AcDb3dPolylineVertex
 10
-12.866147884568738
 20
-238.76282456610352
 30
1034.0
 70
32
  0
VERTEX
  5
7F3
330
17
100
AcDbEntity
  8
TOPO-CONTOUR-MINOR
100
AcDbVertex
100
AcDb3dPolylineVertex
 10
-13.191737431381576
 20
-236.7475955132395
 30
1034.0
 70
32
  0
VERTEX
  5
7F4
330
17
100
AcDbEntity
  8
TOPO-CONTOUR-MINOR
100
AcDbVertex
100
AcDb3dPolylineVertex
 10
-13.994388854014712
 20
-235.73998098727316
 30
1034.0
 70
32
  0
VERTEX
  5
7F5
330
17
100
AcDbEntity
  8
TOPO-CONTOUR-MINOR
100
AcDbVertex
100
AcDb3dPolylineVertex
 10
-15.714393557080598
 20
-234.63544243076197
 30
1034.0
 70
32
  0
VERTEX
  5
7F6
330
17
100
AcDbEntity
  8
TOPO-CONTOUR-MINOR
100
AcDbVertex
100
AcDb3dPolylineVertex
 10
-19.74485166271677
 20
-234.87148622311264
 30
1034.0
 70
32
  0
VERTEX
  5
7F7
330
17
100
AcDbEntity
  8
TOPO-CONTOUR-MINOR
100
AcDbVertex
100
AcDb3dPolylineVertex
 10
-22.767695241943898
 20
-234.12500278079926
 30
1034.0
 70
32
  0
VERTEX
  5
7F8
330
17
100
AcDbEntity
  8
TOPO-CONTOUR-MINOR
100
AcDbVertex
100
AcDb3dPolylineVertex
 10
-24.782924294761983
 20
-234.03674053257492
 30
1034.0
 70
32
  0
VERTEX
  5
7F9
330
17
100
AcDbEntity
  8
TOPO-CONTOUR-MINOR
100
AcDbVertex
100
AcDb3dPolylineVertex
 10
-25.790538821171026
 20
-234.3780868611779
 30
1034.0
 70
32
  0
VERTEX
  5
7FA
330
17
100
AcDbEntity
  8
TOPO-CONTOUR-MINOR
100
AcDbVertex
100
AcDb3dPolylineVertex
 10
-26.79815334758007
 20
-235.26230525136577
 30
1034.0
 70
32
  0
VERTEX
  5
7FB
330
17
100
AcDbEntity
  8
TOPO-CONTOUR-MINOR
100
AcDbVertex
100
AcDb3dPolylineVertex
 10
-27.80576787398911
 20
-237.2421836352736
 30
1034.0
 70
32
  0
VERTEX
  5
7FC
330
17
100
AcDbEntity
  8
TOPO-CONTOUR-MINOR
100
AcDbVertex
100
AcDb3dPolylineVertex
 10
-28.2111410338459
 20
-239.7704390930012
 30
1034.0
 70
32
  0
VERTEX
  5
7FD
330
17
100
AcDbEntity
  8
TOPO-CONTOUR-MINOR
100
AcDbVertex
100
AcDb3dPolylineVertex
 10
-27.01623800470259
 20
-244.80851172469556
 30
1034.0
 70
32
  0
VERTEX
  5
7FE
330
17
100
AcDbEntity
  8
TOPO-CONTOUR-MINOR
100
AcDbVertex
100
AcDb3dPolylineVertex
 10
-26.908454647377678
 20
-246.82374077755958
 30
1034.0
 70
32
  0
VERTEX
  5
7FF
330
17
100
AcDbEntity
  8
TOPO-CONTOUR-MINOR
100
AcDbVertex
100
AcDb3dPolylineVertex
 10
-28.082432159942194
 20
-250.8541988832876
 30
1034.0
 70
32
  0
VERTEX
  5
800
330
17
100
AcDbEntity
  8
TOPO-CONTOUR-MINOR
100
AcDbVertex
100
AcDb3dPolylineVertex
 10
-28.432659328710848
 20
-254.88465698901564
 30
1034.0
 70
32
  0
VERTEX
  5
801
330
17
100
AcDbEntity
  8
TOPO-CONTOUR-MINOR
100
AcDbVertex
100
AcDb3dPolylineVertex
 10
-30.756807218564084
 20
-259.92272962071
 30
1034.0
 70
32
  0
VERTEX
  5
802
330
17
100
AcDbEntity
  8
TOPO-CONTOUR-MINOR
100
AcDbVertex
100
AcDb3dPolylineVertex
 10
-30.104666380791464
 20
-263.95318772643805
 30
1034.0
 70
32
  0
VERTEX
  5
803
330
17
100
AcDbEntity
  8
TOPO-CONTOUR-MINOR
100
AcDbVertex
100
AcDb3dPolylineVertex
 10
-31.16021842138801
 20
-265.96841677930206
 30
1034.0
 70
32
  0
VERTEX
  5
804
330
17
100
AcDbEntity
  8
TOPO-CONTOUR-MINOR
100
AcDbVertex
100
AcDb3dPolylineVertex
 10
-34.859069558852525
 20
-268.6916566607974
 30
1034.0
 70
32
  0
VERTEX
  5
805
330
17
100
AcDbEntity
  8
TOPO-CONTOUR-MINOR
100
AcDbVertex
100
AcDb3dPolylineVertex
 10
-35.55635082327532
 20
-271.00648941099644
 30
1034.0
 70
32
  0
VERTEX
  5
806
330
17
100
AcDbEntity
  8
TOPO-CONTOUR-MINOR
100
AcDbVertex
100
AcDb3dPolylineVertex
 10
-35.47826234632432
 20
-273.02171846386045
 30
1034.0
 70
32
  0
VERTEX
  5
807
330
17
100
AcDbEntity
  8
TOPO-CONTOUR-MINOR
100
AcDbVertex
100
AcDb3dPolylineVertex
 10
-34.859069558852525
 20
-274.49453013768186
 30
1034.0
 70
32
  0
VERTEX
  5
808
330
17
100
AcDbEntity
  8
TOPO-CONTOUR-MINOR
100
AcDbVertex
100
AcDb3dPolylineVertex
 10
-33.85145503244348
 20
-275.44430582530526
 30
1034.0
 70
32
  0
VERTEX
  5
809
330
17
100
AcDbEntity
  8
TOPO-CONTOUR-MINOR
100
AcDbVertex
100
AcDb3dPolylineVertex
 10
-30.323917532764625
 20
-277.0521765695885
 30
1034.0
 70
32
  0
VERTEX
  5
80A
330
17
100
AcDbEntity
  8
TOPO-CONTOUR-MINOR
100
AcDbVertex
100
AcDb3dPolylineVertex
 10
-29.977714296135304
 20
-278.05979109648615
 30
1034.0
 70
32
  0
VERTEX
  5
80B
330
17
100
AcDbEntity
  8
TOPO-CONTOUR-MINOR
100
AcDbVertex
100
AcDb3dPolylineVertex
 10
-30.480960660253537
 20
-281.0826346753165
 30
1034.0
 70
32
  0
VERTEX
  5
80C
330
17
100
AcDbEntity
  8
TOPO-CONTOUR-MINOR
100
AcDbVertex
100
AcDb3dPolylineVertex
 10
-29.323627987264082
 20
-284.1054782550782
 30
1034.0
 70
32
  0
VERTEX
  5
80D
330
17
100
AcDbEntity
  8
TOPO-CONTOUR-MINOR
100
AcDbVertex
100
AcDb3dPolylineVertex
 10
-30.82861145321624
 20
-287.43038555121205
 30
1034.0
 70
32
  0
VERTEX
  5
80E
330
17
100
AcDbEntity
  8
TOPO-CONTOUR-MINOR
100
AcDbVertex
100
AcDb3dPolylineVertex
 10
-31.836225979625283
 20
-288.7263332016009
 30
1034.0
 70
32
  0
VERTEX
  5
80F
330
17
100
AcDbEntity
  8
TOPO-CONTOUR-MINOR
100
AcDbVertex
100
AcDb3dPolylineVertex
 10
-32.843840506034326
 20
-289.0082915635694
 30
1034.0
 70
32
  0
VERTEX
  5
810
330
17
100
AcDbEntity
  8
TOPO-CONTOUR-MINOR
100
AcDbVertex
100
AcDb3dPolylineVertex
 10
-33.662952683217945
 20
-288.1359363598749
 30
1034.0
 70
32
  0
VERTEX
  5
811
330
17
100
AcDbEntity
  8
TOPO-CONTOUR-MINOR
100
AcDbVertex
100
AcDb3dPolylineVertex
 10
-33.92649207801409
 20
-287.12832183390856
 30
1034.0
 70
32
  0
VERTEX
  5
812
330
17
100
AcDbEntity
  8
TOPO-CONTOUR-MINOR
100
AcDbVertex
100
AcDb3dPolylineVertex
 10
-33.03089294685911
 20
-284.1054782550782
 30
1034.0
 70
32
  0
VERTEX
  5
813
330
17
100
AcDbEntity
  8
TOPO-CONTOUR-MINOR
100
AcDbVertex
100
AcDb3dPolylineVertex
 10
-34.285893509004765
 20
-283.0978637281805
 30
1034.0
 70
32
  0
VERTEX
  5
814
330
17
100
AcDbEntity
  8
TOPO-CONTOUR-MINOR
100
AcDbVertex
100
AcDb3dPolylineVertex
 10
-34.859069558852525
 20
-282.96287057923354
 30
1034.0
 70
32
  0
VERTEX
  5
815
330
17
100
AcDbEntity
  8
TOPO-CONTOUR-MINOR
100
AcDbVertex
100
AcDb3dPolylineVertex
 10
-35.86668408526157
 20
-283.3312170704878
 30
1034.0
 70
32
  0
VERTEX
  5
816
330
17
100
AcDbEntity
  8
TOPO-CONTOUR-MINOR
100
AcDbVertex
100
AcDb3dPolylineVertex
 10
-36.22907989133656
 20
-284.1054782550782
 30
1034.0
 70
32
  0
VERTEX
  5
817
330
17
100
AcDbEntity
  8
TOPO-CONTOUR-MINOR
100
AcDbVertex
100
AcDb3dPolylineVertex
 10
-37.39762585048435
 20
-291.1587799396366
 30
1034.0
 70
32
  0
VERTEX
  5
818
330
17
100
AcDbEntity
  8
TOPO-CONTOUR-MINOR
100
AcDbVertex
100
AcDb3dPolylineVertex
 10
-39.68987073422275
 20
-295.1892380453646
 30
1034.0
 70
32
  0
VERTEX
  5
819
330
17
100
AcDbEntity
  8
TOPO-CONTOUR-MINOR
100
AcDbVertex
100
AcDb3dPolylineVertex
 10
-40.90475671730678
 20
-300.25533834738803
 30
1034.0
 70
32
  0
VERTEX
  5
81A
330
17
100
AcDbEntity
  8
TOPO-CONTOUR-MINOR
100
AcDbVertex
100
AcDb3dPolylineVertex
 10
-41.912371243715825
 20
-301.2504469031896
 30
1034.0
 70
32
  0
VERTEX
  5
81B
330
17
100
AcDbEntity
  8
TOPO-CONTOUR-MINOR
100
AcDbVertex
100
AcDb3dPolylineVertex
 10
-42.91998577012487
 20
-300.85309551395505
 30
1034.0
 70
32
  0
VERTEX
  5
81C
330
17
100
AcDbEntity
  8
TOPO-CONTOUR-MINOR
100
AcDbVertex
100
AcDb3dPolylineVertex
 10
-43.92760029653391
 20
-298.76560168300415
 30
1034.0
 70
32
  0
VERTEX
  5
81D
330
17
100
AcDbEntity
  8
TOPO-CONTOUR-MINOR
100
AcDbVertex
100
AcDb3dPolylineVertex
 10
-47.95805840217008
 20
-284.51942600172964
 30
1034.0
 70
32
  0
VERTEX
  5
81E
330
17
100
AcDbEntity
  8
TOPO-CONTOUR-MINOR
100
AcDbVertex
100
AcDb3dPolylineVertex
 10
-48.965672928579124
 20
-283.84210801682457
 30
1034.0
 70
32
  0
VERTEX
  5
81F
330
17
100
AcDbEntity
  8
TOPO-CONTOUR-MINOR
100
AcDbVertex
100
AcDb3dPolylineVertex
 10
-49.31968431418886
 20
-284.1054782550782
 30
1034.0
 70
32
  0
VERTEX
  5
820
330
17
100
AcDbEntity
  8
TOPO-CONTOUR-MINOR
100
AcDbVertex
100
AcDb3dPolylineVertex
 10
-50.10205333521279
 20
-285.11309278104454
 30
1034.0
 70
32
  0
VERTEX
  5
821
330
17
100
AcDbEntity
  8
TOPO-CONTOUR-MINOR
100
AcDbVertex
100
AcDb3dPolylineVertex
 10
-53.61462447177651
 20
-303.2501542568207
 30
1034.0
 70
32
  0
VERTEX
  5
822
330
17
100
AcDbEntity
  8
TOPO-CONTOUR-MINOR
100
AcDbVertex
100
AcDb3dPolylineVertex
 10
-54.140105929593005
 20
-309.29584141448134
 30
1034.0
 70
32
  0
VERTEX
  5
823
330
17
100
AcDbEntity
  8
TOPO-CONTOUR-MINOR
100
AcDbVertex
100
AcDb3dPolylineVertex
 10
-55.62190077266372
 20
-318.36437215283513
 30
1034.0
 70
32
  0
VERTEX
  5
824
330
17
100
AcDbEntity
  8
TOPO-CONTOUR-MINOR
100
AcDbVertex
100
AcDb3dPolylineVertex
 10
-56.11564757709628
 20
-329.4481319431216
 30
1034.0
 70
32
  0
VERTEX
  5
825
330
17
100
AcDbEntity
  8
TOPO-CONTOUR-MINOR
100
AcDbVertex
100
AcDb3dPolylineVertex
 10
-55.4721875040025
 20
-337.5090481545776
 30
1034.0
 70
32
  0
VERTEX
  5
826
330
17
100
AcDbEntity
  8
TOPO-CONTOUR-MINOR
100
AcDbVertex
100
AcDb3dPolylineVertex
 10
-57.15831505982827
 20
-342.547120786272
 30
1034.0
 70
32
  0
VERTEX
  5
827
330
17
100
AcDbEntity
  8
TOPO-CONTOUR-MINOR
100
AcDbVertex
100
AcDb3dPolylineVertex
 10
-58.09956617431416
 20
-349.6004224708304
 30
1034.0
 70
32
  0
VERTEX
  5
828
330
17
100
AcDbEntity
  8
TOPO-CONTOUR-MINOR
100
AcDbVertex
100
AcDb3dPolylineVertex
 10
-57.73004037419613
 20
-360.6841822620481
 30
1034.0
 70
32
  0
VERTEX
  5
829
330
17
100
AcDbEntity
  8
TOPO-CONTOUR-MINOR
100
AcDbVertex
100
AcDb3dPolylineVertex
 10
-58.179140167348706
 20
-368.7450984735042
 30
1034.0
 70
32
  0
VERTEX
  5
82A
330
17
100
AcDbEntity
  8
TOPO-CONTOUR-MINOR
100
AcDbVertex
100
AcDb3dPolylineVertex
 10
-57.1742484837784
 20
-376.8060146840289
 30
1034.0
 70
32
  0
VERTEX
  5
82B
330
17
100
AcDbEntity
  8
TOPO-CONTOUR-MINOR
100
AcDbVertex
100
AcDb3dPolylineVertex
 10
-58.98699791244201
 20
-383.85931636951864
 30
1034.0
 70
32
  0
VERTEX
  5
82C
330
17
100
AcDbEntity
  8
TOPO-CONTOUR-MINOR
100
AcDbVertex
100
AcDb3dPolylineVertex
 10
-59.22879877444762
 20
-385.87454542238265
 30
1034.0
 70
32
  0
VERTEX
  5
82D
330
17
100
AcDbEntity
  8
TOPO-CONTOUR-MINOR
100
AcDbVertex
100
AcDb3dPolylineVertex
 10
-58.56922559440961
 20
-388.897389001213
 30
1034.0
 70
32
  0
VERTEX
  5
82E
330
17
100
AcDbEntity
  8
TOPO-CONTOUR-MINOR
100
AcDbVertex
100
AcDb3dPolylineVertex
 10
-54.33056359694997
 20
-392.92784710694104
 30
1034.0
 70
32
  0
VERTEX
  5
82F
330
17
100
AcDbEntity
  8
TOPO-CONTOUR-MINOR
100
AcDbVertex
100
AcDb3dPolylineVertex
 10
-52.60088959364499
 20
-397.9659197386354
 30
1034.0
 70
32
  0
VERTEX
  5
830
330
17
100
AcDbEntity
  8
TOPO-CONTOUR-MINOR
100
AcDbVertex
100
AcDb3dPolylineVertex
 10
-52.40670678346653
 20
-399.98114879149944
 30
1034.0
 70
32
  0
VERTEX
  5
831
330
17
100
AcDbEntity
  8
TOPO-CONTOUR-MINOR
100
AcDbVertex
100
AcDb3dPolylineVertex
 10
-52.996131034215296
 20
-402.5796854728585
 30
1034.0
 70
32
  0
VERTEX
  5
832
330
17
100
AcDbEntity
  8
TOPO-CONTOUR-MINOR
100
AcDbVertex
100
AcDb3dPolylineVertex
 10
-54.553665768541364
 20
-406.0268359500915
 30
1034.0
 70
32
  0
VERTEX
  5
833
330
17
100
AcDbEntity
  8
TOPO-CONTOUR-MINOR
100
AcDbVertex
100
AcDb3dPolylineVertex
 10
-57.445777519014655
 20
-409.04967952985317
 30
1034.0
 70
32
  0
VERTEX
  5
834
330
17
100
AcDbEntity
  8
TOPO-CONTOUR-MINOR
100
AcDbVertex
100
AcDb3dPolylineVertex
 10
-58.76859380662924
 20
-411.06490858178586
 30
1034.0
 70
32
  0
VERTEX
  5
835
330
17
100
AcDbEntity
  8
TOPO-CONTOUR-MINOR
100
AcDbVertex
100
AcDb3dPolylineVertex
 10
-59.1751247673427
 20
-414.0877521615475
 30
1034.0
 70
32
  0
VERTEX
  5
836
330
17
100
AcDbEntity
  8
TOPO-CONTOUR-MINOR
100
AcDbVertex
100
AcDb3dPolylineVertex
 10
-58.95037037684381
 20
-417.0
 30
1034.0
 70
32
  0
SEQEND
  5
5F1
330
5F0
100
AcDbEntity
  8
TOPO-CONTOUR-MINOR
  0
POLYLINE
  5
837
330
17
100
AcDbEntity
  8
TOPO-CONTOUR-MINOR
100
AcDb3dPolyline
 66
1
 10
0.0
 20
0.0
 30
0.0
 70
8
  0
VERTEX
  5
839
330
17
100
AcDbEntity
  8
TOPO-CONTOUR-MINOR
100
AcDbVertex
100
AcDb3dPolylineVertex
 10
90.08513171586935
 20
-60.43179255745901
 30
1034.0
 70
32
  0
VERTEX
  5
83A
330
17
100
AcDbEntity
  8
TOPO-CONTOUR-MINOR
100
AcDbVertex
100
AcDb3dPolylineVertex
 10
89.49135958759257
 20
-62.43028244469315
 30
1034.0
 70
32
  0
VERTEX
  5
83B
330
17
100
AcDbEntity
  8
TOPO-CONTOUR-MINOR
100
AcDbVertex
100
AcDb3dPolylineVertex
 10
89.21118646354188
 20
-65.45312602352351
 30
1034.0
 70
32
  0
VERTEX
  5
83C
330
17
100
AcDbEntity
  8
TOPO-CONTOUR-MINOR
100
AcDbVertex
100
AcDb3dPolylineVertex
 10
89.24336284981148
 20
-71.49881318211555
 30
1034.0
 70
32
  0
VERTEX
  5
83D
330
17
100
AcDbEntity
  8
TOPO-CONTOUR-MINOR
100
AcDbVertex
100
AcDb3dPolylineVertex
 10
89.67044135329067
 20
-74.52165676187724
 30
1034.0
 70
32
  0
VERTEX
  5
83E
330
17
100
AcDbEntity
  8
TOPO-CONTOUR-MINOR
100
AcDbVertex
100
AcDb3dPolylineVertex
 10
93.08541539401581
 20
-82.58257297333331
 30
1034.0
 70
32
  0
VERTEX
  5
83F
330
17
100
AcDbEntity
  8
TOPO-CONTOUR-MINOR
100
AcDbVertex
100
AcDb3dPolylineVertex
 10
99.39095707435337
 20
-95.68156181648374
 30
1034.0
 70
32
  0
VERTEX
  5
840
330
17
100
AcDbEntity
  8
TOPO-CONTOUR-MINOR
100
AcDbVertex
100
AcDb3dPolylineVertex
 10
101.33271974350045
 20
-102.73486350104213
 30
1034.0
 70
32
  0
VERTEX
  5
841
330
17
100
AcDbEntity
  8
TOPO-CONTOUR-MINOR
100
AcDbVertex
100
AcDb3dPolylineVertex
 10
101.16889150636894
 20
-104.1247644351745
 30
1034.0
 70
32
  0
VERTEX
  5
842
330
17
100
AcDbEntity
  8
TOPO-CONTOUR-MINOR
100
AcDbVertex
100
AcDb3dPolylineVertex
 10
100.1612769799599
 20
-105.57504000460172
 30
1034.0
 70
32
  0
VERTEX
  5
843
330
17
100
AcDbEntity
  8
TOPO-CONTOUR-MINOR
100
AcDbVertex
100
AcDb3dPolylineVertex
 10
96.13081887432361
 20
-108.41822091543321
 30
1034.0
 70
32
  0
VERTEX
  5
844
330
17
100
AcDbEntity
  8
TOPO-CONTOUR-MINOR
100
AcDbVertex
100
AcDb3dPolylineVertex
 10
92.10036076868744
 20
-112.60575492123809
 30
1034.0
 70
32
  0
VERTEX
  5
845
330
17
100
AcDbEntity
  8
TOPO-CONTOUR-MINOR
100
AcDbVertex
100
AcDb3dPolylineVertex
 10
89.07751718946031
 20
-113.9887304994523
 30
1034.0
 70
32
  0
VERTEX
  5
846
330
17
100
AcDbEntity
  8
TOPO-CONTOUR-MINOR
100
AcDbVertex
100
AcDb3dPolylineVertex
 10
76.98614287255168
 20
-116.96287321981251
 30
1034.0
 70
32
  0
VERTEX
  5
847
330
17
100
AcDbEntity
  8
TOPO-CONTOUR-MINOR
100
AcDbVertex
100
AcDb3dPolylineVertex
 10
75.34084016416979
 20
-117.84908139705658
 30
1034.0
 70
32
  0
VERTEX
  5
848
330
17
100
AcDbEntity
  8
TOPO-CONTOUR-MINOR
100
AcDbVertex
100
AcDb3dPolylineVertex
 10
73.96329929332455
 20
-119.24180871562206
 30
1034.0
 70
32
  0
VERTEX
  5
849
330
17
100
AcDbEntity
  8
TOPO-CONTOUR-MINOR
100
AcDbVertex
100
AcDb3dPolylineVertex
 10
72.95568476691551
 20
-119.80963793685562
 30
1034.0
 70
32
  0
VERTEX
  5
84A
330
17
100
AcDbEntity
  8
TOPO-CONTOUR-MINOR
100
AcDbVertex
100
AcDb3dPolylineVertex
 10
70.94045571409742
 20
-117.8619127889288
 30
1034.0
 70
32
  0
VERTEX
  5
84B
330
17
100
AcDbEntity
  8
TOPO-CONTOUR-MINOR
100
AcDbVertex
100
AcDb3dPolylineVertex
 10
69.93284118768838
 20
-117.37344096097735
 30
1034.0
 70
32
  0
VERTEX
  5
84C
330
17
100
AcDbEntity
  8
TOPO-CONTOUR-MINOR
100
AcDbVertex
100
AcDb3dPolylineVertex
 10
62.87953950282508
 20
-116.74531725991892
 30
1034.0
 70
32
  0
VERTEX
  5
84D
330
17
100
AcDbEntity
  8
TOPO-CONTOUR-MINOR
100
AcDbVertex
100
AcDb3dPolylineVertex
 10
58.84908139718891
 20
-116.01498830114005
 30
1034.0
 70
32
  0
VERTEX
  5
84E
330
17
100
AcDbEntity
  8
TOPO-CONTOUR-MINOR
100
AcDbVertex
100
AcDb3dPolylineVertex
 10
55.82623781796178
 20
-115.108939821159
 30
1034.0
 70
32
  0
VERTEX
  5
84F
330
17
100
AcDbEntity
  8
TOPO-CONTOUR-MINOR
100
AcDbVertex
100
AcDb3dPolylineVertex
 10
44.74247802746231
 20
-110.74683521875731
 30
1034.0
 70
32
  0
VERTEX
  5
850
330
17
100
AcDbEntity
  8
TOPO-CONTOUR-MINOR
100
AcDbVertex
100
AcDb3dPolylineVertex
 10
38.69679086900794
 20
-109.4469384231596
 30
1034.0
 70
32
  0
VERTEX
  5
851
330
17
100
AcDbEntity
  8
TOPO-CONTOUR-MINOR
100
AcDbVertex
100
AcDb3dPolylineVertex
 10
31.643489184144638
 20
-107.37845765006853
 30
1034.0
 70
32
  0
VERTEX
  5
852
330
17
100
AcDbEntity
  8
TOPO-CONTOUR-MINOR
100
AcDbVertex
100
AcDb3dPolylineVertex
 10
29.628260131326556
 20
-107.1642453834522
 30
1034.0
 70
32
  0
VERTEX
  5
853
330
17
100
AcDbEntity
  8
TOPO-CONTOUR-MINOR
100
AcDbVertex
100
AcDb3dPolylineVertex
 10
29.052359519616935
 20
-107.7729361327365
 30
1034.0
 70
32
  0
VERTEX
  5
854
330
17
100
AcDbEntity
  8
TOPO-CONTOUR-MINOR
100
AcDbVertex
100
AcDb3dPolylineVertex
 10
37.27223256552543
 20
-111.80339423846453
 30
1034.0
 70
32
  0
VERTEX
  5
855
330
17
100
AcDbEntity
  8
TOPO-CONTOUR-MINOR
100
AcDbVertex
100
AcDb3dPolylineVertex
 10
46.7577070802804
 20
-115.43963036847991
 30
1034.0
 70
32
  0
VERTEX
  5
856
330
17
100
AcDbEntity
  8
TOPO-CONTOUR-MINOR
100
AcDbVertex
100
AcDb3dPolylineVertex
 10
58.84908139718891
 20
-121.12569780894458
 30
1034.0
 70
32
  0
VERTEX
  5
857
330
17
100
AcDbEntity
  8
TOPO-CONTOUR-MINOR
100
AcDbVertex
100
AcDb3dPolylineVertex
 10
62.87953950282508
 20
-122.51872063321107
 30
1034.0
 70
32
  0
VERTEX
  5
858
330
17
100
AcDbEntity
  8
TOPO-CONTOUR-MINOR
100
AcDbVertex
100
AcDb3dPolylineVertex
 10
65.90238308205221
 20
-123.07317854549515
 30
1034.0
 70
32
  0
VERTEX
  5
859
330
17
100
AcDbEntity
  8
TOPO-CONTOUR-MINOR
100
AcDbVertex
100
AcDb3dPolylineVertex
 10
69.93284118768838
 20
-123.00080421477786
 30
1034.0
 70
32
  0
VERTEX
  5
85A
330
17
100
AcDbEntity
  8
TOPO-CONTOUR-MINOR
100
AcDbVertex
100
AcDb3dPolylineVertex
 10
72.95568476691551
 20
-120.93276058707588
 30
1034.0
 70
32
  0
VERTEX
  5
85B
330
17
100
AcDbEntity
  8
TOPO-CONTOUR-MINOR
100
AcDbVertex
100
AcDb3dPolylineVertex
 10
75.97852834614264
 20
-122.96160886789798
 30
1034.0
 70
32
  0
VERTEX
  5
85C
330
17
100
AcDbEntity
  8
TOPO-CONTOUR-MINOR
100
AcDbVertex
100
AcDb3dPolylineVertex
 10
77.99375739896072
 20
-123.14918026007324
 30
1034.0
 70
32
  0
VERTEX
  5
85D
330
17
100
AcDbEntity
  8
TOPO-CONTOUR-MINOR
100
AcDbVertex
100
AcDb3dPolylineVertex
 10
89.07751718946031
 20
-120.85136140926235
 30
1034.0
 70
32
  0
VERTEX
  5
85E
330
17
100
AcDbEntity
  8
TOPO-CONTOUR-MINOR
100
AcDbVertex
100
AcDb3dPolylineVertex
 10
99.15366245355085
 20
-120.44294023658871
 30
1034.0
 70
32
  0
VERTEX
  5
85F
330
17
100
AcDbEntity
  8
TOPO-CONTOUR-MINOR
100
AcDbVertex
100
AcDb3dPolylineVertex
 10
109.22980771764128
 20
-118.716038679305
 30
1034.0
 70
32
  0
VERTEX
  5
860
330
17
100
AcDbEntity
  8
TOPO-CONTOUR-MINOR
100
AcDbVertex
100
AcDb3dPolylineVertex
 10
116.28310940250458
 20
-118.27991646835056
 30
1034.0
 70
32
  0
VERTEX
  5
861
330
17
100
AcDbEntity
  8
TOPO-CONTOUR-MINOR
100
AcDbVertex
100
AcDb3dPolylineVertex
 10
118.29833845532266
 20
-117.77251448122907
 30
1034.0
 70
32
  0
VERTEX
  5
862
330
17
100
AcDbEntity
  8
TOPO-CONTOUR-MINOR
100
AcDbVertex
100
AcDb3dPolylineVertex
 10
119.87394027809833
 20
-116.84146687109023
 30
1034.0
 70
32
  0
VERTEX
  5
863
330
17
100
AcDbEntity
  8
TOPO-CONTOUR-MINOR
100
AcDbVertex
100
AcDb3dPolylineVertex
 10
121.02979872251817
 20
-114.82623781822622
 30
1034.0
 70
32
  0
VERTEX
  5
864
330
17
100
AcDbEntity
  8
TOPO-CONTOUR-MINOR
100
AcDbVertex
100
AcDb3dPolylineVertex
 10
121.14459356427054
 20
-111.80339423846453
 30
1034.0
 70
32
  0
VERTEX
  5
865
330
17
100
AcDbEntity
  8
TOPO-CONTOUR-MINOR
100
AcDbVertex
100
AcDb3dPolylineVertex
 10
119.7723903004813
 20
-105.75770707987249
 30
1034.0
 70
32
  0
VERTEX
  5
866
330
17
100
AcDbEntity
  8
TOPO-CONTOUR-MINOR
100
AcDbVertex
100
AcDb3dPolylineVertex
 10
119.24221412844244
 20
-100.71963444817811
 30
1034.0
 70
32
  0
VERTEX
  5
867
330
17
100
AcDbEntity
  8
TOPO-CONTOUR-MINOR
100
AcDbVertex
100
AcDb3dPolylineVertex
 10
118.29833845532266
 20
-95.71277172439278
 30
1034.0
 70
32
  0
VERTEX
  5
868
330
17
100
AcDbEntity
  8
TOPO-CONTOUR-MINOR
100
AcDbVertex
100
AcDb3dPolylineVertex
 10
117.29072392891362
 20
-92.75961513893267
 30
1034.0
 70
32
  0
VERTEX
  5
869
330
17
100
AcDbEntity
  8
TOPO-CONTOUR-MINOR
100
AcDbVertex
100
AcDb3dPolylineVertex
 10
116.28310940250458
 20
-91.66715336906147
 30
1034.0
 70
32
  0
VERTEX
  5
86A
330
17
100
AcDbEntity
  8
TOPO-CONTOUR-MINOR
100
AcDbVertex
100
AcDb3dPolylineVertex
 10
115.27549487609552
 20
-91.57733625446384
 30
1034.0
 70
32
  0
VERTEX
  5
86B
330
17
100
AcDbEntity
  8
TOPO-CONTOUR-MINOR
100
AcDbVertex
100
AcDb3dPolylineVertex
 10
114.2678803496865
 20
-92.26239513563888
 30
1034.0
 70
32
  0
VERTEX
  5
86C
330
17
100
AcDbEntity
  8
TOPO-CONTOUR-MINOR
100
AcDbVertex
100
AcDb3dPolylineVertex
 10
113.570240040572
 20
-93.66633276361972
 30
1034.0
 70
32
  0
VERTEX
  5
86D
330
17
100
AcDbEntity
  8
TOPO-CONTOUR-MINOR
100
AcDbVertex
100
AcDb3dPolylineVertex
 10
112.48444935372834
 20
-97.69679086934775
 30
1034.0
 70
32
  0
VERTEX
  5
86E
330
17
100
AcDbEntity
  8
TOPO-CONTOUR-MINOR
100
AcDbVertex
100
AcDb3dPolylineVertex
 10
110.23742224405032
 20
-100.76278656848713
 30
1034.0
 70
32
  0
VERTEX
  5
86F
330
17
100
AcDbEntity
  8
TOPO-CONTOUR-MINOR
100
AcDbVertex
100
AcDb3dPolylineVertex
 10
108.22219319123224
 20
-101.57245187348343
 30
1034.0
 70
32
  0
VERTEX
  5
870
330
17
100
AcDbEntity
  8
TOPO-CONTOUR-MINOR
100
AcDbVertex
100
AcDb3dPolylineVertex
 10
107.2145786648232
 20
-101.29537236770275
 30
1034.0
 70
32
  0
VERTEX
  5
871
330
17
100
AcDbEntity
  8
TOPO-CONTOUR-MINOR
100
AcDbVertex
100
AcDb3dPolylineVertex
 10
106.20696413841415
 20
-100.41432869450142
 30
1034.0
 70
32
  0
VERTEX
  5
872
330
17
100
AcDbEntity
  8
TOPO-CONTOUR-MINOR
100
AcDbVertex
100
AcDb3dPolylineVertex
 10
101.53090025440889
 20
-91.6511037107557
 30
1034.0
 70
32
  0
VERTEX
  5
873
330
17
100
AcDbEntity
  8
TOPO-CONTOUR-MINOR
100
AcDbVertex
100
AcDb3dPolylineVertex
 10
99.04014744712647
 20
-84.59780202526599
 30
1034.0
 70
32
  0
VERTEX
  5
874
330
17
100
AcDbEntity
  8
TOPO-CONTOUR-MINOR
100
AcDbVertex
100
AcDb3dPolylineVertex
 10
95.5339260535175
 20
-78.55211486760527
 30
1034.0
 70
32
  0
VERTEX
  5
875
330
17
100
AcDbEntity
  8
TOPO-CONTOUR-MINOR
100
AcDbVertex
100
AcDb3dPolylineVertex
 10
92.5804770060258
 20
-68.4759696032852
 30
1034.0
 70
32
  0
VERTEX
  5
876
330
17
100
AcDbEntity
  8
TOPO-CONTOUR-MINOR
100
AcDbVertex
100
AcDb3dPolylineVertex
 10
91.0927462422784
 20
-61.39582735254743
 30
1034.0
 70
32
  0
VERTEX
  5
877
330
17
100
AcDbEntity
  8
TOPO-CONTOUR-MINOR
100
AcDbVertex
100
AcDb3dPolylineVertex
 10
90.08513171586935
 20
-60.43179255745901
 30
1034.0
 70
32
  0
SEQEND
  5
838
330
837
100
AcDbEntity
  8
TOPO-CONTOUR-MINOR
  0
POLYLINE
  5
878
330
17
100
AcDbEntity
  8
TOPO-CONTOUR-MINOR
100
AcDb3dPolyline
 66
1
 10
0.0
 20
0.0
 30
0.0
 70
8
  0
VERTEX
  5
87A
330
17
100
AcDbEntity
  8
TOPO-CONTOUR-MINOR
100
AcDbVertex
100
AcDb3dPolylineVertex
 10
10.483584129554629
 20
-94.91371820177257
 30
1034.0
 70
32
  0
VERTEX
  5
87B
330
17
100
AcDbEntity
  8
TOPO-CONTOUR-MINOR
100
AcDbVertex
100
AcDb3dPolylineVertex
 10
10.269041430024101
 20
-95.68156181648374
 30
1034.0
 70
32
  0
VERTEX
  5
87C
330
17
100
AcDbEntity
  8
TOPO-CONTOUR-MINOR
100
AcDbVertex
100
AcDb3dPolylineVertex
 10
10.483584129554629
 20
-96.33698640858381
 30
1034.0
 70
32
  0
VERTEX
  5
87D
330
17
100
AcDbEntity
  8
TOPO-CONTOUR-MINOR
100
AcDbVertex
100
AcDb3dPolylineVertex
 10
11.439300984881141
 20
-97.69679086934775
 30
1034.0
 70
32
  0
VERTEX
  5
87E
330
17
100
AcDbEntity
  8
TOPO-CONTOUR-MINOR
100
AcDbVertex
100
AcDb3dPolylineVertex
 10
12.498813182372714
 20
-98.60800117390755
 30
1034.0
 70
32
  0
VERTEX
  5
87F
330
17
100
AcDbEntity
  8
TOPO-CONTOUR-MINOR
100
AcDbVertex
100
AcDb3dPolylineVertex
 10
13.506427708781757
 20
-98.94162615617392
 30
1034.0
 70
32
  0
VERTEX
  5
880
330
17
100
AcDbEntity
  8
TOPO-CONTOUR-MINOR
100
AcDbVertex
100
AcDb3dPolylineVertex
 10
13.506427708781757
 20
-98.34632521881693
 30
1034.0
 70
32
  0
VERTEX
  5
881
330
17
100
AcDbEntity
  8
TOPO-CONTOUR-MINOR
100
AcDbVertex
100
AcDb3dPolylineVertex
 10
12.498813182372714
 20
-96.40237889678079
 30
1034.0
 70
32
  0
VERTEX
  5
882
330
17
100
AcDbEntity
  8
TOPO-CONTOUR-MINOR
100
AcDbVertex
100
AcDb3dPolylineVertex
 10
11.491198655963672
 20
-95.24581760994093
 30
1034.0
 70
32
  0
VERTEX
  5
883
330
17
100
AcDbEntity
  8
TOPO-CONTOUR-MINOR
100
AcDbVertex
100
AcDb3dPolylineVertex
 10
10.483584129554629
 20
-94.91371820177257
 30
1034.0
 70
32
  0
SEQEND
  5
879
330
878
100
AcDbEntity
  8
TOPO-CONTOUR-MINOR
  0
POLYLINE
  5
884
330
17
100
AcDbEntity
  8
TOPO-CONTOUR-MINOR
100
AcDb3dPolyline
 66
1
 10
0.0
 20
0.0
 30
0.0
 70
8
  0
VERTEX
  5
886
330
17
100
AcDbEntity
  8
TOPO-CONTOUR-MINOR
100
AcDbVertex
100
AcDb3dPolylineVertex
 10
140.4658580363216
 20
-125.60235925316594
 30
1034.0
 70
32
  0
VERTEX
  5
887
330
17
100
AcDbEntity
  8
TOPO-CONTOUR-MINOR
100
AcDbVertex
100
AcDb3dPolylineVertex
 10
139.97764108352425
 20
-125.90999760851264
 30
1034.0
 70
32
  0
VERTEX
  5
888
330
17
100
AcDbEntity
  8
TOPO-CONTOUR-MINOR
100
AcDbVertex
100
AcDb3dPolylineVertex
 10
140.20630513804144
 20
-126.91761213447899
 30
1034.0
 70
32
  0
VERTEX
  5
889
330
17
100
AcDbEntity
  8
TOPO-CONTOUR-MINOR
100
AcDbVertex
100
AcDb3dPolylineVertex
 10
143.03258919982596
 20
-129.94045571424067
 30
1034.0
 70
32
  0
VERTEX
  5
88A
330
17
100
AcDbEntity
  8
TOPO-CONTOUR-MINOR
100
AcDbVertex
100
AcDb3dPolylineVertex
 10
143.38709064598012
 20
-130.94807024020702
 30
1034.0
 70
32
  0
VERTEX
  5
88B
330
17
100
AcDbEntity
  8
TOPO-CONTOUR-MINOR
100
AcDbVertex
100
AcDb3dPolylineVertex
 10
142.87378659264468
 20
-132.96329929307103
 30
1034.0
 70
32
  0
VERTEX
  5
88C
330
17
100
AcDbEntity
  8
TOPO-CONTOUR-MINOR
100
AcDbVertex
100
AcDb3dPolylineVertex
 10
142.7741231901842
 20
-134.97852834593505
 30
1034.0
 70
32
  0
VERTEX
  5
88D
330
17
100
AcDbEntity
  8
TOPO-CONTOUR-MINOR
100
AcDbVertex
100
AcDb3dPolylineVertex
 10
143.31420766542212
 20
-136.99375739879906
 30
1034.0
 70
32
  0
VERTEX
  5
88E
330
17
100
AcDbEntity
  8
TOPO-CONTOUR-MINOR
100
AcDbVertex
100
AcDb3dPolylineVertex
 10
145.14193634700476
 20
-141.0242155045271
 30
1034.0
 70
32
  0
VERTEX
  5
88F
330
17
100
AcDbEntity
  8
TOPO-CONTOUR-MINOR
100
AcDbVertex
100
AcDb3dPolylineVertex
 10
145.66812594296735
 20
-145.05467361025512
 30
1034.0
 70
32
  0
VERTEX
  5
890
330
17
100
AcDbEntity
  8
TOPO-CONTOUR-MINOR
100
AcDbVertex
100
AcDb3dPolylineVertex
 10
146.511545194776
 20
-146.12952174935373
 30
1034.0
 70
32
  0
VERTEX
  5
891
330
17
100
AcDbEntity
  8
TOPO-CONTOUR-MINOR
100
AcDbVertex
100
AcDb3dPolylineVertex
 10
147.51915972118502
 20
-146.53470609187386
 30
1034.0
 70
32
  0
VERTEX
  5
892
330
17
100
AcDbEntity
  8
TOPO-CONTOUR-MINOR
100
AcDbVertex
100
AcDb3dPolylineVertex
 10
149.5343887740031
 20
-146.17647454608465
 30
1034.0
 70
32
  0
VERTEX
  5
893
330
17
100
AcDbEntity
  8
TOPO-CONTOUR-MINOR
100
AcDbVertex
100
AcDb3dPolylineVertex
 10
151.18085201915767
 20
-145.05467361025512
 30
1034.0
 70
32
  0
VERTEX
  5
894
330
17
100
AcDbEntity
  8
TOPO-CONTOUR-MINOR
100
AcDbVertex
100
AcDb3dPolylineVertex
 10
152.5477316734485
 20
-143.0394445573911
 30
1034.0
 70
32
  0
VERTEX
  5
895
330
17
100
AcDbEntity
  8
TOPO-CONTOUR-MINOR
100
AcDbVertex
100
AcDb3dPolylineVertex
 10
153.00523393605874
 20
-141.0242155045271
 30
1034.0
 70
32
  0
VERTEX
  5
896
330
17
100
AcDbEntity
  8
TOPO-CONTOUR-MINOR
100
AcDbVertex
100
AcDb3dPolylineVertex
 10
152.55723235323023
 20
-139.0836217745155
 30
1034.0
 70
32
  0
VERTEX
  5
897
330
17
100
AcDbEntity
  8
TOPO-CONTOUR-MINOR
100
AcDbVertex
100
AcDb3dPolylineVertex
 10
148.85414076689003
 20
-134.97852834593505
 30
1034.0
 70
32
  0
VERTEX
  5
898
330
17
100
AcDbEntity
  8
TOPO-CONTOUR-MINOR
100
AcDbVertex
100
AcDb3dPolylineVertex
 10
147.49508126007177
 20
-132.96329929307103
 30
1034.0
 70
32
  0
VERTEX
  5
899
330
17
100
AcDbEntity
  8
TOPO-CONTOUR-MINOR
100
AcDbVertex
100
AcDb3dPolylineVertex
 10
144.55362018498622
 20
-129.94045571424067
 30
1034.0
 70
32
  0
VERTEX
  5
89A
330
17
100
AcDbEntity
  8
TOPO-CONTOUR-MINOR
100
AcDbVertex
100
AcDb3dPolylineVertex
 10
144.32228226145287
 20
-127.92522666137666
 30
1034.0
 70
32
  0
VERTEX
  5
89B
330
17
100
AcDbEntity
  8
TOPO-CONTOUR-MINOR
100
AcDbVertex
100
AcDb3dPolylineVertex
 10
143.68320509537713
 20
-126.91761213447899
 30
1034.0
 70
32
  0
VERTEX
  5
89C
330
17
100
AcDbEntity
  8
TOPO-CONTOUR-MINOR
100
AcDbVertex
100
AcDb3dPolylineVertex
 10
142.4810870891398
 20
-125.88773376658528
 30
1034.0
 70
32
  0
VERTEX
  5
89D
330
17
100
AcDbEntity
  8
TOPO-CONTOUR-MINOR
100
AcDbVertex
100
AcDb3dPolylineVertex
 10
141.47347256273065
 20
-125.53197810681233
 30
1034.0
 70
32
  0
VERTEX
  5
89E
330
17
100
AcDbEntity
  8
TOPO-CONTOUR-MINOR
100
AcDbVertex
100
AcDb3dPolylineVertex
 10
140.4658580363216
 20
-125.60235925316594
 30
1034.0
 70
32
  0
SEQEND
  5
885
330
884
100
AcDbEntity
  8
TOPO-CONTOUR-MINOR
  0
POLYLINE
  5
89F
330
17
100
AcDbEntity
  8
TOPO-CONTOUR-MINOR
100
AcDb3dPolyline
 66
1
 10
0.0
 20
0.0
 30
0.0
 70
8
  0
VERTEX
  5
8A1
330
17
100
AcDbEntity
  8
TOPO-CONTOUR-MINOR
100
AcDbVertex
100
AcDb3dPolylineVertex
 10
-242.0
 20
-155.30922917915896
 30
1034.0
 70
32
  0
VERTEX
  5
8A2
330
17
100
AcDbEntity
  8
TOPO-CONTOUR-MINOR
100
AcDbVertex
100
AcDb3dPolylineVertex
 10
-240.30892257951584
 20
-157.1460479274392
 30
1034.0
 70
32
  0
VERTEX
  5
8A3
330
17
100
AcDbEntity
  8
TOPO-CONTOUR-MINOR
100
AcDbVertex
100
AcDb3dPolylineVertex
 10
-236.6796088113682
 20
-162.1841205591336
 30
1034.0
 70
32
  0
VERTEX
  5
8A4
330
17
100
AcDbEntity
  8
TOPO-CONTOUR-MINOR
100
AcDbVertex
100
AcDb3dPolylineVertex
 10
-234.26304822195203
 20
-167.22219319082797
 30
1034.0
 70
32
  0
VERTEX
  5
8A5
330
17
100
AcDbEntity
  8
TOPO-CONTOUR-MINOR
100
AcDbVertex
100
AcDb3dPolylineVertex
 10
-233.35913126143464
 20
-167.73226207025849
 30
1034.0
 70
32
  0
VERTEX
  5
8A6
330
17
100
AcDbEntity
  8
TOPO-CONTOUR-MINOR
100
AcDbVertex
100
AcDb3dPolylineVertex
 10
-232.3515167350256
 20
-167.755474873217
 30
1034.0
 70
32
  0
VERTEX
  5
8A7
330
17
100
AcDbEntity
  8
TOPO-CONTOUR-MINOR
100
AcDbVertex
100
AcDb3dPolylineVertex
 10
-231.34390220861656
 20
-167.40666755256797
 30
1034.0
 70
32
  0
VERTEX
  5
8A8
330
17
100
AcDbEntity
  8
TOPO-CONTOUR-MINOR
100
AcDbVertex
100
AcDb3dPolylineVertex
 10
-230.3362876822075
 20
-166.27836007126527
 30
1034.0
 70
32
  0
VERTEX
  5
8A9
330
17
100
AcDbEntity
  8
TOPO-CONTOUR-MINOR
100
AcDbVertex
100
AcDb3dPolylineVertex
 10
-230.02514503825202
 20
-165.20696413796395
 30
1034.0
 70
32
  0
VERTEX
  5
8AA
330
17
100
AcDbEntity
  8
TOPO-CONTOUR-MINOR
100
AcDbVertex
100
AcDb3dPolylineVertex
 10
-230.0460793333619
 20
-163.19173508603126
 30
1034.0
 70
32
  0
VERTEX
  5
8AB
330
17
100
AcDbEntity
  8
TOPO-CONTOUR-MINOR
100
AcDbVertex
100
AcDb3dPolylineVertex
 10
-231.15515815846328
 20
-159.16127698030323
 30
1034.0
 70
32
  0
VERTEX
  5
8AC
330
17
100
AcDbEntity
  8
TOPO-CONTOUR-MINOR
100
AcDbVertex
100
AcDb3dPolylineVertex
 10
-235.37436031425273
 20
-150.3767951598627
 30
1034.0
 70
32
  0
VERTEX
  5
8AD
330
17
100
AcDbEntity
  8
TOPO-CONTOUR-MINOR
100
AcDbVertex
100
AcDb3dPolylineVertex
 10
-237.3895893670708
 20
-146.9414077512222
 30
1034.0
 70
32
  0
VERTEX
  5
8AE
330
17
100
AcDbEntity
  8
TOPO-CONTOUR-MINOR
100
AcDbVertex
100
AcDb3dPolylineVertex
 10
-242.0
 20
-140.32093252172348
 30
1034.0
 70
32
  0
SEQEND
  5
8A0
330
89F
100
AcDbEntity
  8
TOPO-CONTOUR-MINOR
  0
POLYLINE
  5
8AF
330
17
100
AcDbEntity
  8
TOPO-CONTOUR-MINOR
100
AcDb3dPolyline
 66
1
 10
0.0
 20
0.0
 30
0.0
 70
8
  0
VERTEX
  5
8B1
330
17
100
AcDbEntity
  8
TOPO-CONTOUR-MINOR
100
AcDbVertex
100
AcDb3dPolylineVertex
 10
75.97852834614264
 20
-193.97479203417151
 30
1034.0
 70
32
  0
VERTEX
  5
8B2
330
17
100
AcDbEntity
  8
TOPO-CONTOUR-MINOR
100
AcDbVertex
100
AcDb3dPolylineVertex
 10
74.9709138197336
 20
-194.72835022395026
 30
1034.0
 70
32
  0
VERTEX
  5
8B3
330
17
100
AcDbEntity
  8
TOPO-CONTOUR-MINOR
100
AcDbVertex
100
AcDb3dPolylineVertex
 10
73.6817329536087
 20
-196.44301445689052
 30
1034.0
 70
32
  0
VERTEX
  5
8B4
330
17
100
AcDbEntity
  8
TOPO-CONTOUR-MINOR
100
AcDbVertex
100
AcDb3dPolylineVertex
 10
73.23462827334022
 20
-197.4506289837882
 30
1034.0
 70
32
  0
VERTEX
  5
8B5
330
17
100
AcDbEntity
  8
TOPO-CONTOUR-MINOR
100
AcDbVertex
100
AcDb3dPolylineVertex
 10
73.5956636435422
 20
-198.45824350975454
 30
1034.0
 70
32
  0
VERTEX
  5
8B6
330
17
100
AcDbEntity
  8
TOPO-CONTOUR-MINOR
100
AcDbVertex
100
AcDb3dPolylineVertex
 10
74.9709138197336
 20
-198.77205760808107
 30
1034.0
 70
32
  0
VERTEX
  5
8B7
330
17
100
AcDbEntity
  8
TOPO-CONTOUR-MINOR
100
AcDbVertex
100
AcDb3dPolylineVertex
 10
75.97852834614264
 20
-198.5603270359785
 30
1034.0
 70
32
  0
VERTEX
  5
8B8
330
17
100
AcDbEntity
  8
TOPO-CONTOUR-MINOR
100
AcDbVertex
100
AcDb3dPolylineVertex
 10
76.98614287255168
 20
-197.91391060120802
 30
1034.0
 70
32
  0
VERTEX
  5
8B9
330
17
100
AcDbEntity
  8
TOPO-CONTOUR-MINOR
100
AcDbVertex
100
AcDb3dPolylineVertex
 10
78.17634692426931
 20
-196.44301445689052
 30
1034.0
 70
32
  0
VERTEX
  5
8BA
330
17
100
AcDbEntity
  8
TOPO-CONTOUR-MINOR
100
AcDbVertex
100
AcDb3dPolylineVertex
 10
78.51291331393404
 20
-195.43539993092418
 30
1034.0
 70
32
  0
VERTEX
  5
8BB
330
17
100
AcDbEntity
  8
TOPO-CONTOUR-MINOR
100
AcDbVertex
100
AcDb3dPolylineVertex
 10
78.43767568416635
 20
-194.4277854040265
 30
1034.0
 70
32
  0
VERTEX
  5
8BC
330
17
100
AcDbEntity
  8
TOPO-CONTOUR-MINOR
100
AcDbVertex
100
AcDb3dPolylineVertex
 10
77.99375739896072
 20
-193.92766553361756
 30
1034.0
 70
32
  0
VERTEX
  5
8BD
330
17
100
AcDbEntity
  8
TOPO-CONTOUR-MINOR
100
AcDbVertex
100
AcDb3dPolylineVertex
 10
76.98614287255168
 20
-193.6822123373303
 30
1034.0
 70
32
  0
VERTEX
  5
8BE
330
17
100
AcDbEntity
  8
TOPO-CONTOUR-MINOR
100
AcDbVertex
100
AcDb3dPolylineVertex
 10
75.97852834614264
 20
-193.97479203417151
 30
1034.0
 70
32
  0
SEQEND
  5
8B0
330
8AF
100
AcDbEntity
  8
TOPO-CONTOUR-MINOR
  0
POLYLINE
  5
8BF
330
17
100
AcDbEntity
  8
TOPO-CONTOUR-MINOR
100
AcDb3dPolyline
 66
1
 10
0.0
 20
0.0
 30
0.0
 70
8
  0
VERTEX
  5
8C1
330
17
100
AcDbEntity
  8
TOPO-CONTOUR-MINOR
100
AcDbVertex
100
AcDb3dPolylineVertex
 10
185.35812614128895
 20
-194.4277854040265
 30
1034.0
 70
32
  0
VERTEX
  5
8C2
330
17
100
AcDbEntity
  8
TOPO-CONTOUR-MINOR
100
AcDbVertex
100
AcDb3dPolylineVertex
 10
185.80851172472876
 20
-194.2901979004647
 30
1034.0
 70
32
  0
VERTEX
  5
8C3
330
17
100
AcDbEntity
  8
TOPO-CONTOUR-MINOR
100
AcDbVertex
100
AcDb3dPolylineVertex
 10
186.8161262511378
 20
-194.99578028964123
 30
1034.0
 70
32
  0
VERTEX
  5
8C4
330
17
100
AcDbEntity
  8
TOPO-CONTOUR-MINOR
100
AcDbVertex
100
AcDb3dPolylineVertex
 10
187.82374077754685
 20
-196.6377957808182
 30
1034.0
 70
32
  0
VERTEX
  5
8C5
330
17
100
AcDbEntity
  8
TOPO-CONTOUR-MINOR
100
AcDbVertex
100
AcDb3dPolylineVertex
 10
189.15802170074693
 20
-202.48870161548257
 30
1034.0
 70
32
  0
VERTEX
  5
8C6
330
17
100
AcDbEntity
  8
TOPO-CONTOUR-MINOR
100
AcDbVertex
100
AcDb3dPolylineVertex
 10
189.15871992723154
 20
-204.50393066834658
 30
1034.0
 70
32
  0
VERTEX
  5
8C7
330
17
100
AcDbEntity
  8
TOPO-CONTOUR-MINOR
100
AcDbVertex
100
AcDb3dPolylineVertex
 10
188.8313553039559
 20
-205.7144884935677
 30
1034.0
 70
32
  0
VERTEX
  5
8C8
330
17
100
AcDbEntity
  8
TOPO-CONTOUR-MINOR
100
AcDbVertex
100
AcDb3dPolylineVertex
 10
184.80089719831972
 20
-213.412446714169
 30
1034.0
 70
32
  0
VERTEX
  5
8C9
330
17
100
AcDbEntity
  8
TOPO-CONTOUR-MINOR
100
AcDbVertex
100
AcDb3dPolylineVertex
 10
183.79328267191067
 20
-214.3832745675839
 30
1034.0
 70
32
  0
VERTEX
  5
8CA
330
17
100
AcDbEntity
  8
TOPO-CONTOUR-MINOR
100
AcDbVertex
100
AcDb3dPolylineVertex
 10
182.78566814550163
 20
-214.6675019514541
 30
1034.0
 70
32
  0
VERTEX
  5
8CB
330
17
100
AcDbEntity
  8
TOPO-CONTOUR-MINOR
100
AcDbVertex
100
AcDb3dPolylineVertex
 10
182.15731632602936
 20
-213.572461405769
 30
1034.0
 70
32
  0
VERTEX
  5
8CC
330
17
100
AcDbEntity
  8
TOPO-CONTOUR-MINOR
100
AcDbVertex
100
AcDb3dPolylineVertex
 10
182.0355936700297
 20
-212.56484687980264
 30
1034.0
 70
32
  0
VERTEX
  5
8CD
330
17
100
AcDbEntity
  8
TOPO-CONTOUR-MINOR
100
AcDbVertex
100
AcDb3dPolylineVertex
 10
182.07139577806782
 20
-207.52677424717695
 30
1034.0
 70
32
  0
VERTEX
  5
8CE
330
17
100
AcDbEntity
  8
TOPO-CONTOUR-MINOR
100
AcDbVertex
100
AcDb3dPolylineVertex
 10
184.06027088680702
 20
-200.47347256261855
 30
1034.0
 70
32
  0
VERTEX
  5
8CF
330
17
100
AcDbEntity
  8
TOPO-CONTOUR-MINOR
100
AcDbVertex
100
AcDb3dPolylineVertex
 10
184.53545164648088
 20
-195.43539993092418
 30
1034.0
 70
32
  0
VERTEX
  5
8D0
330
17
100
AcDbEntity
  8
TOPO-CONTOUR-MINOR
100
AcDbVertex
100
AcDb3dPolylineVertex
 10
184.80089719831972
 20
-194.78490716595707
 30
1034.0
 70
32
  0
VERTEX
  5
8D1
330
17
100
AcDbEntity
  8
TOPO-CONTOUR-MINOR
100
AcDbVertex
100
AcDb3dPolylineVertex
 10
185.35812614128895
 20
-194.4277854040265
 30
1034.0
 70
32
  0
SEQEND
  5
8C0
330
8BF
100
AcDbEntity
  8
TOPO-CONTOUR-MINOR
  0
POLYLINE
  5
8D2
330
17
100
AcDbEntity
  8
TOPO-CONTOUR-MINOR
100
AcDb3dPolyline
 66
1
 10
0.0
 20
0.0
 30
0.0
 70
8
  0
VERTEX
  5
8D4
330
17
100
AcDbEntity
  8
TOPO-CONTOUR-MINOR
100
AcDbVertex
100
AcDb3dPolylineVertex
 10
-49.97328745498817
 20
-205.23713243491056
 30
1034.0
 70
32
  0
VERTEX
  5
8D5
330
17
100
AcDbEntity
  8
TOPO-CONTOUR-MINOR
100
AcDbVertex
100
AcDb3dPolylineVertex
 10
-51.98851650780625
 20
-206.16950041281143
 30
1034.0
 70
32
  0
VERTEX
  5
8D6
330
17
100
AcDbEntity
  8
TOPO-CONTOUR-MINOR
100
AcDbVertex
100
AcDb3dPolylineVertex
 10
-52.996131034215296
 20
-207.01824685431637
 30
1034.0
 70
32
  0
VERTEX
  5
8D7
330
17
100
AcDbEntity
  8
TOPO-CONTOUR-MINOR
100
AcDbVertex
100
AcDb3dPolylineVertex
 10
-55.01136008703338
 20
-209.79976875901949
 30
1034.0
 70
32
  0
VERTEX
  5
8D8
330
17
100
AcDbEntity
  8
TOPO-CONTOUR-MINOR
100
AcDbVertex
100
AcDb3dPolylineVertex
 10
-56.018974613442424
 20
-212.69536265745995
 30
1034.0
 70
32
  0
VERTEX
  5
8D9
330
17
100
AcDbEntity
  8
TOPO-CONTOUR-MINOR
100
AcDbVertex
100
AcDb3dPolylineVertex
 10
-56.89423125745695
 20
-217.60291951149702
 30
1034.0
 70
32
  0
VERTEX
  5
8DA
330
17
100
AcDbEntity
  8
TOPO-CONTOUR-MINOR
100
AcDbVertex
100
AcDb3dPolylineVertex
 10
-56.51897436104471
 20
-231.70952288154513
 30
1034.0
 70
32
  0
VERTEX
  5
8DB
330
17
100
AcDbEntity
  8
TOPO-CONTOUR-MINOR
100
AcDbVertex
100
AcDb3dPolylineVertex
 10
-57.214200089669994
 20
-237.75521004013717
 30
1034.0
 70
32
  0
VERTEX
  5
8DC
330
17
100
AcDbEntity
  8
TOPO-CONTOUR-MINOR
100
AcDbVertex
100
AcDb3dPolylineVertex
 10
-57.42091361026344
 20
-244.80851172469556
 30
1034.0
 70
32
  0
VERTEX
  5
8DD
330
17
100
AcDbEntity
  8
TOPO-CONTOUR-MINOR
100
AcDbVertex
100
AcDb3dPolylineVertex
 10
-57.28196001403285
 20
-256.89988604187965
 30
1034.0
 70
32
  0
VERTEX
  5
8DE
330
17
100
AcDbEntity
  8
TOPO-CONTOUR-MINOR
100
AcDbVertex
100
AcDb3dPolylineVertex
 10
-56.823569509117036
 20
-260.9303441476077
 30
1034.0
 70
32
  0
VERTEX
  5
8DF
330
17
100
AcDbEntity
  8
TOPO-CONTOUR-MINOR
100
AcDbVertex
100
AcDb3dPolylineVertex
 10
-57.2476845042129
 20
-267.9836458321661
 30
1034.0
 70
32
  0
VERTEX
  5
8E0
330
17
100
AcDbEntity
  8
TOPO-CONTOUR-MINOR
100
AcDbVertex
100
AcDb3dPolylineVertex
 10
-56.7432175753281
 20
-272.0141039378941
 30
1034.0
 70
32
  0
VERTEX
  5
8E1
330
17
100
AcDbEntity
  8
TOPO-CONTOUR-MINOR
100
AcDbVertex
100
AcDb3dPolylineVertex
 10
-56.018974613442424
 20
-273.4543432729669
 30
1034.0
 70
32
  0
VERTEX
  5
8E2
330
17
100
AcDbEntity
  8
TOPO-CONTOUR-MINOR
100
AcDbVertex
100
AcDb3dPolylineVertex
 10
-55.01136008703338
 20
-273.79525031137024
 30
1034.0
 70
32
  0
VERTEX
  5
8E3
330
17
100
AcDbEntity
  8
TOPO-CONTOUR-MINOR
100
AcDbVertex
100
AcDb3dPolylineVertex
 10
-54.00374556062434
 20
-273.4513891899493
 30
1034.0
 70
32
  0
VERTEX
  5
8E4
330
17
100
AcDbEntity
  8
TOPO-CONTOUR-MINOR
100
AcDbVertex
100
AcDb3dPolylineVertex
 10
-52.996131034215296
 20
-272.54794689654716
 30
1034.0
 70
32
  0
VERTEX
  5
8E5
330
17
100
AcDbEntity
  8
TOPO-CONTOUR-MINOR
100
AcDbVertex
100
AcDb3dPolylineVertex
 10
-48.965672928579124
 20
-267.11532240653673
 30
1034.0
 70
32
  0
VERTEX
  5
8E6
330
17
100
AcDbEntity
  8
TOPO-CONTOUR-MINOR
100
AcDbVertex
100
AcDb3dPolylineVertex
 10
-47.913795549931656
 20
-263.95318772643805
 30
1034.0
 70
32
  0
VERTEX
  5
8E7
330
17
100
AcDbEntity
  8
TOPO-CONTOUR-MINOR
100
AcDbVertex
100
AcDb3dPolylineVertex
 10
-48.14832883674285
 20
-256.89988604187965
 30
1034.0
 70
32
  0
VERTEX
  5
8E8
330
17
100
AcDbEntity
  8
TOPO-CONTOUR-MINOR
100
AcDbVertex
100
AcDb3dPolylineVertex
 10
-45.34385677337374
 20
-226.67145024891943
 30
1034.0
 70
32
  0
VERTEX
  5
8E9
330
17
100
AcDbEntity
  8
TOPO-CONTOUR-MINOR
100
AcDbVertex
100
AcDb3dPolylineVertex
 10
-44.97633486092857
 20
-215.587690458633
 30
1034.0
 70
32
  0
VERTEX
  5
8EA
330
17
100
AcDbEntity
  8
TOPO-CONTOUR-MINOR
100
AcDbVertex
100
AcDb3dPolylineVertex
 10
-45.490933249702444
 20
-210.54961782693863
 30
1034.0
 70
32
  0
VERTEX
  5
8EB
330
17
100
AcDbEntity
  8
TOPO-CONTOUR-MINOR
100
AcDbVertex
100
AcDb3dPolylineVertex
 10
-46.52606890626222
 20
-207.52677424717695
 30
1034.0
 70
32
  0
VERTEX
  5
8EC
330
17
100
AcDbEntity
  8
TOPO-CONTOUR-MINOR
100
AcDbVertex
100
AcDb3dPolylineVertex
 10
-47.95805840217008
 20
-205.685270423419
 30
1034.0
 70
32
  0
VERTEX
  5
8ED
330
17
100
AcDbEntity
  8
TOPO-CONTOUR-MINOR
100
AcDbVertex
100
AcDb3dPolylineVertex
 10
-48.965672928579124
 20
-205.19044499778585
 30
1034.0
 70
32
  0
VERTEX
  5
8EE
330
17
100
AcDbEntity
  8
TOPO-CONTOUR-MINOR
100
AcDbVertex
100
AcDb3dPolylineVertex
 10
-49.97328745498817
 20
-205.23713243491056
 30
1034.0
 70
32
  0
SEQEND
  5
8D3
330
8D2
100
AcDbEntity
  8
TOPO-CONTOUR-MINOR
  0
POLYLINE
  5
8EF
330
17
100
AcDbEntity
  8
TOPO-CONTOUR-MINOR
100
AcDb3dPolyline
 66
1
 10
0.0
 20
0.0
 30
0.0
 70
8
  0
VERTEX
  5
8F1
330
17
100
AcDbEntity
  8
TOPO-CONTOUR-MINOR
100
AcDbVertex
100
AcDb3dPolylineVertex
 10
177.85786062291615
 20
-217.60291951149702
 30
1034.0
 70
32
  0
VERTEX
  5
8F2
330
17
100
AcDbEntity
  8
TOPO-CONTOUR-MINOR
100
AcDbVertex
100
AcDb3dPolylineVertex
 10
178.75521003986546
 20
-217.06577815289683
 30
1034.0
 70
32
  0
VERTEX
  5
8F3
330
17
100
AcDbEntity
  8
TOPO-CONTOUR-MINOR
100
AcDbVertex
100
AcDb3dPolylineVertex
 10
179.61657260998862
 20
-217.60291951149702
 30
1034.0
 70
32
  0
VERTEX
  5
8F4
330
17
100
AcDbEntity
  8
TOPO-CONTOUR-MINOR
100
AcDbVertex
100
AcDb3dPolylineVertex
 10
179.7628245662745
 20
-219.05142730039523
 30
1034.0
 70
32
  0
VERTEX
  5
8F5
330
17
100
AcDbEntity
  8
TOPO-CONTOUR-MINOR
100
AcDbVertex
100
AcDb3dPolylineVertex
 10
179.2992984138229
 20
-219.61814856436104
 30
1034.0
 70
32
  0
VERTEX
  5
8F6
330
17
100
AcDbEntity
  8
TOPO-CONTOUR-MINOR
100
AcDbVertex
100
AcDb3dPolylineVertex
 10
178.75521003986546
 20
-219.88426074113838
 30
1034.0
 70
32
  0
VERTEX
  5
8F7
330
17
100
AcDbEntity
  8
TOPO-CONTOUR-MINOR
100
AcDbVertex
100
AcDb3dPolylineVertex
 10
178.00225106518644
 20
-218.6105340383947
 30
1034.0
 70
32
  0
VERTEX
  5
8F8
330
17
100
AcDbEntity
  8
TOPO-CONTOUR-MINOR
100
AcDbVertex
100
AcDb3dPolylineVertex
 10
177.85786062291615
 20
-217.60291951149702
 30
1034.0
 70
32
  0
SEQEND
  5
8F0
330
8EF
100
AcDbEntity
  8
TOPO-CONTOUR-MINOR
  0
POLYLINE
  5
8F9
330
17
100
AcDbEntity
  8
TOPO-CONTOUR-MINOR
100
AcDb3dPolyline
 66
1
 10
0.0
 20
0.0
 30
0.0
 70
8
  0
VERTEX
  5
8FB
330
17
100
AcDbEntity
  8
TOPO-CONTOUR-MINOR
100
AcDbVertex
100
AcDb3dPolylineVertex
 10
26.605416552099314
 20
-232.57321937593264
 30
1034.0
 70
32
  0
VERTEX
  5
8FC
330
17
100
AcDbEntity
  8
TOPO-CONTOUR-MINOR
100
AcDbVertex
100
AcDb3dPolylineVertex
 10
20.53549478981571
 20
-233.72475193440917
 30
1034.0
 70
32
  0
VERTEX
  5
8FD
330
17
100
AcDbEntity
  8
TOPO-CONTOUR-MINOR
100
AcDbVertex
100
AcDb3dPolylineVertex
 10
18.775112807476855
 20
-234.7323664603755
 30
1034.0
 70
32
  0
VERTEX
  5
8FE
330
17
100
AcDbEntity
  8
TOPO-CONTOUR-MINOR
100
AcDbVertex
100
AcDb3dPolylineVertex
 10
18.729862955880225
 20
-235.73998098727316
 30
1034.0
 70
32
  0
VERTEX
  5
8FF
330
17
100
AcDbEntity
  8
TOPO-CONTOUR-MINOR
100
AcDbVertex
100
AcDb3dPolylineVertex
 10
20.06253062904141
 20
-236.7475955132395
 30
1034.0
 70
32
  0
VERTEX
  5
900
330
17
100
AcDbEntity
  8
TOPO-CONTOUR-MINOR
100
AcDbVertex
100
AcDb3dPolylineVertex
 10
21.5673439200541
 20
-237.21567900085793
 30
1034.0
 70
32
  0
VERTEX
  5
901
330
17
100
AcDbEntity
  8
TOPO-CONTOUR-MINOR
100
AcDbVertex
100
AcDb3dPolylineVertex
 10
26.605416552099314
 20
-237.92291892094897
 30
1034.0
 70
32
  0
VERTEX
  5
902
330
17
100
AcDbEntity
  8
TOPO-CONTOUR-MINOR
100
AcDbVertex
100
AcDb3dPolylineVertex
 10
28.620645604917513
 20
-237.7799766330902
 30
1034.0
 70
32
  0
VERTEX
  5
903
330
17
100
AcDbEntity
  8
TOPO-CONTOUR-MINOR
100
AcDbVertex
100
AcDb3dPolylineVertex
 10
29.628260131326556
 20
-237.18630146796227
 30
1034.0
 70
32
  0
VERTEX
  5
904
330
17
100
AcDbEntity
  8
TOPO-CONTOUR-MINOR
100
AcDbVertex
100
AcDb3dPolylineVertex
 10
30.6358746577356
 20
-235.80685949166164
 30
1034.0
 70
32
  0
VERTEX
  5
905
330
17
100
AcDbEntity
  8
TOPO-CONTOUR-MINOR
100
AcDbVertex
100
AcDb3dPolylineVertex
 10
30.908830358187902
 20
-234.7323664603755
 30
1034.0
 70
32
  0
VERTEX
  5
906
330
17
100
AcDbEntity
  8
TOPO-CONTOUR-MINOR
100
AcDbVertex
100
AcDb3dPolylineVertex
 10
30.717520640114756
 20
-233.72475193440914
 30
1034.0
 70
32
  0
VERTEX
  5
907
330
17
100
AcDbEntity
  8
TOPO-CONTOUR-MINOR
100
AcDbVertex
100
AcDb3dPolylineVertex
 10
29.405205826025956
 20
-232.71713740751147
 30
1034.0
 70
32
  0
VERTEX
  5
908
330
17
100
AcDbEntity
  8
TOPO-CONTOUR-MINOR
100
AcDbVertex
100
AcDb3dPolylineVertex
 10
26.605416552099314
 20
-232.57321937593264
 30
1034.0
 70
32
  0
SEQEND
  5
8FA
330
8F9
100
AcDbEntity
  8
TOPO-CONTOUR-MINOR
  0
POLYLINE
  5
909
330
17
100
AcDbEntity
  8
TOPO-CONTOUR-MINOR
100
AcDb3dPolyline
 66
1
 10
0.0
 20
0.0
 30
0.0
 70
8
  0
VERTEX
  5
90B
330
17
100
AcDbEntity
  8
TOPO-CONTOUR-MINOR
100
AcDbVertex
100
AcDb3dPolylineVertex
 10
18.54450034082697
 20
-241.72430507267444
 30
1034.0
 70
32
  0
VERTEX
  5
90C
330
17
100
AcDbEntity
  8
TOPO-CONTOUR-MINOR
100
AcDbVertex
100
AcDb3dPolylineVertex
 10
16.529271288008886
 20
-242.5886654981628
 30
1034.0
 70
32
  0
VERTEX
  5
90D
330
17
100
AcDbEntity
  8
TOPO-CONTOUR-MINOR
100
AcDbVertex
100
AcDb3dPolylineVertex
 10
15.058971838776696
 20
-244.80851172469556
 30
1034.0
 70
32
  0
VERTEX
  5
90E
330
17
100
AcDbEntity
  8
TOPO-CONTOUR-MINOR
100
AcDbVertex
100
AcDb3dPolylineVertex
 10
14.748638604019776
 20
-246.82374077755958
 30
1034.0
 70
32
  0
VERTEX
  5
90F
330
17
100
AcDbEntity
  8
TOPO-CONTOUR-MINOR
100
AcDbVertex
100
AcDb3dPolylineVertex
 10
14.902196721384387
 20
-247.83135530352592
 30
1034.0
 70
32
  0
VERTEX
  5
910
330
17
100
AcDbEntity
  8
TOPO-CONTOUR-MINOR
100
AcDbVertex
100
AcDb3dPolylineVertex
 10
15.521656761599843
 20
-248.87976008629465
 30
1034.0
 70
32
  0
VERTEX
  5
911
330
17
100
AcDbEntity
  8
TOPO-CONTOUR-MINOR
100
AcDbVertex
100
AcDb3dPolylineVertex
 10
16.529271288008886
 20
-249.56294003160588
 30
1034.0
 70
32
  0
VERTEX
  5
912
330
17
100
AcDbEntity
  8
TOPO-CONTOUR-MINOR
100
AcDbVertex
100
AcDb3dPolylineVertex
 10
19.552114867236014
 20
-250.04368902304185
 30
1034.0
 70
32
  0
VERTEX
  5
913
330
17
100
AcDbEntity
  8
TOPO-CONTOUR-MINOR
100
AcDbVertex
100
AcDb3dPolylineVertex
 10
25.59780202569027
 20
-249.776586904362
 30
1034.0
 70
32
  0
VERTEX
  5
914
330
17
100
AcDbEntity
  8
TOPO-CONTOUR-MINOR
100
AcDbVertex
100
AcDb3dPolylineVertex
 10
28.620645604917513
 20
-250.29293240499865
 30
1034.0
 70
32
  0
VERTEX
  5
915
330
17
100
AcDbEntity
  8
TOPO-CONTOUR-MINOR
100
AcDbVertex
100
AcDb3dPolylineVertex
 10
29.628260131326556
 20
-250.31197924169538
 30
1034.0
 70
32
  0
VERTEX
  5
916
330
17
100
AcDbEntity
  8
TOPO-CONTOUR-MINOR
100
AcDbVertex
100
AcDb3dPolylineVertex
 10
30.698743520544948
 20
-249.84658435638994
 30
1034.0
 70
32
  0
VERTEX
  5
917
330
17
100
AcDbEntity
  8
TOPO-CONTOUR-MINOR
100
AcDbVertex
100
AcDb3dPolylineVertex
 10
31.029931266299986
 20
-248.8389698304236
 30
1034.0
 70
32
  0
VERTEX
  5
918
330
17
100
AcDbEntity
  8
TOPO-CONTOUR-MINOR
100
AcDbVertex
100
AcDb3dPolylineVertex
 10
30.79987332314167
 20
-247.83135530352592
 30
1034.0
 70
32
  0
VERTEX
  5
919
330
17
100
AcDbEntity
  8
TOPO-CONTOUR-MINOR
100
AcDbVertex
100
AcDb3dPolylineVertex
 10
29.628260131326556
 20
-246.21015324955306
 30
1034.0
 70
32
  0
VERTEX
  5
91A
330
17
100
AcDbEntity
  8
TOPO-CONTOUR-MINOR
100
AcDbVertex
100
AcDb3dPolylineVertex
 10
28.620645604917513
 20
-245.4949816362615
 30
1034.0
 70
32
  0
VERTEX
  5
91B
330
17
100
AcDbEntity
  8
TOPO-CONTOUR-MINOR
100
AcDbVertex
100
AcDb3dPolylineVertex
 10
22.576726038622994
 20
-241.7856681458652
 30
1034.0
 70
32
  0
VERTEX
  5
91C
330
17
100
AcDbEntity
  8
TOPO-CONTOUR-MINOR
100
AcDbVertex
100
AcDb3dPolylineVertex
 10
18.54450034082697
 20
-241.72430507267444
 30
1034.0
 70
32
  0
SEQEND
  5
90A
330
909
100
AcDbEntity
  8
TOPO-CONTOUR-MINOR
  0
POLYLINE
  5
91D
330
17
100
AcDbEntity
  8
TOPO-CONTOUR-MINOR
100
AcDb3dPolyline
 66
1
 10
0.0
 20
0.0
 30
0.0
 70
8
  0
VERTEX
  5
91F
330
17
100
AcDbEntity
  8
TOPO-CONTOUR-MINOR
100
AcDbVertex
100
AcDb3dPolylineVertex
 10
-3.6230192401719705
 20
-245.77208298928193
 30
1034.0
 70
32
  0
VERTEX
  5
920
330
17
100
AcDbEntity
  8
TOPO-CONTOUR-MINOR
100
AcDbVertex
100
AcDb3dPolylineVertex
 10
-3.8381743466518943
 20
-245.8161262515932
 30
1034.0
 70
32
  0
VERTEX
  5
921
330
17
100
AcDbEntity
  8
TOPO-CONTOUR-MINOR
100
AcDbVertex
100
AcDb3dPolylineVertex
 10
-3.775494833727367
 20
-246.82374077755958
 30
1034.0
 70
32
  0
VERTEX
  5
922
330
17
100
AcDbEntity
  8
TOPO-CONTOUR-MINOR
100
AcDbVertex
100
AcDb3dPolylineVertex
 10
-1.607790187353885
 20
-247.4023586330721
 30
1034.0
 70
32
  0
VERTEX
  5
923
330
17
100
AcDbEntity
  8
TOPO-CONTOUR-MINOR
100
AcDbVertex
100
AcDb3dPolylineVertex
 10
-0.47396443766085755
 20
-246.82374077755958
 30
1034.0
 70
32
  0
VERTEX
  5
924
330
17
100
AcDbEntity
  8
TOPO-CONTOUR-MINOR
100
AcDbVertex
100
AcDb3dPolylineVertex
 10
-1.276692427431433
 20
-245.81612625159323
 30
1034.0
 70
32
  0
VERTEX
  5
925
330
17
100
AcDbEntity
  8
TOPO-CONTOUR-MINOR
100
AcDbVertex
100
AcDb3dPolylineVertex
 10
-3.6230192401719705
 20
-245.77208298928193
 30
1034.0
 70
32
  0
SEQEND
  5
91E
330
91D
100
AcDbEntity
  8
TOPO-CONTOUR-MINOR
  0
POLYLINE
  5
926
330
17
100
AcDbEntity
  8
TOPO-CONTOUR-MINOR
100
AcDb3dPolyline
 66
1
 10
0.0
 20
0.0
 30
0.0
 70
8
  0
VERTEX
  5
928
330
17
100
AcDbEntity
  8
TOPO-CONTOUR-MINOR
100
AcDbVertex
100
AcDb3dPolylineVertex
 10
29.628260131326552
 20
-272.89440410099843
 30
1034.0
 70
32
  0
VERTEX
  5
929
330
17
100
AcDbEntity
  8
TOPO-CONTOUR-MINOR
100
AcDbVertex
100
AcDb3dPolylineVertex
 10
28.620645604917513
 20
-273.02436863488913
 30
1034.0
 70
32
  0
VERTEX
  5
92A
330
17
100
AcDbEntity
  8
TOPO-CONTOUR-MINOR
100
AcDbVertex
100
AcDb3dPolylineVertex
 10
27.439290723956447
 20
-274.0293329907581
 30
1034.0
 70
32
  0
VERTEX
  5
92B
330
17
100
AcDbEntity
  8
TOPO-CONTOUR-MINOR
100
AcDbVertex
100
AcDb3dPolylineVertex
 10
29.12987001509537
 20
-275.03694751672447
 30
1034.0
 70
32
  0
VERTEX
  5
92C
330
17
100
AcDbEntity
  8
TOPO-CONTOUR-MINOR
100
AcDbVertex
100
AcDb3dPolylineVertex
 10
31.612308816391973
 20
-275.03694751672447
 30
1034.0
 70
32
  0
VERTEX
  5
92D
330
17
100
AcDbEntity
  8
TOPO-CONTOUR-MINOR
100
AcDbVertex
100
AcDb3dPolylineVertex
 10
31.89003746104427
 20
-274.0293329907581
 30
1034.0
 70
32
  0
VERTEX
  5
92E
330
17
100
AcDbEntity
  8
TOPO-CONTOUR-MINOR
100
AcDbVertex
100
AcDb3dPolylineVertex
 10
31.64348918414464
 20
-273.7309795037147
 30
1034.0
 70
32
  0
VERTEX
  5
92F
330
17
100
AcDbEntity
  8
TOPO-CONTOUR-MINOR
100
AcDbVertex
100
AcDb3dPolylineVertex
 10
30.74291093839578
 20
-273.02171846386045
 30
1034.0
 70
32
  0
VERTEX
  5
930
330
17
100
AcDbEntity
  8
TOPO-CONTOUR-MINOR
100
AcDbVertex
100
AcDb3dPolylineVertex
 10
29.628260131326552
 20
-272.89440410099843
 30
1034.0
 70
32
  0
SEQEND
  5
927
330
926
100
AcDbEntity
  8
TOPO-CONTOUR-MINOR
  0
POLYLINE
  5
931
330
17
100
AcDbEntity
  8
TOPO-CONTOUR-MINOR
100
AcDb3dPolyline
 66
1
 10
0.0
 20
0.0
 30
0.0
 70
8
  0
VERTEX
  5
933
330
17
100
AcDbEntity
  8
TOPO-CONTOUR-MINOR
100
AcDbVertex
100
AcDb3dPolylineVertex
 10
-70.12557798316914
 20
-276.59876400657754
 30
1034.0
 70
32
  0
VERTEX
  5
934
330
17
100
AcDbEntity
  8
TOPO-CONTOUR-MINOR
100
AcDbVertex
100
AcDb3dPolylineVertex
 10
-71.13319250957818
 20
-277.2374399295931
 30
1034.0
 70
32
  0
VERTEX
  5
935
330
17
100
AcDbEntity
  8
TOPO-CONTOUR-MINOR
100
AcDbVertex
100
AcDb3dPolylineVertex
 10
-71.82895252691581
 20
-289.1435508867726
 30
1034.0
 70
32
  0
VERTEX
  5
936
330
17
100
AcDbEntity
  8
TOPO-CONTOUR-MINOR
100
AcDbVertex
100
AcDb3dPolylineVertex
 10
-72.99076444653693
 20
-300.227310677059
 30
1034.0
 70
32
  0
VERTEX
  5
937
330
17
100
AcDbEntity
  8
TOPO-CONTOUR-MINOR
100
AcDbVertex
100
AcDb3dPolylineVertex
 10
-72.79908156543857
 20
-308.28822688851506
 30
1034.0
 70
32
  0
VERTEX
  5
938
330
17
100
AcDbEntity
  8
TOPO-CONTOUR-MINOR
100
AcDbVertex
100
AcDb3dPolylineVertex
 10
-73.28406375451777
 20
-317.35675762593746
 30
1034.0
 70
32
  0
VERTEX
  5
939
330
17
100
AcDbEntity
  8
TOPO-CONTOUR-MINOR
100
AcDbVertex
100
AcDb3dPolylineVertex
 10
-73.04139433955415
 20
-324.4100593114272
 30
1034.0
 70
32
  0
VERTEX
  5
93A
330
17
100
AcDbEntity
  8
TOPO-CONTOUR-MINOR
100
AcDbVertex
100
AcDb3dPolylineVertex
 10
-73.80637584119125
 20
-341.53950626030564
 30
1034.0
 70
32
  0
VERTEX
  5
93B
330
17
100
AcDbEntity
  8
TOPO-CONTOUR-MINOR
100
AcDbVertex
100
AcDb3dPolylineVertex
 10
-73.44097811312693
 20
-385.87454542238265
 30
1034.0
 70
32
  0
VERTEX
  5
93C
330
17
100
AcDbEntity
  8
TOPO-CONTOUR-MINOR
100
AcDbVertex
100
AcDb3dPolylineVertex
 10
-72.14080703598722
 20
-393.59039714343487
 30
1034.0
 70
32
  0
VERTEX
  5
93D
330
17
100
AcDbEntity
  8
TOPO-CONTOUR-MINOR
100
AcDbVertex
100
AcDb3dPolylineVertex
 10
-71.13319250957818
 20
-395.43598208538015
 30
1034.0
 70
32
  0
VERTEX
  5
93E
330
17
100
AcDbEntity
  8
TOPO-CONTOUR-MINOR
100
AcDbVertex
100
AcDb3dPolylineVertex
 10
-70.12557798316914
 20
-395.7870256780351
 30
1034.0
 70
32
  0
VERTEX
  5
93F
330
17
100
AcDbEntity
  8
TOPO-CONTOUR-MINOR
100
AcDbVertex
100
AcDb3dPolylineVertex
 10
-68.11034893035094
 20
-394.76703791685753
 30
1034.0
 70
32
  0
VERTEX
  5
940
330
17
100
AcDbEntity
  8
TOPO-CONTOUR-MINOR
100
AcDbVertex
100
AcDb3dPolylineVertex
 10
-65.89971552626704
 20
-391.9202325800434
 30
1034.0
 70
32
  0
VERTEX
  5
941
330
17
100
AcDbEntity
  8
TOPO-CONTOUR-MINOR
100
AcDbVertex
100
AcDb3dPolylineVertex
 10
-64.46911594163626
 20
-388.897389001213
 30
1034.0
 70
32
  0
VERTEX
  5
942
330
17
100
AcDbEntity
  8
TOPO-CONTOUR-MINOR
100
AcDbVertex
100
AcDb3dPolylineVertex
 10
-63.94482521004323
 20
-385.87454542238265
 30
1034.0
 70
32
  0
VERTEX
  5
943
330
17
100
AcDbEntity
  8
TOPO-CONTOUR-MINOR
100
AcDbVertex
100
AcDb3dPolylineVertex
 10
-64.81428193666079
 20
-379.8288582637906
 30
1034.0
 70
32
  0
VERTEX
  5
944
330
17
100
AcDbEntity
  8
TOPO-CONTOUR-MINOR
100
AcDbVertex
100
AcDb3dPolylineVertex
 10
-64.56037327226903
 20
-370.7603275254369
 30
1034.0
 70
32
  0
VERTEX
  5
945
330
17
100
AcDbEntity
  8
TOPO-CONTOUR-MINOR
100
AcDbVertex
100
AcDb3dPolylineVertex
 10
-65.96079089521842
 20
-358.6689532091841
 30
1034.0
 70
32
  0
VERTEX
  5
946
330
17
100
AcDbEntity
  8
TOPO-CONTOUR-MINOR
100
AcDbVertex
100
AcDb3dPolylineVertex
 10
-67.70497707374761
 20
-347.5851934188977
 30
1034.0
 70
32
  0
VERTEX
  5
947
330
17
100
AcDbEntity
  8
TOPO-CONTOUR-MINOR
100
AcDbVertex
100
AcDb3dPolylineVertex
 10
-69.49795918445473
 20
-324.4100593114272
 30
1034.0
 70
32
  0
VERTEX
  5
948
330
17
100
AcDbEntity
  8
TOPO-CONTOUR-MINOR
100
AcDbVertex
100
AcDb3dPolylineVertex
 10
-68.81367623495345
 20
-314.3339140471071
 30
1034.0
 70
32
  0
VERTEX
  5
949
330
17
100
AcDbEntity
  8
TOPO-CONTOUR-MINOR
100
AcDbVertex
100
AcDb3dPolylineVertex
 10
-68.7787791179262
 20
-307.2806123625487
 30
1034.0
 70
32
  0
VERTEX
  5
94A
330
17
100
AcDbEntity
  8
TOPO-CONTOUR-MINOR
100
AcDbVertex
100
AcDb3dPolylineVertex
 10
-69.29621113964791
 20
-295.1892380453646
 30
1034.0
 70
32
  0
VERTEX
  5
94B
330
17
100
AcDbEntity
  8
TOPO-CONTOUR-MINOR
100
AcDbVertex
100
AcDb3dPolylineVertex
 10
-69.88919716646701
 20
-290.1511654127389
 30
1034.0
 70
32
  0
VERTEX
  5
94C
330
17
100
AcDbEntity
  8
TOPO-CONTOUR-MINOR
100
AcDbVertex
100
AcDb3dPolylineVertex
 10
-70.12557798316914
 20
-276.59876400657754
 30
1034.0
 70
32
  0
SEQEND
  5
932
330
931
100
AcDbEntity
  8
TOPO-CONTOUR-MINOR
  0
POLYLINE
  5
94D
330
17
100
AcDbEntity
  8
TOPO-CONTOUR-MINOR
100
AcDb3dPolyline
 66
1
 10
0.0
 20
0.0
 30
0.0
 70
8
  0
VERTEX
  5
94F
330
17
100
AcDbEntity
  8
TOPO-CONTOUR-MINOR
100
AcDbVertex
100
AcDb3dPolylineVertex
 10
130.38971277223118
 20
-281.71561169161953
 30
1034.0
 70
32
  0
VERTEX
  5
950
330
17
100
AcDbEntity
  8
TOPO-CONTOUR-MINOR
100
AcDbVertex
100
AcDb3dPolylineVertex
 10
129.38209824582214
 20
-282.4970957709231
 30
1034.0
 70
32
  0
VERTEX
  5
951
330
17
100
AcDbEntity
  8
TOPO-CONTOUR-MINOR
100
AcDbVertex
100
AcDb3dPolylineVertex
 10
129.13698780135493
 20
-283.0978637281805
 30
1034.0
 70
32
  0
VERTEX
  5
952
330
17
100
AcDbEntity
  8
TOPO-CONTOUR-MINOR
100
AcDbVertex
100
AcDb3dPolylineVertex
 10
128.96033141145836
 20
-284.1054782550782
 30
1034.0
 70
32
  0
VERTEX
  5
953
330
17
100
AcDbEntity
  8
TOPO-CONTOUR-MINOR
100
AcDbVertex
100
AcDb3dPolylineVertex
 10
129.38209824582214
 20
-286.3029380734463
 30
1034.0
 70
32
  0
VERTEX
  5
954
330
17
100
AcDbEntity
  8
TOPO-CONTOUR-MINOR
100
AcDbVertex
100
AcDb3dPolylineVertex
 10
130.38971277223118
 20
-286.2943454566186
 30
1034.0
 70
32
  0
VERTEX
  5
955
330
17
100
AcDbEntity
  8
TOPO-CONTOUR-MINOR
100
AcDbVertex
100
AcDb3dPolylineVertex
 10
131.39732729864022
 20
-284.2100632341844
 30
1034.0
 70
32
  0
VERTEX
  5
956
330
17
100
AcDbEntity
  8
TOPO-CONTOUR-MINOR
100
AcDbVertex
100
AcDb3dPolylineVertex
 10
132.60701509619423
 20
-283.0978637281805
 30
1034.0
 70
32
  0
VERTEX
  5
957
330
17
100
AcDbEntity
  8
TOPO-CONTOUR-MINOR
100
AcDbVertex
100
AcDb3dPolylineVertex
 10
132.91022084852625
 20
-282.0902492022142
 30
1034.0
 70
32
  0
VERTEX
  5
958
330
17
100
AcDbEntity
  8
TOPO-CONTOUR-MINOR
100
AcDbVertex
100
AcDb3dPolylineVertex
 10
131.39732729864022
 20
-281.4399606818666
 30
1034.0
 70
32
  0
VERTEX
  5
959
330
17
100
AcDbEntity
  8
TOPO-CONTOUR-MINOR
100
AcDbVertex
100
AcDb3dPolylineVertex
 10
130.38971277223118
 20
-281.71561169161953
 30
1034.0
 70
32
  0
SEQEND
  5
94E
330
94D
100
AcDbEntity
  8
TOPO-CONTOUR-MINOR
  0
POLYLINE
  5
95A
330
17
100
AcDbEntity
  8
TOPO-CONTOUR-MINOR
100
AcDb3dPolyline
 66
1
 10
0.0
 20
0.0
 30
0.0
 70
8
  0
VERTEX
  5
95C
330
17
100
AcDbEntity
  8
TOPO-CONTOUR-MINOR
100
AcDbVertex
100
AcDb3dPolylineVertex
 10
25.59780202569027
 20
-293.62182398739077
 30
1034.0
 70
32
  0
VERTEX
  5
95D
330
17
100
AcDbEntity
  8
TOPO-CONTOUR-MINOR
100
AcDbVertex
100
AcDb3dPolylineVertex
 10
24.590187499281228
 20
-294.3790613115535
 30
1034.0
 70
32
  0
VERTEX
  5
95E
330
17
100
AcDbEntity
  8
TOPO-CONTOUR-MINOR
100
AcDbVertex
100
AcDb3dPolylineVertex
 10
24.590187499281228
 20
-296.2485034306962
 30
1034.0
 70
32
  0
VERTEX
  5
95F
330
17
100
AcDbEntity
  8
TOPO-CONTOUR-MINOR
100
AcDbVertex
100
AcDb3dPolylineVertex
 10
25.59780202569027
 20
-297.25080655294727
 30
1034.0
 70
32
  0
VERTEX
  5
960
330
17
100
AcDbEntity
  8
TOPO-CONTOUR-MINOR
100
AcDbVertex
100
AcDb3dPolylineVertex
 10
26.605416552099314
 20
-297.4381943996755
 30
1034.0
 70
32
  0
VERTEX
  5
961
330
17
100
AcDbEntity
  8
TOPO-CONTOUR-MINOR
100
AcDbVertex
100
AcDb3dPolylineVertex
 10
27.804694154769315
 20
-297.20446709822863
 30
1034.0
 70
32
  0
VERTEX
  5
962
330
17
100
AcDbEntity
  8
TOPO-CONTOUR-MINOR
100
AcDbVertex
100
AcDb3dPolylineVertex
 10
28.687540397063803
 20
-296.19685257133096
 30
1034.0
 70
32
  0
VERTEX
  5
963
330
17
100
AcDbEntity
  8
TOPO-CONTOUR-MINOR
100
AcDbVertex
100
AcDb3dPolylineVertex
 10
28.620645604917513
 20
-294.987662588862
 30
1034.0
 70
32
  0
VERTEX
  5
964
330
17
100
AcDbEntity
  8
TOPO-CONTOUR-MINOR
100
AcDbVertex
100
AcDb3dPolylineVertex
 10
27.61303107850847
 20
-293.9049406243588
 30
1034.0
 70
32
  0
VERTEX
  5
965
330
17
100
AcDbEntity
  8
TOPO-CONTOUR-MINOR
100
AcDbVertex
100
AcDb3dPolylineVertex
 10
25.59780202569027
 20
-293.62182398739077
 30
1034.0
 70
32
  0
SEQEND
  5
95B
330
95A
100
AcDbEntity
  8
TOPO-CONTOUR-MINOR
  0
POLYLINE
  5
966
330
17
100
AcDbEntity
  8
TOPO-CONTOUR-MINOR
100
AcDb3dPolyline
 66
1
 10
0.0
 20
0.0
 30
0.0
 70
8
  0
VERTEX
  5
968
330
17
100
AcDbEntity
  8
TOPO-CONTOUR-MINOR
100
AcDbVertex
100
AcDb3dPolylineVertex
 10
-5.956515613736382
 20
-343.55473531316966
 30
1034.0
 70
32
  0
VERTEX
  5
969
330
17
100
AcDbEntity
  8
TOPO-CONTOUR-MINOR
100
AcDbVertex
100
AcDb3dPolylineVertex
 10
-5.638248292990056
 20
-343.13088562089985
 30
1034.0
 70
32
  0
VERTEX
  5
96A
330
17
100
AcDbEntity
  8
TOPO-CONTOUR-MINOR
100
AcDbVertex
100
AcDb3dPolylineVertex
 10
-4.630633766581013
 20
-342.77002949158714
 30
1034.0
 70
32
  0
VERTEX
  5
96B
330
17
100
AcDbEntity
  8
TOPO-CONTOUR-MINOR
100
AcDbVertex
100
AcDb3dPolylineVertex
 10
-2.6154047137629277
 20
-343.2238252866019
 30
1034.0
 70
32
  0
VERTEX
  5
96C
330
17
100
AcDbEntity
  8
TOPO-CONTOUR-MINOR
100
AcDbVertex
100
AcDb3dPolylineVertex
 10
3.52446920310509
 20
-347.5851934188977
 30
1034.0
 70
32
  0
VERTEX
  5
96D
330
17
100
AcDbEntity
  8
TOPO-CONTOUR-MINOR
100
AcDbVertex
100
AcDb3dPolylineVertex
 10
5.318143873721272
 20
-349.6004224708304
 30
1034.0
 70
32
  0
VERTEX
  5
96E
330
17
100
AcDbEntity
  8
TOPO-CONTOUR-MINOR
100
AcDbVertex
100
AcDb3dPolylineVertex
 10
6.503230790980512
 20
-351.6156515236944
 30
1034.0
 70
32
  0
VERTEX
  5
96F
330
17
100
AcDbEntity
  8
TOPO-CONTOUR-MINOR
100
AcDbVertex
100
AcDb3dPolylineVertex
 10
6.986031691455009
 20
-353.6308805765584
 30
1034.0
 70
32
  0
VERTEX
  5
970
330
17
100
AcDbEntity
  8
TOPO-CONTOUR-MINOR
100
AcDbVertex
100
AcDb3dPolylineVertex
 10
6.453126023918458
 20
-354.60816323593633
 30
1034.0
 70
32
  0
VERTEX
  5
971
330
17
100
AcDbEntity
  8
TOPO-CONTOUR-MINOR
100
AcDbVertex
100
AcDb3dPolylineVertex
 10
5.445511497509415
 20
-354.8772073679661
 30
1034.0
 70
32
  0
VERTEX
  5
972
330
17
100
AcDbEntity
  8
TOPO-CONTOUR-MINOR
100
AcDbVertex
100
AcDb3dPolylineVertex
 10
3.430282444691329
 20
-354.4755241707213
 30
1034.0
 70
32
  0
VERTEX
  5
973
330
17
100
AcDbEntity
  8
TOPO-CONTOUR-MINOR
100
AcDbVertex
100
AcDb3dPolylineVertex
 10
0.4074388654642007
 20
-352.8622701519316
 30
1034.0
 70
32
  0
VERTEX
  5
974
330
17
100
AcDbEntity
  8
TOPO-CONTOUR-MINOR
100
AcDbVertex
100
AcDb3dPolylineVertex
 10
-1.607790187353885
 20
-351.2135741658269
 30
1034.0
 70
32
  0
VERTEX
  5
975
330
17
100
AcDbEntity
  8
TOPO-CONTOUR-MINOR
100
AcDbVertex
100
AcDb3dPolylineVertex
 10
-4.137904467051449
 20
-348.59280794486403
 30
1034.0
 70
32
  0
VERTEX
  5
976
330
17
100
AcDbEntity
  8
TOPO-CONTOUR-MINOR
100
AcDbVertex
100
AcDb3dPolylineVertex
 10
-5.508079268289401
 20
-346.577578892
 30
1034.0
 70
32
  0
VERTEX
  5
977
330
17
100
AcDbEntity
  8
TOPO-CONTOUR-MINOR
100
AcDbVertex
100
AcDb3dPolylineVertex
 10
-6.095856281054703
 20
-344.562349839136
 30
1034.0
 70
32
  0
VERTEX
  5
978
330
17
100
AcDbEntity
  8
TOPO-CONTOUR-MINOR
100
AcDbVertex
100
AcDb3dPolylineVertex
 10
-5.956515613736382
 20
-343.55473531316966
 30
1034.0
 70
32
  0
SEQEND
  5
967
330
966
100
AcDbEntity
  8
TOPO-CONTOUR-MINOR
  0
POLYLINE
  5
979
330
17
100
AcDbEntity
  8
TOPO-CONTOUR-MINOR
100
AcDb3dPolyline
 66
1
 10
0.0
 20
0.0
 30
0.0
 70
8
  0
VERTEX
  5
97B
330
17
100
AcDbEntity
  8
TOPO-CONTOUR-MINOR
100
AcDbVertex
100
AcDb3dPolylineVertex
 10
-145.69666746384758
 20
-345.0225177805601
 30
1034.0
 70
32
  0
VERTEX
  5
97C
330
17
100
AcDbEntity
  8
TOPO-CONTOUR-MINOR
100
AcDbVertex
100
AcDb3dPolylineVertex
 10
-146.06507437405395
 20
-345.5699643660337
 30
1034.0
 70
32
  0
VERTEX
  5
97D
330
17
100
AcDbEntity
  8
TOPO-CONTOUR-MINOR
100
AcDbVertex
100
AcDb3dPolylineVertex
 10
-146.09884777328364
 20
-346.577578892
 30
1034.0
 70
32
  0
VERTEX
  5
97E
330
17
100
AcDbEntity
  8
TOPO-CONTOUR-MINOR
100
AcDbVertex
100
AcDb3dPolylineVertex
 10
-145.56838633731886
 20
-348.59280794486403
 30
1034.0
 70
32
  0
VERTEX
  5
97F
330
17
100
AcDbEntity
  8
TOPO-CONTOUR-MINOR
100
AcDbVertex
100
AcDb3dPolylineVertex
 10
-141.92274035639136
 20
-355.64610962942237
 30
1034.0
 70
32
  0
VERTEX
  5
980
330
17
100
AcDbEntity
  8
TOPO-CONTOUR-MINOR
100
AcDbVertex
100
AcDb3dPolylineVertex
 10
-137.63575125257523
 20
-367.36447436256884
 30
1034.0
 70
32
  0
VERTEX
  5
981
330
17
100
AcDbEntity
  8
TOPO-CONTOUR-MINOR
100
AcDbVertex
100
AcDb3dPolylineVertex
 10
-132.96537307743654
 20
-375.7984001580626
 30
1034.0
 70
32
  0
VERTEX
  5
982
330
17
100
AcDbEntity
  8
TOPO-CONTOUR-MINOR
100
AcDbVertex
100
AcDb3dPolylineVertex
 10
-130.243322049456
 20
-382.85170184262097
 30
1034.0
 70
32
  0
VERTEX
  5
983
330
17
100
AcDbEntity
  8
TOPO-CONTOUR-MINOR
100
AcDbVertex
100
AcDb3dPolylineVertex
 10
-129.89428072270454
 20
-384.866930895485
 30
1034.0
 70
32
  0
VERTEX
  5
984
330
17
100
AcDbEntity
  8
TOPO-CONTOUR-MINOR
100
AcDbVertex
100
AcDb3dPolylineVertex
 10
-130.1941570141082
 20
-391.9202325800434
 30
1034.0
 70
32
  0
VERTEX
  5
985
330
17
100
AcDbEntity
  8
TOPO-CONTOUR-MINOR
100
AcDbVertex
100
AcDb3dPolylineVertex
 10
-129.45726262231463
 20
-392.92784710694104
 30
1034.0
 70
32
  0
VERTEX
  5
986
330
17
100
AcDbEntity
  8
TOPO-CONTOUR-MINOR
100
AcDbVertex
100
AcDb3dPolylineVertex
 10
-127.5596059884848
 20
-393.1106335822345
 30
1034.0
 70
32
  0
VERTEX
  5
987
330
17
100
AcDbEntity
  8
TOPO-CONTOUR-MINOR
100
AcDbVertex
100
AcDb3dPolylineVertex
 10
-126.55199146207576
 20
-392.8352218026984
 30
1034.0
 70
32
  0
VERTEX
  5
988
330
17
100
AcDbEntity
  8
TOPO-CONTOUR-MINOR
100
AcDbVertex
100
AcDb3dPolylineVertex
 10
-125.54437693566672
 20
-392.2268719426836
 30
1034.0
 70
32
  0
VERTEX
  5
989
330
17
100
AcDbEntity
  8
TOPO-CONTOUR-MINOR
100
AcDbVertex
100
AcDb3dPolylineVertex
 10
-124.39510394007611
 20
-390.91261805407703
 30
1034.0
 70
32
  0
VERTEX
  5
98A
330
17
100
AcDbEntity
  8
TOPO-CONTOUR-MINOR
100
AcDbVertex
100
AcDb3dPolylineVertex
 10
-123.79907731850562
 20
-388.897389001213
 30
1034.0
 70
32
  0
VERTEX
  5
98B
330
17
100
AcDbEntity
  8
TOPO-CONTOUR-MINOR
100
AcDbVertex
100
AcDb3dPolylineVertex
 10
-123.83081479659377
 20
-386.882159948349
 30
1034.0
 70
32
  0
VERTEX
  5
98C
330
17
100
AcDbEntity
  8
TOPO-CONTOUR-MINOR
100
AcDbVertex
100
AcDb3dPolylineVertex
 10
-124.53013455687349
 20
-383.85931636951864
 30
1034.0
 70
32
  0
VERTEX
  5
98D
330
17
100
AcDbEntity
  8
TOPO-CONTOUR-MINOR
100
AcDbVertex
100
AcDb3dPolylineVertex
 10
-130.5247869687485
 20
-364.71464036777616
 30
1034.0
 70
32
  0
VERTEX
  5
98E
330
17
100
AcDbEntity
  8
TOPO-CONTOUR-MINOR
100
AcDbVertex
100
AcDb3dPolylineVertex
 10
-134.49460466556755
 20
-356.65372415632015
 30
1034.0
 70
32
  0
VERTEX
  5
98F
330
17
100
AcDbEntity
  8
TOPO-CONTOUR-MINOR
100
AcDbVertex
100
AcDb3dPolylineVertex
 10
-136.6281367261662
 20
-353.55413211361264
 30
1034.0
 70
32
  0
VERTEX
  5
990
330
17
100
AcDbEntity
  8
TOPO-CONTOUR-MINOR
100
AcDbVertex
100
AcDb3dPolylineVertex
 10
-142.67382388462045
 20
-346.446202102981
 30
1034.0
 70
32
  0
VERTEX
  5
991
330
17
100
AcDbEntity
  8
TOPO-CONTOUR-MINOR
100
AcDbVertex
100
AcDb3dPolylineVertex
 10
-144.68905293743853
 20
-345.1069947699569
 30
1034.0
 70
32
  0
VERTEX
  5
992
330
17
100
AcDbEntity
  8
TOPO-CONTOUR-MINOR
100
AcDbVertex
100
AcDb3dPolylineVertex
 10
-145.69666746384758
 20
-345.0225177805601
 30
1034.0
 70
32
  0
SEQEND
  5
97A
330
979
100
AcDbEntity
  8
TOPO-CONTOUR-MINOR
  0
POLYLINE
  5
993
330
17
100
AcDbEntity
  8
TOPO-CONTOUR-MINOR
100
AcDb3dPolyline
 66
1
 10
0.0
 20
0.0
 30
0.0
 70
8
  0
VERTEX
  5
995
330
17
100
AcDbEntity
  8
TOPO-CONTOUR-MINOR
100
AcDbVertex
100
AcDb3dPolylineVertex
 10
-67.94031691167622
 20
-417.0
 30
1034.0
 70
32
  0
VERTEX
  5
996
330
17
100
AcDbEntity
  8
TOPO-CONTOUR-MINOR
100
AcDbVertex
100
AcDb3dPolylineVertex
 10
-67.65433193237456
 20
-416.10298121441156
 30
1034.0
 70
32
  0
VERTEX
  5
997
330
17
100
AcDbEntity
  8
TOPO-CONTOUR-MINOR
100
AcDbVertex
100
AcDb3dPolylineVertex
 10
-65.84772665950089
 20
-409.04967952985317
 30
1034.0
 70
32
  0
VERTEX
  5
998
330
17
100
AcDbEntity
  8
TOPO-CONTOUR-MINOR
100
AcDbVertex
100
AcDb3dPolylineVertex
 10
-65.6408667792215
 20
-407.03445047698915
 30
1034.0
 70
32
  0
VERTEX
  5
999
330
17
100
AcDbEntity
  8
TOPO-CONTOUR-MINOR
100
AcDbVertex
100
AcDb3dPolylineVertex
 10
-66.1246403023779
 20
-405.01922142412513
 30
1034.0
 70
32
  0
VERTEX
  5
99A
330
17
100
AcDbEntity
  8
TOPO-CONTOUR-MINOR
100
AcDbVertex
100
AcDb3dPolylineVertex
 10
-67.53660413997147
 20
-403.0039923712611
 30
1034.0
 70
32
  0
VERTEX
  5
99B
330
17
100
AcDbEntity
  8
TOPO-CONTOUR-MINOR
100
AcDbVertex
100
AcDb3dPolylineVertex
 10
-69.11796345675998
 20
-401.6447049389285
 30
1034.0
 70
32
  0
VERTEX
  5
99C
330
17
100
AcDbEntity
  8
TOPO-CONTOUR-MINOR
100
AcDbVertex
100
AcDb3dPolylineVertex
 10
-70.12557798316914
 20
-401.12222514010085
 30
1034.0
 70
32
  0
VERTEX
  5
99D
330
17
100
AcDbEntity
  8
TOPO-CONTOUR-MINOR
100
AcDbVertex
100
AcDb3dPolylineVertex
 10
-71.13319250957818
 20
-401.08662917975505
 30
1034.0
 70
32
  0
VERTEX
  5
99E
330
17
100
AcDbEntity
  8
TOPO-CONTOUR-MINOR
100
AcDbVertex
100
AcDb3dPolylineVertex
 10
-72.14080703598722
 20
-401.8555568119427
 30
1034.0
 70
32
  0
VERTEX
  5
99F
330
17
100
AcDbEntity
  8
TOPO-CONTOUR-MINOR
100
AcDbVertex
100
AcDb3dPolylineVertex
 10
-73.14842156239627
 20
-403.7073885537956
 30
1034.0
 70
32
  0
VERTEX
  5
9A0
330
17
100
AcDbEntity
  8
TOPO-CONTOUR-MINOR
100
AcDbVertex
100
AcDb3dPolylineVertex
 10
-74.01877342200143
 20
-407.03445047698915
 30
1034.0
 70
32
  0
VERTEX
  5
9A1
330
17
100
AcDbEntity
  8
TOPO-CONTOUR-MINOR
100
AcDbVertex
100
AcDb3dPolylineVertex
 10
-75.12108141909432
 20
-417.0
 30
1034.0
 70
32
  0
SEQEND
  5
994
330
993
100
AcDbEntity
  8
TOPO-CONTOUR-MINOR
  0
POLYLINE
  5
9A2
330
17
100
AcDbEntity
  8
TOPO-CONTOUR-MAJOR
100
AcDb3dPolyline
 66
1
 10
0.0
 20
0.0
 30
0.0
 70
8
  0
VERTEX
  5
9A4
330
17
100
AcDbEntity
  8
TOPO-CONTOUR-MAJOR
100
AcDbVertex
100
AcDb3dPolylineVertex
 10
-118.05966702664222
 20
183.0
 30
1035.0
 70
32
  0
VERTEX
  5
9A5
330
17
100
AcDbEntity
  8
TOPO-CONTOUR-MAJOR
100
AcDbVertex
100
AcDb3dPolylineVertex
 10
-116.9347783710239
 20
181.41243294626474
 30
1035.0
 70
32
  0
VERTEX
  5
9A6
330
17
100
AcDbEntity
  8
TOPO-CONTOUR-MAJOR
100
AcDbVertex
100
AcDb3dPolylineVertex
 10
-116.4560955078426
 20
177.3819748405367
 30
1035.0
 70
32
  0
VERTEX
  5
9A7
330
17
100
AcDbEntity
  8
TOPO-CONTOUR-MAJOR
100
AcDbVertex
100
AcDb3dPolylineVertex
 10
-115.30951005256676
 20
173.35151673480868
 30
1035.0
 70
32
  0
VERTEX
  5
9A8
330
17
100
AcDbEntity
  8
TOPO-CONTOUR-MAJOR
100
AcDbVertex
100
AcDb3dPolylineVertex
 10
-115.4071992909517
 20
170.32867315597832
 30
1035.0
 70
32
  0
VERTEX
  5
9A9
330
17
100
AcDbEntity
  8
TOPO-CONTOUR-MAJOR
100
AcDbVertex
100
AcDb3dPolylineVertex
 10
-115.02657233744563
 20
169.32105862908065
 30
1035.0
 70
32
  0
VERTEX
  5
9AA
330
17
100
AcDbEntity
  8
TOPO-CONTOUR-MAJOR
100
AcDbVertex
100
AcDb3dPolylineVertex
 10
-114.46061714516713
 20
168.64712224358178
 30
1035.0
 70
32
  0
VERTEX
  5
9AB
330
17
100
AcDbEntity
  8
TOPO-CONTOUR-MAJOR
100
AcDbVertex
100
AcDb3dPolylineVertex
 10
-109.42254451312193
 20
165.13308808819846
 30
1035.0
 70
32
  0
VERTEX
  5
9AC
330
17
100
AcDbEntity
  8
TOPO-CONTOUR-MAJOR
100
AcDbVertex
100
AcDb3dPolylineVertex
 10
-106.14537863831268
 20
163.2753714704886
 30
1035.0
 70
32
  0
VERTEX
  5
9AD
330
17
100
AcDbEntity
  8
TOPO-CONTOUR-MAJOR
100
AcDbVertex
100
AcDb3dPolylineVertex
 10
-100.35401377544054
 20
159.23509637256743
 30
1035.0
 70
32
  0
VERTEX
  5
9AE
330
17
100
AcDbEntity
  8
TOPO-CONTOUR-MAJOR
100
AcDbVertex
100
AcDb3dPolylineVertex
 10
-99.34639924903149
 20
159.00709977460133
 30
1035.0
 70
32
  0
VERTEX
  5
9AF
330
17
100
AcDbEntity
  8
TOPO-CONTOUR-MAJOR
100
AcDbVertex
100
AcDb3dPolylineVertex
 10
-98.28317605922602
 20
159.2449133656919
 30
1035.0
 70
32
  0
VERTEX
  5
9B0
330
17
100
AcDbEntity
  8
TOPO-CONTOUR-MAJOR
100
AcDbVertex
100
AcDb3dPolylineVertex
 10
-97.35799955396966
 20
160.25252789165825
 30
1035.0
 70
32
  0
VERTEX
  5
9B1
330
17
100
AcDbEntity
  8
TOPO-CONTOUR-MAJOR
100
AcDbVertex
100
AcDb3dPolylineVertex
 10
-95.73057066818814
 20
163.2753714704886
 30
1035.0
 70
32
  0
VERTEX
  5
9B2
330
17
100
AcDbEntity
  8
TOPO-CONTOUR-MAJOR
100
AcDbVertex
100
AcDb3dPolylineVertex
 10
-93.30071209057724
 20
166.64900076958784
 30
1035.0
 70
32
  0
VERTEX
  5
9B3
330
17
100
AcDbEntity
  8
TOPO-CONTOUR-MAJOR
100
AcDbVertex
100
AcDb3dPolylineVertex
 10
-92.29309756416819
 20
166.85253951703896
 30
1035.0
 70
32
  0
VERTEX
  5
9B4
330
17
100
AcDbEntity
  8
TOPO-CONTOUR-MAJOR
100
AcDbVertex
100
AcDb3dPolylineVertex
 10
-91.28548303775915
 20
165.97671535426215
 30
1035.0
 70
32
  0
VERTEX
  5
9B5
330
17
100
AcDbEntity
  8
TOPO-CONTOUR-MAJOR
100
AcDbVertex
100
AcDb3dPolylineVertex
 10
-89.27025398494095
 20
163.15065151251164
 30
1035.0
 70
32
  0
VERTEX
  5
9B6
330
17
100
AcDbEntity
  8
TOPO-CONTOUR-MAJOR
100
AcDbVertex
100
AcDb3dPolylineVertex
 10
-87.25502493212286
 20
161.73010691247435
 30
1035.0
 70
32
  0
VERTEX
  5
9B7
330
17
100
AcDbEntity
  8
TOPO-CONTOUR-MAJOR
100
AcDbVertex
100
AcDb3dPolylineVertex
 10
-86.24741040571382
 20
161.77875471010248
 30
1035.0
 70
32
  0
VERTEX
  5
9B8
330
17
100
AcDbEntity
  8
TOPO-CONTOUR-MAJOR
100
AcDbVertex
100
AcDb3dPolylineVertex
 10
-83.2245668264867
 20
162.9603233386867
 30
1035.0
 70
32
  0
VERTEX
  5
9B9
330
17
100
AcDbEntity
  8
TOPO-CONTOUR-MAJOR
100
AcDbVertex
100
AcDb3dPolylineVertex
 10
-81.20933777366861
 20
162.34131588661597
 30
1035.0
 70
32
  0
VERTEX
  5
9BA
330
17
100
AcDbEntity
  8
TOPO-CONTOUR-MAJOR
100
AcDbVertex
100
AcDb3dPolylineVertex
 10
-77.17887966803242
 20
159.22683307243165
 30
1035.0
 70
32
  0
VERTEX
  5
9BB
330
17
100
AcDbEntity
  8
TOPO-CONTOUR-MAJOR
100
AcDbVertex
100
AcDb3dPolylineVertex
 10
-70.12557798316914
 20
158.80475846998692
 30
1035.0
 70
32
  0
VERTEX
  5
9BC
330
17
100
AcDbEntity
  8
TOPO-CONTOUR-MAJOR
100
AcDbVertex
100
AcDb3dPolylineVertex
 10
-68.47622276095863
 20
159.2449133656919
 30
1035.0
 70
32
  0
VERTEX
  5
9BD
330
17
100
AcDbEntity
  8
TOPO-CONTOUR-MAJOR
100
AcDbVertex
100
AcDb3dPolylineVertex
 10
-67.68951989984009
 20
160.25252789165825
 30
1035.0
 70
32
  0
VERTEX
  5
9BE
330
17
100
AcDbEntity
  8
TOPO-CONTOUR-MAJOR
100
AcDbVertex
100
AcDb3dPolylineVertex
 10
-67.41542824197063
 20
161.26014241855592
 30
1035.0
 70
32
  0
VERTEX
  5
9BF
330
17
100
AcDbEntity
  8
TOPO-CONTOUR-MAJOR
100
AcDbVertex
100
AcDb3dPolylineVertex
 10
-67.85264633482527
 20
163.2753714704886
 30
1035.0
 70
32
  0
VERTEX
  5
9C0
330
17
100
AcDbEntity
  8
TOPO-CONTOUR-MAJOR
100
AcDbVertex
100
AcDb3dPolylineVertex
 10
-68.66337482704031
 20
164.28298599738628
 30
1035.0
 70
32
  0
VERTEX
  5
9C1
330
17
100
AcDbEntity
  8
TOPO-CONTOUR-MAJOR
100
AcDbVertex
100
AcDb3dPolylineVertex
 10
-74.15603608880531
 20
167.2444022199677
 30
1035.0
 70
32
  0
VERTEX
  5
9C2
330
17
100
AcDbEntity
  8
TOPO-CONTOUR-MAJOR
100
AcDbVertex
100
AcDb3dPolylineVertex
 10
-79.5959415168007
 20
172.34390220884234
 30
1035.0
 70
32
  0
VERTEX
  5
9C3
330
17
100
AcDbEntity
  8
TOPO-CONTOUR-MAJOR
100
AcDbVertex
100
AcDb3dPolylineVertex
 10
-84.23218135289572
 20
175.4709394241154
 30
1035.0
 70
32
  0
VERTEX
  5
9C4
330
17
100
AcDbEntity
  8
TOPO-CONTOUR-MAJOR
100
AcDbVertex
100
AcDb3dPolylineVertex
 10
-88.67755458610914
 20
179.39720389340073
 30
1035.0
 70
32
  0
VERTEX
  5
9C5
330
17
100
AcDbEntity
  8
TOPO-CONTOUR-MAJOR
100
AcDbVertex
100
AcDb3dPolylineVertex
 10
-90.39655781194634
 20
181.41243294626474
 30
1035.0
 70
32
  0
VERTEX
  5
9C6
330
17
100
AcDbEntity
  8
TOPO-CONTOUR-MAJOR
100
AcDbVertex
100
AcDb3dPolylineVertex
 10
-91.02746571164883
 20
183.0
 30
1035.0
 70
32
  0
SEQEND
  5
9A3
330
9A2
100
AcDbEntity
  8
TOPO-CONTOUR-MAJOR
  0
POLYLINE
  5
9C7
330
17
100
AcDbEntity
  8
TOPO-CONTOUR-MAJOR
100
AcDb3dPolyline
 66
1
 10
0.0
 20
0.0
 30
0.0
 70
8
  0
VERTEX
  5
9C9
330
17
100
AcDbEntity
  8
TOPO-CONTOUR-MAJOR
100
AcDbVertex
100
AcDb3dPolylineVertex
 10
-9.0780806544647
 20
183.0
 30
1035.0
 70
32
  0
VERTEX
  5
9CA
330
17
100
AcDbEntity
  8
TOPO-CONTOUR-MAJOR
100
AcDbVertex
100
AcDb3dPolylineVertex
 10
-7.176763545892975
 20
181.41243294626474
 30
1035.0
 70
32
  0
VERTEX
  5
9CB
330
17
100
AcDbEntity
  8
TOPO-CONTOUR-MAJOR
100
AcDbVertex
100
AcDb3dPolylineVertex
 10
-2.6154047137629277
 20
178.66299516866954
 30
1035.0
 70
32
  0
VERTEX
  5
9CC
330
17
100
AcDbEntity
  8
TOPO-CONTOUR-MAJOR
100
AcDbVertex
100
AcDb3dPolylineVertex
 10
3.430282444691329
 20
176.5879262713656
 30
1035.0
 70
32
  0
VERTEX
  5
9CD
330
17
100
AcDbEntity
  8
TOPO-CONTOUR-MAJOR
100
AcDbVertex
100
AcDb3dPolylineVertex
 10
9.475969603145586
 20
171.07010183289145
 30
1035.0
 70
32
  0
VERTEX
  5
9CE
330
17
100
AcDbEntity
  8
TOPO-CONTOUR-MAJOR
100
AcDbVertex
100
AcDb3dPolylineVertex
 10
16.30394885609137
 20
167.30582957621664
 30
1035.0
 70
32
  0
VERTEX
  5
9CF
330
17
100
AcDbEntity
  8
TOPO-CONTOUR-MAJOR
100
AcDbVertex
100
AcDb3dPolylineVertex
 10
24.038511392302965
 20
161.26014241855592
 30
1035.0
 70
32
  0
VERTEX
  5
9D0
330
17
100
AcDbEntity
  8
TOPO-CONTOUR-MAJOR
100
AcDbVertex
100
AcDb3dPolylineVertex
 10
33.65871823696273
 20
151.88850677647338
 30
1035.0
 70
32
  0
VERTEX
  5
9D1
330
17
100
AcDbEntity
  8
TOPO-CONTOUR-MAJOR
100
AcDbVertex
100
AcDb3dPolylineVertex
 10
47.40157149773795
 20
146.14592452161014
 30
1035.0
 70
32
  0
VERTEX
  5
9D2
330
17
100
AcDbEntity
  8
TOPO-CONTOUR-MAJOR
100
AcDbVertex
100
AcDb3dPolylineVertex
 10
50.8092411670957
 20
144.13069546874613
 30
1035.0
 70
32
  0
VERTEX
  5
9D3
330
17
100
AcDbEntity
  8
TOPO-CONTOUR-MAJOR
100
AcDbVertex
100
AcDb3dPolylineVertex
 10
58.424049986381604
 20
139.09262283705175
 30
1035.0
 70
32
  0
VERTEX
  5
9D4
330
17
100
AcDbEntity
  8
TOPO-CONTOUR-MAJOR
100
AcDbVertex
100
AcDb3dPolylineVertex
 10
60.864430844675404
 20
137.07739378418773
 30
1035.0
 70
32
  0
VERTEX
  5
9D5
330
17
100
AcDbEntity
  8
TOPO-CONTOUR-MAJOR
100
AcDbVertex
100
AcDb3dPolylineVertex
 10
62.48603812280469
 20
135.06216473132372
 30
1035.0
 70
32
  0
VERTEX
  5
9D6
330
17
100
AcDbEntity
  8
TOPO-CONTOUR-MAJOR
100
AcDbVertex
100
AcDb3dPolylineVertex
 10
62.511812748468984
 20
134.05455020535737
 30
1035.0
 70
32
  0
VERTEX
  5
9D7
330
17
100
AcDbEntity
  8
TOPO-CONTOUR-MAJOR
100
AcDbVertex
100
AcDb3dPolylineVertex
 10
60.864310450007
 20
131.86857445599682
 30
1035.0
 70
32
  0
VERTEX
  5
9D8
330
17
100
AcDbEntity
  8
TOPO-CONTOUR-MAJOR
100
AcDbVertex
100
AcDb3dPolylineVertex
 10
56.75705320474509
 20
128.00886304676533
 30
1035.0
 70
32
  0
VERTEX
  5
9D9
330
17
100
AcDbEntity
  8
TOPO-CONTOUR-MAJOR
100
AcDbVertex
100
AcDb3dPolylineVertex
 10
55.351343285703464
 20
125.9936339939013
 30
1035.0
 70
32
  0
VERTEX
  5
9DA
330
17
100
AcDbEntity
  8
TOPO-CONTOUR-MAJOR
100
AcDbVertex
100
AcDb3dPolylineVertex
 10
52.639126350082066
 20
119.94794683530927
 30
1035.0
 70
32
  0
VERTEX
  5
9DB
330
17
100
AcDbEntity
  8
TOPO-CONTOUR-MAJOR
100
AcDbVertex
100
AcDb3dPolylineVertex
 10
48.60494820822463
 20
112.89464515075088
 30
1035.0
 70
32
  0
VERTEX
  5
9DC
330
17
100
AcDbEntity
  8
TOPO-CONTOUR-MAJOR
100
AcDbVertex
100
AcDb3dPolylineVertex
 10
40.43690891388219
 20
94.75758367497474
 30
1035.0
 70
32
  0
VERTEX
  5
9DD
330
17
100
AcDbEntity
  8
TOPO-CONTOUR-MAJOR
100
AcDbVertex
100
AcDb3dPolylineVertex
 10
35.910991834491085
 20
86.69666746351868
 30
1035.0
 70
32
  0
VERTEX
  5
9DE
330
17
100
AcDbEntity
  8
TOPO-CONTOUR-MAJOR
100
AcDbVertex
100
AcDb3dPolylineVertex
 10
30.69113797665397
 20
79.64336577896029
 30
1035.0
 70
32
  0
VERTEX
  5
9DF
330
17
100
AcDbEntity
  8
TOPO-CONTOUR-MAJOR
100
AcDbVertex
100
AcDb3dPolylineVertex
 10
28.620645604917513
 20
78.17689766167766
 30
1035.0
 70
32
  0
VERTEX
  5
9E0
330
17
100
AcDbEntity
  8
TOPO-CONTOUR-MAJOR
100
AcDbVertex
100
AcDb3dPolylineVertex
 10
17.53688581441793
 20
72.77149002398825
 30
1035.0
 70
32
  0
VERTEX
  5
9E1
330
17
100
AcDbEntity
  8
TOPO-CONTOUR-MAJOR
100
AcDbVertex
100
AcDb3dPolylineVertex
 10
8.468355076736543
 20
70.32857699359792
 30
1035.0
 70
32
  0
VERTEX
  5
9E2
330
17
100
AcDbEntity
  8
TOPO-CONTOUR-MAJOR
100
AcDbVertex
100
AcDb3dPolylineVertex
 10
3.430282444691329
 20
69.94209854651808
 30
1035.0
 70
32
  0
VERTEX
  5
9E3
330
17
100
AcDbEntity
  8
TOPO-CONTOUR-MAJOR
100
AcDbVertex
100
AcDb3dPolylineVertex
 10
2.2792791614142134
 20
69.56722051464021
 30
1035.0
 70
32
  0
VERTEX
  5
9E4
330
17
100
AcDbEntity
  8
TOPO-CONTOUR-MAJOR
100
AcDbVertex
100
AcDb3dPolylineVertex
 10
1.3275448831716592
 20
68.55960598867387
 30
1035.0
 70
32
  0
VERTEX
  5
9E5
330
17
100
AcDbEntity
  8
TOPO-CONTOUR-MAJOR
100
AcDbVertex
100
AcDb3dPolylineVertex
 10
1.0466655479874212
 20
67.5519914617762
 30
1035.0
 70
32
  0
VERTEX
  5
9E6
330
17
100
AcDbEntity
  8
TOPO-CONTOUR-MAJOR
100
AcDbVertex
100
AcDb3dPolylineVertex
 10
1.1370399417640336
 20
65.53676240891218
 30
1035.0
 70
32
  0
VERTEX
  5
9E7
330
17
100
AcDbEntity
  8
TOPO-CONTOUR-MAJOR
100
AcDbVertex
100
AcDb3dPolylineVertex
 10
2.5551115453342406
 20
62.51391883008182
 30
1035.0
 70
32
  0
VERTEX
  5
9E8
330
17
100
AcDbEntity
  8
TOPO-CONTOUR-MAJOR
100
AcDbVertex
100
AcDb3dPolylineVertex
 10
4.401720676272138
 20
60.498689777217805
 30
1035.0
 70
32
  0
VERTEX
  5
9E9
330
17
100
AcDbEntity
  8
TOPO-CONTOUR-MAJOR
100
AcDbVertex
100
AcDb3dPolylineVertex
 10
9.511434108186641
 20
56.468231671489775
 30
1035.0
 70
32
  0
VERTEX
  5
9EA
330
17
100
AcDbEntity
  8
TOPO-CONTOUR-MAJOR
100
AcDbVertex
100
AcDb3dPolylineVertex
 10
19.52540320589007
 20
47.39970093406736
 30
1035.0
 70
32
  0
VERTEX
  5
9EB
330
17
100
AcDbEntity
  8
TOPO-CONTOUR-MAJOR
100
AcDbVertex
100
AcDb3dPolylineVertex
 10
20.844921499751003
 20
44.376857354305685
 30
1035.0
 70
32
  0
VERTEX
  5
9EC
330
17
100
AcDbEntity
  8
TOPO-CONTOUR-MAJOR
100
AcDbVertex
100
AcDb3dPolylineVertex
 10
22.670342972593517
 20
41.35401377547532
 30
1035.0
 70
32
  0
VERTEX
  5
9ED
330
17
100
AcDbEntity
  8
TOPO-CONTOUR-MAJOR
100
AcDbVertex
100
AcDb3dPolylineVertex
 10
23.289397079804736
 20
39.33878472261131
 30
1035.0
 70
32
  0
VERTEX
  5
9EE
330
17
100
AcDbEntity
  8
TOPO-CONTOUR-MAJOR
100
AcDbVertex
100
AcDb3dPolylineVertex
 10
22.574958446463146
 20
38.50172355315306
 30
1035.0
 70
32
  0
VERTEX
  5
9EF
330
17
100
AcDbEntity
  8
TOPO-CONTOUR-MAJOR
100
AcDbVertex
100
AcDb3dPolylineVertex
 10
18.54450034082697
 20
39.762697551163015
 30
1035.0
 70
32
  0
VERTEX
  5
9F0
330
17
100
AcDbEntity
  8
TOPO-CONTOUR-MAJOR
100
AcDbVertex
100
AcDb3dPolylineVertex
 10
10.483584129554629
 20
41.24418238135934
 30
1035.0
 70
32
  0
VERTEX
  5
9F1
330
17
100
AcDbEntity
  8
TOPO-CONTOUR-MAJOR
100
AcDbVertex
100
AcDb3dPolylineVertex
 10
9.475969603145586
 20
41.15846353890502
 30
1035.0
 70
32
  0
VERTEX
  5
9F2
330
17
100
AcDbEntity
  8
TOPO-CONTOUR-MAJOR
100
AcDbVertex
100
AcDb3dPolylineVertex
 10
8.706539982486866
 20
40.346399248577654
 30
1035.0
 70
32
  0
VERTEX
  5
9F3
330
17
100
AcDbEntity
  8
TOPO-CONTOUR-MAJOR
100
AcDbVertex
100
AcDb3dPolylineVertex
 10
10.511135063092269
 20
34.30071209091693
 30
1035.0
 70
32
  0
VERTEX
  5
9F4
330
17
100
AcDbEntity
  8
TOPO-CONTOUR-MAJOR
100
AcDbVertex
100
AcDb3dPolylineVertex
 10
10.570376074595263
 20
33.29309756401926
 30
1035.0
 70
32
  0
VERTEX
  5
9F5
330
17
100
AcDbEntity
  8
TOPO-CONTOUR-MAJOR
100
AcDbVertex
100
AcDb3dPolylineVertex
 10
9.91976950218924
 20
32.28548303805292
 30
1035.0
 70
32
  0
VERTEX
  5
9F6
330
17
100
AcDbEntity
  8
TOPO-CONTOUR-MAJOR
100
AcDbVertex
100
AcDb3dPolylineVertex
 10
8.696237793518886
 20
31.277868511155248
 30
1035.0
 70
32
  0
VERTEX
  5
9F7
330
17
100
AcDbEntity
  8
TOPO-CONTOUR-MAJOR
100
AcDbVertex
100
AcDb3dPolylineVertex
 10
8.643999177403574
 20
30.2702539851889
 30
1035.0
 70
32
  0
VERTEX
  5
9F8
330
17
100
AcDbEntity
  8
TOPO-CONTOUR-MAJOR
100
AcDbVertex
100
AcDb3dPolylineVertex
 10
11.3443992682085
 20
25.232181352563202
 30
1035.0
 70
32
  0
VERTEX
  5
9F9
330
17
100
AcDbEntity
  8
TOPO-CONTOUR-MAJOR
100
AcDbVertex
100
AcDb3dPolylineVertex
 10
15.47678334585363
 20
19.18649419490248
 30
1035.0
 70
32
  0
VERTEX
  5
9FA
330
17
100
AcDbEntity
  8
TOPO-CONTOUR-MAJOR
100
AcDbVertex
100
AcDb3dPolylineVertex
 10
16.224675723801994
 20
17.171265142038465
 30
1035.0
 70
32
  0
VERTEX
  5
9FB
330
17
100
AcDbEntity
  8
TOPO-CONTOUR-MAJOR
100
AcDbVertex
100
AcDb3dPolylineVertex
 10
16.188502698975853
 20
16.163650615140796
 30
1035.0
 70
32
  0
VERTEX
  5
9FC
330
17
100
AcDbEntity
  8
TOPO-CONTOUR-MAJOR
100
AcDbVertex
100
AcDb3dPolylineVertex
 10
15.705887205306436
 20
15.15603608917445
 30
1035.0
 70
32
  0
VERTEX
  5
9FD
330
17
100
AcDbEntity
  8
TOPO-CONTOUR-MAJOR
100
AcDbVertex
100
AcDb3dPolylineVertex
 10
14.57143702082821
 20
14.14842156227678
 30
1035.0
 70
32
  0
VERTEX
  5
9FE
330
17
100
AcDbEntity
  8
TOPO-CONTOUR-MAJOR
100
AcDbVertex
100
AcDb3dPolylineVertex
 10
11.491198655963673
 20
12.410001113983736
 30
1035.0
 70
32
  0
VERTEX
  5
9FF
330
17
100
AcDbEntity
  8
TOPO-CONTOUR-MAJOR
100
AcDbVertex
100
AcDb3dPolylineVertex
 10
9.475969603145586
 20
11.99573536549406
 30
1035.0
 70
32
  0
VERTEX
  5
A00
330
17
100
AcDbEntity
  8
TOPO-CONTOUR-MAJOR
100
AcDbVertex
100
AcDb3dPolylineVertex
 10
6.453126023918458
 20
12.057381423695174
 30
1035.0
 70
32
  0
VERTEX
  5
A01
330
17
100
AcDbEntity
  8
TOPO-CONTOUR-MAJOR
100
AcDbVertex
100
AcDb3dPolylineVertex
 10
4.437896971100372
 20
11.324726272004682
 30
1035.0
 70
32
  0
VERTEX
  5
A02
330
17
100
AcDbEntity
  8
TOPO-CONTOUR-MAJOR
100
AcDbVertex
100
AcDb3dPolylineVertex
 10
3.5119454444236897
 20
10.11796345654875
 30
1035.0
 70
32
  0
VERTEX
  5
A03
330
17
100
AcDbEntity
  8
TOPO-CONTOUR-MAJOR
100
AcDbVertex
100
AcDb3dPolylineVertex
 10
2.945552278179031
 20
8.102734403684735
 30
1035.0
 70
32
  0
VERTEX
  5
A04
330
17
100
AcDbEntity
  8
TOPO-CONTOUR-MAJOR
100
AcDbVertex
100
AcDb3dPolylineVertex
 10
3.0235055597477984
 20
4.072276297956705
 30
1035.0
 70
32
  0
VERTEX
  5
A05
330
17
100
AcDbEntity
  8
TOPO-CONTOUR-MAJOR
100
AcDbVertex
100
AcDb3dPolylineVertex
 10
4.250900957993088
 20
0.04181819222867489
 30
1035.0
 70
32
  0
VERTEX
  5
A06
330
17
100
AcDbEntity
  8
TOPO-CONTOUR-MAJOR
100
AcDbVertex
100
AcDb3dPolylineVertex
 10
7.110237274903158
 20
-4.996254439465702
 30
1035.0
 70
32
  0
VERTEX
  5
A07
330
17
100
AcDbEntity
  8
TOPO-CONTOUR-MAJOR
100
AcDbVertex
100
AcDb3dPolylineVertex
 10
13.091077051329702
 20
-13.057170650921762
 30
1035.0
 70
32
  0
VERTEX
  5
A08
330
17
100
AcDbEntity
  8
TOPO-CONTOUR-MAJOR
100
AcDbVertex
100
AcDb3dPolylineVertex
 10
14.346348300671561
 20
-16.080014229752123
 30
1035.0
 70
32
  0
VERTEX
  5
A09
330
17
100
AcDbEntity
  8
TOPO-CONTOUR-MAJOR
100
AcDbVertex
100
AcDb3dPolylineVertex
 10
14.5140422351908
 20
-17.837582501146713
 30
1035.0
 70
32
  0
VERTEX
  5
A0A
330
17
100
AcDbEntity
  8
TOPO-CONTOUR-MAJOR
100
AcDbVertex
100
AcDb3dPolylineVertex
 10
13.506427708781757
 20
-18.36665269176084
 30
1035.0
 70
32
  0
VERTEX
  5
A0B
330
17
100
AcDbEntity
  8
TOPO-CONTOUR-MAJOR
100
AcDbVertex
100
AcDb3dPolylineVertex
 10
12.498813182372714
 20
-18.310386564168702
 30
1035.0
 70
32
  0
VERTEX
  5
A0C
330
17
100
AcDbEntity
  8
TOPO-CONTOUR-MAJOR
100
AcDbVertex
100
AcDb3dPolylineVertex
 10
1.4150533918732435
 20
-15.228874691850903
 30
1035.0
 70
32
  0
VERTEX
  5
A0D
330
17
100
AcDbEntity
  8
TOPO-CONTOUR-MAJOR
100
AcDbVertex
100
AcDb3dPolylineVertex
 10
-8.661091872217185
 20
-13.811372014193735
 30
1035.0
 70
32
  0
VERTEX
  5
A0E
330
17
100
AcDbEntity
  8
TOPO-CONTOUR-MAJOR
100
AcDbVertex
100
AcDb3dPolylineVertex
 10
-11.683935451444313
 20
-13.914874229061992
 30
1035.0
 70
32
  0
VERTEX
  5
A0F
330
17
100
AcDbEntity
  8
TOPO-CONTOUR-MAJOR
100
AcDbVertex
100
AcDb3dPolylineVertex
 10
-14.706779030671553
 20
-14.803249357411719
 30
1035.0
 70
32
  0
VERTEX
  5
A10
330
17
100
AcDbEntity
  8
TOPO-CONTOUR-MAJOR
100
AcDbVertex
100
AcDb3dPolylineVertex
 10
-16.788825769465717
 20
-16.080014229752123
 30
1035.0
 70
32
  0
VERTEX
  5
A11
330
17
100
AcDbEntity
  8
TOPO-CONTOUR-MAJOR
100
AcDbVertex
100
AcDb3dPolylineVertex
 10
-17.319003983337367
 20
-17.087628756649792
 30
1035.0
 70
32
  0
VERTEX
  5
A12
330
17
100
AcDbEntity
  8
TOPO-CONTOUR-MAJOR
100
AcDbVertex
100
AcDb3dPolylineVertex
 10
-17.377882130870855
 20
-18.09524328261614
 30
1035.0
 70
32
  0
VERTEX
  5
A13
330
17
100
AcDbEntity
  8
TOPO-CONTOUR-MAJOR
100
AcDbVertex
100
AcDb3dPolylineVertex
 10
-14.706779030671555
 20
-22.941563642209537
 30
1035.0
 70
32
  0
VERTEX
  5
A14
330
17
100
AcDbEntity
  8
TOPO-CONTOUR-MAJOR
100
AcDbVertex
100
AcDb3dPolylineVertex
 10
-13.38714975359849
 20
-26.1561594940722
 30
1035.0
 70
32
  0
VERTEX
  5
A15
330
17
100
AcDbEntity
  8
TOPO-CONTOUR-MAJOR
100
AcDbVertex
100
AcDb3dPolylineVertex
 10
-13.186842307615663
 20
-27.163774020038545
 30
1035.0
 70
32
  0
VERTEX
  5
A16
330
17
100
AcDbEntity
  8
TOPO-CONTOUR-MAJOR
100
AcDbVertex
100
AcDb3dPolylineVertex
 10
-13.458906830910033
 20
-28.171388546936214
 30
1035.0
 70
32
  0
VERTEX
  5
A17
330
17
100
AcDbEntity
  8
TOPO-CONTOUR-MAJOR
100
AcDbVertex
100
AcDb3dPolylineVertex
 10
-14.706779030671555
 20
-28.51266775120095
 30
1035.0
 70
32
  0
VERTEX
  5
A18
330
17
100
AcDbEntity
  8
TOPO-CONTOUR-MAJOR
100
AcDbVertex
100
AcDb3dPolylineVertex
 10
-19.74485166271677
 20
-27.686331710605945
 30
1035.0
 70
32
  0
VERTEX
  5
A19
330
17
100
AcDbEntity
  8
TOPO-CONTOUR-MAJOR
100
AcDbVertex
100
AcDb3dPolylineVertex
 10
-21.760080715534855
 20
-26.847537233170215
 30
1035.0
 70
32
  0
VERTEX
  5
A1A
330
17
100
AcDbEntity
  8
TOPO-CONTOUR-MAJOR
100
AcDbVertex
100
AcDb3dPolylineVertex
 10
-22.767695241943898
 20
-25.816831712019237
 30
1035.0
 70
32
  0
VERTEX
  5
A1B
330
17
100
AcDbEntity
  8
TOPO-CONTOUR-MAJOR
100
AcDbVertex
100
AcDb3dPolylineVertex
 10
-26.798153347580072
 20
-19.016101757486606
 30
1035.0
 70
32
  0
VERTEX
  5
A1C
330
17
100
AcDbEntity
  8
TOPO-CONTOUR-MAJOR
100
AcDbVertex
100
AcDb3dPolylineVertex
 10
-27.80576787398911
 20
-18.306397265277994
 30
1035.0
 70
32
  0
VERTEX
  5
A1D
330
17
100
AcDbEntity
  8
TOPO-CONTOUR-MAJOR
100
AcDbVertex
100
AcDb3dPolylineVertex
 10
-28.813382400398154
 20
-18.409900664144395
 30
1035.0
 70
32
  0
VERTEX
  5
A1E
330
17
100
AcDbEntity
  8
TOPO-CONTOUR-MAJOR
100
AcDbVertex
100
AcDb3dPolylineVertex
 10
-29.820996926807194
 20
-19.026142879281288
 30
1035.0
 70
32
  0
VERTEX
  5
A1F
330
17
100
AcDbEntity
  8
TOPO-CONTOUR-MAJOR
100
AcDbVertex
100
AcDb3dPolylineVertex
 10
-31.836225979625283
 20
-21.290203074371668
 30
1035.0
 70
32
  0
VERTEX
  5
A20
330
17
100
AcDbEntity
  8
TOPO-CONTOUR-MAJOR
100
AcDbVertex
100
AcDb3dPolylineVertex
 10
-34.58793609654127
 20
-28.171388546936214
 30
1035.0
 70
32
  0
VERTEX
  5
A21
330
17
100
AcDbEntity
  8
TOPO-CONTOUR-MAJOR
100
AcDbVertex
100
AcDb3dPolylineVertex
 10
-35.06936761403938
 20
-30.18661759980023
 30
1035.0
 70
32
  0
VERTEX
  5
A22
330
17
100
AcDbEntity
  8
TOPO-CONTOUR-MAJOR
100
AcDbVertex
100
AcDb3dPolylineVertex
 10
-35.1111060921972
 20
-33.20946117863059
 30
1035.0
 70
32
  0
VERTEX
  5
A23
330
17
100
AcDbEntity
  8
TOPO-CONTOUR-MAJOR
100
AcDbVertex
100
AcDb3dPolylineVertex
 10
-34.00209677531424
 20
-39.255148337222636
 30
1035.0
 70
32
  0
VERTEX
  5
A24
330
17
100
AcDbEntity
  8
TOPO-CONTOUR-MAJOR
100
AcDbVertex
100
AcDb3dPolylineVertex
 10
-34.004470469718896
 20
-43.285606442950666
 30
1035.0
 70
32
  0
VERTEX
  5
A25
330
17
100
AcDbEntity
  8
TOPO-CONTOUR-MAJOR
100
AcDbVertex
100
AcDb3dPolylineVertex
 10
-34.42490484831049
 20
-45.30083549581468
 30
1035.0
 70
32
  0
VERTEX
  5
A26
330
17
100
AcDbEntity
  8
TOPO-CONTOUR-MAJOR
100
AcDbVertex
100
AcDb3dPolylineVertex
 10
-35.61652116921597
 20
-48.32367907464504
 30
1035.0
 70
32
  0
VERTEX
  5
A27
330
17
100
AcDbEntity
  8
TOPO-CONTOUR-MAJOR
100
AcDbVertex
100
AcDb3dPolylineVertex
 10
-35.84081901769123
 20
-53.36175170727074
 30
1035.0
 70
32
  0
VERTEX
  5
A28
330
17
100
AcDbEntity
  8
TOPO-CONTOUR-MAJOR
100
AcDbVertex
100
AcDb3dPolylineVertex
 10
-36.51251512957073
 20
-56.3845952861011
 30
1035.0
 70
32
  0
VERTEX
  5
A29
330
17
100
AcDbEntity
  8
TOPO-CONTOUR-MAJOR
100
AcDbVertex
100
AcDb3dPolylineVertex
 10
-37.88191313807965
 20
-58.774502611062225
 30
1035.0
 70
32
  0
VERTEX
  5
A2A
330
17
100
AcDbEntity
  8
TOPO-CONTOUR-MAJOR
100
AcDbVertex
100
AcDb3dPolylineVertex
 10
-38.889527664488696
 20
-59.55925337304261
 30
1035.0
 70
32
  0
VERTEX
  5
A2B
330
17
100
AcDbEntity
  8
TOPO-CONTOUR-MAJOR
100
AcDbVertex
100
AcDb3dPolylineVertex
 10
-40.90475671730678
 20
-60.36585042474801
 30
1035.0
 70
32
  0
VERTEX
  5
A2C
330
17
100
AcDbEntity
  8
TOPO-CONTOUR-MAJOR
100
AcDbVertex
100
AcDb3dPolylineVertex
 10
-43.92760029653391
 20
-61.041782602621076
 30
1035.0
 70
32
  0
VERTEX
  5
A2D
330
17
100
AcDbEntity
  8
TOPO-CONTOUR-MAJOR
100
AcDbVertex
100
AcDb3dPolylineVertex
 10
-44.93521482294295
 20
-61.96566842235225
 30
1035.0
 70
32
  0
VERTEX
  5
A2E
330
17
100
AcDbEntity
  8
TOPO-CONTOUR-MAJOR
100
AcDbVertex
100
AcDb3dPolylineVertex
 10
-47.104714834052544
 20
-67.46835507638752
 30
1035.0
 70
32
  0
VERTEX
  5
A2F
330
17
100
AcDbEntity
  8
TOPO-CONTOUR-MAJOR
100
AcDbVertex
100
AcDb3dPolylineVertex
 10
-49.5475009421379
 20
-70.49119865614921
 30
1035.0
 70
32
  0
VERTEX
  5
A30
330
17
100
AcDbEntity
  8
TOPO-CONTOUR-MAJOR
100
AcDbVertex
100
AcDb3dPolylineVertex
 10
-49.95293199553078
 20
-71.49881318211555
 30
1035.0
 70
32
  0
VERTEX
  5
A31
330
17
100
AcDbEntity
  8
TOPO-CONTOUR-MAJOR
100
AcDbVertex
100
AcDb3dPolylineVertex
 10
-50.08787980899974
 20
-77.5445003407076
 30
1035.0
 70
32
  0
VERTEX
  5
A32
330
17
100
AcDbEntity
  8
TOPO-CONTOUR-MAJOR
100
AcDbVertex
100
AcDb3dPolylineVertex
 10
-50.44950944413448
 20
-79.55972939357162
 30
1035.0
 70
32
  0
VERTEX
  5
A33
330
17
100
AcDbEntity
  8
TOPO-CONTOUR-MAJOR
100
AcDbVertex
100
AcDb3dPolylineVertex
 10
-51.614884748742426
 20
-81.57495844643563
 30
1035.0
 70
32
  0
VERTEX
  5
A34
330
17
100
AcDbEntity
  8
TOPO-CONTOUR-MAJOR
100
AcDbVertex
100
AcDb3dPolylineVertex
 10
-54.15476331235519
 20
-83.59018749929965
 30
1035.0
 70
32
  0
VERTEX
  5
A35
330
17
100
AcDbEntity
  8
TOPO-CONTOUR-MAJOR
100
AcDbVertex
100
AcDb3dPolylineVertex
 10
-55.01136008703338
 20
-85.45944855746903
 30
1035.0
 70
32
  0
VERTEX
  5
A36
330
17
100
AcDbEntity
  8
TOPO-CONTOUR-MAJOR
100
AcDbVertex
100
AcDb3dPolylineVertex
 10
-56.162023069864226
 20
-89.63587465789169
 30
1035.0
 70
32
  0
VERTEX
  5
A37
330
17
100
AcDbEntity
  8
TOPO-CONTOUR-MAJOR
100
AcDbVertex
100
AcDb3dPolylineVertex
 10
-57.26640762681633
 20
-97.69679086934775
 30
1035.0
 70
32
  0
VERTEX
  5
A38
330
17
100
AcDbEntity
  8
TOPO-CONTOUR-MAJOR
100
AcDbVertex
100
AcDb3dPolylineVertex
 10
-57.395213013572764
 20
-101.72724897507578
 30
1035.0
 70
32
  0
VERTEX
  5
A39
330
17
100
AcDbEntity
  8
TOPO-CONTOUR-MAJOR
100
AcDbVertex
100
AcDb3dPolylineVertex
 10
-55.899881407273405
 20
-116.84146687109023
 30
1035.0
 70
32
  0
VERTEX
  5
A3A
330
17
100
AcDbEntity
  8
TOPO-CONTOUR-MAJOR
100
AcDbVertex
100
AcDb3dPolylineVertex
 10
-55.975265804784534
 20
-119.8643104499206
 30
1035.0
 70
32
  0
VERTEX
  5
A3B
330
17
100
AcDbEntity
  8
TOPO-CONTOUR-MAJOR
100
AcDbVertex
100
AcDb3dPolylineVertex
 10
-57.67452261701709
 20
-129.94045571424067
 30
1035.0
 70
32
  0
VERTEX
  5
A3C
330
17
100
AcDbEntity
  8
TOPO-CONTOUR-MAJOR
100
AcDbVertex
100
AcDb3dPolylineVertex
 10
-57.7629286524973
 20
-135.98614287283272
 30
1035.0
 70
32
  0
VERTEX
  5
A3D
330
17
100
AcDbEntity
  8
TOPO-CONTOUR-MAJOR
100
AcDbVertex
100
AcDb3dPolylineVertex
 10
-59.44548773819089
 20
-144.04705908428878
 30
1035.0
 70
32
  0
VERTEX
  5
A3E
330
17
100
AcDbEntity
  8
TOPO-CONTOUR-MAJOR
100
AcDbVertex
100
AcDb3dPolylineVertex
 10
-58.83474398208617
 20
-150.0927462419495
 30
1035.0
 70
32
  0
VERTEX
  5
A3F
330
17
100
AcDbEntity
  8
TOPO-CONTOUR-MAJOR
100
AcDbVertex
100
AcDb3dPolylineVertex
 10
-59.78601024498899
 20
-158.15366245340556
 30
1035.0
 70
32
  0
VERTEX
  5
A40
330
17
100
AcDbEntity
  8
TOPO-CONTOUR-MAJOR
100
AcDbVertex
100
AcDb3dPolylineVertex
 10
-61.05704724548764
 20
-165.48697712999194
 30
1035.0
 70
32
  0
VERTEX
  5
A41
330
17
100
AcDbEntity
  8
TOPO-CONTOUR-MAJOR
100
AcDbVertex
100
AcDb3dPolylineVertex
 10
-62.06466177189668
 20
-167.98935248011543
 30
1035.0
 70
32
  0
VERTEX
  5
A42
330
17
100
AcDbEntity
  8
TOPO-CONTOUR-MAJOR
100
AcDbVertex
100
AcDb3dPolylineVertex
 10
-63.072276298305724
 20
-169.35020196300223
 30
1035.0
 70
32
  0
VERTEX
  5
A43
330
17
100
AcDbEntity
  8
TOPO-CONTOUR-MAJOR
100
AcDbVertex
100
AcDb3dPolylineVertex
 10
-64.07989082471477
 20
-168.8863968698253
 30
1035.0
 70
32
  0
VERTEX
  5
A44
330
17
100
AcDbEntity
  8
TOPO-CONTOUR-MAJOR
100
AcDbVertex
100
AcDb3dPolylineVertex
 10
-64.8557453547679
 20
-165.20696413796395
 30
1035.0
 70
32
  0
VERTEX
  5
A45
330
17
100
AcDbEntity
  8
TOPO-CONTOUR-MAJOR
100
AcDbVertex
100
AcDb3dPolylineVertex
 10
-65.64847766255133
 20
-153.11558982171118
 30
1035.0
 70
32
  0
VERTEX
  5
A46
330
17
100
AcDbEntity
  8
TOPO-CONTOUR-MAJOR
100
AcDbVertex
100
AcDb3dPolylineVertex
 10
-67.612307872188
 20
-135.98614287283272
 30
1035.0
 70
32
  0
VERTEX
  5
A47
330
17
100
AcDbEntity
  8
TOPO-CONTOUR-MAJOR
100
AcDbVertex
100
AcDb3dPolylineVertex
 10
-68.61609718648822
 20
-131.95568476710469
 30
1035.0
 70
32
  0
VERTEX
  5
A48
330
17
100
AcDbEntity
  8
TOPO-CONTOUR-MAJOR
100
AcDbVertex
100
AcDb3dPolylineVertex
 10
-68.40412869468463
 20
-123.89476855564862
 30
1035.0
 70
32
  0
VERTEX
  5
A49
330
17
100
AcDbEntity
  8
TOPO-CONTOUR-MAJOR
100
AcDbVertex
100
AcDb3dPolylineVertex
 10
-69.11796345675998
 20
-114.83527908154745
 30
1035.0
 70
32
  0
VERTEX
  5
A4A
330
17
100
AcDbEntity
  8
TOPO-CONTOUR-MAJOR
100
AcDbVertex
100
AcDb3dPolylineVertex
 10
-69.59227331643126
 20
-117.84908139705658
 30
1035.0
 70
32
  0
VERTEX
  5
A4B
330
17
100
AcDbEntity
  8
TOPO-CONTOUR-MAJOR
100
AcDbVertex
100
AcDb3dPolylineVertex
 10
-70.98798685843013
 20
-121.87953950278461
 30
1035.0
 70
32
  0
VERTEX
  5
A4C
330
17
100
AcDbEntity
  8
TOPO-CONTOUR-MAJOR
100
AcDbVertex
100
AcDb3dPolylineVertex
 10
-71.13319250957818
 20
-127.21429320691153
 30
1035.0
 70
32
  0
VERTEX
  5
A4D
330
17
100
AcDbEntity
  8
TOPO-CONTOUR-MAJOR
100
AcDbVertex
100
AcDb3dPolylineVertex
 10
-72.14080703598722
 20
-128.59746346773008
 30
1035.0
 70
32
  0
VERTEX
  5
A4E
330
17
100
AcDbEntity
  8
TOPO-CONTOUR-MAJOR
100
AcDbVertex
100
AcDb3dPolylineVertex
 10
-73.14842156239627
 20
-128.59576103652168
 30
1035.0
 70
32
  0
VERTEX
  5
A4F
330
17
100
AcDbEntity
  8
TOPO-CONTOUR-MAJOR
100
AcDbVertex
100
AcDb3dPolylineVertex
 10
-74.15603608880531
 20
-129.06261280178975
 30
1035.0
 70
32
  0
VERTEX
  5
A50
330
17
100
AcDbEntity
  8
TOPO-CONTOUR-MAJOR
100
AcDbVertex
100
AcDb3dPolylineVertex
 10
-74.88542653217863
 20
-130.94807024020702
 30
1035.0
 70
32
  0
VERTEX
  5
A51
330
17
100
AcDbEntity
  8
TOPO-CONTOUR-MAJOR
100
AcDbVertex
100
AcDb3dPolylineVertex
 10
-75.53542292812702
 20
-135.98614287283272
 30
1035.0
 70
32
  0
VERTEX
  5
A52
330
17
100
AcDbEntity
  8
TOPO-CONTOUR-MAJOR
100
AcDbVertex
100
AcDb3dPolylineVertex
 10
-75.8110621847166
 20
-143.0394445573911
 30
1035.0
 70
32
  0
VERTEX
  5
A53
330
17
100
AcDbEntity
  8
TOPO-CONTOUR-MAJOR
100
AcDbVertex
100
AcDb3dPolylineVertex
 10
-75.1724509476543
 20
-159.16127698030323
 30
1035.0
 70
32
  0
VERTEX
  5
A54
330
17
100
AcDbEntity
  8
TOPO-CONTOUR-MAJOR
100
AcDbVertex
100
AcDb3dPolylineVertex
 10
-75.95495073817041
 20
-164.1993496119976
 30
1035.0
 70
32
  0
VERTEX
  5
A55
330
17
100
AcDbEntity
  8
TOPO-CONTOUR-MAJOR
100
AcDbVertex
100
AcDb3dPolylineVertex
 10
-74.90964982839822
 20
-172.26026582345366
 30
1035.0
 70
32
  0
VERTEX
  5
A56
330
17
100
AcDbEntity
  8
TOPO-CONTOUR-MAJOR
100
AcDbVertex
100
AcDb3dPolylineVertex
 10
-74.9215184780614
 20
-174.27549487631768
 30
1035.0
 70
32
  0
VERTEX
  5
A57
330
17
100
AcDbEntity
  8
TOPO-CONTOUR-MAJOR
100
AcDbVertex
100
AcDb3dPolylineVertex
 10
-76.6328109883851
 20
-182.33641108777374
 30
1035.0
 70
32
  0
VERTEX
  5
A58
330
17
100
AcDbEntity
  8
TOPO-CONTOUR-MAJOR
100
AcDbVertex
100
AcDb3dPolylineVertex
 10
-77.17887966803244
 20
-183.88917406515333
 30
1035.0
 70
32
  0
VERTEX
  5
A59
330
17
100
AcDbEntity
  8
TOPO-CONTOUR-MAJOR
100
AcDbVertex
100
AcDb3dPolylineVertex
 10
-79.48826527481715
 20
-187.3744837194681
 30
1035.0
 70
32
  0
VERTEX
  5
A5A
330
17
100
AcDbEntity
  8
TOPO-CONTOUR-MAJOR
100
AcDbVertex
100
AcDb3dPolylineVertex
 10
-80.949241052323
 20
-192.4125563511625
 30
1035.0
 70
32
  0
VERTEX
  5
A5B
330
17
100
AcDbEntity
  8
TOPO-CONTOUR-MAJOR
100
AcDbVertex
100
AcDb3dPolylineVertex
 10
-80.20172324725957
 20
-198.1609766695424
 30
1035.0
 70
32
  0
VERTEX
  5
A5C
330
17
100
AcDbEntity
  8
TOPO-CONTOUR-MAJOR
100
AcDbVertex
100
AcDb3dPolylineVertex
 10
-77.0073365706568
 20
-204.50393066834658
 30
1035.0
 70
32
  0
VERTEX
  5
A5D
330
17
100
AcDbEntity
  8
TOPO-CONTOUR-MAJOR
100
AcDbVertex
100
AcDb3dPolylineVertex
 10
-76.05384478718379
 20
-207.52677424717695
 30
1035.0
 70
32
  0
VERTEX
  5
A5E
330
17
100
AcDbEntity
  8
TOPO-CONTOUR-MAJOR
100
AcDbVertex
100
AcDb3dPolylineVertex
 10
-75.41943486475637
 20
-211.55723235290498
 30
1035.0
 70
32
  0
VERTEX
  5
A5F
330
17
100
AcDbEntity
  8
TOPO-CONTOUR-MAJOR
100
AcDbVertex
100
AcDb3dPolylineVertex
 10
-76.29280499637964
 20
-219.61814856436104
 30
1035.0
 70
32
  0
VERTEX
  5
A60
330
17
100
AcDbEntity
  8
TOPO-CONTOUR-MAJOR
100
AcDbVertex
100
AcDb3dPolylineVertex
 10
-76.3075614290433
 20
-237.7552100401372
 30
1035.0
 70
32
  0
VERTEX
  5
A61
330
17
100
AcDbEntity
  8
TOPO-CONTOUR-MAJOR
100
AcDbVertex
100
AcDb3dPolylineVertex
 10
-77.23932389609898
 20
-249.84658435638994
 30
1035.0
 70
32
  0
VERTEX
  5
A62
330
17
100
AcDbEntity
  8
TOPO-CONTOUR-MAJOR
100
AcDbVertex
100
AcDb3dPolylineVertex
 10
-76.71719050156638
 20
-258.91511509474367
 30
1035.0
 70
32
  0
VERTEX
  5
A63
330
17
100
AcDbEntity
  8
TOPO-CONTOUR-MAJOR
100
AcDbVertex
100
AcDb3dPolylineVertex
 10
-77.99547853470455
 20
-286.1207073079422
 30
1035.0
 70
32
  0
VERTEX
  5
A64
330
17
100
AcDbEntity
  8
TOPO-CONTOUR-MAJOR
100
AcDbVertex
100
AcDb3dPolylineVertex
 10
-77.97226027262585
 20
-310.30345594137907
 30
1035.0
 70
32
  0
VERTEX
  5
A65
330
17
100
AcDbEntity
  8
TOPO-CONTOUR-MAJOR
100
AcDbVertex
100
AcDb3dPolylineVertex
 10
-78.54666761489763
 20
-323.4024447845295
 30
1035.0
 70
32
  0
VERTEX
  5
A66
330
17
100
AcDbEntity
  8
TOPO-CONTOUR-MAJOR
100
AcDbVertex
100
AcDb3dPolylineVertex
 10
-79.001580610753
 20
-352.62326605059206
 30
1035.0
 70
32
  0
VERTEX
  5
A67
330
17
100
AcDbEntity
  8
TOPO-CONTOUR-MAJOR
100
AcDbVertex
100
AcDb3dPolylineVertex
 10
-79.51191863422177
 20
-362.69941131491214
 30
1035.0
 70
32
  0
VERTEX
  5
A68
330
17
100
AcDbEntity
  8
TOPO-CONTOUR-MAJOR
100
AcDbVertex
100
AcDb3dPolylineVertex
 10
-79.05650336021006
 20
-369.75271299947053
 30
1035.0
 70
32
  0
VERTEX
  5
A69
330
17
100
AcDbEntity
  8
TOPO-CONTOUR-MAJOR
100
AcDbVertex
100
AcDb3dPolylineVertex
 10
-79.9814663658335
 20
-376.8060146840289
 30
1035.0
 70
32
  0
VERTEX
  5
A6A
330
17
100
AcDbEntity
  8
TOPO-CONTOUR-MAJOR
100
AcDbVertex
100
AcDb3dPolylineVertex
 10
-81.20933777366861
 20
-381.11476506683323
 30
1035.0
 70
32
  0
VERTEX
  5
A6B
330
17
100
AcDbEntity
  8
TOPO-CONTOUR-MAJOR
100
AcDbVertex
100
AcDb3dPolylineVertex
 10
-82.21695230007765
 20
-383.22448937506806
 30
1035.0
 70
32
  0
VERTEX
  5
A6C
330
17
100
AcDbEntity
  8
TOPO-CONTOUR-MAJOR
100
AcDbVertex
100
AcDb3dPolylineVertex
 10
-83.2245668264867
 20
-383.7000218621531
 30
1035.0
 70
32
  0
VERTEX
  5
A6D
330
17
100
AcDbEntity
  8
TOPO-CONTOUR-MAJOR
100
AcDbVertex
100
AcDb3dPolylineVertex
 10
-85.23979587930478
 20
-382.971405162516
 30
1035.0
 70
32
  0
VERTEX
  5
A6E
330
17
100
AcDbEntity
  8
TOPO-CONTOUR-MAJOR
100
AcDbVertex
100
AcDb3dPolylineVertex
 10
-88.26263945853191
 20
-382.7989579226722
 30
1035.0
 70
32
  0
VERTEX
  5
A6F
330
17
100
AcDbEntity
  8
TOPO-CONTOUR-MAJOR
100
AcDbVertex
100
AcDb3dPolylineVertex
 10
-92.29309756416819
 20
-377.93347938473744
 30
1035.0
 70
32
  0
VERTEX
  5
A70
330
17
100
AcDbEntity
  8
TOPO-CONTOUR-MAJOR
100
AcDbVertex
100
AcDb3dPolylineVertex
 10
-95.31594114339532
 20
-376.6242578273913
 30
1035.0
 70
32
  0
VERTEX
  5
A71
330
17
100
AcDbEntity
  8
TOPO-CONTOUR-MAJOR
100
AcDbVertex
100
AcDb3dPolylineVertex
 10
-96.32355566980436
 20
-375.7824364854175
 30
1035.0
 70
32
  0
VERTEX
  5
A72
330
17
100
AcDbEntity
  8
TOPO-CONTOUR-MAJOR
100
AcDbVertex
100
AcDb3dPolylineVertex
 10
-101.36162830184958
 20
-369.15685739100564
 30
1035.0
 70
32
  0
VERTEX
  5
A73
330
17
100
AcDbEntity
  8
TOPO-CONTOUR-MAJOR
100
AcDbVertex
100
AcDb3dPolylineVertex
 10
-104.3844718810767
 20
-366.92961978352315
 30
1035.0
 70
32
  0
VERTEX
  5
A74
330
17
100
AcDbEntity
  8
TOPO-CONTOUR-MAJOR
100
AcDbVertex
100
AcDb3dPolylineVertex
 10
-106.39970093389479
 20
-364.84980073489436
 30
1035.0
 70
32
  0
VERTEX
  5
A75
330
17
100
AcDbEntity
  8
TOPO-CONTOUR-MAJOR
100
AcDbVertex
100
AcDb3dPolylineVertex
 10
-107.71132735743339
 20
-362.69941131491214
 30
1035.0
 70
32
  0
VERTEX
  5
A76
330
17
100
AcDbEntity
  8
TOPO-CONTOUR-MAJOR
100
AcDbVertex
100
AcDb3dPolylineVertex
 10
-108.30223653327096
 20
-358.66895320918417
 30
1035.0
 70
32
  0
VERTEX
  5
A77
330
17
100
AcDbEntity
  8
TOPO-CONTOUR-MAJOR
100
AcDbVertex
100
AcDb3dPolylineVertex
 10
-109.84986189238708
 20
-353.6308805765584
 30
1035.0
 70
32
  0
VERTEX
  5
A78
330
17
100
AcDbEntity
  8
TOPO-CONTOUR-MAJOR
100
AcDbVertex
100
AcDb3dPolylineVertex
 10
-114.46061714516713
 20
-344.6608677057206
 30
1035.0
 70
32
  0
VERTEX
  5
A79
330
17
100
AcDbEntity
  8
TOPO-CONTOUR-MAJOR
100
AcDbVertex
100
AcDb3dPolylineVertex
 10
-115.46823167157618
 20
-343.43789115669324
 30
1035.0
 70
32
  0
VERTEX
  5
A7A
330
17
100
AcDbEntity
  8
TOPO-CONTOUR-MAJOR
100
AcDbVertex
100
AcDb3dPolylineVertex
 10
-119.49868977721235
 20
-341.4061910512101
 30
1035.0
 70
32
  0
VERTEX
  5
A7B
330
17
100
AcDbEntity
  8
TOPO-CONTOUR-MAJOR
100
AcDbVertex
100
AcDb3dPolylineVertex
 10
-122.3843109514359
 20
-338.51666268054396
 30
1035.0
 70
32
  0
VERTEX
  5
A7C
330
17
100
AcDbEntity
  8
TOPO-CONTOUR-MAJOR
100
AcDbVertex
100
AcDb3dPolylineVertex
 10
-124.1972110249509
 20
-335.4938191017136
 30
1035.0
 70
32
  0
VERTEX
  5
A7D
330
17
100
AcDbEntity
  8
TOPO-CONTOUR-MAJOR
100
AcDbVertex
100
AcDb3dPolylineVertex
 10
-127.11928413597624
 20
-329.44813194312155
 30
1035.0
 70
32
  0
VERTEX
  5
A7E
330
17
100
AcDbEntity
  8
TOPO-CONTOUR-MAJOR
100
AcDbVertex
100
AcDb3dPolylineVertex
 10
-132.03250819996586
 20
-323.4024447845295
 30
1035.0
 70
32
  0
VERTEX
  5
A7F
330
17
100
AcDbEntity
  8
TOPO-CONTOUR-MAJOR
100
AcDbVertex
100
AcDb3dPolylineVertex
 10
-134.6129076733481
 20
-318.4476051031236
 30
1035.0
 70
32
  0
VERTEX
  5
A80
330
17
100
AcDbEntity
  8
TOPO-CONTOUR-MAJOR
100
AcDbVertex
100
AcDb3dPolylineVertex
 10
-135.57409634204865
 20
-317.3567576259374
 30
1035.0
 70
32
  0
VERTEX
  5
A81
330
17
100
AcDbEntity
  8
TOPO-CONTOUR-MAJOR
100
AcDbVertex
100
AcDb3dPolylineVertex
 10
-140.65859483180236
 20
-314.77432142939875
 30
1035.0
 70
32
  0
VERTEX
  5
A82
330
17
100
AcDbEntity
  8
TOPO-CONTOUR-MAJOR
100
AcDbVertex
100
AcDb3dPolylineVertex
 10
-142.67382388462045
 20
-313.29628648593314
 30
1035.0
 70
32
  0
VERTEX
  5
A83
330
17
100
AcDbEntity
  8
TOPO-CONTOUR-MAJOR
100
AcDbVertex
100
AcDb3dPolylineVertex
 10
-143.6814384110295
 20
-312.8893690996198
 30
1035.0
 70
32
  0
VERTEX
  5
A84
330
17
100
AcDbEntity
  8
TOPO-CONTOUR-MAJOR
100
AcDbVertex
100
AcDb3dPolylineVertex
 10
-145.69666746384758
 20
-312.81709581584107
 30
1035.0
 70
32
  0
VERTEX
  5
A85
330
17
100
AcDbEntity
  8
TOPO-CONTOUR-MAJOR
100
AcDbVertex
100
AcDb3dPolylineVertex
 10
-147.71189651666566
 20
-311.5926787698512
 30
1035.0
 70
32
  0
VERTEX
  5
A86
330
17
100
AcDbEntity
  8
TOPO-CONTOUR-MAJOR
100
AcDbVertex
100
AcDb3dPolylineVertex
 10
-154.76519820152907
 20
-302.09621435555744
 30
1035.0
 70
32
  0
VERTEX
  5
A87
330
17
100
AcDbEntity
  8
TOPO-CONTOUR-MAJOR
100
AcDbVertex
100
AcDb3dPolylineVertex
 10
-156.78042725434716
 20
-300.32276180838085
 30
1035.0
 70
32
  0
VERTEX
  5
A88
330
17
100
AcDbEntity
  8
TOPO-CONTOUR-MAJOR
100
AcDbVertex
100
AcDb3dPolylineVertex
 10
-161.8184998863924
 20
-297.1316206800665
 30
1035.0
 70
32
  0
VERTEX
  5
A89
330
17
100
AcDbEntity
  8
TOPO-CONTOUR-MAJOR
100
AcDbVertex
100
AcDb3dPolylineVertex
 10
-165.84895799202855
 20
-293.2445008924427
 30
1035.0
 70
32
  0
VERTEX
  5
A8A
330
17
100
AcDbEntity
  8
TOPO-CONTOUR-MAJOR
100
AcDbVertex
100
AcDb3dPolylineVertex
 10
-167.86418704484663
 20
-290.4116646105107
 30
1035.0
 70
32
  0
VERTEX
  5
A8B
330
17
100
AcDbEntity
  8
TOPO-CONTOUR-MAJOR
100
AcDbVertex
100
AcDb3dPolylineVertex
 10
-169.8940573360473
 20
-286.1207073079422
 30
1035.0
 70
32
  0
VERTEX
  5
A8C
330
17
100
AcDbEntity
  8
TOPO-CONTOUR-MAJOR
100
AcDbVertex
100
AcDb3dPolylineVertex
 10
-171.60757781741626
 20
-279.0674056224525
 30
1035.0
 70
32
  0
VERTEX
  5
A8D
330
17
100
AcDbEntity
  8
TOPO-CONTOUR-MAJOR
100
AcDbVertex
100
AcDb3dPolylineVertex
 10
-174.04833597949408
 20
-261.93795867357403
 30
1035.0
 70
32
  0
VERTEX
  5
A8E
330
17
100
AcDbEntity
  8
TOPO-CONTOUR-MAJOR
100
AcDbVertex
100
AcDb3dPolylineVertex
 10
-175.49604545804095
 20
-238.76282456610352
 30
1035.0
 70
32
  0
VERTEX
  5
A8F
330
17
100
AcDbEntity
  8
TOPO-CONTOUR-MAJOR
100
AcDbVertex
100
AcDb3dPolylineVertex
 10
-176.51899562845261
 20
-232.71713740751147
 30
1035.0
 70
32
  0
VERTEX
  5
A90
330
17
100
AcDbEntity
  8
TOPO-CONTOUR-MAJOR
100
AcDbVertex
100
AcDb3dPolylineVertex
 10
-179.20984839301542
 20
-224.65622119698673
 30
1035.0
 70
32
  0
VERTEX
  5
A91
330
17
100
AcDbEntity
  8
TOPO-CONTOUR-MAJOR
100
AcDbVertex
100
AcDb3dPolylineVertex
 10
-182.9784049409824
 20
-218.60070576838183
 30
1035.0
 70
32
  0
VERTEX
  5
A92
330
17
100
AcDbEntity
  8
TOPO-CONTOUR-MAJOR
100
AcDbVertex
100
AcDb3dPolylineVertex
 10
-183.98601946739143
 20
-217.26118884211405
 30
1035.0
 70
32
  0
VERTEX
  5
A93
330
17
100
AcDbEntity
  8
TOPO-CONTOUR-MAJOR
100
AcDbVertex
100
AcDb3dPolylineVertex
 10
-184.34447454536047
 20
-217.60291951149702
 30
1035.0
 70
32
  0
VERTEX
  5
A94
330
17
100
AcDbEntity
  8
TOPO-CONTOUR-MAJOR
100
AcDbVertex
100
AcDb3dPolylineVertex
 10
-180.3147144635292
 20
-235.73998098727319
 30
1035.0
 70
32
  0
VERTEX
  5
A95
330
17
100
AcDbEntity
  8
TOPO-CONTOUR-MAJOR
100
AcDbVertex
100
AcDb3dPolylineVertex
 10
-179.39459932174861
 20
-245.81612625159323
 30
1035.0
 70
32
  0
VERTEX
  5
A96
330
17
100
AcDbEntity
  8
TOPO-CONTOUR-MAJOR
100
AcDbVertex
100
AcDb3dPolylineVertex
 10
-180.19253740804896
 20
-257.907500567846
 30
1035.0
 70
32
  0
VERTEX
  5
A97
330
17
100
AcDbEntity
  8
TOPO-CONTOUR-MAJOR
100
AcDbVertex
100
AcDb3dPolylineVertex
 10
-181.0289241072345
 20
-264.9608022533357
 30
1035.0
 70
32
  0
VERTEX
  5
A98
330
17
100
AcDbEntity
  8
TOPO-CONTOUR-MAJOR
100
AcDbVertex
100
AcDb3dPolylineVertex
 10
-184.2985665305294
 20
-285.11309278104454
 30
1035.0
 70
32
  0
VERTEX
  5
A99
330
17
100
AcDbEntity
  8
TOPO-CONTOUR-MAJOR
100
AcDbVertex
100
AcDb3dPolylineVertex
 10
-184.34782820676503
 20
-292.16639446560293
 30
1035.0
 70
32
  0
VERTEX
  5
A9A
330
17
100
AcDbEntity
  8
TOPO-CONTOUR-MAJOR
100
AcDbVertex
100
AcDb3dPolylineVertex
 10
-183.19665308453312
 20
-299.21969615109265
 30
1035.0
 70
32
  0
VERTEX
  5
A9B
330
17
100
AcDbEntity
  8
TOPO-CONTOUR-MAJOR
100
AcDbVertex
100
AcDb3dPolylineVertex
 10
-180.23842293681395
 20
-309.2958414144814
 30
1035.0
 70
32
  0
VERTEX
  5
A9C
330
17
100
AcDbEntity
  8
TOPO-CONTOUR-MAJOR
100
AcDbVertex
100
AcDb3dPolylineVertex
 10
-176.00617741426692
 20
-320.3796012056992
 30
1035.0
 70
32
  0
VERTEX
  5
A9D
330
17
100
AcDbEntity
  8
TOPO-CONTOUR-MAJOR
100
AcDbVertex
100
AcDb3dPolylineVertex
 10
-171.8946451504828
 20
-329.08616150171844
 30
1035.0
 70
32
  0
VERTEX
  5
A9E
330
17
100
AcDbEntity
  8
TOPO-CONTOUR-MAJOR
100
AcDbVertex
100
AcDb3dPolylineVertex
 10
-170.7092555097159
 20
-332.4709755219519
 30
1035.0
 70
32
  0
VERTEX
  5
A9F
330
17
100
AcDbEntity
  8
TOPO-CONTOUR-MAJOR
100
AcDbVertex
100
AcDb3dPolylineVertex
 10
-170.6794562180662
 20
-334.48620457481593
 30
1035.0
 70
32
  0
VERTEX
  5
AA0
330
17
100
AcDbEntity
  8
TOPO-CONTOUR-MAJOR
100
AcDbVertex
100
AcDb3dPolylineVertex
 10
-171.01996287802723
 20
-335.4938191017136
 30
1035.0
 70
32
  0
VERTEX
  5
AA1
330
17
100
AcDbEntity
  8
TOPO-CONTOUR-MAJOR
100
AcDbVertex
100
AcDb3dPolylineVertex
 10
-171.8946451504828
 20
-336.50772208984574
 30
1035.0
 70
32
  0
VERTEX
  5
AA2
330
17
100
AcDbEntity
  8
TOPO-CONTOUR-MAJOR
100
AcDbVertex
100
AcDb3dPolylineVertex
 10
-174.91748872970993
 20
-338.2796515025143
 30
1035.0
 70
32
  0
VERTEX
  5
AA3
330
17
100
AcDbEntity
  8
TOPO-CONTOUR-MAJOR
100
AcDbVertex
100
AcDb3dPolylineVertex
 10
-175.5161896076506
 20
-339.5242772074416
 30
1035.0
 70
32
  0
VERTEX
  5
AA4
330
17
100
AcDbEntity
  8
TOPO-CONTOUR-MAJOR
100
AcDbVertex
100
AcDb3dPolylineVertex
 10
-175.652422435314
 20
-341.53950626030564
 30
1035.0
 70
32
  0
VERTEX
  5
AA5
330
17
100
AcDbEntity
  8
TOPO-CONTOUR-MAJOR
100
AcDbVertex
100
AcDb3dPolylineVertex
 10
-174.95649216899818
 20
-345.5699643660337
 30
1035.0
 70
32
  0
VERTEX
  5
AA6
330
17
100
AcDbEntity
  8
TOPO-CONTOUR-MAJOR
100
AcDbVertex
100
AcDb3dPolylineVertex
 10
-173.33303033739014
 20
-350.60803699772805
 30
1035.0
 70
32
  0
VERTEX
  5
AA7
330
17
100
AcDbEntity
  8
TOPO-CONTOUR-MAJOR
100
AcDbVertex
100
AcDb3dPolylineVertex
 10
-171.37522843589238
 20
-360.6841822620481
 30
1035.0
 70
32
  0
VERTEX
  5
AA8
330
17
100
AcDbEntity
  8
TOPO-CONTOUR-MAJOR
100
AcDbVertex
100
AcDb3dPolylineVertex
 10
-170.57255448228858
 20
-370.7603275254369
 30
1035.0
 70
32
  0
VERTEX
  5
AA9
330
17
100
AcDbEntity
  8
TOPO-CONTOUR-MAJOR
100
AcDbVertex
100
AcDb3dPolylineVertex
 10
-168.94703863468595
 20
-378.82124373689294
 30
1035.0
 70
32
  0
VERTEX
  5
AAA
330
17
100
AcDbEntity
  8
TOPO-CONTOUR-MAJOR
100
AcDbVertex
100
AcDb3dPolylineVertex
 10
-168.31196093024448
 20
-379.8288582637906
 30
1035.0
 70
32
  0
VERTEX
  5
AAB
330
17
100
AcDbEntity
  8
TOPO-CONTOUR-MAJOR
100
AcDbVertex
100
AcDb3dPolylineVertex
 10
-166.8565725184376
 20
-380.6723350874556
 30
1035.0
 70
32
  0
VERTEX
  5
AAC
330
17
100
AcDbEntity
  8
TOPO-CONTOUR-MAJOR
100
AcDbVertex
100
AcDb3dPolylineVertex
 10
-162.82611441280142
 20
-381.73589800922963
 30
1035.0
 70
32
  0
VERTEX
  5
AAD
330
17
100
AcDbEntity
  8
TOPO-CONTOUR-MAJOR
100
AcDbVertex
100
AcDb3dPolylineVertex
 10
-160.81088535998333
 20
-382.6127560590028
 30
1035.0
 70
32
  0
VERTEX
  5
AAE
330
17
100
AcDbEntity
  8
TOPO-CONTOUR-MAJOR
100
AcDbVertex
100
AcDb3dPolylineVertex
 10
-154.53156866205737
 20
-386.882159948349
 30
1035.0
 70
32
  0
VERTEX
  5
AAF
330
17
100
AcDbEntity
  8
TOPO-CONTOUR-MAJOR
100
AcDbVertex
100
AcDb3dPolylineVertex
 10
-153.49315154679414
 20
-387.88977447524667
 30
1035.0
 70
32
  0
VERTEX
  5
AB0
330
17
100
AcDbEntity
  8
TOPO-CONTOUR-MAJOR
100
AcDbVertex
100
AcDb3dPolylineVertex
 10
-152.27007772027122
 20
-389.90500352717936
 30
1035.0
 70
32
  0
VERTEX
  5
AB1
330
17
100
AcDbEntity
  8
TOPO-CONTOUR-MAJOR
100
AcDbVertex
100
AcDb3dPolylineVertex
 10
-151.32048417809312
 20
-394.94307615980506
 30
1035.0
 70
32
  0
VERTEX
  5
AB2
330
17
100
AcDbEntity
  8
TOPO-CONTOUR-MAJOR
100
AcDbVertex
100
AcDb3dPolylineVertex
 10
-150.65763601891604
 20
-395.9506906857714
 30
1035.0
 70
32
  0
VERTEX
  5
AB3
330
17
100
AcDbEntity
  8
TOPO-CONTOUR-MAJOR
100
AcDbVertex
100
AcDb3dPolylineVertex
 10
-148.7195110430747
 20
-397.3179458435326
 30
1035.0
 70
32
  0
VERTEX
  5
AB4
330
17
100
AcDbEntity
  8
TOPO-CONTOUR-MAJOR
100
AcDbVertex
100
AcDb3dPolylineVertex
 10
-143.6814384110295
 20
-399.0774491455705
 30
1035.0
 70
32
  0
VERTEX
  5
AB5
330
17
100
AcDbEntity
  8
TOPO-CONTOUR-MAJOR
100
AcDbVertex
100
AcDb3dPolylineVertex
 10
-134.6129076733481
 20
-400.28556154221536
 30
1035.0
 70
32
  0
VERTEX
  5
AB6
330
17
100
AcDbEntity
  8
TOPO-CONTOUR-MAJOR
100
AcDbVertex
100
AcDb3dPolylineVertex
 10
-132.02675265794815
 20
-400.9887633183971
 30
1035.0
 70
32
  0
VERTEX
  5
AB7
330
17
100
AcDbEntity
  8
TOPO-CONTOUR-MAJOR
100
AcDbVertex
100
AcDb3dPolylineVertex
 10
-124.53676240925756
 20
-405.37897773487975
 30
1035.0
 70
32
  0
VERTEX
  5
AB8
330
17
100
AcDbEntity
  8
TOPO-CONTOUR-MAJOR
100
AcDbVertex
100
AcDb3dPolylineVertex
 10
-117.48346072439426
 20
-406.5896442577005
 30
1035.0
 70
32
  0
VERTEX
  5
AB9
330
17
100
AcDbEntity
  8
TOPO-CONTOUR-MAJOR
100
AcDbVertex
100
AcDb3dPolylineVertex
 10
-113.45300261875809
 20
-406.5757378862268
 30
1035.0
 70
32
  0
VERTEX
  5
ABA
330
17
100
AcDbEntity
  8
TOPO-CONTOUR-MAJOR
100
AcDbVertex
100
AcDb3dPolylineVertex
 10
-112.2448793729708
 20
-407.03445047698915
 30
1035.0
 70
32
  0
VERTEX
  5
ABB
330
17
100
AcDbEntity
  8
TOPO-CONTOUR-MAJOR
100
AcDbVertex
100
AcDb3dPolylineVertex
 10
-111.43777356594
 20
-407.92342769176537
 30
1035.0
 70
32
  0
VERTEX
  5
ABC
330
17
100
AcDbEntity
  8
TOPO-CONTOUR-MAJOR
100
AcDbVertex
100
AcDb3dPolylineVertex
 10
-111.24984539621457
 20
-409.04967952985317
 30
1035.0
 70
32
  0
VERTEX
  5
ABD
330
17
100
AcDbEntity
  8
TOPO-CONTOUR-MAJOR
100
AcDbVertex
100
AcDb3dPolylineVertex
 10
-112.34587166324594
 20
-412.0725231086835
 30
1035.0
 70
32
  0
VERTEX
  5
ABE
330
17
100
AcDbEntity
  8
TOPO-CONTOUR-MAJOR
100
AcDbVertex
100
AcDb3dPolylineVertex
 10
-114.19655500121895
 20
-415.0953666875139
 30
1035.0
 70
32
  0
VERTEX
  5
ABF
330
17
100
AcDbEntity
  8
TOPO-CONTOUR-MAJOR
100
AcDbVertex
100
AcDb3dPolylineVertex
 10
-115.64016607394419
 20
-417.0
 30
1035.0
 70
32
  0
SEQEND
  5
9C8
330
9C7
100
AcDbEntity
  8
TOPO-CONTOUR-MAJOR
  0
POLYLINE
  5
AC0
330
17
100
AcDbEntity
  8
TOPO-CONTOUR-MAJOR
100
AcDb3dPolyline
 66
1
 10
0.0
 20
0.0
 30
0.0
 70
8
  0
VERTEX
  5
AC2
330
17
100
AcDbEntity
  8
TOPO-CONTOUR-MAJOR
100
AcDbVertex
100
AcDb3dPolylineVertex
 10
-87.25502493212286
 20
158.44413902182038
 30
1035.0
 70
32
  0
VERTEX
  5
AC3
330
17
100
AcDbEntity
  8
TOPO-CONTOUR-MAJOR
100
AcDbVertex
100
AcDb3dPolylineVertex
 10
-89.27025398494095
 20
156.79003871303098
 30
1035.0
 70
32
  0
VERTEX
  5
AC4
330
17
100
AcDbEntity
  8
TOPO-CONTOUR-MAJOR
100
AcDbVertex
100
AcDb3dPolylineVertex
 10
-89.52545850609093
 20
156.22206978593022
 30
1035.0
 70
32
  0
VERTEX
  5
AC5
330
17
100
AcDbEntity
  8
TOPO-CONTOUR-MAJOR
100
AcDbVertex
100
AcDb3dPolylineVertex
 10
-89.27025398494095
 20
155.79421857879532
 30
1035.0
 70
32
  0
VERTEX
  5
AC6
330
17
100
AcDbEntity
  8
TOPO-CONTOUR-MAJOR
100
AcDbVertex
100
AcDb3dPolylineVertex
 10
-88.26263945853191
 20
155.68306340190264
 30
1035.0
 70
32
  0
VERTEX
  5
AC7
330
17
100
AcDbEntity
  8
TOPO-CONTOUR-MAJOR
100
AcDbVertex
100
AcDb3dPolylineVertex
 10
-87.25502493212286
 20
156.08466486323664
 30
1035.0
 70
32
  0
VERTEX
  5
AC8
330
17
100
AcDbEntity
  8
TOPO-CONTOUR-MAJOR
100
AcDbVertex
100
AcDb3dPolylineVertex
 10
-86.03811713163458
 20
157.22968431282789
 30
1035.0
 70
32
  0
VERTEX
  5
AC9
330
17
100
AcDbEntity
  8
TOPO-CONTOUR-MAJOR
100
AcDbVertex
100
AcDb3dPolylineVertex
 10
-86.24741040571381
 20
158.4919964537428
 30
1035.0
 70
32
  0
VERTEX
  5
ACA
330
17
100
AcDbEntity
  8
TOPO-CONTOUR-MAJOR
100
AcDbVertex
100
AcDb3dPolylineVertex
 10
-87.25502493212286
 20
158.44413902182038
 30
1035.0
 70
32
  0
SEQEND
  5
AC1
330
AC0
100
AcDbEntity
  8
TOPO-CONTOUR-MAJOR
  0
POLYLINE
  5
ACB
330
17
100
AcDbEntity
  8
TOPO-CONTOUR-MAJOR
100
AcDb3dPolyline
 66
1
 10
0.0
 20
0.0
 30
0.0
 70
8
  0
VERTEX
  5
ACD
330
17
100
AcDbEntity
  8
TOPO-CONTOUR-MAJOR
100
AcDbVertex
100
AcDb3dPolylineVertex
 10
80.74062027114384
 20
121.96317588817328
 30
1035.0
 70
32
  0
VERTEX
  5
ACE
330
17
100
AcDbEntity
  8
TOPO-CONTOUR-MAJOR
100
AcDbVertex
100
AcDb3dPolylineVertex
 10
83.03183003100594
 20
122.71788723802504
 30
1035.0
 70
32
  0
VERTEX
  5
ACF
330
17
100
AcDbEntity
  8
TOPO-CONTOUR-MAJOR
100
AcDbVertex
100
AcDb3dPolylineVertex
 10
84.03944455741498
 20
122.66470539981694
 30
1035.0
 70
32
  0
VERTEX
  5
AD0
330
17
100
AcDbEntity
  8
TOPO-CONTOUR-MAJOR
100
AcDbVertex
100
AcDb3dPolylineVertex
 10
89.19362151143795
 20
120.95556136220694
 30
1035.0
 70
32
  0
VERTEX
  5
AD1
330
17
100
AcDbEntity
  8
TOPO-CONTOUR-MAJOR
100
AcDbVertex
100
AcDb3dPolylineVertex
 10
98.1460479271417
 20
115.99111612182476
 30
1035.0
 70
32
  0
VERTEX
  5
AD2
330
17
100
AcDbEntity
  8
TOPO-CONTOUR-MAJOR
100
AcDbVertex
100
AcDb3dPolylineVertex
 10
105.19934961200511
 20
111.23158850882064
 30
1035.0
 70
32
  0
VERTEX
  5
AD3
330
17
100
AcDbEntity
  8
TOPO-CONTOUR-MAJOR
100
AcDbVertex
100
AcDb3dPolylineVertex
 10
108.5058753273469
 20
109.87180157098919
 30
1035.0
 70
32
  0
VERTEX
  5
AD4
330
17
100
AcDbEntity
  8
TOPO-CONTOUR-MAJOR
100
AcDbVertex
100
AcDb3dPolylineVertex
 10
113.26026582327745
 20
106.95402846857722
 30
1035.0
 70
32
  0
VERTEX
  5
AD5
330
17
100
AcDbEntity
  8
TOPO-CONTOUR-MAJOR
100
AcDbVertex
100
AcDb3dPolylineVertex
 10
118.44250934899642
 20
104.83372893929482
 30
1035.0
 70
32
  0
VERTEX
  5
AD6
330
17
100
AcDbEntity
  8
TOPO-CONTOUR-MAJOR
100
AcDbVertex
100
AcDb3dPolylineVertex
 10
122.32879656095884
 20
102.3696676402502
 30
1035.0
 70
32
  0
VERTEX
  5
AD7
330
17
100
AcDbEntity
  8
TOPO-CONTOUR-MAJOR
100
AcDbVertex
100
AcDb3dPolylineVertex
 10
127.3351381486936
 20
99.79565630760044
 30
1035.0
 70
32
  0
VERTEX
  5
AD8
330
17
100
AcDbEntity
  8
TOPO-CONTOUR-MAJOR
100
AcDbVertex
100
AcDb3dPolylineVertex
 10
132.40494182504926
 20
95.89780577664285
 30
1035.0
 70
32
  0
VERTEX
  5
AD9
330
17
100
AcDbEntity
  8
TOPO-CONTOUR-MAJOR
100
AcDbVertex
100
AcDb3dPolylineVertex
 10
143.32882710452108
 20
91.73474009614438
 30
1035.0
 70
32
  0
VERTEX
  5
ADA
330
17
100
AcDbEntity
  8
TOPO-CONTOUR-MAJOR
100
AcDbVertex
100
AcDb3dPolylineVertex
 10
149.5343887740031
 20
87.91752856289926
 30
1035.0
 70
32
  0
VERTEX
  5
ADB
330
17
100
AcDbEntity
  8
TOPO-CONTOUR-MAJOR
100
AcDbVertex
100
AcDb3dPolylineVertex
 10
152.7701364140327
 20
86.69666746351868
 30
1035.0
 70
32
  0
VERTEX
  5
ADC
330
17
100
AcDbEntity
  8
TOPO-CONTOUR-MAJOR
100
AcDbVertex
100
AcDb3dPolylineVertex
 10
156.72569051581993
 20
84.68143841065466
 30
1035.0
 70
32
  0
VERTEX
  5
ADD
330
17
100
AcDbEntity
  8
TOPO-CONTOUR-MAJOR
100
AcDbVertex
100
AcDb3dPolylineVertex
 10
163.64099214372982
 20
80.4135463360951
 30
1035.0
 70
32
  0
VERTEX
  5
ADE
330
17
100
AcDbEntity
  8
TOPO-CONTOUR-MAJOR
100
AcDbVertex
100
AcDb3dPolylineVertex
 10
170.84284459535596
 20
78.63575125299394
 30
1035.0
 70
32
  0
VERTEX
  5
ADF
330
17
100
AcDbEntity
  8
TOPO-CONTOUR-MAJOR
100
AcDbVertex
100
AcDb3dPolylineVertex
 10
173.71713740782025
 20
76.87143553505358
 30
1035.0
 70
32
  0
VERTEX
  5
AE0
330
17
100
AcDbEntity
  8
TOPO-CONTOUR-MAJOR
100
AcDbVertex
100
AcDb3dPolylineVertex
 10
176.64250273029194
 20
75.61290767323226
 30
1035.0
 70
32
  0
VERTEX
  5
AE1
330
17
100
AcDbEntity
  8
TOPO-CONTOUR-MAJOR
100
AcDbVertex
100
AcDb3dPolylineVertex
 10
177.71130607151272
 20
74.60529314726591
 30
1035.0
 70
32
  0
VERTEX
  5
AE2
330
17
100
AcDbEntity
  8
TOPO-CONTOUR-MAJOR
100
AcDbVertex
100
AcDb3dPolylineVertex
 10
177.8824006921825
 20
73.59767862036824
 30
1035.0
 70
32
  0
VERTEX
  5
AE3
330
17
100
AcDbEntity
  8
TOPO-CONTOUR-MAJOR
100
AcDbVertex
100
AcDb3dPolylineVertex
 10
177.6840717136061
 20
70.5748350415379
 30
1035.0
 70
32
  0
VERTEX
  5
AE4
330
17
100
AcDbEntity
  8
TOPO-CONTOUR-MAJOR
100
AcDbVertex
100
AcDb3dPolylineVertex
 10
177.12388987865646
 20
68.55960598867387
 30
1035.0
 70
32
  0
VERTEX
  5
AE5
330
17
100
AcDbEntity
  8
TOPO-CONTOUR-MAJOR
100
AcDbVertex
100
AcDb3dPolylineVertex
 10
175.73236646063833
 20
66.72642299428134
 30
1035.0
 70
32
  0
VERTEX
  5
AE6
330
17
100
AcDbEntity
  8
TOPO-CONTOUR-MAJOR
100
AcDbVertex
100
AcDb3dPolylineVertex
 10
173.71713740782025
 20
64.87315495738153
 30
1035.0
 70
32
  0
VERTEX
  5
AE7
330
17
100
AcDbEntity
  8
TOPO-CONTOUR-MAJOR
100
AcDbVertex
100
AcDb3dPolylineVertex
 10
172.7095228814112
 20
64.94932936055835
 30
1035.0
 70
32
  0
VERTEX
  5
AE8
330
17
100
AcDbEntity
  8
TOPO-CONTOUR-MAJOR
100
AcDbVertex
100
AcDb3dPolylineVertex
 10
170.69429382859312
 20
66.93836416852884
 30
1035.0
 70
32
  0
VERTEX
  5
AE9
330
17
100
AcDbEntity
  8
TOPO-CONTOUR-MAJOR
100
AcDbVertex
100
AcDb3dPolylineVertex
 10
168.81069048987283
 20
69.56722051464021
 30
1035.0
 70
32
  0
VERTEX
  5
AEA
330
17
100
AcDbEntity
  8
TOPO-CONTOUR-MAJOR
100
AcDbVertex
100
AcDb3dPolylineVertex
 10
167.671450249366
 20
70.43404018282183
 30
1035.0
 70
32
  0
VERTEX
  5
AEB
330
17
100
AcDbEntity
  8
TOPO-CONTOUR-MAJOR
100
AcDbVertex
100
AcDb3dPolylineVertex
 10
162.63337761732078
 20
72.9118273678877
 30
1035.0
 70
32
  0
VERTEX
  5
AEC
330
17
100
AcDbEntity
  8
TOPO-CONTOUR-MAJOR
100
AcDbVertex
100
AcDb3dPolylineVertex
 10
160.6181485645027
 20
73.21644925307984
 30
1035.0
 70
32
  0
VERTEX
  5
AED
330
17
100
AcDbEntity
  8
TOPO-CONTOUR-MAJOR
100
AcDbVertex
100
AcDb3dPolylineVertex
 10
159.61053403809365
 20
72.80862938868997
 30
1035.0
 70
32
  0
VERTEX
  5
AEE
330
17
100
AcDbEntity
  8
TOPO-CONTOUR-MAJOR
100
AcDbVertex
100
AcDb3dPolylineVertex
 10
157.684312046243
 20
71.58244956750423
 30
1035.0
 70
32
  0
VERTEX
  5
AEF
330
17
100
AcDbEntity
  8
TOPO-CONTOUR-MAJOR
100
AcDbVertex
100
AcDb3dPolylineVertex
 10
154.4907295316677
 20
70.57483504153788
 30
1035.0
 70
32
  0
VERTEX
  5
AF0
330
17
100
AcDbEntity
  8
TOPO-CONTOUR-MAJOR
100
AcDbVertex
100
AcDb3dPolylineVertex
 10
153.56484687963928
 20
69.90947127027624
 30
1035.0
 70
32
  0
VERTEX
  5
AF1
330
17
100
AcDbEntity
  8
TOPO-CONTOUR-MAJOR
100
AcDbVertex
100
AcDb3dPolylineVertex
 10
153.07530828853027
 20
66.54437693580985
 30
1035.0
 70
32
  0
VERTEX
  5
AF2
330
17
100
AcDbEntity
  8
TOPO-CONTOUR-MAJOR
100
AcDbVertex
100
AcDb3dPolylineVertex
 10
152.30575597760836
 20
65.53676240891218
 30
1035.0
 70
32
  0
VERTEX
  5
AF3
330
17
100
AcDbEntity
  8
TOPO-CONTOUR-MAJOR
100
AcDbVertex
100
AcDb3dPolylineVertex
 10
151.550462462995
 20
63.52153335604817
 30
1035.0
 70
32
  0
VERTEX
  5
AF4
330
17
100
AcDbEntity
  8
TOPO-CONTOUR-MAJOR
100
AcDbVertex
100
AcDb3dPolylineVertex
 10
149.37673578916323
 20
61.506304303184145
 30
1035.0
 70
32
  0
VERTEX
  5
AF5
330
17
100
AcDbEntity
  8
TOPO-CONTOUR-MAJOR
100
AcDbVertex
100
AcDb3dPolylineVertex
 10
143.0998634808454
 20
58.48346072435378
 30
1035.0
 70
32
  0
VERTEX
  5
AF6
330
17
100
AcDbEntity
  8
TOPO-CONTOUR-MAJOR
100
AcDbVertex
100
AcDb3dPolylineVertex
 10
139.08333905703597
 20
57.475846198387444
 30
1035.0
 70
32
  0
VERTEX
  5
AF7
330
17
100
AcDbEntity
  8
TOPO-CONTOUR-MAJOR
100
AcDbVertex
100
AcDb3dPolylineVertex
 10
135.2891224836334
 20
55.46061714552343
 30
1035.0
 70
32
  0
VERTEX
  5
AF8
330
17
100
AcDbEntity
  8
TOPO-CONTOUR-MAJOR
100
AcDbVertex
100
AcDb3dPolylineVertex
 10
134.41126484698205
 20
52.43777356576174
 30
1035.0
 70
32
  0
VERTEX
  5
AF9
330
17
100
AcDbEntity
  8
TOPO-CONTOUR-MAJOR
100
AcDbVertex
100
AcDb3dPolylineVertex
 10
132.40494182504926
 20
48.31993944931374
 30
1035.0
 70
32
  0
VERTEX
  5
AFA
330
17
100
AcDbEntity
  8
TOPO-CONTOUR-MAJOR
100
AcDbVertex
100
AcDb3dPolylineVertex
 10
129.20709622154598
 20
45.38447188120335
 30
1035.0
 70
32
  0
VERTEX
  5
AFB
330
17
100
AcDbEntity
  8
TOPO-CONTOUR-MAJOR
100
AcDbVertex
100
AcDb3dPolylineVertex
 10
128.5129850321157
 20
43.36924282833934
 30
1035.0
 70
32
  0
VERTEX
  5
AFC
330
17
100
AcDbEntity
  8
TOPO-CONTOUR-MAJOR
100
AcDbVertex
100
AcDb3dPolylineVertex
 10
127.93065393879246
 20
39.33878472261131
 30
1035.0
 70
32
  0
VERTEX
  5
AFD
330
17
100
AcDbEntity
  8
TOPO-CONTOUR-MAJOR
100
AcDbVertex
100
AcDb3dPolylineVertex
 10
128.1637511424427
 20
38.33117019664496
 30
1035.0
 70
32
  0
VERTEX
  5
AFE
330
17
100
AcDbEntity
  8
TOPO-CONTOUR-MAJOR
100
AcDbVertex
100
AcDb3dPolylineVertex
 10
129.12414956734239
 20
37.32355566974729
 30
1035.0
 70
32
  0
VERTEX
  5
AFF
330
17
100
AcDbEntity
  8
TOPO-CONTOUR-MAJOR
100
AcDbVertex
100
AcDb3dPolylineVertex
 10
134.22518876736967
 20
35.30832661688328
 30
1035.0
 70
32
  0
VERTEX
  5
B00
330
17
100
AcDbEntity
  8
TOPO-CONTOUR-MAJOR
100
AcDbVertex
100
AcDb3dPolylineVertex
 10
135.06035562936347
 20
34.30071209091693
 30
1035.0
 70
32
  0
VERTEX
  5
B01
330
17
100
AcDbEntity
  8
TOPO-CONTOUR-MAJOR
100
AcDbVertex
100
AcDb3dPolylineVertex
 10
135.14392409513624
 20
33.29309756401926
 30
1035.0
 70
32
  0
VERTEX
  5
B02
330
17
100
AcDbEntity
  8
TOPO-CONTOUR-MAJOR
100
AcDbVertex
100
AcDb3dPolylineVertex
 10
134.5590738501261
 20
32.28548303805292
 30
1035.0
 70
32
  0
VERTEX
  5
B03
330
17
100
AcDbEntity
  8
TOPO-CONTOUR-MAJOR
100
AcDbVertex
100
AcDb3dPolylineVertex
 10
133.2064002005171
 20
31.277868511155248
 30
1035.0
 70
32
  0
VERTEX
  5
B04
330
17
100
AcDbEntity
  8
TOPO-CONTOUR-MAJOR
100
AcDbVertex
100
AcDb3dPolylineVertex
 10
125.35164014018596
 20
27.964366144233452
 30
1035.0
 70
32
  0
VERTEX
  5
B05
330
17
100
AcDbEntity
  8
TOPO-CONTOUR-MAJOR
100
AcDbVertex
100
AcDb3dPolylineVertex
 10
122.4652242669207
 20
27.247410405427217
 30
1035.0
 70
32
  0
VERTEX
  5
B06
330
17
100
AcDbEntity
  8
TOPO-CONTOUR-MAJOR
100
AcDbVertex
100
AcDb3dPolylineVertex
 10
120.03521877235636
 20
26.239795879460868
 30
1035.0
 70
32
  0
VERTEX
  5
B07
330
17
100
AcDbEntity
  8
TOPO-CONTOUR-MAJOR
100
AcDbVertex
100
AcDb3dPolylineVertex
 10
119.04519476866793
 20
25.232181352563202
 30
1035.0
 70
32
  0
VERTEX
  5
B08
330
17
100
AcDbEntity
  8
TOPO-CONTOUR-MAJOR
100
AcDbVertex
100
AcDb3dPolylineVertex
 10
118.81861973507728
 20
24.224566826596856
 30
1035.0
 70
32
  0
VERTEX
  5
B09
330
17
100
AcDbEntity
  8
TOPO-CONTOUR-MAJOR
100
AcDbVertex
100
AcDb3dPolylineVertex
 10
119.49702691520949
 20
21.201723246835172
 30
1035.0
 70
32
  0
VERTEX
  5
B0A
330
17
100
AcDbEntity
  8
TOPO-CONTOUR-MAJOR
100
AcDbVertex
100
AcDb3dPolylineVertex
 10
120.50632463338307
 20
20.194108720868826
 30
1035.0
 70
32
  0
VERTEX
  5
B0B
330
17
100
AcDbEntity
  8
TOPO-CONTOUR-MAJOR
100
AcDbVertex
100
AcDb3dPolylineVertex
 10
125.35164014018596
 20
19.714780184676783
 30
1035.0
 70
32
  0
VERTEX
  5
B0C
330
17
100
AcDbEntity
  8
TOPO-CONTOUR-MAJOR
100
AcDbVertex
100
AcDb3dPolylineVertex
 10
128.3744837194131
 20
18.941007924500866
 30
1035.0
 70
32
  0
VERTEX
  5
B0D
330
17
100
AcDbEntity
  8
TOPO-CONTOUR-MAJOR
100
AcDbVertex
100
AcDb3dPolylineVertex
 10
130.38971277223118
 20
17.989928751792927
 30
1035.0
 70
32
  0
VERTEX
  5
B0E
330
17
100
AcDbEntity
  8
TOPO-CONTOUR-MAJOR
100
AcDbVertex
100
AcDb3dPolylineVertex
 10
132.40494182504926
 20
15.926486845218088
 30
1035.0
 70
32
  0
VERTEX
  5
B0F
330
17
100
AcDbEntity
  8
TOPO-CONTOUR-MAJOR
100
AcDbVertex
100
AcDb3dPolylineVertex
 10
133.5376423139678
 20
14.14842156227678
 30
1035.0
 70
32
  0
VERTEX
  5
B10
330
17
100
AcDbEntity
  8
TOPO-CONTOUR-MAJOR
100
AcDbVertex
100
AcDb3dPolylineVertex
 10
133.58100170579232
 20
13.140807036310434
 30
1035.0
 70
32
  0
VERTEX
  5
B11
330
17
100
AcDbEntity
  8
TOPO-CONTOUR-MAJOR
100
AcDbVertex
100
AcDb3dPolylineVertex
 10
133.1601778968614
 20
12.133192509412766
 30
1035.0
 70
32
  0
VERTEX
  5
B12
330
17
100
AcDbEntity
  8
TOPO-CONTOUR-MAJOR
100
AcDbVertex
100
AcDb3dPolylineVertex
 10
130.38971277223118
 20
7.616406438634709
 30
1035.0
 70
32
  0
VERTEX
  5
B13
330
17
100
AcDbEntity
  8
TOPO-CONTOUR-MAJOR
100
AcDbVertex
100
AcDb3dPolylineVertex
 10
126.359254666595
 20
2.570148323882023
 30
1035.0
 70
32
  0
VERTEX
  5
B14
330
17
100
AcDbEntity
  8
TOPO-CONTOUR-MAJOR
100
AcDbVertex
100
AcDb3dPolylineVertex
 10
123.46057132419531
 20
-1.9734108597040176
 30
1035.0
 70
32
  0
VERTEX
  5
B15
330
17
100
AcDbEntity
  8
TOPO-CONTOUR-MAJOR
100
AcDbVertex
100
AcDb3dPolylineVertex
 10
118.44112430556135
 20
-7.011483492329717
 30
1035.0
 70
32
  0
VERTEX
  5
B16
330
17
100
AcDbEntity
  8
TOPO-CONTOUR-MAJOR
100
AcDbVertex
100
AcDb3dPolylineVertex
 10
116.61391697763568
 20
-10.034327071160078
 30
1035.0
 70
32
  0
VERTEX
  5
B17
330
17
100
AcDbEntity
  8
TOPO-CONTOUR-MAJOR
100
AcDbVertex
100
AcDb3dPolylineVertex
 10
115.57180905744812
 20
-11.041941598057747
 30
1035.0
 70
32
  0
VERTEX
  5
B18
330
17
100
AcDbEntity
  8
TOPO-CONTOUR-MAJOR
100
AcDbVertex
100
AcDb3dPolylineVertex
 10
112.25265129686842
 20
-12.881048016642104
 30
1035.0
 70
32
  0
VERTEX
  5
B19
330
17
100
AcDbEntity
  8
TOPO-CONTOUR-MAJOR
100
AcDbVertex
100
AcDb3dPolylineVertex
 10
110.23742224405032
 20
-13.243689763554599
 30
1035.0
 70
32
  0
VERTEX
  5
B1A
330
17
100
AcDbEntity
  8
TOPO-CONTOUR-MAJOR
100
AcDbVertex
100
AcDb3dPolylineVertex
 10
109.22980771764128
 20
-12.95315185533696
 30
1035.0
 70
32
  0
VERTEX
  5
B1B
330
17
100
AcDbEntity
  8
TOPO-CONTOUR-MAJOR
100
AcDbVertex
100
AcDb3dPolylineVertex
 10
104.19173508559606
 20
-10.115674161477841
 30
1035.0
 70
32
  0
VERTEX
  5
B1C
330
17
100
AcDbEntity
  8
TOPO-CONTOUR-MAJOR
100
AcDbVertex
100
AcDb3dPolylineVertex
 10
103.18412055918702
 20
-10.052287305579727
 30
1035.0
 70
32
  0
VERTEX
  5
B1D
330
17
100
AcDbEntity
  8
TOPO-CONTOUR-MAJOR
100
AcDbVertex
100
AcDb3dPolylineVertex
 10
101.16889150636894
 20
-10.560047224465606
 30
1035.0
 70
32
  0
VERTEX
  5
B1E
330
17
100
AcDbEntity
  8
TOPO-CONTOUR-MAJOR
100
AcDbVertex
100
AcDb3dPolylineVertex
 10
100.38581996419832
 20
-12.049556124024093
 30
1035.0
 70
32
  0
VERTEX
  5
B1F
330
17
100
AcDbEntity
  8
TOPO-CONTOUR-MAJOR
100
AcDbVertex
100
AcDb3dPolylineVertex
 10
100.61728034950927
 20
-13.057170650921762
 30
1035.0
 70
32
  0
VERTEX
  5
B20
330
17
100
AcDbEntity
  8
TOPO-CONTOUR-MAJOR
100
AcDbVertex
100
AcDb3dPolylineVertex
 10
102.85198601862103
 20
-15.072399703785777
 30
1035.0
 70
32
  0
VERTEX
  5
B21
330
17
100
AcDbEntity
  8
TOPO-CONTOUR-MAJOR
100
AcDbVertex
100
AcDb3dPolylineVertex
 10
103.52791792785828
 20
-17.087628756649792
 30
1035.0
 70
32
  0
VERTEX
  5
B22
330
17
100
AcDbEntity
  8
TOPO-CONTOUR-MAJOR
100
AcDbVertex
100
AcDb3dPolylineVertex
 10
103.47570393779813
 20
-18.09524328261614
 30
1035.0
 70
32
  0
VERTEX
  5
B23
330
17
100
AcDbEntity
  8
TOPO-CONTOUR-MAJOR
100
AcDbVertex
100
AcDb3dPolylineVertex
 10
102.89315371293694
 20
-19.102857809513807
 30
1035.0
 70
32
  0
VERTEX
  5
B24
330
17
100
AcDbEntity
  8
TOPO-CONTOUR-MAJOR
100
AcDbVertex
100
AcDb3dPolylineVertex
 10
101.16889150636894
 20
-19.643296659373014
 30
1035.0
 70
32
  0
VERTEX
  5
B25
330
17
100
AcDbEntity
  8
TOPO-CONTOUR-MAJOR
100
AcDbVertex
100
AcDb3dPolylineVertex
 10
99.78896126966806
 20
-19.102857809513807
 30
1035.0
 70
32
  0
VERTEX
  5
B26
330
17
100
AcDbEntity
  8
TOPO-CONTOUR-MAJOR
100
AcDbVertex
100
AcDb3dPolylineVertex
 10
97.66904378278082
 20
-16.080014229752123
 30
1035.0
 70
32
  0
VERTEX
  5
B27
330
17
100
AcDbEntity
  8
TOPO-CONTOUR-MAJOR
100
AcDbVertex
100
AcDb3dPolylineVertex
 10
95.15564663020858
 20
-14.064785176888108
 30
1035.0
 70
32
  0
VERTEX
  5
B28
330
17
100
AcDbEntity
  8
TOPO-CONTOUR-MAJOR
100
AcDbVertex
100
AcDb3dPolylineVertex
 10
94.79508914297304
 20
-13.057170650921762
 30
1035.0
 70
32
  0
VERTEX
  5
B29
330
17
100
AcDbEntity
  8
TOPO-CONTOUR-MAJOR
100
AcDbVertex
100
AcDb3dPolylineVertex
 10
95.06225341854693
 20
-11.041941598057747
 30
1035.0
 70
32
  0
VERTEX
  5
B2A
330
17
100
AcDbEntity
  8
TOPO-CONTOUR-MAJOR
100
AcDbVertex
100
AcDb3dPolylineVertex
 10
96.13081887432361
 20
-10.33609600543753
 30
1035.0
 70
32
  0
VERTEX
  5
B2B
330
17
100
AcDbEntity
  8
TOPO-CONTOUR-MAJOR
100
AcDbVertex
100
AcDb3dPolylineVertex
 10
100.1612769799599
 20
-9.423681933516084
 30
1035.0
 70
32
  0
VERTEX
  5
B2C
330
17
100
AcDbEntity
  8
TOPO-CONTOUR-MAJOR
100
AcDbVertex
100
AcDb3dPolylineVertex
 10
105.45869153847651
 20
0.04181819222867489
 30
1035.0
 70
32
  0
VERTEX
  5
B2D
330
17
100
AcDbEntity
  8
TOPO-CONTOUR-MAJOR
100
AcDbVertex
100
AcDb3dPolylineVertex
 10
110.60775139347184
 20
5.079890824854374
 30
1035.0
 70
32
  0
VERTEX
  5
B2E
330
17
100
AcDbEntity
  8
TOPO-CONTOUR-MAJOR
100
AcDbVertex
100
AcDb3dPolylineVertex
 10
112.25265129686841
 20
10.090733051147236
 30
1035.0
 70
32
  0
VERTEX
  5
B2F
330
17
100
AcDbEntity
  8
TOPO-CONTOUR-MAJOR
100
AcDbVertex
100
AcDb3dPolylineVertex
 10
112.37106306627136
 20
13.140807036310434
 30
1035.0
 70
32
  0
VERTEX
  5
B30
330
17
100
AcDbEntity
  8
TOPO-CONTOUR-MAJOR
100
AcDbVertex
100
AcDb3dPolylineVertex
 10
111.24503677045935
 20
14.292186919608882
 30
1035.0
 70
32
  0
VERTEX
  5
B31
330
17
100
AcDbEntity
  8
TOPO-CONTOUR-MAJOR
100
AcDbVertex
100
AcDb3dPolylineVertex
 10
107.2145786648232
 20
14.378585417184128
 30
1035.0
 70
32
  0
VERTEX
  5
B32
330
17
100
AcDbEntity
  8
TOPO-CONTOUR-MAJOR
100
AcDbVertex
100
AcDb3dPolylineVertex
 10
106.20696413841415
 20
14.763990651158103
 30
1035.0
 70
32
  0
VERTEX
  5
B33
330
17
100
AcDbEntity
  8
TOPO-CONTOUR-MAJOR
100
AcDbVertex
100
AcDb3dPolylineVertex
 10
104.19173508559606
 20
17.321239823007986
 30
1035.0
 70
32
  0
VERTEX
  5
B34
330
17
100
AcDbEntity
  8
TOPO-CONTOUR-MAJOR
100
AcDbVertex
100
AcDb3dPolylineVertex
 10
102.17650603277798
 20
18.904737964185024
 30
1035.0
 70
32
  0
VERTEX
  5
B35
330
17
100
AcDbEntity
  8
TOPO-CONTOUR-MAJOR
100
AcDbVertex
100
AcDb3dPolylineVertex
 10
100.1612769799599
 20
19.68659780800496
 30
1035.0
 70
32
  0
VERTEX
  5
B36
330
17
100
AcDbEntity
  8
TOPO-CONTOUR-MAJOR
100
AcDbVertex
100
AcDb3dPolylineVertex
 10
97.13843340073265
 20
20.259424362774954
 30
1035.0
 70
32
  0
VERTEX
  5
B37
330
17
100
AcDbEntity
  8
TOPO-CONTOUR-MAJOR
100
AcDbVertex
100
AcDb3dPolylineVertex
 10
95.12320434791457
 20
21.878236659586094
 30
1035.0
 70
32
  0
VERTEX
  5
B38
330
17
100
AcDbEntity
  8
TOPO-CONTOUR-MAJOR
100
AcDbVertex
100
AcDb3dPolylineVertex
 10
94.8404537373946
 20
23.216952299699187
 30
1035.0
 70
32
  0
VERTEX
  5
B39
330
17
100
AcDbEntity
  8
TOPO-CONTOUR-MAJOR
100
AcDbVertex
100
AcDb3dPolylineVertex
 10
95.44157273391195
 20
24.224566826596856
 30
1035.0
 70
32
  0
VERTEX
  5
B3A
330
17
100
AcDbEntity
  8
TOPO-CONTOUR-MAJOR
100
AcDbVertex
100
AcDb3dPolylineVertex
 10
96.13081887432361
 20
24.669285562287314
 30
1035.0
 70
32
  0
VERTEX
  5
B3B
330
17
100
AcDbEntity
  8
TOPO-CONTOUR-MAJOR
100
AcDbVertex
100
AcDb3dPolylineVertex
 10
97.13843340073264
 20
24.989070439315388
 30
1035.0
 70
32
  0
VERTEX
  5
B3C
330
17
100
AcDbEntity
  8
TOPO-CONTOUR-MAJOR
100
AcDbVertex
100
AcDb3dPolylineVertex
 10
101.16889150636894
 20
25.204771352328596
 30
1035.0
 70
32
  0
VERTEX
  5
B3D
330
17
100
AcDbEntity
  8
TOPO-CONTOUR-MAJOR
100
AcDbVertex
100
AcDb3dPolylineVertex
 10
102.17650603277798
 20
25.606166898174155
 30
1035.0
 70
32
  0
VERTEX
  5
B3E
330
17
100
AcDbEntity
  8
TOPO-CONTOUR-MAJOR
100
AcDbVertex
100
AcDb3dPolylineVertex
 10
103.18412055918702
 20
27.06098832161152
 30
1035.0
 70
32
  0
VERTEX
  5
B3F
330
17
100
AcDbEntity
  8
TOPO-CONTOUR-MAJOR
100
AcDbVertex
100
AcDb3dPolylineVertex
 10
103.60330853926502
 20
29.262639458291233
 30
1035.0
 70
32
  0
VERTEX
  5
B40
330
17
100
AcDbEntity
  8
TOPO-CONTOUR-MAJOR
100
AcDbVertex
100
AcDb3dPolylineVertex
 10
103.4315069225856
 20
30.2702539851889
 30
1035.0
 70
32
  0
VERTEX
  5
B41
330
17
100
AcDbEntity
  8
TOPO-CONTOUR-MAJOR
100
AcDbVertex
100
AcDb3dPolylineVertex
 10
102.77549284250983
 20
31.277868511155248
 30
1035.0
 70
32
  0
VERTEX
  5
B42
330
17
100
AcDbEntity
  8
TOPO-CONTOUR-MAJOR
100
AcDbVertex
100
AcDb3dPolylineVertex
 10
97.01908788726509
 20
35.30832661688328
 30
1035.0
 70
32
  0
VERTEX
  5
B43
330
17
100
AcDbEntity
  8
TOPO-CONTOUR-MAJOR
100
AcDbVertex
100
AcDb3dPolylineVertex
 10
94.37071466115336
 20
40.346399248577654
 30
1035.0
 70
32
  0
VERTEX
  5
B44
330
17
100
AcDbEntity
  8
TOPO-CONTOUR-MAJOR
100
AcDbVertex
100
AcDb3dPolylineVertex
 10
92.82563448326906
 20
41.35401377547532
 30
1035.0
 70
32
  0
VERTEX
  5
B45
330
17
100
AcDbEntity
  8
TOPO-CONTOUR-MAJOR
100
AcDbVertex
100
AcDb3dPolylineVertex
 10
91.0927462422784
 20
41.76769472991254
 30
1035.0
 70
32
  0
VERTEX
  5
B46
330
17
100
AcDbEntity
  8
TOPO-CONTOUR-MAJOR
100
AcDbVertex
100
AcDb3dPolylineVertex
 10
90.08513171586935
 20
41.592298736921734
 30
1035.0
 70
32
  0
VERTEX
  5
B47
330
17
100
AcDbEntity
  8
TOPO-CONTOUR-MAJOR
100
AcDbVertex
100
AcDb3dPolylineVertex
 10
89.07751718946031
 20
40.794238701028135
 30
1035.0
 70
32
  0
VERTEX
  5
B48
330
17
100
AcDbEntity
  8
TOPO-CONTOUR-MAJOR
100
AcDbVertex
100
AcDb3dPolylineVertex
 10
87.14165173100963
 20
36.31594114378095
 30
1035.0
 70
32
  0
VERTEX
  5
B49
330
17
100
AcDbEntity
  8
TOPO-CONTOUR-MAJOR
100
AcDbVertex
100
AcDb3dPolylineVertex
 10
84.03944455741498
 20
30.819844335078653
 30
1035.0
 70
32
  0
VERTEX
  5
B4A
330
17
100
AcDbEntity
  8
TOPO-CONTOUR-MAJOR
100
AcDbVertex
100
AcDb3dPolylineVertex
 10
81.8847466909133
 20
24.224566826596856
 30
1035.0
 70
32
  0
VERTEX
  5
B4B
330
17
100
AcDbEntity
  8
TOPO-CONTOUR-MAJOR
100
AcDbVertex
100
AcDb3dPolylineVertex
 10
80.3561185750354
 20
21.201723246835172
 30
1035.0
 70
32
  0
VERTEX
  5
B4C
330
17
100
AcDbEntity
  8
TOPO-CONTOUR-MAJOR
100
AcDbVertex
100
AcDb3dPolylineVertex
 10
74.33683029686142
 20
12.133192509412766
 30
1035.0
 70
32
  0
VERTEX
  5
B4D
330
17
100
AcDbEntity
  8
TOPO-CONTOUR-MAJOR
100
AcDbVertex
100
AcDb3dPolylineVertex
 10
72.41541686573635
 20
10.11796345654875
 30
1035.0
 70
32
  0
VERTEX
  5
B4E
330
17
100
AcDbEntity
  8
TOPO-CONTOUR-MAJOR
100
AcDbVertex
100
AcDb3dPolylineVertex
 10
70.94045571409742
 20
9.384931082040033
 30
1035.0
 70
32
  0
VERTEX
  5
B4F
330
17
100
AcDbEntity
  8
TOPO-CONTOUR-MAJOR
100
AcDbVertex
100
AcDb3dPolylineVertex
 10
68.92522666127934
 20
9.389667143269804
 30
1035.0
 70
32
  0
VERTEX
  5
B50
330
17
100
AcDbEntity
  8
TOPO-CONTOUR-MAJOR
100
AcDbVertex
100
AcDb3dPolylineVertex
 10
65.90238308205221
 20
10.833798716924539
 30
1035.0
 70
32
  0
VERTEX
  5
B51
330
17
100
AcDbEntity
  8
TOPO-CONTOUR-MAJOR
100
AcDbVertex
100
AcDb3dPolylineVertex
 10
58.84908139718891
 20
16.14937300562389
 30
1035.0
 70
32
  0
VERTEX
  5
B52
330
17
100
AcDbEntity
  8
TOPO-CONTOUR-MAJOR
100
AcDbVertex
100
AcDb3dPolylineVertex
 10
54.81862329155274
 20
18.726039697940493
 30
1035.0
 70
32
  0
VERTEX
  5
B53
330
17
100
AcDbEntity
  8
TOPO-CONTOUR-MAJOR
100
AcDbVertex
100
AcDb3dPolylineVertex
 10
44.95111032026084
 20
26.23979587946087
 30
1035.0
 70
32
  0
VERTEX
  5
B54
330
17
100
AcDbEntity
  8
TOPO-CONTOUR-MAJOR
100
AcDbVertex
100
AcDb3dPolylineVertex
 10
42.28177552744941
 20
29.262639458291233
 30
1035.0
 70
32
  0
VERTEX
  5
B55
330
17
100
AcDbEntity
  8
TOPO-CONTOUR-MAJOR
100
AcDbVertex
100
AcDb3dPolylineVertex
 10
40.696442001079596
 20
32.28548303805292
 30
1035.0
 70
32
  0
VERTEX
  5
B56
330
17
100
AcDbEntity
  8
TOPO-CONTOUR-MAJOR
100
AcDbVertex
100
AcDb3dPolylineVertex
 10
40.14932318961433
 20
34.30071209091693
 30
1035.0
 70
32
  0
VERTEX
  5
B57
330
17
100
AcDbEntity
  8
TOPO-CONTOUR-MAJOR
100
AcDbVertex
100
AcDb3dPolylineVertex
 10
40.298495082215155
 20
36.31594114378095
 30
1035.0
 70
32
  0
VERTEX
  5
B58
330
17
100
AcDbEntity
  8
TOPO-CONTOUR-MAJOR
100
AcDbVertex
100
AcDb3dPolylineVertex
 10
40.68831287651558
 20
37.32355566974729
 30
1035.0
 70
32
  0
VERTEX
  5
B59
330
17
100
AcDbEntity
  8
TOPO-CONTOUR-MAJOR
100
AcDbVertex
100
AcDb3dPolylineVertex
 10
44.08456988262147
 20
43.36924282833934
 30
1035.0
 70
32
  0
VERTEX
  5
B5A
330
17
100
AcDbEntity
  8
TOPO-CONTOUR-MAJOR
100
AcDbVertex
100
AcDb3dPolylineVertex
 10
45.79420415306711
 20
47.39970093406737
 30
1035.0
 70
32
  0
VERTEX
  5
B5B
330
17
100
AcDbEntity
  8
TOPO-CONTOUR-MAJOR
100
AcDbVertex
100
AcDb3dPolylineVertex
 10
48.48365424200361
 20
55.46061714552343
 30
1035.0
 70
32
  0
VERTEX
  5
B5C
330
17
100
AcDbEntity
  8
TOPO-CONTOUR-MAJOR
100
AcDbVertex
100
AcDb3dPolylineVertex
 10
50.14507661971517
 20
66.54437693580985
 30
1035.0
 70
32
  0
VERTEX
  5
B5D
330
17
100
AcDbEntity
  8
TOPO-CONTOUR-MAJOR
100
AcDbVertex
100
AcDb3dPolylineVertex
 10
49.827145626478924
 20
74.60529314726591
 30
1035.0
 70
32
  0
VERTEX
  5
B5E
330
17
100
AcDbEntity
  8
TOPO-CONTOUR-MAJOR
100
AcDbVertex
100
AcDb3dPolylineVertex
 10
51.82171239570182
 20
82.66620935779065
 30
1035.0
 70
32
  0
VERTEX
  5
B5F
330
17
100
AcDbEntity
  8
TOPO-CONTOUR-MAJOR
100
AcDbVertex
100
AcDb3dPolylineVertex
 10
53.01252350694129
 20
85.68905293755233
 30
1035.0
 70
32
  0
VERTEX
  5
B60
330
17
100
AcDbEntity
  8
TOPO-CONTOUR-MAJOR
100
AcDbVertex
100
AcDb3dPolylineVertex
 10
56.07486496937729
 20
91.73474009614438
 30
1035.0
 70
32
  0
VERTEX
  5
B61
330
17
100
AcDbEntity
  8
TOPO-CONTOUR-MAJOR
100
AcDbVertex
100
AcDb3dPolylineVertex
 10
59.856695923597954
 20
97.06381473256316
 30
1035.0
 70
32
  0
VERTEX
  5
B62
330
17
100
AcDbEntity
  8
TOPO-CONTOUR-MAJOR
100
AcDbVertex
100
AcDb3dPolylineVertex
 10
66.90999760846125
 20
104.32689707533777
 30
1035.0
 70
32
  0
VERTEX
  5
B63
330
17
100
AcDbEntity
  8
TOPO-CONTOUR-MAJOR
100
AcDbVertex
100
AcDb3dPolylineVertex
 10
74.94525884918751
 20
111.8870306238532
 30
1035.0
 70
32
  0
VERTEX
  5
B64
330
17
100
AcDbEntity
  8
TOPO-CONTOUR-MAJOR
100
AcDbVertex
100
AcDb3dPolylineVertex
 10
76.09747792470492
 20
113.90225967671721
 30
1035.0
 70
32
  0
VERTEX
  5
B65
330
17
100
AcDbEntity
  8
TOPO-CONTOUR-MAJOR
100
AcDbVertex
100
AcDb3dPolylineVertex
 10
77.69648714304049
 20
118.94033230934292
 30
1035.0
 70
32
  0
VERTEX
  5
B66
330
17
100
AcDbEntity
  8
TOPO-CONTOUR-MAJOR
100
AcDbVertex
100
AcDb3dPolylineVertex
 10
79.00137192536977
 20
120.7029198040383
 30
1035.0
 70
32
  0
VERTEX
  5
B67
330
17
100
AcDbEntity
  8
TOPO-CONTOUR-MAJOR
100
AcDbVertex
100
AcDb3dPolylineVertex
 10
80.74062027114384
 20
121.96317588817328
 30
1035.0
 70
32
  0
SEQEND
  5
ACC
330
ACB
100
AcDbEntity
  8
TOPO-CONTOUR-MAJOR
  0
POLYLINE
  5
B68
330
17
100
AcDbEntity
  8
TOPO-CONTOUR-MAJOR
100
AcDb3dPolyline
 66
1
 10
0.0
 20
0.0
 30
0.0
 70
8
  0
VERTEX
  5
B6A
330
17
100
AcDbEntity
  8
TOPO-CONTOUR-MAJOR
100
AcDbVertex
100
AcDb3dPolylineVertex
 10
215.7062300127622
 20
67.5519914617762
 30
1035.0
 70
32
  0
VERTEX
  5
B6B
330
17
100
AcDbEntity
  8
TOPO-CONTOUR-MAJOR
100
AcDbVertex
100
AcDb3dPolylineVertex
 10
219.0597910962274
 20
67.59973620560986
 30
1035.0
 70
32
  0
VERTEX
  5
B6C
330
17
100
AcDbEntity
  8
TOPO-CONTOUR-MAJOR
100
AcDbVertex
100
AcDb3dPolylineVertex
 10
224.0978637282726
 20
66.28626118320055
 30
1035.0
 70
32
  0
VERTEX
  5
B6D
330
17
100
AcDbEntity
  8
TOPO-CONTOUR-MAJOR
100
AcDbVertex
100
AcDb3dPolylineVertex
 10
231.1511654131359
 20
65.7290409560836
 30
1035.0
 70
32
  0
VERTEX
  5
B6E
330
17
100
AcDbEntity
  8
TOPO-CONTOUR-MAJOR
100
AcDbVertex
100
AcDb3dPolylineVertex
 10
238.2044670979992
 20
64.49787816340098
 30
1035.0
 70
32
  0
VERTEX
  5
B6F
330
17
100
AcDbEntity
  8
TOPO-CONTOUR-MAJOR
100
AcDbVertex
100
AcDb3dPolylineVertex
 10
243.24253973004448
 20
63.016019695154625
 30
1035.0
 70
32
  0
VERTEX
  5
B70
330
17
100
AcDbEntity
  8
TOPO-CONTOUR-MAJOR
100
AcDbVertex
100
AcDb3dPolylineVertex
 10
249.28822688849874
 20
62.68744318923563
 30
1035.0
 70
32
  0
VERTEX
  5
B71
330
17
100
AcDbEntity
  8
TOPO-CONTOUR-MAJOR
100
AcDbVertex
100
AcDb3dPolylineVertex
 10
253.3186849941349
 20
61.901428879329856
 30
1035.0
 70
32
  0
VERTEX
  5
B72
330
17
100
AcDbEntity
  8
TOPO-CONTOUR-MAJOR
100
AcDbVertex
100
AcDb3dPolylineVertex
 10
257.34914309977114
 20
62.06227981801518
 30
1035.0
 70
32
  0
VERTEX
  5
B73
330
17
100
AcDbEntity
  8
TOPO-CONTOUR-MAJOR
100
AcDbVertex
100
AcDb3dPolylineVertex
 10
261.3796012054073
 20
61.49611606037142
 30
1035.0
 70
32
  0
VERTEX
  5
B74
330
17
100
AcDbEntity
  8
TOPO-CONTOUR-MAJOR
100
AcDbVertex
100
AcDb3dPolylineVertex
 10
274.47859004872487
 20
60.71662748964873
 30
1035.0
 70
32
  0
VERTEX
  5
B75
330
17
100
AcDbEntity
  8
TOPO-CONTOUR-MAJOR
100
AcDbVertex
100
AcDb3dPolylineVertex
 10
282.96182713696754
 20
61.50630430318415
 30
1035.0
 70
32
  0
VERTEX
  5
B76
330
17
100
AcDbEntity
  8
TOPO-CONTOUR-MAJOR
100
AcDbVertex
100
AcDb3dPolylineVertex
 10
287.57757889204254
 20
61.3560377284135
 30
1035.0
 70
32
  0
VERTEX
  5
B77
330
17
100
AcDbEntity
  8
TOPO-CONTOUR-MAJOR
100
AcDbVertex
100
AcDb3dPolylineVertex
 10
292.61565152408775
 20
61.789774231889645
 30
1035.0
 70
32
  0
VERTEX
  5
B78
330
17
100
AcDbEntity
  8
TOPO-CONTOUR-MAJOR
100
AcDbVertex
100
AcDb3dPolylineVertex
 10
298.661338682542
 20
61.432228807693036
 30
1035.0
 70
32
  0
VERTEX
  5
B79
330
17
100
AcDbEntity
  8
TOPO-CONTOUR-MAJOR
100
AcDbVertex
100
AcDb3dPolylineVertex
 10
302.5858105736018
 20
60.498689777217805
 30
1035.0
 70
32
  0
VERTEX
  5
B7A
330
17
100
AcDbEntity
  8
TOPO-CONTOUR-MAJOR
100
AcDbVertex
100
AcDb3dPolylineVertex
 10
307.7298694202235
 20
57.851955923533865
 30
1035.0
 70
32
  0
VERTEX
  5
B7B
330
17
100
AcDbEntity
  8
TOPO-CONTOUR-MAJOR
100
AcDbVertex
100
AcDb3dPolylineVertex
 10
316.4885299377712
 20
54.45300261862576
 30
1035.0
 70
32
  0
VERTEX
  5
B7C
330
17
100
AcDbEntity
  8
TOPO-CONTOUR-MAJOR
100
AcDbVertex
100
AcDb3dPolylineVertex
 10
318.813629210723
 20
53.08038387372301
 30
1035.0
 70
32
  0
VERTEX
  5
B7D
330
17
100
AcDbEntity
  8
TOPO-CONTOUR-MAJOR
100
AcDbVertex
100
AcDb3dPolylineVertex
 10
319.821243737132
 20
51.81685722178953
 30
1035.0
 70
32
  0
VERTEX
  5
B7E
330
17
100
AcDbEntity
  8
TOPO-CONTOUR-MAJOR
100
AcDbVertex
100
AcDb3dPolylineVertex
 10
320.82885826354106
 20
49.74251856719053
 30
1035.0
 70
32
  0
VERTEX
  5
B7F
330
17
100
AcDbEntity
  8
TOPO-CONTOUR-MAJOR
100
AcDbVertex
100
AcDb3dPolylineVertex
 10
323.50914147536207
 20
42.36162830144167
 30
1035.0
 70
32
  0
VERTEX
  5
B80
330
17
100
AcDbEntity
  8
TOPO-CONTOUR-MAJOR
100
AcDbVertex
100
AcDb3dPolylineVertex
 10
328.00549232373476
 20
34.30071209091693
 30
1035.0
 70
32
  0
VERTEX
  5
B81
330
17
100
AcDbEntity
  8
TOPO-CONTOUR-MAJOR
100
AcDbVertex
100
AcDb3dPolylineVertex
 10
329.338557202049
 20
30.2702539851889
 30
1035.0
 70
32
  0
VERTEX
  5
B82
330
17
100
AcDbEntity
  8
TOPO-CONTOUR-MAJOR
100
AcDbVertex
100
AcDb3dPolylineVertex
 10
329.876859208808
 20
27.247410405427217
 30
1035.0
 70
32
  0
VERTEX
  5
B83
330
17
100
AcDbEntity
  8
TOPO-CONTOUR-MAJOR
100
AcDbVertex
100
AcDb3dPolylineVertex
 10
329.7929518833139
 20
22.209337773732837
 30
1035.0
 70
32
  0
VERTEX
  5
B84
330
17
100
AcDbEntity
  8
TOPO-CONTOUR-MAJOR
100
AcDbVertex
100
AcDb3dPolylineVertex
 10
329.2230882413513
 20
19.18649419490248
 30
1035.0
 70
32
  0
VERTEX
  5
B85
330
17
100
AcDbEntity
  8
TOPO-CONTOUR-MAJOR
100
AcDbVertex
100
AcDb3dPolylineVertex
 10
328.0497868055017
 20
16.163650615140796
 30
1035.0
 70
32
  0
VERTEX
  5
B86
330
17
100
AcDbEntity
  8
TOPO-CONTOUR-MAJOR
100
AcDbVertex
100
AcDb3dPolylineVertex
 10
324.85931636917724
 20
10.687220570180944
 30
1035.0
 70
32
  0
VERTEX
  5
B87
330
17
100
AcDbEntity
  8
TOPO-CONTOUR-MAJOR
100
AcDbVertex
100
AcDb3dPolylineVertex
 10
321.8364727899501
 20
6.270460027526643
 30
1035.0
 70
32
  0
VERTEX
  5
B88
330
17
100
AcDbEntity
  8
TOPO-CONTOUR-MAJOR
100
AcDbVertex
100
AcDb3dPolylineVertex
 10
318.813629210723
 20
3.510675784204993
 30
1035.0
 70
32
  0
VERTEX
  5
B89
330
17
100
AcDbEntity
  8
TOPO-CONTOUR-MAJOR
100
AcDbVertex
100
AcDb3dPolylineVertex
 10
315.79078563149585
 20
1.892715403497657
 30
1035.0
 70
32
  0
VERTEX
  5
B8A
330
17
100
AcDbEntity
  8
TOPO-CONTOUR-MAJOR
100
AcDbVertex
100
AcDb3dPolylineVertex
 10
313.77555657867777
 20
2.0076167720513047
 30
1035.0
 70
32
  0
VERTEX
  5
B8B
330
17
100
AcDbEntity
  8
TOPO-CONTOUR-MAJOR
100
AcDbVertex
100
AcDb3dPolylineVertex
 10
310.75271299945064
 20
3.141742450336275
 30
1035.0
 70
32
  0
VERTEX
  5
B8C
330
17
100
AcDbEntity
  8
TOPO-CONTOUR-MAJOR
100
AcDbVertex
100
AcDb3dPolylineVertex
 10
306.86282418057635
 20
4.072276297956705
 30
1035.0
 70
32
  0
VERTEX
  5
B8D
330
17
100
AcDbEntity
  8
TOPO-CONTOUR-MAJOR
100
AcDbVertex
100
AcDb3dPolylineVertex
 10
304.4211352126546
 20
6.08750535082072
 30
1035.0
 70
32
  0
VERTEX
  5
B8E
330
17
100
AcDbEntity
  8
TOPO-CONTOUR-MAJOR
100
AcDbVertex
100
AcDb3dPolylineVertex
 10
302.6917967881782
 20
6.688362721991245
 30
1035.0
 70
32
  0
VERTEX
  5
B8F
330
17
100
AcDbEntity
  8
TOPO-CONTOUR-MAJOR
100
AcDbVertex
100
AcDb3dPolylineVertex
 10
294.63088057690584
 20
6.3831037630133185
 30
1035.0
 70
32
  0
VERTEX
  5
B90
330
17
100
AcDbEntity
  8
TOPO-CONTOUR-MAJOR
100
AcDbVertex
100
AcDb3dPolylineVertex
 10
292.61565152408775
 20
7.0031564303961575
 30
1035.0
 70
32
  0
VERTEX
  5
B91
330
17
100
AcDbEntity
  8
TOPO-CONTOUR-MAJOR
100
AcDbVertex
100
AcDb3dPolylineVertex
 10
290.6004224712697
 20
8.155712699271637
 30
1035.0
 70
32
  0
VERTEX
  5
B92
330
17
100
AcDbEntity
  8
TOPO-CONTOUR-MAJOR
100
AcDbVertex
100
AcDb3dPolylineVertex
 10
288.5851934184516
 20
8.478701154091514
 30
1035.0
 70
32
  0
VERTEX
  5
B93
330
17
100
AcDbEntity
  8
TOPO-CONTOUR-MAJOR
100
AcDbVertex
100
AcDb3dPolylineVertex
 10
281.5318917335883
 20
7.276474738438446
 30
1035.0
 70
32
  0
VERTEX
  5
B94
330
17
100
AcDbEntity
  8
TOPO-CONTOUR-MAJOR
100
AcDbVertex
100
AcDb3dPolylineVertex
 10
279.5166626807702
 20
7.344734520697649
 30
1035.0
 70
32
  0
VERTEX
  5
B95
330
17
100
AcDbEntity
  8
TOPO-CONTOUR-MAJOR
100
AcDbVertex
100
AcDb3dPolylineVertex
 10
278.390869899347
 20
8.102734403684735
 30
1035.0
 70
32
  0
VERTEX
  5
B96
330
17
100
AcDbEntity
  8
TOPO-CONTOUR-MAJOR
100
AcDbVertex
100
AcDb3dPolylineVertex
 10
276.49381910154295
 20
10.599779493245055
 30
1035.0
 70
32
  0
VERTEX
  5
B97
330
17
100
AcDbEntity
  8
TOPO-CONTOUR-MAJOR
100
AcDbVertex
100
AcDb3dPolylineVertex
 10
275.4862045751339
 20
11.02546373004908
 30
1035.0
 70
32
  0
VERTEX
  5
B98
330
17
100
AcDbEntity
  8
TOPO-CONTOUR-MAJOR
100
AcDbVertex
100
AcDb3dPolylineVertex
 10
267.42528836386157
 20
12.445170516688854
 30
1035.0
 70
32
  0
VERTEX
  5
B99
330
17
100
AcDbEntity
  8
TOPO-CONTOUR-MAJOR
100
AcDbVertex
100
AcDb3dPolylineVertex
 10
265.4100593110435
 20
12.286572857671331
 30
1035.0
 70
32
  0
VERTEX
  5
B9A
330
17
100
AcDbEntity
  8
TOPO-CONTOUR-MAJOR
100
AcDbVertex
100
AcDb3dPolylineVertex
 10
261.02252941931647
 20
11.12557798344642
 30
1035.0
 70
32
  0
VERTEX
  5
B9B
330
17
100
AcDbEntity
  8
TOPO-CONTOUR-MAJOR
100
AcDbVertex
100
AcDb3dPolylineVertex
 10
256.5097418826715
 20
9.110348930582404
 30
1035.0
 70
32
  0
VERTEX
  5
B9C
330
17
100
AcDbEntity
  8
TOPO-CONTOUR-MAJOR
100
AcDbVertex
100
AcDb3dPolylineVertex
 10
252.31107046772587
 20
7.67219879179562
 30
1035.0
 70
32
  0
VERTEX
  5
B9D
330
17
100
AcDbEntity
  8
TOPO-CONTOUR-MAJOR
100
AcDbVertex
100
AcDb3dPolylineVertex
 10
248.7824282308586
 20
6.08750535082072
 30
1035.0
 70
32
  0
VERTEX
  5
B9E
330
17
100
AcDbEntity
  8
TOPO-CONTOUR-MAJOR
100
AcDbVertex
100
AcDb3dPolylineVertex
 10
247.48363095473053
 20
5.079890824854374
 30
1035.0
 70
32
  0
VERTEX
  5
B9F
330
17
100
AcDbEntity
  8
TOPO-CONTOUR-MAJOR
100
AcDbVertex
100
AcDb3dPolylineVertex
 10
245.26517212434462
 20
1.0494327191263437
 30
1035.0
 70
32
  0
VERTEX
  5
BA0
330
17
100
AcDbEntity
  8
TOPO-CONTOUR-MAJOR
100
AcDbVertex
100
AcDb3dPolylineVertex
 10
242.48842990458346
 20
-1.9734108597040176
 30
1035.0
 70
32
  0
VERTEX
  5
BA1
330
17
100
AcDbEntity
  8
TOPO-CONTOUR-MAJOR
100
AcDbVertex
100
AcDb3dPolylineVertex
 10
241.0863055563969
 20
-7.011483492329717
 30
1035.0
 70
32
  0
VERTEX
  5
BA2
330
17
100
AcDbEntity
  8
TOPO-CONTOUR-MAJOR
100
AcDbVertex
100
AcDb3dPolylineVertex
 10
238.37266747628888
 20
-11.041941598057747
 30
1035.0
 70
32
  0
VERTEX
  5
BA3
330
17
100
AcDbEntity
  8
TOPO-CONTOUR-MAJOR
100
AcDbVertex
100
AcDb3dPolylineVertex
 10
237.95352474237785
 20
-12.049556124024091
 30
1035.0
 70
32
  0
VERTEX
  5
BA4
330
17
100
AcDbEntity
  8
TOPO-CONTOUR-MAJOR
100
AcDbVertex
100
AcDb3dPolylineVertex
 10
237.80059753353618
 20
-15.072399703785777
 30
1035.0
 70
32
  0
VERTEX
  5
BA5
330
17
100
AcDbEntity
  8
TOPO-CONTOUR-MAJOR
100
AcDbVertex
100
AcDb3dPolylineVertex
 10
236.40161142085486
 20
-18.09524328261614
 30
1035.0
 70
32
  0
VERTEX
  5
BA6
330
17
100
AcDbEntity
  8
TOPO-CONTOUR-MAJOR
100
AcDbVertex
100
AcDb3dPolylineVertex
 10
235.5477364381158
 20
-22.12570138834417
 30
1035.0
 70
32
  0
VERTEX
  5
BA7
330
17
100
AcDbEntity
  8
TOPO-CONTOUR-MAJOR
100
AcDbVertex
100
AcDb3dPolylineVertex
 10
232.15877993954493
 20
-24.88712683122284
 30
1035.0
 70
32
  0
VERTEX
  5
BA8
330
17
100
AcDbEntity
  8
TOPO-CONTOUR-MAJOR
100
AcDbVertex
100
AcDb3dPolylineVertex
 10
231.50486447417296
 20
-26.1561594940722
 30
1035.0
 70
32
  0
VERTEX
  5
BA9
330
17
100
AcDbEntity
  8
TOPO-CONTOUR-MAJOR
100
AcDbVertex
100
AcDb3dPolylineVertex
 10
231.8099386681727
 20
-28.171388546936214
 30
1035.0
 70
32
  0
VERTEX
  5
BAA
330
17
100
AcDbEntity
  8
TOPO-CONTOUR-MAJOR
100
AcDbVertex
100
AcDb3dPolylineVertex
 10
234.52188887351372
 20
-33.20946117863059
 30
1035.0
 70
32
  0
VERTEX
  5
BAB
330
17
100
AcDbEntity
  8
TOPO-CONTOUR-MAJOR
100
AcDbVertex
100
AcDb3dPolylineVertex
 10
245.25776878286257
 20
-43.088398542551836
 30
1035.0
 70
32
  0
VERTEX
  5
BAC
330
17
100
AcDbEntity
  8
TOPO-CONTOUR-MAJOR
100
AcDbVertex
100
AcDb3dPolylineVertex
 10
248.2806123620897
 20
-45.37469811501259
 30
1035.0
 70
32
  0
VERTEX
  5
BAD
330
17
100
AcDbEntity
  8
TOPO-CONTOUR-MAJOR
100
AcDbVertex
100
AcDb3dPolylineVertex
 10
249.8532271101097
 20
-47.316064548678696
 30
1035.0
 70
32
  0
VERTEX
  5
BAE
330
17
100
AcDbEntity
  8
TOPO-CONTOUR-MAJOR
100
AcDbVertex
100
AcDb3dPolylineVertex
 10
250.4928446672646
 20
-49.33129360154271
 30
1035.0
 70
32
  0
VERTEX
  5
BAF
330
17
100
AcDbEntity
  8
TOPO-CONTOUR-MAJOR
100
AcDbVertex
100
AcDb3dPolylineVertex
 10
250.3263686121142
 20
-51.346522654406726
 30
1035.0
 70
32
  0
VERTEX
  5
BB0
330
17
100
AcDbEntity
  8
TOPO-CONTOUR-MAJOR
100
AcDbVertex
100
AcDb3dPolylineVertex
 10
249.91422621354275
 20
-52.35413718037307
 30
1035.0
 70
32
  0
VERTEX
  5
BB1
330
17
100
AcDbEntity
  8
TOPO-CONTOUR-MAJOR
100
AcDbVertex
100
AcDb3dPolylineVertex
 10
248.2806123620897
 20
-54.17764000982287
 30
1035.0
 70
32
  0
VERTEX
  5
BB2
330
17
100
AcDbEntity
  8
TOPO-CONTOUR-MAJOR
100
AcDbVertex
100
AcDb3dPolylineVertex
 10
246.2653833092716
 20
-55.0679824993138
 30
1035.0
 70
32
  0
VERTEX
  5
BB3
330
17
100
AcDbEntity
  8
TOPO-CONTOUR-MAJOR
100
AcDbVertex
100
AcDb3dPolylineVertex
 10
243.24253973004448
 20
-54.65437486806455
 30
1035.0
 70
32
  0
VERTEX
  5
BB4
330
17
100
AcDbEntity
  8
TOPO-CONTOUR-MAJOR
100
AcDbVertex
100
AcDb3dPolylineVertex
 10
235.18162351877208
 20
-51.228922936257895
 30
1035.0
 70
32
  0
VERTEX
  5
BB5
330
17
100
AcDbEntity
  8
TOPO-CONTOUR-MAJOR
100
AcDbVertex
100
AcDb3dPolylineVertex
 10
230.16626239247395
 20
-47.316064548678696
 30
1035.0
 70
32
  0
VERTEX
  5
BB6
330
17
100
AcDbEntity
  8
TOPO-CONTOUR-MAJOR
100
AcDbVertex
100
AcDb3dPolylineVertex
 10
224.0978637282726
 20
-44.14831080169196
 30
1035.0
 70
32
  0
VERTEX
  5
BB7
330
17
100
AcDbEntity
  8
TOPO-CONTOUR-MAJOR
100
AcDbVertex
100
AcDb3dPolylineVertex
 10
219.0597910962274
 20
-40.10687208993831
 30
1035.0
 70
32
  0
VERTEX
  5
BB8
330
17
100
AcDbEntity
  8
TOPO-CONTOUR-MAJOR
100
AcDbVertex
100
AcDb3dPolylineVertex
 10
206.96841677931877
 20
-33.028972443624696
 30
1035.0
 70
32
  0
VERTEX
  5
BB9
330
17
100
AcDbEntity
  8
TOPO-CONTOUR-MAJOR
100
AcDbVertex
100
AcDb3dPolylineVertex
 10
198.82698462382842
 20
-26.1561594940722
 30
1035.0
 70
32
  0
VERTEX
  5
BBA
330
17
100
AcDbEntity
  8
TOPO-CONTOUR-MAJOR
100
AcDbVertex
100
AcDb3dPolylineVertex
 10
193.8694279360011
 20
-22.659346311702198
 30
1035.0
 70
32
  0
VERTEX
  5
BBB
330
17
100
AcDbEntity
  8
TOPO-CONTOUR-MAJOR
100
AcDbVertex
100
AcDb3dPolylineVertex
 10
189.02816910922363
 20
-18.09524328261614
 30
1035.0
 70
32
  0
VERTEX
  5
BBC
330
17
100
AcDbEntity
  8
TOPO-CONTOUR-MAJOR
100
AcDbVertex
100
AcDb3dPolylineVertex
 10
184.80089719831972
 20
-14.912582205082336
 30
1035.0
 70
32
  0
VERTEX
  5
BBD
330
17
100
AcDbEntity
  8
TOPO-CONTOUR-MAJOR
100
AcDbVertex
100
AcDb3dPolylineVertex
 10
175.61184502232845
 20
-7.011483492329717
 30
1035.0
 70
32
  0
VERTEX
  5
BBE
330
17
100
AcDbEntity
  8
TOPO-CONTOUR-MAJOR
100
AcDbVertex
100
AcDb3dPolylineVertex
 10
169.68667930218407
 20
-2.810159918118774
 30
1035.0
 70
32
  0
VERTEX
  5
BBF
330
17
100
AcDbEntity
  8
TOPO-CONTOUR-MAJOR
100
AcDbVertex
100
AcDb3dPolylineVertex
 10
168.67906477577503
 20
-1.91672975417454
 30
1035.0
 70
32
  0
VERTEX
  5
BC0
330
17
100
AcDbEntity
  8
TOPO-CONTOUR-MAJOR
100
AcDbVertex
100
AcDb3dPolylineVertex
 10
167.60296671072192
 20
0.04181819222867489
 30
1035.0
 70
32
  0
VERTEX
  5
BC1
330
17
100
AcDbEntity
  8
TOPO-CONTOUR-MAJOR
100
AcDbVertex
100
AcDb3dPolylineVertex
 10
167.6088247377067
 20
3.064661771990359
 30
1035.0
 70
32
  0
VERTEX
  5
BC2
330
17
100
AcDbEntity
  8
TOPO-CONTOUR-MAJOR
100
AcDbVertex
100
AcDb3dPolylineVertex
 10
168.76836620136453
 20
5.079890824854374
 30
1035.0
 70
32
  0
VERTEX
  5
BC3
330
17
100
AcDbEntity
  8
TOPO-CONTOUR-MAJOR
100
AcDbVertex
100
AcDb3dPolylineVertex
 10
170.69429382859312
 20
6.345212530027641
 30
1035.0
 70
32
  0
VERTEX
  5
BC4
330
17
100
AcDbEntity
  8
TOPO-CONTOUR-MAJOR
100
AcDbVertex
100
AcDb3dPolylineVertex
 10
173.71713740782025
 20
6.601591913208388
 30
1035.0
 70
32
  0
VERTEX
  5
BC5
330
17
100
AcDbEntity
  8
TOPO-CONTOUR-MAJOR
100
AcDbVertex
100
AcDb3dPolylineVertex
 10
175.73236646063833
 20
5.916889013669613
 30
1035.0
 70
32
  0
VERTEX
  5
BC6
330
17
100
AcDbEntity
  8
TOPO-CONTOUR-MAJOR
100
AcDbVertex
100
AcDb3dPolylineVertex
 10
181.6559209878111
 20
2.05704724509269
 30
1035.0
 70
32
  0
VERTEX
  5
BC7
330
17
100
AcDbEntity
  8
TOPO-CONTOUR-MAJOR
100
AcDbVertex
100
AcDb3dPolylineVertex
 10
189.83896983036493
 20
-2.251133881519703
 30
1035.0
 70
32
  0
VERTEX
  5
BC8
330
17
100
AcDbEntity
  8
TOPO-CONTOUR-MAJOR
100
AcDbVertex
100
AcDb3dPolylineVertex
 10
194.87704246241015
 20
-5.746129956240985
 30
1035.0
 70
32
  0
VERTEX
  5
BC9
330
17
100
AcDbEntity
  8
TOPO-CONTOUR-MAJOR
100
AcDbVertex
100
AcDb3dPolylineVertex
 10
199.65638711569852
 20
-8.019098018296063
 30
1035.0
 70
32
  0
VERTEX
  5
BCA
330
17
100
AcDbEntity
  8
TOPO-CONTOUR-MAJOR
100
AcDbVertex
100
AcDb3dPolylineVertex
 10
202.9379586736826
 20
-8.601697279698008
 30
1035.0
 70
32
  0
VERTEX
  5
BCB
330
17
100
AcDbEntity
  8
TOPO-CONTOUR-MAJOR
100
AcDbVertex
100
AcDb3dPolylineVertex
 10
208.98364583213686
 20
-8.889946625955156
 30
1035.0
 70
32
  0
VERTEX
  5
BCC
330
17
100
AcDbEntity
  8
TOPO-CONTOUR-MAJOR
100
AcDbVertex
100
AcDb3dPolylineVertex
 10
210.99887488495494
 20
-8.31068491581948
 30
1035.0
 70
32
  0
VERTEX
  5
BCD
330
17
100
AcDbEntity
  8
TOPO-CONTOUR-MAJOR
100
AcDbVertex
100
AcDb3dPolylineVertex
 10
212.7339874849328
 20
-7.011483492329717
 30
1035.0
 70
32
  0
VERTEX
  5
BCE
330
17
100
AcDbEntity
  8
TOPO-CONTOUR-MAJOR
100
AcDbVertex
100
AcDb3dPolylineVertex
 10
214.37579496417823
 20
-2.9810253866016865
 30
1035.0
 70
32
  0
VERTEX
  5
BCF
330
17
100
AcDbEntity
  8
TOPO-CONTOUR-MAJOR
100
AcDbVertex
100
AcDb3dPolylineVertex
 10
214.4258773194208
 20
0.04181819222867489
 30
1035.0
 70
32
  0
VERTEX
  5
BD0
330
17
100
AcDbEntity
  8
TOPO-CONTOUR-MAJOR
100
AcDbVertex
100
AcDb3dPolylineVertex
 10
213.12146559347445
 20
4.072276297956705
 30
1035.0
 70
32
  0
VERTEX
  5
BD1
330
17
100
AcDbEntity
  8
TOPO-CONTOUR-MAJOR
100
AcDbVertex
100
AcDb3dPolylineVertex
 10
209.13130965510464
 20
13.140807036310434
 30
1035.0
 70
32
  0
VERTEX
  5
BD2
330
17
100
AcDbEntity
  8
TOPO-CONTOUR-MAJOR
100
AcDbVertex
100
AcDb3dPolylineVertex
 10
207.30626124911714
 20
18.17887966800481
 30
1035.0
 70
32
  0
VERTEX
  5
BD3
330
17
100
AcDbEntity
  8
TOPO-CONTOUR-MAJOR
100
AcDbVertex
100
AcDb3dPolylineVertex
 10
207.1900251591063
 20
19.18649419490248
 30
1035.0
 70
32
  0
VERTEX
  5
BD4
330
17
100
AcDbEntity
  8
TOPO-CONTOUR-MAJOR
100
AcDbVertex
100
AcDb3dPolylineVertex
 10
208.29720347184872
 20
23.216952299699187
 30
1035.0
 70
32
  0
VERTEX
  5
BD5
330
17
100
AcDbEntity
  8
TOPO-CONTOUR-MAJOR
100
AcDbVertex
100
AcDb3dPolylineVertex
 10
208.27245605752614
 20
24.224566826596856
 30
1035.0
 70
32
  0
VERTEX
  5
BD6
330
17
100
AcDbEntity
  8
TOPO-CONTOUR-MAJOR
100
AcDbVertex
100
AcDb3dPolylineVertex
 10
204.07914452319758
 20
32.28548303805292
 30
1035.0
 70
32
  0
VERTEX
  5
BD7
330
17
100
AcDbEntity
  8
TOPO-CONTOUR-MAJOR
100
AcDbVertex
100
AcDb3dPolylineVertex
 10
198.90750056804632
 20
39.01670013025845
 30
1035.0
 70
32
  0
VERTEX
  5
BD8
330
17
100
AcDbEntity
  8
TOPO-CONTOUR-MAJOR
100
AcDbVertex
100
AcDb3dPolylineVertex
 10
198.28224642674155
 20
41.35401377547532
 30
1035.0
 70
32
  0
VERTEX
  5
BD9
330
17
100
AcDbEntity
  8
TOPO-CONTOUR-MAJOR
100
AcDbVertex
100
AcDb3dPolylineVertex
 10
199.32623604436986
 20
45.38447188120335
 30
1035.0
 70
32
  0
VERTEX
  5
BDA
330
17
100
AcDbEntity
  8
TOPO-CONTOUR-MAJOR
100
AcDbVertex
100
AcDb3dPolylineVertex
 10
201.16698069055576
 20
48.407315460033715
 30
1035.0
 70
32
  0
VERTEX
  5
BDB
330
17
100
AcDbEntity
  8
TOPO-CONTOUR-MAJOR
100
AcDbVertex
100
AcDb3dPolylineVertex
 10
204.51567327612054
 20
55.46061714552343
 30
1035.0
 70
32
  0
VERTEX
  5
BDC
330
17
100
AcDbEntity
  8
TOPO-CONTOUR-MAJOR
100
AcDbVertex
100
AcDb3dPolylineVertex
 10
206.30147934731966
 20
58.48346072435379
 30
1035.0
 70
32
  0
VERTEX
  5
BDD
330
17
100
AcDbEntity
  8
TOPO-CONTOUR-MAJOR
100
AcDbVertex
100
AcDb3dPolylineVertex
 10
207.97603130572782
 20
60.777152999771246
 30
1035.0
 70
32
  0
VERTEX
  5
BDE
330
17
100
AcDbEntity
  8
TOPO-CONTOUR-MAJOR
100
AcDbVertex
100
AcDb3dPolylineVertex
 10
212.33734172577869
 20
65.53676240891218
 30
1035.0
 70
32
  0
VERTEX
  5
BDF
330
17
100
AcDbEntity
  8
TOPO-CONTOUR-MAJOR
100
AcDbVertex
100
AcDb3dPolylineVertex
 10
213.53704831193568
 20
66.54437693580985
 30
1035.0
 70
32
  0
VERTEX
  5
BE0
330
17
100
AcDbEntity
  8
TOPO-CONTOUR-MAJOR
100
AcDbVertex
100
AcDb3dPolylineVertex
 10
215.7062300127622
 20
67.5519914617762
 30
1035.0
 70
32
  0
SEQEND
  5
B69
330
B68
100
AcDbEntity
  8
TOPO-CONTOUR-MAJOR
  0
POLYLINE
  5
BE1
330
17
100
AcDbEntity
  8
TOPO-CONTOUR-MAJOR
100
AcDb3dPolyline
 66
1
 10
0.0
 20
0.0
 30
0.0
 70
8
  0
VERTEX
  5
BE3
330
17
100
AcDbEntity
  8
TOPO-CONTOUR-MAJOR
100
AcDbVertex
100
AcDb3dPolylineVertex
 10
172.04492604680095
 20
62.51391883008182
 30
1035.0
 70
32
  0
VERTEX
  5
BE4
330
17
100
AcDbEntity
  8
TOPO-CONTOUR-MAJOR
100
AcDbVertex
100
AcDb3dPolylineVertex
 10
172.7095228814112
 20
63.238668272703265
 30
1035.0
 70
32
  0
VERTEX
  5
BE5
330
17
100
AcDbEntity
  8
TOPO-CONTOUR-MAJOR
100
AcDbVertex
100
AcDb3dPolylineVertex
 10
173.71713740782025
 20
62.52443093096402
 30
1035.0
 70
32
  0
VERTEX
  5
BE6
330
17
100
AcDbEntity
  8
TOPO-CONTOUR-MAJOR
100
AcDbVertex
100
AcDb3dPolylineVertex
 10
174.34104227111965
 20
60.498689777217805
 30
1035.0
 70
32
  0
VERTEX
  5
BE7
330
17
100
AcDbEntity
  8
TOPO-CONTOUR-MAJOR
100
AcDbVertex
100
AcDb3dPolylineVertex
 10
173.71713740782025
 20
59.11861758537788
 30
1035.0
 70
32
  0
VERTEX
  5
BE8
330
17
100
AcDbEntity
  8
TOPO-CONTOUR-MAJOR
100
AcDbVertex
100
AcDb3dPolylineVertex
 10
172.7095228814112
 20
59.09540268618603
 30
1035.0
 70
32
  0
VERTEX
  5
BE9
330
17
100
AcDbEntity
  8
TOPO-CONTOUR-MAJOR
100
AcDbVertex
100
AcDb3dPolylineVertex
 10
171.30643024504928
 20
60.498689777217805
 30
1035.0
 70
32
  0
VERTEX
  5
BEA
330
17
100
AcDbEntity
  8
TOPO-CONTOUR-MAJOR
100
AcDbVertex
100
AcDb3dPolylineVertex
 10
171.32631243934946
 20
61.50630430318415
 30
1035.0
 70
32
  0
VERTEX
  5
BEB
330
17
100
AcDbEntity
  8
TOPO-CONTOUR-MAJOR
100
AcDbVertex
100
AcDb3dPolylineVertex
 10
172.04492604680095
 20
62.51391883008182
 30
1035.0
 70
32
  0
SEQEND
  5
BE2
330
BE1
100
AcDbEntity
  8
TOPO-CONTOUR-MAJOR
  0
POLYLINE
  5
BEC
330
17
100
AcDbEntity
  8
TOPO-CONTOUR-MAJOR
100
AcDb3dPolyline
 66
1
 10
0.0
 20
0.0
 30
0.0
 70
8
  0
VERTEX
  5
BEE
330
17
100
AcDbEntity
  8
TOPO-CONTOUR-MAJOR
100
AcDbVertex
100
AcDb3dPolylineVertex
 10
62.6041865597711
 20
-26.1561594940722
 30
1035.0
 70
32
  0
VERTEX
  5
BEF
330
17
100
AcDbEntity
  8
TOPO-CONTOUR-MAJOR
100
AcDbVertex
100
AcDb3dPolylineVertex
 10
67.9176121348703
 20
-25.205395883210986
 30
1035.0
 70
32
  0
VERTEX
  5
BF0
330
17
100
AcDbEntity
  8
TOPO-CONTOUR-MAJOR
100
AcDbVertex
100
AcDb3dPolylineVertex
 10
69.93284118768838
 20
-25.554578265043816
 30
1035.0
 70
32
  0
VERTEX
  5
BF1
330
17
100
AcDbEntity
  8
TOPO-CONTOUR-MAJOR
100
AcDbVertex
100
AcDb3dPolylineVertex
 10
72.90746219833576
 20
-27.163774020038545
 30
1035.0
 70
32
  0
VERTEX
  5
BF2
330
17
100
AcDbEntity
  8
TOPO-CONTOUR-MAJOR
100
AcDbVertex
100
AcDb3dPolylineVertex
 10
73.96329929332455
 20
-28.098077894922916
 30
1035.0
 70
32
  0
VERTEX
  5
BF3
330
17
100
AcDbEntity
  8
TOPO-CONTOUR-MAJOR
100
AcDbVertex
100
AcDb3dPolylineVertex
 10
76.13214752378688
 20
-31.194232125766575
 30
1035.0
 70
32
  0
VERTEX
  5
BF4
330
17
100
AcDbEntity
  8
TOPO-CONTOUR-MAJOR
100
AcDbVertex
100
AcDb3dPolylineVertex
 10
76.51863789018631
 20
-32.201846652664244
 30
1035.0
 70
32
  0
VERTEX
  5
BF5
330
17
100
AcDbEntity
  8
TOPO-CONTOUR-MAJOR
100
AcDbVertex
100
AcDb3dPolylineVertex
 10
75.32926911052921
 20
-36.232304758392274
 30
1035.0
 70
32
  0
VERTEX
  5
BF6
330
17
100
AcDbEntity
  8
TOPO-CONTOUR-MAJOR
100
AcDbVertex
100
AcDb3dPolylineVertex
 10
74.85212310491117
 20
-40.262762864120305
 30
1035.0
 70
32
  0
VERTEX
  5
BF7
330
17
100
AcDbEntity
  8
TOPO-CONTOUR-MAJOR
100
AcDbVertex
100
AcDb3dPolylineVertex
 10
76.20148747637964
 20
-49.33129360154271
 30
1035.0
 70
32
  0
VERTEX
  5
BF8
330
17
100
AcDbEntity
  8
TOPO-CONTOUR-MAJOR
100
AcDbVertex
100
AcDb3dPolylineVertex
 10
75.14959587593623
 20
-53.36175170727074
 30
1035.0
 70
32
  0
VERTEX
  5
BF9
330
17
100
AcDbEntity
  8
TOPO-CONTOUR-MAJOR
100
AcDbVertex
100
AcDb3dPolylineVertex
 10
75.15205265673156
 20
-54.36936623323709
 30
1035.0
 70
32
  0
VERTEX
  5
BFA
330
17
100
AcDbEntity
  8
TOPO-CONTOUR-MAJOR
100
AcDbVertex
100
AcDb3dPolylineVertex
 10
77.06411243970555
 20
-59.40743886586279
 30
1035.0
 70
32
  0
VERTEX
  5
BFB
330
17
100
AcDbEntity
  8
TOPO-CONTOUR-MAJOR
100
AcDbVertex
100
AcDb3dPolylineVertex
 10
77.05925037362235
 20
-63.437896970659494
 30
1035.0
 70
32
  0
VERTEX
  5
BFC
330
17
100
AcDbEntity
  8
TOPO-CONTOUR-MAJOR
100
AcDbVertex
100
AcDb3dPolylineVertex
 10
74.84160501987104
 20
-69.48358412925154
 30
1035.0
 70
32
  0
VERTEX
  5
BFD
330
17
100
AcDbEntity
  8
TOPO-CONTOUR-MAJOR
100
AcDbVertex
100
AcDb3dPolylineVertex
 10
71.36189978872834
 20
-75.52927128784359
 30
1035.0
 70
32
  0
VERTEX
  5
BFE
330
17
100
AcDbEntity
  8
TOPO-CONTOUR-MAJOR
100
AcDbVertex
100
AcDb3dPolylineVertex
 10
66.92798038402718
 20
-84.59780202526599
 30
1035.0
 70
32
  0
VERTEX
  5
BFF
330
17
100
AcDbEntity
  8
TOPO-CONTOUR-MAJOR
100
AcDbVertex
100
AcDb3dPolylineVertex
 10
65.45882361859377
 20
-86.61303107813
 30
1035.0
 70
32
  0
VERTEX
  5
C00
330
17
100
AcDbEntity
  8
TOPO-CONTOUR-MAJOR
100
AcDbVertex
100
AcDb3dPolylineVertex
 10
65.18169810558005
 20
-87.62064560502768
 30
1035.0
 70
32
  0
VERTEX
  5
C01
330
17
100
AcDbEntity
  8
TOPO-CONTOUR-MAJOR
100
AcDbVertex
100
AcDb3dPolylineVertex
 10
65.57165105280004
 20
-92.65871823672205
 30
1035.0
 70
32
  0
VERTEX
  5
C02
330
17
100
AcDbEntity
  8
TOPO-CONTOUR-MAJOR
100
AcDbVertex
100
AcDb3dPolylineVertex
 10
65.0233830757897
 20
-94.67394728958607
 30
1035.0
 70
32
  0
VERTEX
  5
C03
330
17
100
AcDbEntity
  8
TOPO-CONTOUR-MAJOR
100
AcDbVertex
100
AcDb3dPolylineVertex
 10
63.887154029234125
 20
-95.82605878330573
 30
1035.0
 70
32
  0
VERTEX
  5
C04
330
17
100
AcDbEntity
  8
TOPO-CONTOUR-MAJOR
100
AcDbVertex
100
AcDb3dPolylineVertex
 10
62.87953950282508
 20
-96.0197249482531
 30
1035.0
 70
32
  0
VERTEX
  5
C05
330
17
100
AcDbEntity
  8
TOPO-CONTOUR-MAJOR
100
AcDbVertex
100
AcDb3dPolylineVertex
 10
61.246643074504185
 20
-95.68156181648374
 30
1035.0
 70
32
  0
VERTEX
  5
C06
330
17
100
AcDbEntity
  8
TOPO-CONTOUR-MAJOR
100
AcDbVertex
100
AcDb3dPolylineVertex
 10
59.16985673909522
 20
-94.67394728958607
 30
1035.0
 70
32
  0
VERTEX
  5
C07
330
17
100
AcDbEntity
  8
TOPO-CONTOUR-MAJOR
100
AcDbVertex
100
AcDb3dPolylineVertex
 10
57.88499246825907
 20
-93.6663327636197
 30
1035.0
 70
32
  0
VERTEX
  5
C08
330
17
100
AcDbEntity
  8
TOPO-CONTOUR-MAJOR
100
AcDbVertex
100
AcDb3dPolylineVertex
 10
57.044189502510406
 20
-91.65110371075569
 30
1035.0
 70
32
  0
VERTEX
  5
C09
330
17
100
AcDbEntity
  8
TOPO-CONTOUR-MAJOR
100
AcDbVertex
100
AcDb3dPolylineVertex
 10
55.82623781796178
 20
-91.1845344362819
 30
1035.0
 70
32
  0
VERTEX
  5
C0A
330
17
100
AcDbEntity
  8
TOPO-CONTOUR-MAJOR
100
AcDbVertex
100
AcDb3dPolylineVertex
 10
53.77194247123391
 20
-91.6511037107557
 30
1035.0
 70
32
  0
VERTEX
  5
C0B
330
17
100
AcDbEntity
  8
TOPO-CONTOUR-MAJOR
100
AcDbVertex
100
AcDb3dPolylineVertex
 10
50.78816518591657
 20
-94.1462029119638
 30
1035.0
 70
32
  0
VERTEX
  5
C0C
330
17
100
AcDbEntity
  8
TOPO-CONTOUR-MAJOR
100
AcDbVertex
100
AcDb3dPolylineVertex
 10
43.73486350105327
 20
-96.55660471445269
 30
1035.0
 70
32
  0
VERTEX
  5
C0D
330
17
100
AcDbEntity
  8
TOPO-CONTOUR-MAJOR
100
AcDbVertex
100
AcDb3dPolylineVertex
 10
40.71201992182603
 20
-96.67044792114343
 30
1035.0
 70
32
  0
VERTEX
  5
C0E
330
17
100
AcDbEntity
  8
TOPO-CONTOUR-MAJOR
100
AcDbVertex
100
AcDb3dPolylineVertex
 10
36.681561816189856
 20
-95.53685164893392
 30
1035.0
 70
32
  0
VERTEX
  5
C0F
330
17
100
AcDbEntity
  8
TOPO-CONTOUR-MAJOR
100
AcDbVertex
100
AcDb3dPolylineVertex
 10
35.67394728978081
 20
-95.52923193085383
 30
1035.0
 70
32
  0
VERTEX
  5
C10
330
17
100
AcDbEntity
  8
TOPO-CONTOUR-MAJOR
100
AcDbVertex
100
AcDb3dPolylineVertex
 10
35.31925307371239
 20
-95.68156181648374
 30
1035.0
 70
32
  0
VERTEX
  5
C11
330
17
100
AcDbEntity
  8
TOPO-CONTOUR-MAJOR
100
AcDbVertex
100
AcDb3dPolylineVertex
 10
34.23639577660302
 20
-97.69679086934775
 30
1035.0
 70
32
  0
VERTEX
  5
C12
330
17
100
AcDbEntity
  8
TOPO-CONTOUR-MAJOR
100
AcDbVertex
100
AcDb3dPolylineVertex
 10
32.651103710553684
 20
-98.00614691463463
 30
1035.0
 70
32
  0
VERTEX
  5
C13
330
17
100
AcDbEntity
  8
TOPO-CONTOUR-MAJOR
100
AcDbVertex
100
AcDb3dPolylineVertex
 10
31.855013947435307
 20
-97.69679086934775
 30
1035.0
 70
32
  0
VERTEX
  5
C14
330
17
100
AcDbEntity
  8
TOPO-CONTOUR-MAJOR
100
AcDbVertex
100
AcDb3dPolylineVertex
 10
31.632088128646302
 20
-96.68917634245008
 30
1035.0
 70
32
  0
VERTEX
  5
C15
330
17
100
AcDbEntity
  8
TOPO-CONTOUR-MAJOR
100
AcDbVertex
100
AcDb3dPolylineVertex
 10
32.477570498438034
 20
-92.65871823672205
 30
1035.0
 70
32
  0
VERTEX
  5
C16
330
17
100
AcDbEntity
  8
TOPO-CONTOUR-MAJOR
100
AcDbVertex
100
AcDb3dPolylineVertex
 10
33.93338618703425
 20
-88.62826013099404
 30
1035.0
 70
32
  0
VERTEX
  5
C17
330
17
100
AcDbEntity
  8
TOPO-CONTOUR-MAJOR
100
AcDbVertex
100
AcDb3dPolylineVertex
 10
33.78013672835912
 20
-86.61303107813
 30
1035.0
 70
32
  0
VERTEX
  5
C18
330
17
100
AcDbEntity
  8
TOPO-CONTOUR-MAJOR
100
AcDbVertex
100
AcDb3dPolylineVertex
 10
33.25775961630342
 20
-85.60541655216366
 30
1035.0
 70
32
  0
VERTEX
  5
C19
330
17
100
AcDbEntity
  8
TOPO-CONTOUR-MAJOR
100
AcDbVertex
100
AcDb3dPolylineVertex
 10
31.64348918414464
 20
-84.24038192236257
 30
1035.0
 70
32
  0
VERTEX
  5
C1A
330
17
100
AcDbEntity
  8
TOPO-CONTOUR-MAJOR
100
AcDbVertex
100
AcDb3dPolylineVertex
 10
27.61303107850847
 20
-82.07045196227331
 30
1035.0
 70
32
  0
VERTEX
  5
C1B
330
17
100
AcDbEntity
  8
TOPO-CONTOUR-MAJOR
100
AcDbVertex
100
AcDb3dPolylineVertex
 10
24.590187499281228
 20
-81.01045608602432
 30
1035.0
 70
32
  0
VERTEX
  5
C1C
330
17
100
AcDbEntity
  8
TOPO-CONTOUR-MAJOR
100
AcDbVertex
100
AcDb3dPolylineVertex
 10
20.36259417314433
 20
-80.56734392046928
 30
1035.0
 70
32
  0
VERTEX
  5
C1D
330
17
100
AcDbEntity
  8
TOPO-CONTOUR-MAJOR
100
AcDbVertex
100
AcDb3dPolylineVertex
 10
19.72511858504054
 20
-79.55972939357162
 30
1035.0
 70
32
  0
VERTEX
  5
C1E
330
17
100
AcDbEntity
  8
TOPO-CONTOUR-MAJOR
100
AcDbVertex
100
AcDb3dPolylineVertex
 10
21.0024341786919
 20
-77.5445003407076
 30
1035.0
 70
32
  0
VERTEX
  5
C1F
330
17
100
AcDbEntity
  8
TOPO-CONTOUR-MAJOR
100
AcDbVertex
100
AcDb3dPolylineVertex
 10
21.635250829570992
 20
-75.52927128784359
 30
1035.0
 70
32
  0
VERTEX
  5
C20
330
17
100
AcDbEntity
  8
TOPO-CONTOUR-MAJOR
100
AcDbVertex
100
AcDb3dPolylineVertex
 10
21.315190640116807
 20
-70.49119865614921
 30
1035.0
 70
32
  0
VERTEX
  5
C21
330
17
100
AcDbEntity
  8
TOPO-CONTOUR-MAJOR
100
AcDbVertex
100
AcDb3dPolylineVertex
 10
21.58982683883074
 20
-67.46835507638752
 30
1035.0
 70
32
  0
VERTEX
  5
C22
330
17
100
AcDbEntity
  8
TOPO-CONTOUR-MAJOR
100
AcDbVertex
100
AcDb3dPolylineVertex
 10
22.916071988545347
 20
-65.45312602352351
 30
1035.0
 70
32
  0
VERTEX
  5
C23
330
17
100
AcDbEntity
  8
TOPO-CONTOUR-MAJOR
100
AcDbVertex
100
AcDb3dPolylineVertex
 10
28.495711793049747
 20
-60.41505339182913
 30
1035.0
 70
32
  0
VERTEX
  5
C24
330
17
100
AcDbEntity
  8
TOPO-CONTOUR-MAJOR
100
AcDbVertex
100
AcDb3dPolylineVertex
 10
30.308812671868825
 20
-52.35413718037307
 30
1035.0
 70
32
  0
VERTEX
  5
C25
330
17
100
AcDbEntity
  8
TOPO-CONTOUR-MAJOR
100
AcDbVertex
100
AcDb3dPolylineVertex
 10
31.935139464464932
 20
-48.32367907464504
 30
1035.0
 70
32
  0
VERTEX
  5
C26
330
17
100
AcDbEntity
  8
TOPO-CONTOUR-MAJOR
100
AcDbVertex
100
AcDb3dPolylineVertex
 10
33.30246257667078
 20
-46.30845002178103
 30
1035.0
 70
32
  0
VERTEX
  5
C27
330
17
100
AcDbEntity
  8
TOPO-CONTOUR-MAJOR
100
AcDbVertex
100
AcDb3dPolylineVertex
 10
36.35764568234352
 20
-43.285606442950666
 30
1035.0
 70
32
  0
VERTEX
  5
C28
330
17
100
AcDbEntity
  8
TOPO-CONTOUR-MAJOR
100
AcDbVertex
100
AcDb3dPolylineVertex
 10
40.71201992182603
 20
-38.16654426687349
 30
1035.0
 70
32
  0
VERTEX
  5
C29
330
17
100
AcDbEntity
  8
TOPO-CONTOUR-MAJOR
100
AcDbVertex
100
AcDb3dPolylineVertex
 10
43.73486350105327
 20
-35.71610420214785
 30
1035.0
 70
32
  0
VERTEX
  5
C2A
330
17
100
AcDbEntity
  8
TOPO-CONTOUR-MAJOR
100
AcDbVertex
100
AcDb3dPolylineVertex
 10
49.780550659507526
 20
-33.72469624864048
 30
1035.0
 70
32
  0
VERTEX
  5
C2B
330
17
100
AcDbEntity
  8
TOPO-CONTOUR-MAJOR
100
AcDbVertex
100
AcDb3dPolylineVertex
 10
54.1460060291237
 20
-31.194232125766575
 30
1035.0
 70
32
  0
VERTEX
  5
C2C
330
17
100
AcDbEntity
  8
TOPO-CONTOUR-MAJOR
100
AcDbVertex
100
AcDb3dPolylineVertex
 10
58.84908139718891
 20
-27.426706441203645
 30
1035.0
 70
32
  0
VERTEX
  5
C2D
330
17
100
AcDbEntity
  8
TOPO-CONTOUR-MAJOR
100
AcDbVertex
100
AcDb3dPolylineVertex
 10
62.6041865597711
 20
-26.1561594940722
 30
1035.0
 70
32
  0
SEQEND
  5
BED
330
BEC
100
AcDbEntity
  8
TOPO-CONTOUR-MAJOR
  0
POLYLINE
  5
C2E
330
17
100
AcDbEntity
  8
TOPO-CONTOUR-MAJOR
100
AcDb3dPolyline
 66
1
 10
0.0
 20
0.0
 30
0.0
 70
8
  0
VERTEX
  5
C30
330
17
100
AcDbEntity
  8
TOPO-CONTOUR-MAJOR
100
AcDbVertex
100
AcDb3dPolylineVertex
 10
104.64498362652586
 20
-65.45312602352351
 30
1035.0
 70
32
  0
VERTEX
  5
C31
330
17
100
AcDbEntity
  8
TOPO-CONTOUR-MAJOR
100
AcDbVertex
100
AcDb3dPolylineVertex
 10
106.20696413841414
 20
-64.71783216541975
 30
1035.0
 70
32
  0
VERTEX
  5
C32
330
17
100
AcDbEntity
  8
TOPO-CONTOUR-MAJOR
100
AcDbVertex
100
AcDb3dPolylineVertex
 10
109.22980771764128
 20
-65.22554944997464
 30
1035.0
 70
32
  0
VERTEX
  5
C33
330
17
100
AcDbEntity
  8
TOPO-CONTOUR-MAJOR
100
AcDbVertex
100
AcDb3dPolylineVertex
 10
118.4881914676622
 20
-70.49119865614921
 30
1035.0
 70
32
  0
VERTEX
  5
C34
330
17
100
AcDbEntity
  8
TOPO-CONTOUR-MAJOR
100
AcDbVertex
100
AcDb3dPolylineVertex
 10
122.32879656095884
 20
-73.07482782791271
 30
1035.0
 70
32
  0
VERTEX
  5
C35
330
17
100
AcDbEntity
  8
TOPO-CONTOUR-MAJOR
100
AcDbVertex
100
AcDb3dPolylineVertex
 10
129.96077440698645
 20
-79.55972939357162
 30
1035.0
 70
32
  0
VERTEX
  5
C36
330
17
100
AcDbEntity
  8
TOPO-CONTOUR-MAJOR
100
AcDbVertex
100
AcDb3dPolylineVertex
 10
132.88637336130705
 20
-82.5825729733333
 30
1035.0
 70
32
  0
VERTEX
  5
C37
330
17
100
AcDbEntity
  8
TOPO-CONTOUR-MAJOR
100
AcDbVertex
100
AcDb3dPolylineVertex
 10
134.69898332973762
 20
-85.60541655216366
 30
1035.0
 70
32
  0
VERTEX
  5
C38
330
17
100
AcDbEntity
  8
TOPO-CONTOUR-MAJOR
100
AcDbVertex
100
AcDb3dPolylineVertex
 10
135.23697041917958
 20
-88.62826013099402
 30
1035.0
 70
32
  0
VERTEX
  5
C39
330
17
100
AcDbEntity
  8
TOPO-CONTOUR-MAJOR
100
AcDbVertex
100
AcDb3dPolylineVertex
 10
134.42017087786735
 20
-89.5416343265197
 30
1035.0
 70
32
  0
VERTEX
  5
C3A
330
17
100
AcDbEntity
  8
TOPO-CONTOUR-MAJOR
100
AcDbVertex
100
AcDb3dPolylineVertex
 10
131.39732729864022
 20
-86.39084061482973
 30
1035.0
 70
32
  0
VERTEX
  5
C3B
330
17
100
AcDbEntity
  8
TOPO-CONTOUR-MAJOR
100
AcDbVertex
100
AcDb3dPolylineVertex
 10
129.38209824582214
 20
-84.92970617232439
 30
1035.0
 70
32
  0
VERTEX
  5
C3C
330
17
100
AcDbEntity
  8
TOPO-CONTOUR-MAJOR
100
AcDbVertex
100
AcDb3dPolylineVertex
 10
122.32879656095884
 20
-82.75477974996113
 30
1035.0
 70
32
  0
VERTEX
  5
C3D
330
17
100
AcDbEntity
  8
TOPO-CONTOUR-MAJOR
100
AcDbVertex
100
AcDb3dPolylineVertex
 10
121.32118203454979
 20
-82.90499833474681
 30
1035.0
 70
32
  0
VERTEX
  5
C3E
330
17
100
AcDbEntity
  8
TOPO-CONTOUR-MAJOR
100
AcDbVertex
100
AcDb3dPolylineVertex
 10
120.80063625638113
 20
-84.59780202526599
 30
1035.0
 70
32
  0
VERTEX
  5
C3F
330
17
100
AcDbEntity
  8
TOPO-CONTOUR-MAJOR
100
AcDbVertex
100
AcDb3dPolylineVertex
 10
120.31356750814075
 20
-84.77935543943724
 30
1035.0
 70
32
  0
VERTEX
  5
C40
330
17
100
AcDbEntity
  8
TOPO-CONTOUR-MAJOR
100
AcDbVertex
100
AcDb3dPolylineVertex
 10
118.29833845532266
 20
-84.72569475855454
 30
1035.0
 70
32
  0
VERTEX
  5
C41
330
17
100
AcDbEntity
  8
TOPO-CONTOUR-MAJOR
100
AcDbVertex
100
AcDb3dPolylineVertex
 10
117.29072392891362
 20
-84.25317665485713
 30
1035.0
 70
32
  0
VERTEX
  5
C42
330
17
100
AcDbEntity
  8
TOPO-CONTOUR-MAJOR
100
AcDbVertex
100
AcDb3dPolylineVertex
 10
116.47453676838387
 20
-83.59018749929965
 30
1035.0
 70
32
  0
VERTEX
  5
C43
330
17
100
AcDbEntity
  8
TOPO-CONTOUR-MAJOR
100
AcDbVertex
100
AcDb3dPolylineVertex
 10
116.0709214002905
 20
-81.57495844643563
 30
1035.0
 70
32
  0
VERTEX
  5
C44
330
17
100
AcDbEntity
  8
TOPO-CONTOUR-MAJOR
100
AcDbVertex
100
AcDb3dPolylineVertex
 10
114.76133812922296
 20
-79.55972939357162
 30
1035.0
 70
32
  0
VERTEX
  5
C45
330
17
100
AcDbEntity
  8
TOPO-CONTOUR-MAJOR
100
AcDbVertex
100
AcDb3dPolylineVertex
 10
109.22980771764128
 20
-74.80937837500298
 30
1035.0
 70
32
  0
VERTEX
  5
C46
330
17
100
AcDbEntity
  8
TOPO-CONTOUR-MAJOR
100
AcDbVertex
100
AcDb3dPolylineVertex
 10
105.24012627349282
 20
-70.49119865614921
 30
1035.0
 70
32
  0
VERTEX
  5
C47
330
17
100
AcDbEntity
  8
TOPO-CONTOUR-MAJOR
100
AcDbVertex
100
AcDb3dPolylineVertex
 10
104.14460789082109
 20
-68.4759696032852
 30
1035.0
 70
32
  0
VERTEX
  5
C48
330
17
100
AcDbEntity
  8
TOPO-CONTOUR-MAJOR
100
AcDbVertex
100
AcDb3dPolylineVertex
 10
103.92709328502923
 20
-67.46835507638752
 30
1035.0
 70
32
  0
VERTEX
  5
C49
330
17
100
AcDbEntity
  8
TOPO-CONTOUR-MAJOR
100
AcDbVertex
100
AcDb3dPolylineVertex
 10
104.01778357530988
 20
-66.46074055042118
 30
1035.0
 70
32
  0
VERTEX
  5
C4A
330
17
100
AcDbEntity
  8
TOPO-CONTOUR-MAJOR
100
AcDbVertex
100
AcDb3dPolylineVertex
 10
104.64498362652586
 20
-65.45312602352351
 30
1035.0
 70
32
  0
SEQEND
  5
C2F
330
C2E
100
AcDbEntity
  8
TOPO-CONTOUR-MAJOR
  0
POLYLINE
  5
C4B
330
17
100
AcDbEntity
  8
TOPO-CONTOUR-MAJOR
100
AcDb3dPolyline
 66
1
 10
0.0
 20
0.0
 30
0.0
 70
8
  0
VERTEX
  5
C4D
330
17
100
AcDbEntity
  8
TOPO-CONTOUR-MAJOR
100
AcDbVertex
100
AcDb3dPolylineVertex
 10
-31.01922066481914
 20
-81.57495844643563
 30
1035.0
 70
32
  0
VERTEX
  5
C4E
330
17
100
AcDbEntity
  8
TOPO-CONTOUR-MAJOR
100
AcDbVertex
100
AcDb3dPolylineVertex
 10
-29.707333261330724
 20
-81.57495844643563
 30
1035.0
 70
32
  0
VERTEX
  5
C4F
330
17
100
AcDbEntity
  8
TOPO-CONTOUR-MAJOR
100
AcDbVertex
100
AcDb3dPolylineVertex
 10
-29.417779427655063
 20
-82.5825729733333
 30
1035.0
 70
32
  0
VERTEX
  5
C50
330
17
100
AcDbEntity
  8
TOPO-CONTOUR-MAJOR
100
AcDbVertex
100
AcDb3dPolylineVertex
 10
-29.820996926807197
 20
-83.09637963718941
 30
1035.0
 70
32
  0
VERTEX
  5
C51
330
17
100
AcDbEntity
  8
TOPO-CONTOUR-MAJOR
100
AcDbVertex
100
AcDb3dPolylineVertex
 10
-30.82861145321624
 20
-83.01534548451374
 30
1035.0
 70
32
  0
VERTEX
  5
C52
330
17
100
AcDbEntity
  8
TOPO-CONTOUR-MAJOR
100
AcDbVertex
100
AcDb3dPolylineVertex
 10
-31.348633365406588
 20
-82.5825729733333
 30
1035.0
 70
32
  0
VERTEX
  5
C53
330
17
100
AcDbEntity
  8
TOPO-CONTOUR-MAJOR
100
AcDbVertex
100
AcDb3dPolylineVertex
 10
-31.01922066481914
 20
-81.57495844643563
 30
1035.0
 70
32
  0
SEQEND
  5
C4C
330
C4B
100
AcDbEntity
  8
TOPO-CONTOUR-MAJOR
  0
POLYLINE
  5
C54
330
17
100
AcDbEntity
  8
TOPO-CONTOUR-MAJOR
100
AcDb3dPolyline
 66
1
 10
0.0
 20
0.0
 30
0.0
 70
8
  0
VERTEX
  5
C56
330
17
100
AcDbEntity
  8
TOPO-CONTOUR-MAJOR
100
AcDbVertex
100
AcDb3dPolylineVertex
 10
123.03994508952631
 20
-86.61303107813
 30
1035.0
 70
32
  0
VERTEX
  5
C57
330
17
100
AcDbEntity
  8
TOPO-CONTOUR-MAJOR
100
AcDbVertex
100
AcDb3dPolylineVertex
 10
123.33641108736788
 20
-86.38636037458495
 30
1035.0
 70
32
  0
VERTEX
  5
C58
330
17
100
AcDbEntity
  8
TOPO-CONTOUR-MAJOR
100
AcDbVertex
100
AcDb3dPolylineVertex
 10
124.34402561377692
 20
-87.07540945257281
 30
1035.0
 70
32
  0
VERTEX
  5
C59
330
17
100
AcDbEntity
  8
TOPO-CONTOUR-MAJOR
100
AcDbVertex
100
AcDb3dPolylineVertex
 10
125.35164014018596
 20
-89.2507352624491
 30
1035.0
 70
32
  0
VERTEX
  5
C5A
330
17
100
AcDbEntity
  8
TOPO-CONTOUR-MAJOR
100
AcDbVertex
100
AcDb3dPolylineVertex
 10
125.35164014018598
 20
-91.46716780418133
 30
1035.0
 70
32
  0
VERTEX
  5
C5B
330
17
100
AcDbEntity
  8
TOPO-CONTOUR-MAJOR
100
AcDbVertex
100
AcDb3dPolylineVertex
 10
124.34402561377692
 20
-93.1592158885731
 30
1035.0
 70
32
  0
VERTEX
  5
C5C
330
17
100
AcDbEntity
  8
TOPO-CONTOUR-MAJOR
100
AcDbVertex
100
AcDb3dPolylineVertex
 10
123.32472434191322
 20
-89.63587465789169
 30
1035.0
 70
32
  0
VERTEX
  5
C5D
330
17
100
AcDbEntity
  8
TOPO-CONTOUR-MAJOR
100
AcDbVertex
100
AcDb3dPolylineVertex
 10
123.03994508952631
 20
-86.61303107813
 30
1035.0
 70
32
  0
SEQEND
  5
C55
330
C54
100
AcDbEntity
  8
TOPO-CONTOUR-MAJOR
  0
POLYLINE
  5
C5E
330
17
100
AcDbEntity
  8
TOPO-CONTOUR-MAJOR
100
AcDb3dPolyline
 66
1
 10
0.0
 20
0.0
 30
0.0
 70
8
  0
VERTEX
  5
C60
330
17
100
AcDbEntity
  8
TOPO-CONTOUR-MAJOR
100
AcDbVertex
100
AcDb3dPolylineVertex
 10
144.92117972755776
 20
-89.63587465789169
 30
1035.0
 70
32
  0
VERTEX
  5
C61
330
17
100
AcDbEntity
  8
TOPO-CONTOUR-MAJOR
100
AcDbVertex
100
AcDb3dPolylineVertex
 10
145.50393066836693
 20
-89.10968085165969
 30
1035.0
 70
32
  0
VERTEX
  5
C62
330
17
100
AcDbEntity
  8
TOPO-CONTOUR-MAJOR
100
AcDbVertex
100
AcDb3dPolylineVertex
 10
146.51154519477598
 20
-88.950888685693
 30
1035.0
 70
32
  0
VERTEX
  5
C63
330
17
100
AcDbEntity
  8
TOPO-CONTOUR-MAJOR
100
AcDbVertex
100
AcDb3dPolylineVertex
 10
148.52677424759406
 20
-90.03281661850059
 30
1035.0
 70
32
  0
VERTEX
  5
C64
330
17
100
AcDbEntity
  8
TOPO-CONTOUR-MAJOR
100
AcDbVertex
100
AcDb3dPolylineVertex
 10
158.6029195116846
 20
-100.7895442647887
 30
1035.0
 70
32
  0
VERTEX
  5
C65
330
17
100
AcDbEntity
  8
TOPO-CONTOUR-MAJOR
100
AcDbVertex
100
AcDb3dPolylineVertex
 10
172.3432352885083
 20
-111.80339423846453
 30
1035.0
 70
32
  0
VERTEX
  5
C66
330
17
100
AcDbEntity
  8
TOPO-CONTOUR-MAJOR
100
AcDbVertex
100
AcDb3dPolylineVertex
 10
175.73236646063833
 20
-115.59583530621543
 30
1035.0
 70
32
  0
VERTEX
  5
C67
330
17
100
AcDbEntity
  8
TOPO-CONTOUR-MAJOR
100
AcDbVertex
100
AcDb3dPolylineVertex
 10
177.163488442548
 20
-117.84908139705658
 30
1035.0
 70
32
  0
VERTEX
  5
C68
330
17
100
AcDbEntity
  8
TOPO-CONTOUR-MAJOR
100
AcDbVertex
100
AcDb3dPolylineVertex
 10
178.11988696065305
 20
-120.87192497681826
 30
1035.0
 70
32
  0
VERTEX
  5
C69
330
17
100
AcDbEntity
  8
TOPO-CONTOUR-MAJOR
100
AcDbVertex
100
AcDb3dPolylineVertex
 10
178.19183026921388
 20
-121.87953950278461
 30
1035.0
 70
32
  0
VERTEX
  5
C6A
330
17
100
AcDbEntity
  8
TOPO-CONTOUR-MAJOR
100
AcDbVertex
100
AcDb3dPolylineVertex
 10
177.74759551345642
 20
-123.08382340480301
 30
1035.0
 70
32
  0
VERTEX
  5
C6B
330
17
100
AcDbEntity
  8
TOPO-CONTOUR-MAJOR
100
AcDbVertex
100
AcDb3dPolylineVertex
 10
175.70542853620063
 20
-120.87192497681826
 30
1035.0
 70
32
  0
VERTEX
  5
C6C
330
17
100
AcDbEntity
  8
TOPO-CONTOUR-MAJOR
100
AcDbVertex
100
AcDb3dPolylineVertex
 10
169.68667930218407
 20
-115.53393137932818
 30
1035.0
 70
32
  0
VERTEX
  5
C6D
330
17
100
AcDbEntity
  8
TOPO-CONTOUR-MAJOR
100
AcDbVertex
100
AcDb3dPolylineVertex
 10
161.62576309091173
 20
-109.8406532070616
 30
1035.0
 70
32
  0
VERTEX
  5
C6E
330
17
100
AcDbEntity
  8
TOPO-CONTOUR-MAJOR
100
AcDbVertex
100
AcDb3dPolylineVertex
 10
159.65595925197104
 20
-107.7729361327365
 30
1035.0
 70
32
  0
VERTEX
  5
C6F
330
17
100
AcDbEntity
  8
TOPO-CONTOUR-MAJOR
100
AcDbVertex
100
AcDb3dPolylineVertex
 10
156.8825711366387
 20
-103.74247802700847
 30
1035.0
 70
32
  0
VERTEX
  5
C70
330
17
100
AcDbEntity
  8
TOPO-CONTOUR-MAJOR
100
AcDbVertex
100
AcDb3dPolylineVertex
 10
155.0096224357826
 20
-101.72724897507578
 30
1035.0
 70
32
  0
VERTEX
  5
C71
330
17
100
AcDbEntity
  8
TOPO-CONTOUR-MAJOR
100
AcDbVertex
100
AcDb3dPolylineVertex
 10
152.55723235323023
 20
-99.47516195596387
 30
1035.0
 70
32
  0
VERTEX
  5
C72
330
17
100
AcDbEntity
  8
TOPO-CONTOUR-MAJOR
100
AcDbVertex
100
AcDb3dPolylineVertex
 10
146.05255756711102
 20
-94.67394728958607
 30
1035.0
 70
32
  0
VERTEX
  5
C73
330
17
100
AcDbEntity
  8
TOPO-CONTOUR-MAJOR
100
AcDbVertex
100
AcDb3dPolylineVertex
 10
145.28534094679623
 20
-93.66633276361972
 30
1035.0
 70
32
  0
VERTEX
  5
C74
330
17
100
AcDbEntity
  8
TOPO-CONTOUR-MAJOR
100
AcDbVertex
100
AcDb3dPolylineVertex
 10
144.50587135229165
 20
-91.6511037107557
 30
1035.0
 70
32
  0
VERTEX
  5
C75
330
17
100
AcDbEntity
  8
TOPO-CONTOUR-MAJOR
100
AcDbVertex
100
AcDb3dPolylineVertex
 10
144.48956402895865
 20
-90.64348918385804
 30
1035.0
 70
32
  0
VERTEX
  5
C76
330
17
100
AcDbEntity
  8
TOPO-CONTOUR-MAJOR
100
AcDbVertex
100
AcDb3dPolylineVertex
 10
144.92117972755776
 20
-89.63587465789169
 30
1035.0
 70
32
  0
SEQEND
  5
C5F
330
C5E
100
AcDbEntity
  8
TOPO-CONTOUR-MAJOR
  0
POLYLINE
  5
C77
330
17
100
AcDbEntity
  8
TOPO-CONTOUR-MAJOR
100
AcDb3dPolyline
 66
1
 10
0.0
 20
0.0
 30
0.0
 70
8
  0
VERTEX
  5
C79
330
17
100
AcDbEntity
  8
TOPO-CONTOUR-MAJOR
100
AcDbVertex
100
AcDb3dPolylineVertex
 10
-5.598681900612087
 20
-97.69679086934775
 30
1035.0
 70
32
  0
VERTEX
  5
C7A
330
17
100
AcDbEntity
  8
TOPO-CONTOUR-MAJOR
100
AcDbVertex
100
AcDb3dPolylineVertex
 10
-3.6230192401719705
 20
-97.63148533572236
 30
1035.0
 70
32
  0
VERTEX
  5
C7B
330
17
100
AcDbEntity
  8
TOPO-CONTOUR-MAJOR
100
AcDbVertex
100
AcDb3dPolylineVertex
 10
-1.607790187353885
 20
-98.17754844030154
 30
1035.0
 70
32
  0
VERTEX
  5
C7C
330
17
100
AcDbEntity
  8
TOPO-CONTOUR-MAJOR
100
AcDbVertex
100
AcDb3dPolylineVertex
 10
3.467048839800973
 20
-102.73486350104213
 30
1035.0
 70
32
  0
VERTEX
  5
C7D
330
17
100
AcDbEntity
  8
TOPO-CONTOUR-MAJOR
100
AcDbVertex
100
AcDb3dPolylineVertex
 10
15.521656761599843
 20
-110.62024184439176
 30
1035.0
 70
32
  0
VERTEX
  5
C7E
330
17
100
AcDbEntity
  8
TOPO-CONTOUR-MAJOR
100
AcDbVertex
100
AcDb3dPolylineVertex
 10
21.5673439200541
 20
-113.12172110599522
 30
1035.0
 70
32
  0
VERTEX
  5
C7F
330
17
100
AcDbEntity
  8
TOPO-CONTOUR-MAJOR
100
AcDbVertex
100
AcDb3dPolylineVertex
 10
25.59780202569027
 20
-114.35411698791613
 30
1035.0
 70
32
  0
VERTEX
  5
C80
330
17
100
AcDbEntity
  8
TOPO-CONTOUR-MAJOR
100
AcDbVertex
100
AcDb3dPolylineVertex
 10
38.69679086900794
 20
-119.26805108527273
 30
1035.0
 70
32
  0
VERTEX
  5
C81
330
17
100
AcDbEntity
  8
TOPO-CONTOUR-MAJOR
100
AcDbVertex
100
AcDb3dPolylineVertex
 10
44.742478027462305
 20
-123.07816934703655
 30
1035.0
 70
32
  0
VERTEX
  5
C82
330
17
100
AcDbEntity
  8
TOPO-CONTOUR-MAJOR
100
AcDbVertex
100
AcDb3dPolylineVertex
 10
52.803394238734654
 20
-126.77027182014709
 30
1035.0
 70
32
  0
VERTEX
  5
C83
330
17
100
AcDbEntity
  8
TOPO-CONTOUR-MAJOR
100
AcDbVertex
100
AcDb3dPolylineVertex
 10
58.84908139718891
 20
-130.10386645426536
 30
1035.0
 70
32
  0
VERTEX
  5
C84
330
17
100
AcDbEntity
  8
TOPO-CONTOUR-MAJOR
100
AcDbVertex
100
AcDb3dPolylineVertex
 10
64.89476855564317
 20
-132.19677066805102
 30
1035.0
 70
32
  0
VERTEX
  5
C85
330
17
100
AcDbEntity
  8
TOPO-CONTOUR-MAJOR
100
AcDbVertex
100
AcDb3dPolylineVertex
 10
66.03055249189946
 20
-132.96329929307103
 30
1035.0
 70
32
  0
VERTEX
  5
C86
330
17
100
AcDbEntity
  8
TOPO-CONTOUR-MAJOR
100
AcDbVertex
100
AcDb3dPolylineVertex
 10
66.19042448305164
 20
-133.9709138199687
 30
1035.0
 70
32
  0
VERTEX
  5
C87
330
17
100
AcDbEntity
  8
TOPO-CONTOUR-MAJOR
100
AcDbVertex
100
AcDb3dPolylineVertex
 10
65.55906825826713
 20
-134.97852834593505
 30
1035.0
 70
32
  0
VERTEX
  5
C88
330
17
100
AcDbEntity
  8
TOPO-CONTOUR-MAJOR
100
AcDbVertex
100
AcDb3dPolylineVertex
 10
64.89476855564317
 20
-135.36047365971424
 30
1035.0
 70
32
  0
VERTEX
  5
C89
330
17
100
AcDbEntity
  8
TOPO-CONTOUR-MAJOR
100
AcDbVertex
100
AcDb3dPolylineVertex
 10
62.87953950282508
 20
-135.83453409527831
 30
1035.0
 70
32
  0
VERTEX
  5
C8A
330
17
100
AcDbEntity
  8
TOPO-CONTOUR-MAJOR
100
AcDbVertex
100
AcDb3dPolylineVertex
 10
53.8110087651437
 20
-135.46126622427892
 30
1035.0
 70
32
  0
VERTEX
  5
C8B
330
17
100
AcDbEntity
  8
TOPO-CONTOUR-MAJOR
100
AcDbVertex
100
AcDb3dPolylineVertex
 10
49.78055065950753
 20
-134.82229981889049
 30
1035.0
 70
32
  0
VERTEX
  5
C8C
330
17
100
AcDbEntity
  8
TOPO-CONTOUR-MAJOR
100
AcDbVertex
100
AcDb3dPolylineVertex
 10
38.69679086900794
 20
-128.7806664978669
 30
1035.0
 70
32
  0
VERTEX
  5
C8D
330
17
100
AcDbEntity
  8
TOPO-CONTOUR-MAJOR
100
AcDbVertex
100
AcDb3dPolylineVertex
 10
29.628260131326556
 20
-126.22623217025671
 30
1035.0
 70
32
  0
VERTEX
  5
C8E
330
17
100
AcDbEntity
  8
TOPO-CONTOUR-MAJOR
100
AcDbVertex
100
AcDb3dPolylineVertex
 10
23.582572972872185
 20
-123.56295523998529
 30
1035.0
 70
32
  0
VERTEX
  5
C8F
330
17
100
AcDbEntity
  8
TOPO-CONTOUR-MAJOR
100
AcDbVertex
100
AcDb3dPolylineVertex
 10
14.5140422351908
 20
-120.29858378722996
 30
1035.0
 70
32
  0
VERTEX
  5
C90
330
17
100
AcDbEntity
  8
TOPO-CONTOUR-MAJOR
100
AcDbVertex
100
AcDb3dPolylineVertex
 10
5.445511497509415
 20
-116.35167749499554
 30
1035.0
 70
32
  0
VERTEX
  5
C91
330
17
100
AcDbEntity
  8
TOPO-CONTOUR-MAJOR
100
AcDbVertex
100
AcDb3dPolylineVertex
 10
1.4150533918732435
 20
-113.70428187307625
 30
1035.0
 70
32
  0
VERTEX
  5
C92
330
17
100
AcDbEntity
  8
TOPO-CONTOUR-MAJOR
100
AcDbVertex
100
AcDb3dPolylineVertex
 10
-3.4256328016916653
 20
-109.78816518560052
 30
1035.0
 70
32
  0
VERTEX
  5
C93
330
17
100
AcDbEntity
  8
TOPO-CONTOUR-MAJOR
100
AcDbVertex
100
AcDb3dPolylineVertex
 10
-7.958122638165477
 20
-104.75009255390614
 30
1035.0
 70
32
  0
VERTEX
  5
C94
330
17
100
AcDbEntity
  8
TOPO-CONTOUR-MAJOR
100
AcDbVertex
100
AcDb3dPolylineVertex
 10
-8.661891487620775
 20
-102.73486350104213
 30
1035.0
 70
32
  0
VERTEX
  5
C95
330
17
100
AcDbEntity
  8
TOPO-CONTOUR-MAJOR
100
AcDbVertex
100
AcDb3dPolylineVertex
 10
-8.935178766736318
 20
-99.71201992221177
 30
1035.0
 70
32
  0
VERTEX
  5
C96
330
17
100
AcDbEntity
  8
TOPO-CONTOUR-MAJOR
100
AcDbVertex
100
AcDb3dPolylineVertex
 10
-8.329816130940747
 20
-98.7044053953141
 30
1035.0
 70
32
  0
VERTEX
  5
C97
330
17
100
AcDbEntity
  8
TOPO-CONTOUR-MAJOR
100
AcDbVertex
100
AcDb3dPolylineVertex
 10
-5.598681900612087
 20
-97.69679086934775
 30
1035.0
 70
32
  0
SEQEND
  5
C78
330
C77
100
AcDbEntity
  8
TOPO-CONTOUR-MAJOR
  0
POLYLINE
  5
C98
330
17
100
AcDbEntity
  8
TOPO-CONTOUR-MAJOR
100
AcDb3dPolyline
 66
1
 10
0.0
 20
0.0
 30
0.0
 70
8
  0
VERTEX
  5
C9A
330
17
100
AcDbEntity
  8
TOPO-CONTOUR-MAJOR
100
AcDbVertex
100
AcDb3dPolylineVertex
 10
124.32948407408772
 20
-98.7044053953141
 30
1035.0
 70
32
  0
VERTEX
  5
C9B
330
17
100
AcDbEntity
  8
TOPO-CONTOUR-MAJOR
100
AcDbVertex
100
AcDb3dPolylineVertex
 10
124.34402561377692
 20
-98.06224550288006
 30
1035.0
 70
32
  0
VERTEX
  5
C9C
330
17
100
AcDbEntity
  8
TOPO-CONTOUR-MAJOR
100
AcDbVertex
100
AcDb3dPolylineVertex
 10
125.35164014018596
 20
-98.47855634520127
 30
1035.0
 70
32
  0
VERTEX
  5
C9D
330
17
100
AcDbEntity
  8
TOPO-CONTOUR-MAJOR
100
AcDbVertex
100
AcDb3dPolylineVertex
 10
125.35164014018596
 20
-101.74459841000647
 30
1035.0
 70
32
  0
VERTEX
  5
C9E
330
17
100
AcDbEntity
  8
TOPO-CONTOUR-MAJOR
100
AcDbVertex
100
AcDb3dPolylineVertex
 10
124.32948407408772
 20
-98.7044053953141
 30
1035.0
 70
32
  0
SEQEND
  5
C99
330
C98
100
AcDbEntity
  8
TOPO-CONTOUR-MAJOR
  0
POLYLINE
  5
C9F
330
17
100
AcDbEntity
  8
TOPO-CONTOUR-MAJOR
100
AcDb3dPolyline
 66
1
 10
0.0
 20
0.0
 30
0.0
 70
8
  0
VERTEX
  5
CA1
330
17
100
AcDbEntity
  8
TOPO-CONTOUR-MAJOR
100
AcDbVertex
100
AcDb3dPolylineVertex
 10
-35.89719456101908
 20
-102.73486350104213
 30
1035.0
 70
32
  0
VERTEX
  5
CA2
330
17
100
AcDbEntity
  8
TOPO-CONTOUR-MAJOR
100
AcDbVertex
100
AcDb3dPolylineVertex
 10
-34.859069558852525
 20
-102.32552251533428
 30
1035.0
 70
32
  0
VERTEX
  5
CA3
330
17
100
AcDbEntity
  8
TOPO-CONTOUR-MAJOR
100
AcDbVertex
100
AcDb3dPolylineVertex
 10
-29.820996926807197
 20
-104.90949448734969
 30
1035.0
 70
32
  0
VERTEX
  5
CA4
330
17
100
AcDbEntity
  8
TOPO-CONTOUR-MAJOR
100
AcDbVertex
100
AcDb3dPolylineVertex
 10
-26.79815334758007
 20
-107.5179680124399
 30
1035.0
 70
32
  0
VERTEX
  5
CA5
330
17
100
AcDbEntity
  8
TOPO-CONTOUR-MAJOR
100
AcDbVertex
100
AcDb3dPolylineVertex
 10
-22.767695241943898
 20
-108.55199420262106
 30
1035.0
 70
32
  0
VERTEX
  5
CA6
330
17
100
AcDbEntity
  8
TOPO-CONTOUR-MAJOR
100
AcDbVertex
100
AcDb3dPolylineVertex
 10
-20.752466189125812
 20
-109.45665355808629
 30
1035.0
 70
32
  0
VERTEX
  5
CA7
330
17
100
AcDbEntity
  8
TOPO-CONTOUR-MAJOR
100
AcDbVertex
100
AcDb3dPolylineVertex
 10
-17.774540666524754
 20
-111.80339423846452
 30
1035.0
 70
32
  0
VERTEX
  5
CA8
330
17
100
AcDbEntity
  8
TOPO-CONTOUR-MAJOR
100
AcDbVertex
100
AcDb3dPolylineVertex
 10
-16.971740306381488
 20
-112.8110087653622
 30
1035.0
 70
32
  0
VERTEX
  5
CA9
330
17
100
AcDbEntity
  8
TOPO-CONTOUR-MAJOR
100
AcDbVertex
100
AcDb3dPolylineVertex
 10
-15.251790934057762
 20
-117.84908139705658
 30
1035.0
 70
32
  0
VERTEX
  5
CAA
330
17
100
AcDbEntity
  8
TOPO-CONTOUR-MAJOR
100
AcDbVertex
100
AcDb3dPolylineVertex
 10
-13.699164504262512
 20
-129.05747539902885
 30
1035.0
 70
32
  0
VERTEX
  5
CAB
330
17
100
AcDbEntity
  8
TOPO-CONTOUR-MAJOR
100
AcDbVertex
100
AcDb3dPolylineVertex
 10
-11.683935451444313
 20
-139.24267106266865
 30
1035.0
 70
32
  0
VERTEX
  5
CAC
330
17
100
AcDbEntity
  8
TOPO-CONTOUR-MAJOR
100
AcDbVertex
100
AcDb3dPolylineVertex
 10
-10.67632092503527
 20
-142.24707006343988
 30
1035.0
 70
32
  0
VERTEX
  5
CAD
330
17
100
AcDbEntity
  8
TOPO-CONTOUR-MAJOR
100
AcDbVertex
100
AcDb3dPolylineVertex
 10
-8.90284001574401
 20
-146.06228813622147
 30
1035.0
 70
32
  0
VERTEX
  5
CAE
330
17
100
AcDbEntity
  8
TOPO-CONTOUR-MAJOR
100
AcDbVertex
100
AcDb3dPolylineVertex
 10
-7.763318949886099
 20
-151.10036076884717
 30
1035.0
 70
32
  0
VERTEX
  5
CAF
330
17
100
AcDbEntity
  8
TOPO-CONTOUR-MAJOR
100
AcDbVertex
100
AcDb3dPolylineVertex
 10
-6.645862819399099
 20
-153.87233942511483
 30
1035.0
 70
32
  0
VERTEX
  5
CB0
330
17
100
AcDbEntity
  8
TOPO-CONTOUR-MAJOR
100
AcDbVertex
100
AcDb3dPolylineVertex
 10
-4.630633766581013
 20
-157.4703548892911
 30
1035.0
 70
32
  0
VERTEX
  5
CB1
330
17
100
AcDbEntity
  8
TOPO-CONTOUR-MAJOR
100
AcDbVertex
100
AcDb3dPolylineVertex
 10
-1.607790187353885
 20
-161.30619901331053
 30
1035.0
 70
32
  0
VERTEX
  5
CB2
330
17
100
AcDbEntity
  8
TOPO-CONTOUR-MAJOR
100
AcDbVertex
100
AcDb3dPolylineVertex
 10
7.568196625669966
 20
-169.23742224369198
 30
1035.0
 70
32
  0
VERTEX
  5
CB3
330
17
100
AcDbEntity
  8
TOPO-CONTOUR-MAJOR
100
AcDbVertex
100
AcDb3dPolylineVertex
 10
9.508478326191444
 20
-171.252651296556
 30
1035.0
 70
32
  0
VERTEX
  5
CB4
330
17
100
AcDbEntity
  8
TOPO-CONTOUR-MAJOR
100
AcDbVertex
100
AcDb3dPolylineVertex
 10
10.369173551493342
 20
-173.26788034942
 30
1035.0
 70
32
  0
VERTEX
  5
CB5
330
17
100
AcDbEntity
  8
TOPO-CONTOUR-MAJOR
100
AcDbVertex
100
AcDb3dPolylineVertex
 10
10.25982665844159
 20
-174.27549487631768
 30
1035.0
 70
32
  0
VERTEX
  5
CB6
330
17
100
AcDbEntity
  8
TOPO-CONTOUR-MAJOR
100
AcDbVertex
100
AcDb3dPolylineVertex
 10
9.475969603145586
 20
-175.3820136881243
 30
1035.0
 70
32
  0
VERTEX
  5
CB7
330
17
100
AcDbEntity
  8
TOPO-CONTOUR-MAJOR
100
AcDbVertex
100
AcDb3dPolylineVertex
 10
7.4607405503275
 20
-176.2262895863374
 30
1035.0
 70
32
  0
VERTEX
  5
CB8
330
17
100
AcDbEntity
  8
TOPO-CONTOUR-MAJOR
100
AcDbVertex
100
AcDb3dPolylineVertex
 10
5.445511497509415
 20
-176.29642840070588
 30
1035.0
 70
32
  0
VERTEX
  5
CB9
330
17
100
AcDbEntity
  8
TOPO-CONTOUR-MAJOR
100
AcDbVertex
100
AcDb3dPolylineVertex
 10
1.4150533918732435
 20
-175.6860158346745
 30
1035.0
 70
32
  0
VERTEX
  5
CBA
330
17
100
AcDbEntity
  8
TOPO-CONTOUR-MAJOR
100
AcDbVertex
100
AcDb3dPolylineVertex
 10
-1.607790187353885
 20
-174.72770520591814
 30
1035.0
 70
32
  0
VERTEX
  5
CBB
330
17
100
AcDbEntity
  8
TOPO-CONTOUR-MAJOR
100
AcDbVertex
100
AcDb3dPolylineVertex
 10
-5.638248292990056
 20
-172.5497252401007
 30
1035.0
 70
32
  0
VERTEX
  5
CBC
330
17
100
AcDbEntity
  8
TOPO-CONTOUR-MAJOR
100
AcDbVertex
100
AcDb3dPolylineVertex
 10
-17.729622609898684
 20
-163.34016124655662
 30
1035.0
 70
32
  0
VERTEX
  5
CBD
330
17
100
AcDbEntity
  8
TOPO-CONTOUR-MAJOR
100
AcDbVertex
100
AcDb3dPolylineVertex
 10
-18.737237136307726
 20
-163.19242562679997
 30
1035.0
 70
32
  0
VERTEX
  5
CBE
330
17
100
AcDbEntity
  8
TOPO-CONTOUR-MAJOR
100
AcDbVertex
100
AcDb3dPolylineVertex
 10
-18.65577049202293
 20
-165.20696413796395
 30
1035.0
 70
32
  0
VERTEX
  5
CBF
330
17
100
AcDbEntity
  8
TOPO-CONTOUR-MAJOR
100
AcDbVertex
100
AcDb3dPolylineVertex
 10
-15.9504808802959
 20
-174.27549487631768
 30
1035.0
 70
32
  0
VERTEX
  5
CC0
330
17
100
AcDbEntity
  8
TOPO-CONTOUR-MAJOR
100
AcDbVertex
100
AcDb3dPolylineVertex
 10
-16.383621804465655
 20
-178.3059529820457
 30
1035.0
 70
32
  0
VERTEX
  5
CC1
330
17
100
AcDbEntity
  8
TOPO-CONTOUR-MAJOR
100
AcDbVertex
100
AcDb3dPolylineVertex
 10
-15.86948839417385
 20
-183.3440256137401
 30
1035.0
 70
32
  0
VERTEX
  5
CC2
330
17
100
AcDbEntity
  8
TOPO-CONTOUR-MAJOR
100
AcDbVertex
100
AcDb3dPolylineVertex
 10
-16.78668400763747
 20
-185.3592546666041
 30
1035.0
 70
32
  0
VERTEX
  5
CC3
330
17
100
AcDbEntity
  8
TOPO-CONTOUR-MAJOR
100
AcDbVertex
100
AcDb3dPolylineVertex
 10
-18.269540547408333
 20
-186.36686919257045
 30
1035.0
 70
32
  0
VERTEX
  5
CC4
330
17
100
AcDbEntity
  8
TOPO-CONTOUR-MAJOR
100
AcDbVertex
100
AcDb3dPolylineVertex
 10
-19.74485166271677
 20
-186.78222931448744
 30
1035.0
 70
32
  0
VERTEX
  5
CC5
330
17
100
AcDbEntity
  8
TOPO-CONTOUR-MAJOR
100
AcDbVertex
100
AcDb3dPolylineVertex
 10
-22.767695241943898
 20
-186.48328055949668
 30
1035.0
 70
32
  0
VERTEX
  5
CC6
330
17
100
AcDbEntity
  8
TOPO-CONTOUR-MAJOR
100
AcDbVertex
100
AcDb3dPolylineVertex
 10
-26.79815334758007
 20
-184.84558433350827
 30
1035.0
 70
32
  0
VERTEX
  5
CC7
330
17
100
AcDbEntity
  8
TOPO-CONTOUR-MAJOR
100
AcDbVertex
100
AcDb3dPolylineVertex
 10
-31.146470065241466
 20
-182.33641108777374
 30
1035.0
 70
32
  0
VERTEX
  5
CC8
330
17
100
AcDbEntity
  8
TOPO-CONTOUR-MAJOR
100
AcDbVertex
100
AcDb3dPolylineVertex
 10
-33.85145503244348
 20
-179.862909692729
 30
1035.0
 70
32
  0
VERTEX
  5
CC9
330
17
100
AcDbEntity
  8
TOPO-CONTOUR-MAJOR
100
AcDbVertex
100
AcDb3dPolylineVertex
 10
-34.859069558852525
 20
-177.95763701431554
 30
1035.0
 70
32
  0
VERTEX
  5
CCA
330
17
100
AcDbEntity
  8
TOPO-CONTOUR-MAJOR
100
AcDbVertex
100
AcDb3dPolylineVertex
 10
-36.05017173048422
 20
-173.26788034942
 30
1035.0
 70
32
  0
VERTEX
  5
CCB
330
17
100
AcDbEntity
  8
TOPO-CONTOUR-MAJOR
100
AcDbVertex
100
AcDb3dPolylineVertex
 10
-35.86668408526157
 20
-165.81832555200984
 30
1035.0
 70
32
  0
VERTEX
  5
CCC
330
17
100
AcDbEntity
  8
TOPO-CONTOUR-MAJOR
100
AcDbVertex
100
AcDb3dPolylineVertex
 10
-34.503429818512636
 20
-160.16889150626957
 30
1035.0
 70
32
  0
VERTEX
  5
CCD
330
17
100
AcDbEntity
  8
TOPO-CONTOUR-MAJOR
100
AcDbVertex
100
AcDb3dPolylineVertex
 10
-34.53702348095018
 20
-159.16127698030323
 30
1035.0
 70
32
  0
VERTEX
  5
CCE
330
17
100
AcDbEntity
  8
TOPO-CONTOUR-MAJOR
100
AcDbVertex
100
AcDb3dPolylineVertex
 10
-35.06742636926067
 20
-156.13843340054154
 30
1035.0
 70
32
  0
VERTEX
  5
CCF
330
17
100
AcDbEntity
  8
TOPO-CONTOUR-MAJOR
100
AcDbVertex
100
AcDb3dPolylineVertex
 10
-35.31983651221118
 20
-150.0927462419495
 30
1035.0
 70
32
  0
VERTEX
  5
CD0
330
17
100
AcDbEntity
  8
TOPO-CONTOUR-MAJOR
100
AcDbVertex
100
AcDb3dPolylineVertex
 10
-37.77583016261392
 20
-131.95568476710469
 30
1035.0
 70
32
  0
VERTEX
  5
CD1
330
17
100
AcDbEntity
  8
TOPO-CONTOUR-MAJOR
100
AcDbVertex
100
AcDb3dPolylineVertex
 10
-37.75684393585013
 20
-128.932841187343
 30
1035.0
 70
32
  0
VERTEX
  5
CD2
330
17
100
AcDbEntity
  8
TOPO-CONTOUR-MAJOR
100
AcDbVertex
100
AcDb3dPolylineVertex
 10
-36.219104931083024
 20
-117.84908139705658
 30
1035.0
 70
32
  0
VERTEX
  5
CD3
330
17
100
AcDbEntity
  8
TOPO-CONTOUR-MAJOR
100
AcDbVertex
100
AcDb3dPolylineVertex
 10
-37.016441147430974
 20
-106.76532160677016
 30
1035.0
 70
32
  0
VERTEX
  5
CD4
330
17
100
AcDbEntity
  8
TOPO-CONTOUR-MAJOR
100
AcDbVertex
100
AcDb3dPolylineVertex
 10
-35.89719456101908
 20
-102.73486350104213
 30
1035.0
 70
32
  0
SEQEND
  5
CA0
330
C9F
100
AcDbEntity
  8
TOPO-CONTOUR-MAJOR
  0
POLYLINE
  5
CD5
330
17
100
AcDbEntity
  8
TOPO-CONTOUR-MAJOR
100
AcDb3dPolyline
 66
1
 10
0.0
 20
0.0
 30
0.0
 70
8
  0
VERTEX
  5
CD7
330
17
100
AcDbEntity
  8
TOPO-CONTOUR-MAJOR
100
AcDbVertex
100
AcDb3dPolylineVertex
 10
98.69930114831442
 20
-126.91761213447899
 30
1035.0
 70
32
  0
VERTEX
  5
CD8
330
17
100
AcDbEntity
  8
TOPO-CONTOUR-MAJOR
100
AcDbVertex
100
AcDb3dPolylineVertex
 10
103.18412055918702
 20
-126.80801271697318
 30
1035.0
 70
32
  0
VERTEX
  5
CD9
330
17
100
AcDbEntity
  8
TOPO-CONTOUR-MAJOR
100
AcDbVertex
100
AcDb3dPolylineVertex
 10
104.28714222640136
 20
-127.92522666137666
 30
1035.0
 70
32
  0
VERTEX
  5
CDA
330
17
100
AcDbEntity
  8
TOPO-CONTOUR-MAJOR
100
AcDbVertex
100
AcDb3dPolylineVertex
 10
103.77677365787176
 20
-128.932841187343
 30
1035.0
 70
32
  0
VERTEX
  5
CDB
330
17
100
AcDbEntity
  8
TOPO-CONTOUR-MAJOR
100
AcDbVertex
100
AcDb3dPolylineVertex
 10
102.73134173280846
 20
-129.94045571424067
 30
1035.0
 70
32
  0
VERTEX
  5
CDC
330
17
100
AcDbEntity
  8
TOPO-CONTOUR-MAJOR
100
AcDbVertex
100
AcDb3dPolylineVertex
 10
99.74067900357335
 20
-131.95568476710469
 30
1035.0
 70
32
  0
VERTEX
  5
CDD
330
17
100
AcDbEntity
  8
TOPO-CONTOUR-MAJOR
100
AcDbVertex
100
AcDb3dPolylineVertex
 10
96.13081887432361
 20
-133.77296492525142
 30
1035.0
 70
32
  0
VERTEX
  5
CDE
330
17
100
AcDbEntity
  8
TOPO-CONTOUR-MAJOR
100
AcDbVertex
100
AcDb3dPolylineVertex
 10
93.10797529509648
 20
-134.7288089196866
 30
1035.0
 70
32
  0
VERTEX
  5
CDF
330
17
100
AcDbEntity
  8
TOPO-CONTOUR-MAJOR
100
AcDbVertex
100
AcDb3dPolylineVertex
 10
84.03944455741498
 20
-135.60868813168378
 30
1035.0
 70
32
  0
VERTEX
  5
CE0
330
17
100
AcDbEntity
  8
TOPO-CONTOUR-MAJOR
100
AcDbVertex
100
AcDb3dPolylineVertex
 10
80.00898645177881
 20
-135.1832091928251
 30
1035.0
 70
32
  0
VERTEX
  5
CE1
330
17
100
AcDbEntity
  8
TOPO-CONTOUR-MAJOR
100
AcDbVertex
100
AcDb3dPolylineVertex
 10
78.76478870815043
 20
-133.9709138199687
 30
1035.0
 70
32
  0
VERTEX
  5
CE2
330
17
100
AcDbEntity
  8
TOPO-CONTOUR-MAJOR
100
AcDbVertex
100
AcDb3dPolylineVertex
 10
79.04815938663853
 20
-132.96329929307103
 30
1035.0
 70
32
  0
VERTEX
  5
CE3
330
17
100
AcDbEntity
  8
TOPO-CONTOUR-MAJOR
100
AcDbVertex
100
AcDb3dPolylineVertex
 10
81.01660097818785
 20
-132.0473014183125
 30
1035.0
 70
32
  0
VERTEX
  5
CE4
330
17
100
AcDbEntity
  8
TOPO-CONTOUR-MAJOR
100
AcDbVertex
100
AcDb3dPolylineVertex
 10
85.04705908382414
 20
-131.16292921884414
 30
1035.0
 70
32
  0
VERTEX
  5
CE5
330
17
100
AcDbEntity
  8
TOPO-CONTOUR-MAJOR
100
AcDbVertex
100
AcDb3dPolylineVertex
 10
94.11558982150552
 20
-127.81684114915026
 30
1035.0
 70
32
  0
VERTEX
  5
CE6
330
17
100
AcDbEntity
  8
TOPO-CONTOUR-MAJOR
100
AcDbVertex
100
AcDb3dPolylineVertex
 10
98.69930114831442
 20
-126.91761213447899
 30
1035.0
 70
32
  0
SEQEND
  5
CD6
330
CD5
100
AcDbEntity
  8
TOPO-CONTOUR-MAJOR
  0
POLYLINE
  5
CE7
330
17
100
AcDbEntity
  8
TOPO-CONTOUR-MAJOR
100
AcDb3dPolyline
 66
1
 10
0.0
 20
0.0
 30
0.0
 70
8
  0
VERTEX
  5
CE9
330
17
100
AcDbEntity
  8
TOPO-CONTOUR-MAJOR
100
AcDbVertex
100
AcDb3dPolylineVertex
 10
-242.0
 20
-194.04884186537905
 30
1035.0
 70
32
  0
VERTEX
  5
CEA
330
17
100
AcDbEntity
  8
TOPO-CONTOUR-MAJOR
100
AcDbVertex
100
AcDb3dPolylineVertex
 10
-239.3555316600482
 20
-193.42017087806016
 30
1035.0
 70
32
  0
VERTEX
  5
CEB
330
17
100
AcDbEntity
  8
TOPO-CONTOUR-MAJOR
100
AcDbVertex
100
AcDb3dPolylineVertex
 10
-229.32867315579847
 20
-189.10209054625508
 30
1035.0
 70
32
  0
VERTEX
  5
CEC
330
17
100
AcDbEntity
  8
TOPO-CONTOUR-MAJOR
100
AcDbVertex
100
AcDb3dPolylineVertex
 10
-218.244913365299
 20
-181.17607666305184
 30
1035.0
 70
32
  0
VERTEX
  5
CED
330
17
100
AcDbEntity
  8
TOPO-CONTOUR-MAJOR
100
AcDbVertex
100
AcDb3dPolylineVertex
 10
-216.55216653070795
 20
-179.31356750801206
 30
1035.0
 70
32
  0
VERTEX
  5
CEE
330
17
100
AcDbEntity
  8
TOPO-CONTOUR-MAJOR
100
AcDbVertex
100
AcDb3dPolylineVertex
 10
-215.08377584898676
 20
-176.2907239291817
 30
1035.0
 70
32
  0
VERTEX
  5
CEF
330
17
100
AcDbEntity
  8
TOPO-CONTOUR-MAJOR
100
AcDbVertex
100
AcDb3dPolylineVertex
 10
-213.42864553402856
 20
-170.24503677058965
 30
1035.0
 70
32
  0
VERTEX
  5
CF0
330
17
100
AcDbEntity
  8
TOPO-CONTOUR-MAJOR
100
AcDbVertex
100
AcDb3dPolylineVertex
 10
-213.06420946243458
 20
-165.20696413796395
 30
1035.0
 70
32
  0
VERTEX
  5
CF1
330
17
100
AcDbEntity
  8
TOPO-CONTOUR-MAJOR
100
AcDbVertex
100
AcDb3dPolylineVertex
 10
-213.47943939027752
 20
-162.1841205591336
 30
1035.0
 70
32
  0
VERTEX
  5
CF2
330
17
100
AcDbEntity
  8
TOPO-CONTOUR-MAJOR
100
AcDbVertex
100
AcDb3dPolylineVertex
 10
-215.69501897650622
 20
-157.1460479274392
 30
1035.0
 70
32
  0
VERTEX
  5
CF3
330
17
100
AcDbEntity
  8
TOPO-CONTOUR-MAJOR
100
AcDbVertex
100
AcDb3dPolylineVertex
 10
-220.26014241811708
 20
-150.33325897052185
 30
1035.0
 70
32
  0
VERTEX
  5
CF4
330
17
100
AcDbEntity
  8
TOPO-CONTOUR-MAJOR
100
AcDbVertex
100
AcDb3dPolylineVertex
 10
-221.55042570865973
 20
-147.06990266311914
 30
1035.0
 70
32
  0
VERTEX
  5
CF5
330
17
100
AcDbEntity
  8
TOPO-CONTOUR-MAJOR
100
AcDbVertex
100
AcDb3dPolylineVertex
 10
-225.2982150501623
 20
-140.85943639405974
 30
1035.0
 70
32
  0
VERTEX
  5
CF6
330
17
100
AcDbEntity
  8
TOPO-CONTOUR-MAJOR
100
AcDbVertex
100
AcDb3dPolylineVertex
 10
-227.24390800601182
 20
-135.98614287283272
 30
1035.0
 70
32
  0
VERTEX
  5
CF7
330
17
100
AcDbEntity
  8
TOPO-CONTOUR-MAJOR
100
AcDbVertex
100
AcDb3dPolylineVertex
 10
-228.49454352206124
 20
-128.932841187343
 30
1035.0
 70
32
  0
VERTEX
  5
CF8
330
17
100
AcDbEntity
  8
TOPO-CONTOUR-MAJOR
100
AcDbVertex
100
AcDb3dPolylineVertex
 10
-229.1568583472706
 20
-119.8643104499206
 30
1035.0
 70
32
  0
VERTEX
  5
CF9
330
17
100
AcDbEntity
  8
TOPO-CONTOUR-MAJOR
100
AcDbVertex
100
AcDb3dPolylineVertex
 10
-231.00016854743097
 20
-113.81862329132856
 30
1035.0
 70
32
  0
VERTEX
  5
CFA
330
17
100
AcDbEntity
  8
TOPO-CONTOUR-MAJOR
100
AcDbVertex
100
AcDb3dPolylineVertex
 10
-231.7737504929571
 20
-106.76532160677016
 30
1035.0
 70
32
  0
VERTEX
  5
CFB
330
17
100
AcDbEntity
  8
TOPO-CONTOUR-MAJOR
100
AcDbVertex
100
AcDb3dPolylineVertex
 10
-233.38459058328897
 20
-102.73486350104213
 30
1035.0
 70
32
  0
VERTEX
  5
CFC
330
17
100
AcDbEntity
  8
TOPO-CONTOUR-MAJOR
100
AcDbVertex
100
AcDb3dPolylineVertex
 10
-235.37436031425273
 20
-100.08646200703532
 30
1035.0
 70
32
  0
VERTEX
  5
CFD
330
17
100
AcDbEntity
  8
TOPO-CONTOUR-MAJOR
100
AcDbVertex
100
AcDb3dPolylineVertex
 10
-237.3895893670708
 20
-98.66467561032438
 30
1035.0
 70
32
  0
VERTEX
  5
CFE
330
17
100
AcDbEntity
  8
TOPO-CONTOUR-MAJOR
100
AcDbVertex
100
AcDb3dPolylineVertex
 10
-242.0
 20
-98.4375588563145
 30
1035.0
 70
32
  0
SEQEND
  5
CE8
330
CE7
100
AcDbEntity
  8
TOPO-CONTOUR-MAJOR
  0
POLYLINE
  5
CFF
330
17
100
AcDbEntity
  8
TOPO-CONTOUR-MAJOR
100
AcDb3dPolyline
 66
1
 10
0.0
 20
0.0
 30
0.0
 70
8
  0
VERTEX
  5
D01
330
17
100
AcDbEntity
  8
TOPO-CONTOUR-MAJOR
100
AcDbVertex
100
AcDb3dPolylineVertex
 10
-2.816652756737679
 20
-205.51154519431293
 30
1035.0
 70
32
  0
VERTEX
  5
D02
330
17
100
AcDbEntity
  8
TOPO-CONTOUR-MAJOR
100
AcDbVertex
100
AcDb3dPolylineVertex
 10
0.4074388654642007
 20
-205.47232563377148
 30
1035.0
 70
32
  0
VERTEX
  5
D03
330
17
100
AcDbEntity
  8
TOPO-CONTOUR-MAJOR
100
AcDbVertex
100
AcDb3dPolylineVertex
 10
11.491198655963672
 20
-207.37737206270947
 30
1035.0
 70
32
  0
VERTEX
  5
D04
330
17
100
AcDbEntity
  8
TOPO-CONTOUR-MAJOR
100
AcDbVertex
100
AcDb3dPolylineVertex
 10
27.61303107850847
 20
-207.14061479814296
 30
1035.0
 70
32
  0
VERTEX
  5
D05
330
17
100
AcDbEntity
  8
TOPO-CONTOUR-MAJOR
100
AcDbVertex
100
AcDb3dPolylineVertex
 10
28.91253439360751
 20
-207.52677424717695
 30
1035.0
 70
32
  0
VERTEX
  5
D06
330
17
100
AcDbEntity
  8
TOPO-CONTOUR-MAJOR
100
AcDbVertex
100
AcDb3dPolylineVertex
 10
27.68392971883101
 20
-208.5343887740746
 30
1035.0
 70
32
  0
VERTEX
  5
D07
330
17
100
AcDbEntity
  8
TOPO-CONTOUR-MAJOR
100
AcDbVertex
100
AcDb3dPolylineVertex
 10
24.059383366099425
 20
-210.54961782693863
 30
1035.0
 70
32
  0
VERTEX
  5
D08
330
17
100
AcDbEntity
  8
TOPO-CONTOUR-MAJOR
100
AcDbVertex
100
AcDb3dPolylineVertex
 10
19.08361706219046
 20
-212.56484687980264
 30
1035.0
 70
32
  0
VERTEX
  5
D09
330
17
100
AcDbEntity
  8
TOPO-CONTOUR-MAJOR
100
AcDbVertex
100
AcDb3dPolylineVertex
 10
13.506427708781757
 20
-213.90090899854738
 30
1035.0
 70
32
  0
VERTEX
  5
D0A
330
17
100
AcDbEntity
  8
TOPO-CONTOUR-MAJOR
100
AcDbVertex
100
AcDb3dPolylineVertex
 10
10.483584129554629
 20
-214.02225728931765
 30
1035.0
 70
32
  0
VERTEX
  5
D0B
330
17
100
AcDbEntity
  8
TOPO-CONTOUR-MAJOR
100
AcDbVertex
100
AcDb3dPolylineVertex
 10
-1.607790187353885
 20
-210.578883451298
 30
1035.0
 70
32
  0
VERTEX
  5
D0C
330
17
100
AcDbEntity
  8
TOPO-CONTOUR-MAJOR
100
AcDbVertex
100
AcDb3dPolylineVertex
 10
-3.6230192401719705
 20
-209.62095535399075
 30
1035.0
 70
32
  0
VERTEX
  5
D0D
330
17
100
AcDbEntity
  8
TOPO-CONTOUR-MAJOR
100
AcDbVertex
100
AcDb3dPolylineVertex
 10
-4.646415267664008
 20
-208.5343887740746
 30
1035.0
 70
32
  0
VERTEX
  5
D0E
330
17
100
AcDbEntity
  8
TOPO-CONTOUR-MAJOR
100
AcDbVertex
100
AcDb3dPolylineVertex
 10
-4.844857876473952
 20
-207.52677424717695
 30
1035.0
 70
32
  0
VERTEX
  5
D0F
330
17
100
AcDbEntity
  8
TOPO-CONTOUR-MAJOR
100
AcDbVertex
100
AcDb3dPolylineVertex
 10
-4.432636945427771
 20
-206.5191597212106
 30
1035.0
 70
32
  0
VERTEX
  5
D10
330
17
100
AcDbEntity
  8
TOPO-CONTOUR-MAJOR
100
AcDbVertex
100
AcDb3dPolylineVertex
 10
-2.816652756737679
 20
-205.51154519431293
 30
1035.0
 70
32
  0
SEQEND
  5
D00
330
CFF
100
AcDbEntity
  8
TOPO-CONTOUR-MAJOR
  0
POLYLINE
  5
D11
330
17
100
AcDbEntity
  8
TOPO-CONTOUR-MAJOR
100
AcDb3dPolyline
 66
1
 10
0.0
 20
0.0
 30
0.0
 70
8
  0
VERTEX
  5
D13
330
17
100
AcDbEntity
  8
TOPO-CONTOUR-MAJOR
100
AcDbVertex
100
AcDb3dPolylineVertex
 10
-187.00886304661856
 20
-211.04732526100705
 30
1035.0
 70
32
  0
VERTEX
  5
D14
330
17
100
AcDbEntity
  8
TOPO-CONTOUR-MAJOR
100
AcDbVertex
100
AcDb3dPolylineVertex
 10
-187.38536907094078
 20
-211.55723235290498
 30
1035.0
 70
32
  0
VERTEX
  5
D15
330
17
100
AcDbEntity
  8
TOPO-CONTOUR-MAJOR
100
AcDbVertex
100
AcDb3dPolylineVertex
 10
-187.05252148668836
 20
-213.572461405769
 30
1035.0
 70
32
  0
VERTEX
  5
D16
330
17
100
AcDbEntity
  8
TOPO-CONTOUR-MAJOR
100
AcDbVertex
100
AcDb3dPolylineVertex
 10
-184.99363399380047
 20
-216.9161420584125
 30
1035.0
 70
32
  0
VERTEX
  5
D17
330
17
100
AcDbEntity
  8
TOPO-CONTOUR-MAJOR
100
AcDbVertex
100
AcDb3dPolylineVertex
 10
-184.68859093764559
 20
-216.59530498553067
 30
1035.0
 70
32
  0
VERTEX
  5
D18
330
17
100
AcDbEntity
  8
TOPO-CONTOUR-MAJOR
100
AcDbVertex
100
AcDb3dPolylineVertex
 10
-184.99363399380047
 20
-214.833992975195
 30
1035.0
 70
32
  0
VERTEX
  5
D19
330
17
100
AcDbEntity
  8
TOPO-CONTOUR-MAJOR
100
AcDbVertex
100
AcDb3dPolylineVertex
 10
-187.00886304661856
 20
-211.04732526100705
 30
1035.0
 70
32
  0
SEQEND
  5
D12
330
D11
100
AcDbEntity
  8
TOPO-CONTOUR-MAJOR
  0
POLYLINE
  5
D1A
330
17
100
AcDbEntity
  8
TOPO-CONTOUR-MAJOR
100
AcDb3dPolyline
 66
1
 10
0.0
 20
0.0
 30
0.0
 70
8
  0
VERTEX
  5
D1C
330
17
100
AcDbEntity
  8
TOPO-CONTOUR-MAJOR
100
AcDbVertex
100
AcDb3dPolylineVertex
 10
-108.41492998671288
 20
-270.48544839199246
 30
1035.0
 70
32
  0
VERTEX
  5
D1D
330
17
100
AcDbEntity
  8
TOPO-CONTOUR-MAJOR
100
AcDbVertex
100
AcDb3dPolylineVertex
 10
-109.0126695038106
 20
-271.00648941099644
 30
1035.0
 70
32
  0
VERTEX
  5
D1E
330
17
100
AcDbEntity
  8
TOPO-CONTOUR-MAJOR
100
AcDbVertex
100
AcDb3dPolylineVertex
 10
-108.90880478515808
 20
-272.0141039378941
 30
1035.0
 70
32
  0
VERTEX
  5
D1F
330
17
100
AcDbEntity
  8
TOPO-CONTOUR-MAJOR
100
AcDbVertex
100
AcDb3dPolylineVertex
 10
-108.41492998671288
 20
-272.9758892166302
 30
1035.0
 70
32
  0
VERTEX
  5
D20
330
17
100
AcDbEntity
  8
TOPO-CONTOUR-MAJOR
100
AcDbVertex
100
AcDb3dPolylineVertex
 10
-107.40731546030383
 20
-273.22026124571704
 30
1035.0
 70
32
  0
VERTEX
  5
D21
330
17
100
AcDbEntity
  8
TOPO-CONTOUR-MAJOR
100
AcDbVertex
100
AcDb3dPolylineVertex
 10
-107.15606503330585
 20
-272.0141039378941
 30
1035.0
 70
32
  0
VERTEX
  5
D22
330
17
100
AcDbEntity
  8
TOPO-CONTOUR-MAJOR
100
AcDbVertex
100
AcDb3dPolylineVertex
 10
-107.3956461976801
 20
-271.00648941099644
 30
1035.0
 70
32
  0
VERTEX
  5
D23
330
17
100
AcDbEntity
  8
TOPO-CONTOUR-MAJOR
100
AcDbVertex
100
AcDb3dPolylineVertex
 10
-108.41492998671288
 20
-270.48544839199246
 30
1035.0
 70
32
  0
SEQEND
  5
D1B
330
D1A
100
AcDbEntity
  8
TOPO-CONTOUR-MAJOR
  0
POLYLINE
  5
D24
330
17
100
AcDbEntity
  8
TOPO-CONTOUR-MAJOR
100
AcDb3dPolyline
 66
1
 10
0.0
 20
0.0
 30
0.0
 70
8
  0
VERTEX
  5
D26
330
17
100
AcDbEntity
  8
TOPO-CONTOUR-MAJOR
100
AcDbVertex
100
AcDb3dPolylineVertex
 10
-109.42254451312193
 20
-287.0219187230791
 30
1035.0
 70
32
  0
VERTEX
  5
D27
330
17
100
AcDbEntity
  8
TOPO-CONTOUR-MAJOR
100
AcDbVertex
100
AcDb3dPolylineVertex
 10
-111.98692559017745
 20
-288.1359363598749
 30
1035.0
 70
32
  0
VERTEX
  5
D28
330
17
100
AcDbEntity
  8
TOPO-CONTOUR-MAJOR
100
AcDbVertex
100
AcDb3dPolylineVertex
 10
-112.71096444337861
 20
-289.1435508867726
 30
1035.0
 70
32
  0
VERTEX
  5
D29
330
17
100
AcDbEntity
  8
TOPO-CONTOUR-MAJOR
100
AcDbVertex
100
AcDb3dPolylineVertex
 10
-112.01062089857838
 20
-290.1511654127389
 30
1035.0
 70
32
  0
VERTEX
  5
D2A
330
17
100
AcDbEntity
  8
TOPO-CONTOUR-MAJOR
100
AcDbVertex
100
AcDb3dPolylineVertex
 10
-110.87222240390908
 20
-291.1587799396366
 30
1035.0
 70
32
  0
VERTEX
  5
D2B
330
17
100
AcDbEntity
  8
TOPO-CONTOUR-MAJOR
100
AcDbVertex
100
AcDb3dPolylineVertex
 10
-109.42254451312192
 20
-291.7097102254751
 30
1035.0
 70
32
  0
VERTEX
  5
D2C
330
17
100
AcDbEntity
  8
TOPO-CONTOUR-MAJOR
100
AcDbVertex
100
AcDb3dPolylineVertex
 10
-107.40731546030383
 20
-291.73333184072703
 30
1035.0
 70
32
  0
VERTEX
  5
D2D
330
17
100
AcDbEntity
  8
TOPO-CONTOUR-MAJOR
100
AcDbVertex
100
AcDb3dPolylineVertex
 10
-106.39970093389479
 20
-291.1874230981685
 30
1035.0
 70
32
  0
VERTEX
  5
D2E
330
17
100
AcDbEntity
  8
TOPO-CONTOUR-MAJOR
100
AcDbVertex
100
AcDb3dPolylineVertex
 10
-106.35244101389527
 20
-290.1511654127389
 30
1035.0
 70
32
  0
VERTEX
  5
D2F
330
17
100
AcDbEntity
  8
TOPO-CONTOUR-MAJOR
100
AcDbVertex
100
AcDb3dPolylineVertex
 10
-107.40731546030383
 20
-287.45696771733105
 30
1035.0
 70
32
  0
VERTEX
  5
D30
330
17
100
AcDbEntity
  8
TOPO-CONTOUR-MAJOR
100
AcDbVertex
100
AcDb3dPolylineVertex
 10
-108.41492998671288
 20
-286.9454085912155
 30
1035.0
 70
32
  0
VERTEX
  5
D31
330
17
100
AcDbEntity
  8
TOPO-CONTOUR-MAJOR
100
AcDbVertex
100
AcDb3dPolylineVertex
 10
-109.42254451312193
 20
-287.0219187230791
 30
1035.0
 70
32
  0
SEQEND
  5
D25
330
D24
100
AcDbEntity
  8
TOPO-CONTOUR-MAJOR
  0
POLYLINE
  5
D32
330
17
100
AcDbEntity
  8
TOPO-CONTOUR-MAJOR
100
AcDb3dPolyline
 66
1
 10
0.0
 20
0.0
 30
0.0
 70
8
  0
VERTEX
  5
D34
330
17
100
AcDbEntity
  8
TOPO-CONTOUR-MAJOR
100
AcDbVertex
100
AcDb3dPolylineVertex
 10
121.19798582042435
 20
-288.1359363598749
 30
1035.0
 70
32
  0
VERTEX
  5
D35
330
17
100
AcDbEntity
  8
TOPO-CONTOUR-MAJOR
100
AcDbVertex
100
AcDb3dPolylineVertex
 10
121.32118203454979
 20
-287.91852637703266
 30
1035.0
 70
32
  0
VERTEX
  5
D36
330
17
100
AcDbEntity
  8
TOPO-CONTOUR-MAJOR
100
AcDbVertex
100
AcDb3dPolylineVertex
 10
121.84004819829963
 20
-290.1511654127389
 30
1035.0
 70
32
  0
VERTEX
  5
D37
330
17
100
AcDbEntity
  8
TOPO-CONTOUR-MAJOR
100
AcDbVertex
100
AcDb3dPolylineVertex
 10
121.32118203454979
 20
-292.79980972709853
 30
1035.0
 70
32
  0
VERTEX
  5
D38
330
17
100
AcDbEntity
  8
TOPO-CONTOUR-MAJOR
100
AcDbVertex
100
AcDb3dPolylineVertex
 10
120.89879474806335
 20
-290.1511654127389
 30
1035.0
 70
32
  0
VERTEX
  5
D39
330
17
100
AcDbEntity
  8
TOPO-CONTOUR-MAJOR
100
AcDbVertex
100
AcDb3dPolylineVertex
 10
121.19798582042435
 20
-288.1359363598749
 30
1035.0
 70
32
  0
SEQEND
  5
D33
330
D32
100
AcDbEntity
  8
TOPO-CONTOUR-MAJOR
  0
POLYLINE
  5
D3A
330
17
100
AcDbEntity
  8
TOPO-CONTOUR-MAJOR
100
AcDb3dPolyline
 66
1
 10
0.0
 20
0.0
 30
0.0
 70
8
  0
VERTEX
  5
D3C
330
17
100
AcDbEntity
  8
TOPO-CONTOUR-MAJOR
100
AcDbVertex
100
AcDb3dPolylineVertex
 10
113.89292610807539
 20
-310.30345594137907
 30
1035.0
 70
32
  0
VERTEX
  5
D3D
330
17
100
AcDbEntity
  8
TOPO-CONTOUR-MAJOR
100
AcDbVertex
100
AcDb3dPolylineVertex
 10
115.27549487609554
 20
-309.9564721761476
 30
1035.0
 70
32
  0
VERTEX
  5
D3E
330
17
100
AcDbEntity
  8
TOPO-CONTOUR-MAJOR
100
AcDbVertex
100
AcDb3dPolylineVertex
 10
116.28310940250458
 20
-310.95582581345906
 30
1035.0
 70
32
  0
VERTEX
  5
D3F
330
17
100
AcDbEntity
  8
TOPO-CONTOUR-MAJOR
100
AcDbVertex
100
AcDb3dPolylineVertex
 10
116.98487292085616
 20
-313.32629952020943
 30
1035.0
 70
32
  0
VERTEX
  5
D40
330
17
100
AcDbEntity
  8
TOPO-CONTOUR-MAJOR
100
AcDbVertex
100
AcDb3dPolylineVertex
 10
117.15457431675763
 20
-317.3567576259374
 30
1035.0
 70
32
  0
VERTEX
  5
D41
330
17
100
AcDbEntity
  8
TOPO-CONTOUR-MAJOR
100
AcDbVertex
100
AcDb3dPolylineVertex
 10
116.72668867783617
 20
-320.37960120569915
 30
1035.0
 70
32
  0
VERTEX
  5
D42
330
17
100
AcDbEntity
  8
TOPO-CONTOUR-MAJOR
100
AcDbVertex
100
AcDb3dPolylineVertex
 10
112.54801747494932
 20
-334.48620457481593
 30
1035.0
 70
32
  0
VERTEX
  5
D43
330
17
100
AcDbEntity
  8
TOPO-CONTOUR-MAJOR
100
AcDbVertex
100
AcDb3dPolylineVertex
 10
107.2145786648232
 20
-346.7029238495264
 30
1035.0
 70
32
  0
VERTEX
  5
D44
330
17
100
AcDbEntity
  8
TOPO-CONTOUR-MAJOR
100
AcDbVertex
100
AcDb3dPolylineVertex
 10
103.82344894211008
 20
-352.62326605059206
 30
1035.0
 70
32
  0
VERTEX
  5
D45
330
17
100
AcDbEntity
  8
TOPO-CONTOUR-MAJOR
100
AcDbVertex
100
AcDb3dPolylineVertex
 10
101.00752783791799
 20
-358.6689532091841
 30
1035.0
 70
32
  0
VERTEX
  5
D46
330
17
100
AcDbEntity
  8
TOPO-CONTOUR-MAJOR
100
AcDbVertex
100
AcDb3dPolylineVertex
 10
97.89501770807753
 20
-366.7298694206401
 30
1035.0
 70
32
  0
VERTEX
  5
D47
330
17
100
AcDbEntity
  8
TOPO-CONTOUR-MAJOR
100
AcDbVertex
100
AcDb3dPolylineVertex
 10
94.11558982150552
 20
-378.1808828990539
 30
1035.0
 70
32
  0
VERTEX
  5
D48
330
17
100
AcDbEntity
  8
TOPO-CONTOUR-MAJOR
100
AcDbVertex
100
AcDb3dPolylineVertex
 10
91.0927462422784
 20
-383.84309905763587
 30
1035.0
 70
32
  0
VERTEX
  5
D49
330
17
100
AcDbEntity
  8
TOPO-CONTOUR-MAJOR
100
AcDbVertex
100
AcDb3dPolylineVertex
 10
90.08513171586935
 20
-383.56575318139414
 30
1035.0
 70
32
  0
VERTEX
  5
D4A
330
17
100
AcDbEntity
  8
TOPO-CONTOUR-MAJOR
100
AcDbVertex
100
AcDb3dPolylineVertex
 10
90.06172607883279
 20
-381.8440873166546
 30
1035.0
 70
32
  0
VERTEX
  5
D4B
330
17
100
AcDbEntity
  8
TOPO-CONTOUR-MAJOR
100
AcDbVertex
100
AcDb3dPolylineVertex
 10
91.0927462422784
 20
-376.6788671901869
 30
1035.0
 70
32
  0
VERTEX
  5
D4C
330
17
100
AcDbEntity
  8
TOPO-CONTOUR-MAJOR
100
AcDbVertex
100
AcDb3dPolylineVertex
 10
94.65594871519656
 20
-366.72986942064017
 30
1035.0
 70
32
  0
VERTEX
  5
D4D
330
17
100
AcDbEntity
  8
TOPO-CONTOUR-MAJOR
100
AcDbVertex
100
AcDb3dPolylineVertex
 10
97.13843340073265
 20
-358.11341210855164
 30
1035.0
 70
32
  0
VERTEX
  5
D4E
330
17
100
AcDbEntity
  8
TOPO-CONTOUR-MAJOR
100
AcDbVertex
100
AcDb3dPolylineVertex
 10
100.87341574044535
 20
-350.60803699772805
 30
1035.0
 70
32
  0
VERTEX
  5
D4F
330
17
100
AcDbEntity
  8
TOPO-CONTOUR-MAJOR
100
AcDbVertex
100
AcDb3dPolylineVertex
 10
101.8485967484794
 20
-344.562349839136
 30
1035.0
 70
32
  0
VERTEX
  5
D50
330
17
100
AcDbEntity
  8
TOPO-CONTOUR-MAJOR
100
AcDbVertex
100
AcDb3dPolylineVertex
 10
102.85298031856163
 20
-340.531891733408
 30
1035.0
 70
32
  0
VERTEX
  5
D51
330
17
100
AcDbEntity
  8
TOPO-CONTOUR-MAJOR
100
AcDbVertex
100
AcDb3dPolylineVertex
 10
109.15038391668348
 20
-322.39483025856316
 30
1035.0
 70
32
  0
VERTEX
  5
D52
330
17
100
AcDbEntity
  8
TOPO-CONTOUR-MAJOR
100
AcDbVertex
100
AcDb3dPolylineVertex
 10
111.24503677045936
 20
-315.3061651666068
 30
1035.0
 70
32
  0
VERTEX
  5
D53
330
17
100
AcDbEntity
  8
TOPO-CONTOUR-MAJOR
100
AcDbVertex
100
AcDb3dPolylineVertex
 10
112.4147760913299
 20
-312.3186849942431
 30
1035.0
 70
32
  0
VERTEX
  5
D54
330
17
100
AcDbEntity
  8
TOPO-CONTOUR-MAJOR
100
AcDbVertex
100
AcDb3dPolylineVertex
 10
113.89292610807539
 20
-310.30345594137907
 30
1035.0
 70
32
  0
SEQEND
  5
D3B
330
D3A
100
AcDbEntity
  8
TOPO-CONTOUR-MAJOR
  0
POLYLINE
  5
D55
330
17
100
AcDbEntity
  8
TOPO-CONTOUR-MAJOR
100
AcDb3dPolyline
 66
1
 10
0.0
 20
0.0
 30
0.0
 70
8
  0
VERTEX
  5
D57
330
17
100
AcDbEntity
  8
TOPO-CONTOUR-MAJOR
100
AcDbVertex
100
AcDb3dPolylineVertex
 10
-179.95556136175514
 20
-395.8347716284448
 30
1035.0
 70
32
  0
VERTEX
  5
D58
330
17
100
AcDbEntity
  8
TOPO-CONTOUR-MAJOR
100
AcDbVertex
100
AcDb3dPolylineVertex
 10
-180.58720942406
 20
-396.9583052126691
 30
1035.0
 70
32
  0
VERTEX
  5
D59
330
17
100
AcDbEntity
  8
TOPO-CONTOUR-MAJOR
100
AcDbVertex
100
AcDb3dPolylineVertex
 10
-179.95556136175514
 20
-397.70432181469425
 30
1035.0
 70
32
  0
VERTEX
  5
D5A
330
17
100
AcDbEntity
  8
TOPO-CONTOUR-MAJOR
100
AcDbVertex
100
AcDb3dPolylineVertex
 10
-178.9479468353461
 20
-398.0466832237944
 30
1035.0
 70
32
  0
VERTEX
  5
D5B
330
17
100
AcDbEntity
  8
TOPO-CONTOUR-MAJOR
100
AcDbVertex
100
AcDb3dPolylineVertex
 10
-177.94033230893706
 20
-397.39989523308935
 30
1035.0
 70
32
  0
VERTEX
  5
D5C
330
17
100
AcDbEntity
  8
TOPO-CONTOUR-MAJOR
100
AcDbVertex
100
AcDb3dPolylineVertex
 10
-177.94033230893706
 20
-396.68287906554133
 30
1035.0
 70
32
  0
VERTEX
  5
D5D
330
17
100
AcDbEntity
  8
TOPO-CONTOUR-MAJOR
100
AcDbVertex
100
AcDb3dPolylineVertex
 10
-178.8614609011109
 20
-395.95069068577135
 30
1035.0
 70
32
  0
VERTEX
  5
D5E
330
17
100
AcDbEntity
  8
TOPO-CONTOUR-MAJOR
100
AcDbVertex
100
AcDb3dPolylineVertex
 10
-179.95556136175514
 20
-395.8347716284448
 30
1035.0
 70
32
  0
SEQEND
  5
D56
330
D55
100
AcDbEntity
  8
TOPO-CONTOUR-MAJOR
  0
POLYLINE
  5
D5F
330
17
100
AcDbEntity
  8
TOPO-CONTOUR-MAJOR
100
AcDb3dPolyline
 66
1
 10
0.0
 20
0.0
 30
0.0
 70
8
  0
VERTEX
  5
D61
330
17
100
AcDbEntity
  8
TOPO-CONTOUR-MAJOR
100
AcDbVertex
100
AcDb3dPolylineVertex
 10
83.95674728675314
 20
-396.9583052126691
 30
1035.0
 70
32
  0
VERTEX
  5
D62
330
17
100
AcDbEntity
  8
TOPO-CONTOUR-MAJOR
100
AcDbVertex
100
AcDb3dPolylineVertex
 10
84.42578117805124
 20
-396.9583052126691
 30
1035.0
 70
32
  0
VERTEX
  5
D63
330
17
100
AcDbEntity
  8
TOPO-CONTOUR-MAJOR
100
AcDbVertex
100
AcDb3dPolylineVertex
 10
84.84605690833914
 20
-397.9659197386354
 30
1035.0
 70
32
  0
VERTEX
  5
D64
330
17
100
AcDbEntity
  8
TOPO-CONTOUR-MAJOR
100
AcDbVertex
100
AcDb3dPolylineVertex
 10
84.03944455741498
 20
-399.2945201752136
 30
1035.0
 70
32
  0
VERTEX
  5
D65
330
17
100
AcDbEntity
  8
TOPO-CONTOUR-MAJOR
100
AcDbVertex
100
AcDb3dPolylineVertex
 10
83.03183003100594
 20
-400.11323186046866
 30
1035.0
 70
32
  0
VERTEX
  5
D66
330
17
100
AcDbEntity
  8
TOPO-CONTOUR-MAJOR
100
AcDbVertex
100
AcDb3dPolylineVertex
 10
79.01894864257945
 20
-401.99637784436345
 30
1035.0
 70
32
  0
VERTEX
  5
D67
330
17
100
AcDbEntity
  8
TOPO-CONTOUR-MAJOR
100
AcDbVertex
100
AcDb3dPolylineVertex
 10
75.97852834614264
 20
-403.0280967783783
 30
1035.0
 70
32
  0
VERTEX
  5
D68
330
17
100
AcDbEntity
  8
TOPO-CONTOUR-MAJOR
100
AcDbVertex
100
AcDb3dPolylineVertex
 10
74.91393299869091
 20
-403.0039923712611
 30
1035.0
 70
32
  0
VERTEX
  5
D69
330
17
100
AcDbEntity
  8
TOPO-CONTOUR-MAJOR
100
AcDbVertex
100
AcDb3dPolylineVertex
 10
73.09152688649816
 20
-401.99637784436345
 30
1035.0
 70
32
  0
VERTEX
  5
D6A
330
17
100
AcDbEntity
  8
TOPO-CONTOUR-MAJOR
100
AcDbVertex
100
AcDb3dPolylineVertex
 10
73.36480384964011
 20
-400.9887633183971
 30
1035.0
 70
32
  0
VERTEX
  5
D6B
330
17
100
AcDbEntity
  8
TOPO-CONTOUR-MAJOR
100
AcDbVertex
100
AcDb3dPolylineVertex
 10
73.96329929332455
 20
-400.6559821768158
 30
1035.0
 70
32
  0
VERTEX
  5
D6C
330
17
100
AcDbEntity
  8
TOPO-CONTOUR-MAJOR
100
AcDbVertex
100
AcDb3dPolylineVertex
 10
80.00898645177881
 20
-399.50847284631675
 30
1035.0
 70
32
  0
VERTEX
  5
D6D
330
17
100
AcDbEntity
  8
TOPO-CONTOUR-MAJOR
100
AcDbVertex
100
AcDb3dPolylineVertex
 10
83.95674728675314
 20
-396.9583052126691
 30
1035.0
 70
32
  0
SEQEND
  5
D60
330
D5F
100
AcDbEntity
  8
TOPO-CONTOUR-MAJOR
  0
POLYLINE
  5
D6E
330
17
100
AcDbEntity
  8
TOPO-CONTOUR-MINOR
100
AcDb3dPolyline
 66
1
 10
0.0
 20
0.0
 30
0.0
 70
8
  0
VERTEX
  5
D70
330
17
100
AcDbEntity
  8
TOPO-CONTOUR-MINOR
100
AcDbVertex
100
AcDb3dPolylineVertex
 10
-207.558403321784
 20
183.0
 30
1036.0
 70
32
  0
VERTEX
  5
D71
330
17
100
AcDbEntity
  8
TOPO-CONTOUR-MINOR
100
AcDbVertex
100
AcDb3dPolylineVertex
 10
-201.6863478981874
 20
179.39720389340073
 30
1036.0
 70
32
  0
VERTEX
  5
D72
330
17
100
AcDbEntity
  8
TOPO-CONTOUR-MINOR
100
AcDbVertex
100
AcDb3dPolylineVertex
 10
-197.7612244714931
 20
176.37436031457037
 30
1036.0
 70
32
  0
VERTEX
  5
D73
330
17
100
AcDbEntity
  8
TOPO-CONTOUR-MINOR
100
AcDbVertex
100
AcDb3dPolylineVertex
 10
-195.71789434088313
 20
173.35151673480868
 30
1036.0
 70
32
  0
VERTEX
  5
D74
330
17
100
AcDbEntity
  8
TOPO-CONTOUR-MINOR
100
AcDbVertex
100
AcDb3dPolylineVertex
 10
-193.0545502050728
 20
167.00484741869724
 30
1036.0
 70
32
  0
VERTEX
  5
D75
330
17
100
AcDbEntity
  8
TOPO-CONTOUR-MINOR
100
AcDbVertex
100
AcDb3dPolylineVertex
 10
-192.04693567866377
 20
165.53060059439414
 30
1036.0
 70
32
  0
VERTEX
  5
D76
330
17
100
AcDbEntity
  8
TOPO-CONTOUR-MINOR
100
AcDbVertex
100
AcDb3dPolylineVertex
 10
-191.03932115225473
 20
164.8602149212565
 30
1036.0
 70
32
  0
VERTEX
  5
D77
330
17
100
AcDbEntity
  8
TOPO-CONTOUR-MINOR
100
AcDbVertex
100
AcDb3dPolylineVertex
 10
-189.02409209943664
 20
164.66648568328347
 30
1036.0
 70
32
  0
VERTEX
  5
D78
330
17
100
AcDbEntity
  8
TOPO-CONTOUR-MINOR
100
AcDbVertex
100
AcDb3dPolylineVertex
 10
-187.00886304661856
 20
165.00828693588502
 30
1036.0
 70
32
  0
VERTEX
  5
D79
330
17
100
AcDbEntity
  8
TOPO-CONTOUR-MINOR
100
AcDbVertex
100
AcDb3dPolylineVertex
 10
-186.00124852020951
 20
165.59811799090753
 30
1036.0
 70
32
  0
VERTEX
  5
D7A
330
17
100
AcDbEntity
  8
TOPO-CONTOUR-MINOR
100
AcDbVertex
100
AcDb3dPolylineVertex
 10
-183.98601946739143
 20
168.11762477300834
 30
1036.0
 70
32
  0
VERTEX
  5
D7B
330
17
100
AcDbEntity
  8
TOPO-CONTOUR-MINOR
100
AcDbVertex
100
AcDb3dPolylineVertex
 10
-182.9784049409824
 20
168.90106903428784
 30
1036.0
 70
32
  0
VERTEX
  5
D7C
330
17
100
AcDbEntity
  8
TOPO-CONTOUR-MINOR
100
AcDbVertex
100
AcDb3dPolylineVertex
 10
-181.97079041457323
 20
169.20481970024255
 30
1036.0
 70
32
  0
VERTEX
  5
D7D
330
17
100
AcDbEntity
  8
TOPO-CONTOUR-MINOR
100
AcDbVertex
100
AcDb3dPolylineVertex
 10
-180.9631758881642
 20
169.0799129900546
 30
1036.0
 70
32
  0
VERTEX
  5
D7E
330
17
100
AcDbEntity
  8
TOPO-CONTOUR-MINOR
100
AcDbVertex
100
AcDb3dPolylineVertex
 10
-172.90225967689184
 20
164.46694917194066
 30
1036.0
 70
32
  0
VERTEX
  5
D7F
330
17
100
AcDbEntity
  8
TOPO-CONTOUR-MINOR
100
AcDbVertex
100
AcDb3dPolylineVertex
 10
-163.83372893921046
 20
160.2604550346662
 30
1036.0
 70
32
  0
VERTEX
  5
D80
330
17
100
AcDbEntity
  8
TOPO-CONTOUR-MINOR
100
AcDbVertex
100
AcDb3dPolylineVertex
 10
-160.81088535998333
 20
159.31456379669675
 30
1036.0
 70
32
  0
VERTEX
  5
D81
330
17
100
AcDbEntity
  8
TOPO-CONTOUR-MINOR
100
AcDbVertex
100
AcDb3dPolylineVertex
 10
-159.8032708335743
 20
159.3280245655702
 30
1036.0
 70
32
  0
VERTEX
  5
D82
330
17
100
AcDbEntity
  8
TOPO-CONTOUR-MINOR
100
AcDbVertex
100
AcDb3dPolylineVertex
 10
-158.79565630716525
 20
159.97060253092275
 30
1036.0
 70
32
  0
VERTEX
  5
D83
330
17
100
AcDbEntity
  8
TOPO-CONTOUR-MINOR
100
AcDbVertex
100
AcDb3dPolylineVertex
 10
-157.7880417807562
 20
160.07879348996408
 30
1036.0
 70
32
  0
VERTEX
  5
D84
330
17
100
AcDbEntity
  8
TOPO-CONTOUR-MINOR
100
AcDbVertex
100
AcDb3dPolylineVertex
 10
-153.75758367512003
 20
158.00841648740465
 30
1036.0
 70
32
  0
VERTEX
  5
D85
330
17
100
AcDbEntity
  8
TOPO-CONTOUR-MINOR
100
AcDbVertex
100
AcDb3dPolylineVertex
 10
-149.72712556948375
 20
156.8562395270065
 30
1036.0
 70
32
  0
VERTEX
  5
D86
330
17
100
AcDbEntity
  8
TOPO-CONTOUR-MINOR
100
AcDbVertex
100
AcDb3dPolylineVertex
 10
-141.6662093582114
 20
151.58281895201486
 30
1036.0
 70
32
  0
VERTEX
  5
D87
330
17
100
AcDbEntity
  8
TOPO-CONTOUR-MINOR
100
AcDbVertex
100
AcDb3dPolylineVertex
 10
-137.63575125257523
 20
148.40520805390088
 30
1036.0
 70
32
  0
VERTEX
  5
D88
330
17
100
AcDbEntity
  8
TOPO-CONTOUR-MINOR
100
AcDbVertex
100
AcDb3dPolylineVertex
 10
-133.60529314693906
 20
146.73974107544234
 30
1036.0
 70
32
  0
VERTEX
  5
D89
330
17
100
AcDbEntity
  8
TOPO-CONTOUR-MINOR
100
AcDbVertex
100
AcDb3dPolylineVertex
 10
-133.2483110348672
 20
147.1535390485078
 30
1036.0
 70
32
  0
VERTEX
  5
D8A
330
17
100
AcDbEntity
  8
TOPO-CONTOUR-MINOR
100
AcDbVertex
100
AcDb3dPolylineVertex
 10
-135.23192323395796
 20
149.16876810137182
 30
1036.0
 70
32
  0
VERTEX
  5
D8B
330
17
100
AcDbEntity
  8
TOPO-CONTOUR-MINOR
100
AcDbVertex
100
AcDb3dPolylineVertex
 10
-140.65859483180236
 20
153.33812556979615
 30
1036.0
 70
32
  0
VERTEX
  5
D8C
330
17
100
AcDbEntity
  8
TOPO-CONTOUR-MINOR
100
AcDbVertex
100
AcDb3dPolylineVertex
 10
-142.63651994544114
 20
155.21445525996387
 30
1036.0
 70
32
  0
VERTEX
  5
D8D
330
17
100
AcDbEntity
  8
TOPO-CONTOUR-MINOR
100
AcDbVertex
100
AcDb3dPolylineVertex
 10
-148.7195110430747
 20
162.5763216702104
 30
1036.0
 70
32
  0
VERTEX
  5
D8E
330
17
100
AcDbEntity
  8
TOPO-CONTOUR-MINOR
100
AcDbVertex
100
AcDb3dPolylineVertex
 10
-153.75758367512003
 20
164.42303960133984
 30
1036.0
 70
32
  0
VERTEX
  5
D8F
330
17
100
AcDbEntity
  8
TOPO-CONTOUR-MINOR
100
AcDbVertex
100
AcDb3dPolylineVertex
 10
-160.12986349210968
 20
170.32867315597832
 30
1036.0
 70
32
  0
VERTEX
  5
D90
330
17
100
AcDbEntity
  8
TOPO-CONTOUR-MINOR
100
AcDbVertex
100
AcDb3dPolylineVertex
 10
-161.87179393011775
 20
173.35151673480868
 30
1036.0
 70
32
  0
VERTEX
  5
D91
330
17
100
AcDbEntity
  8
TOPO-CONTOUR-MINOR
100
AcDbVertex
100
AcDb3dPolylineVertex
 10
-162.032111897304
 20
175.3667457876727
 30
1036.0
 70
32
  0
VERTEX
  5
D92
330
17
100
AcDbEntity
  8
TOPO-CONTOUR-MINOR
100
AcDbVertex
100
AcDb3dPolylineVertex
 10
-161.70409257910453
 20
177.3819748405367
 30
1036.0
 70
32
  0
VERTEX
  5
D93
330
17
100
AcDbEntity
  8
TOPO-CONTOUR-MINOR
100
AcDbVertex
100
AcDb3dPolylineVertex
 10
-160.81088535998333
 20
178.98539625646333
 30
1036.0
 70
32
  0
VERTEX
  5
D94
330
17
100
AcDbEntity
  8
TOPO-CONTOUR-MINOR
100
AcDbVertex
100
AcDb3dPolylineVertex
 10
-158.79565630716525
 20
180.32536067416294
 30
1036.0
 70
32
  0
VERTEX
  5
D95
330
17
100
AcDbEntity
  8
TOPO-CONTOUR-MINOR
100
AcDbVertex
100
AcDb3dPolylineVertex
 10
-156.78042725434716
 20
180.9393478328281
 30
1036.0
 70
32
  0
VERTEX
  5
D96
330
17
100
AcDbEntity
  8
TOPO-CONTOUR-MINOR
100
AcDbVertex
100
AcDb3dPolylineVertex
 10
-154.76519820152907
 20
181.00151074952242
 30
1036.0
 70
32
  0
VERTEX
  5
D97
330
17
100
AcDbEntity
  8
TOPO-CONTOUR-MINOR
100
AcDbVertex
100
AcDb3dPolylineVertex
 10
-152.749969148711
 20
180.54272437101503
 30
1036.0
 70
32
  0
VERTEX
  5
D98
330
17
100
AcDbEntity
  8
TOPO-CONTOUR-MINOR
100
AcDbVertex
100
AcDb3dPolylineVertex
 10
-150.51554202647606
 20
179.39720389340073
 30
1036.0
 70
32
  0
VERTEX
  5
D99
330
17
100
AcDbEntity
  8
TOPO-CONTOUR-MINOR
100
AcDbVertex
100
AcDb3dPolylineVertex
 10
-148.18338132139712
 20
177.3819748405367
 30
1036.0
 70
32
  0
VERTEX
  5
D9A
330
17
100
AcDbEntity
  8
TOPO-CONTOUR-MINOR
100
AcDbVertex
100
AcDb3dPolylineVertex
 10
-146.70428199025665
 20
175.26118599323115
 30
1036.0
 70
32
  0
VERTEX
  5
D9B
330
17
100
AcDbEntity
  8
TOPO-CONTOUR-MINOR
100
AcDbVertex
100
AcDb3dPolylineVertex
 10
-144.68905293743853
 20
174.17412853017143
 30
1036.0
 70
32
  0
VERTEX
  5
D9C
330
17
100
AcDbEntity
  8
TOPO-CONTOUR-MINOR
100
AcDbVertex
100
AcDb3dPolylineVertex
 10
-138.64336577898428
 20
173.72462789450438
 30
1036.0
 70
32
  0
VERTEX
  5
D9D
330
17
100
AcDbEntity
  8
TOPO-CONTOUR-MINOR
100
AcDbVertex
100
AcDb3dPolylineVertex
 10
-124.53676240925756
 20
174.48335641070545
 30
1036.0
 70
32
  0
VERTEX
  5
D9E
330
17
100
AcDbEntity
  8
TOPO-CONTOUR-MINOR
100
AcDbVertex
100
AcDb3dPolylineVertex
 10
-122.52153335643949
 20
173.9417509492135
 30
1036.0
 70
32
  0
VERTEX
  5
D9F
330
17
100
AcDbEntity
  8
TOPO-CONTOUR-MINOR
100
AcDbVertex
100
AcDb3dPolylineVertex
 10
-121.73868572572974
 20
173.35151673480868
 30
1036.0
 70
32
  0
VERTEX
  5
DA0
330
17
100
AcDbEntity
  8
TOPO-CONTOUR-MINOR
100
AcDbVertex
100
AcDb3dPolylineVertex
 10
-121.24384342447657
 20
172.34390220884234
 30
1036.0
 70
32
  0
VERTEX
  5
DA1
330
17
100
AcDbEntity
  8
TOPO-CONTOUR-MINOR
100
AcDbVertex
100
AcDb3dPolylineVertex
 10
-121.40932594732972
 20
167.30582957621664
 30
1036.0
 70
32
  0
VERTEX
  5
DA2
330
17
100
AcDbEntity
  8
TOPO-CONTOUR-MINOR
100
AcDbVertex
100
AcDb3dPolylineVertex
 10
-121.10750580562116
 20
165.29060052335262
 30
1036.0
 70
32
  0
VERTEX
  5
DA3
330
17
100
AcDbEntity
  8
TOPO-CONTOUR-MINOR
100
AcDbVertex
100
AcDb3dPolylineVertex
 10
-117.75342110439428
 20
159.2449133656919
 30
1036.0
 70
32
  0
VERTEX
  5
DA4
330
17
100
AcDbEntity
  8
TOPO-CONTOUR-MINOR
100
AcDbVertex
100
AcDb3dPolylineVertex
 10
-114.5914155730392
 20
155.21445525996387
 30
1036.0
 70
32
  0
VERTEX
  5
DA5
330
17
100
AcDbEntity
  8
TOPO-CONTOUR-MINOR
100
AcDbVertex
100
AcDb3dPolylineVertex
 10
-112.44538809234903
 20
154.00132067624074
 30
1036.0
 70
32
  0
VERTEX
  5
DA6
330
17
100
AcDbEntity
  8
TOPO-CONTOUR-MINOR
100
AcDbVertex
100
AcDb3dPolylineVertex
 10
-108.41492998671289
 20
153.13373493226226
 30
1036.0
 70
32
  0
VERTEX
  5
DA7
330
17
100
AcDbEntity
  8
TOPO-CONTOUR-MINOR
100
AcDbVertex
100
AcDb3dPolylineVertex
 10
-106.3997009338948
 20
152.08477689747386
 30
1036.0
 70
32
  0
VERTEX
  5
DA8
330
17
100
AcDbEntity
  8
TOPO-CONTOUR-MINOR
100
AcDbVertex
100
AcDb3dPolylineVertex
 10
-104.3844718810767
 20
150.19406297426033
 30
1036.0
 70
32
  0
VERTEX
  5
DA9
330
17
100
AcDbEntity
  8
TOPO-CONTOUR-MINOR
100
AcDbVertex
100
AcDb3dPolylineVertex
 10
-101.36162830184958
 20
146.1764072824013
 30
1036.0
 70
32
  0
VERTEX
  5
DAA
330
17
100
AcDbEntity
  8
TOPO-CONTOUR-MINOR
100
AcDbVertex
100
AcDb3dPolylineVertex
 10
-100.35401377544054
 20
145.33449332178483
 30
1036.0
 70
32
  0
VERTEX
  5
DAB
330
17
100
AcDbEntity
  8
TOPO-CONTOUR-MINOR
100
AcDbVertex
100
AcDb3dPolylineVertex
 10
-94.30832661698628
 20
142.44135934290003
 30
1036.0
 70
32
  0
VERTEX
  5
DAC
330
17
100
AcDbEntity
  8
TOPO-CONTOUR-MINOR
100
AcDbVertex
100
AcDb3dPolylineVertex
 10
-92.76161381559416
 20
141.10785188991576
 30
1036.0
 70
32
  0
VERTEX
  5
DAD
330
17
100
AcDbEntity
  8
TOPO-CONTOUR-MINOR
100
AcDbVertex
100
AcDb3dPolylineVertex
 10
-89.49038290817522
 20
137.07739378418773
 30
1036.0
 70
32
  0
VERTEX
  5
DAE
330
17
100
AcDbEntity
  8
TOPO-CONTOUR-MINOR
100
AcDbVertex
100
AcDb3dPolylineVertex
 10
-88.26263945853191
 20
136.0654843074852
 30
1036.0
 70
32
  0
VERTEX
  5
DAF
330
17
100
AcDbEntity
  8
TOPO-CONTOUR-MINOR
100
AcDbVertex
100
AcDb3dPolylineVertex
 10
-83.2245668264867
 20
133.7585052365364
 30
1036.0
 70
32
  0
VERTEX
  5
DB0
330
17
100
AcDbEntity
  8
TOPO-CONTOUR-MINOR
100
AcDbVertex
100
AcDb3dPolylineVertex
 10
-81.20933777366861
 20
132.4647422377703
 30
1036.0
 70
32
  0
VERTEX
  5
DB1
330
17
100
AcDbEntity
  8
TOPO-CONTOUR-MINOR
100
AcDbVertex
100
AcDb3dPolylineVertex
 10
-79.19410872085052
 20
130.45902435001136
 30
1036.0
 70
32
  0
VERTEX
  5
DB2
330
17
100
AcDbEntity
  8
TOPO-CONTOUR-MINOR
100
AcDbVertex
100
AcDb3dPolylineVertex
 10
-75.16365061521435
 20
125.05487266893094
 30
1036.0
 70
32
  0
VERTEX
  5
DB3
330
17
100
AcDbEntity
  8
TOPO-CONTOUR-MINOR
100
AcDbVertex
100
AcDb3dPolylineVertex
 10
-70.12557798316914
 20
120.40810253360691
 30
1036.0
 70
32
  0
VERTEX
  5
DB4
330
17
100
AcDbEntity
  8
TOPO-CONTOUR-MINOR
100
AcDbVertex
100
AcDb3dPolylineVertex
 10
-69.11796345675998
 20
119.99239415356399
 30
1036.0
 70
32
  0
VERTEX
  5
DB5
330
17
100
AcDbEntity
  8
TOPO-CONTOUR-MINOR
100
AcDbVertex
100
AcDb3dPolylineVertex
 10
-65.08750535112381
 20
119.97120315953622
 30
1036.0
 70
32
  0
VERTEX
  5
DB6
330
17
100
AcDbEntity
  8
TOPO-CONTOUR-MINOR
100
AcDbVertex
100
AcDb3dPolylineVertex
 10
-64.07989082471477
 20
119.14205153836524
 30
1036.0
 70
32
  0
VERTEX
  5
DB7
330
17
100
AcDbEntity
  8
TOPO-CONTOUR-MINOR
100
AcDbVertex
100
AcDb3dPolylineVertex
 10
-60.049432719078595
 20
110.18411143357162
 30
1036.0
 70
32
  0
VERTEX
  5
DB8
330
17
100
AcDbEntity
  8
TOPO-CONTOUR-MINOR
100
AcDbVertex
100
AcDb3dPolylineVertex
 10
-58.03420366626051
 20
106.84533614544188
 30
1036.0
 70
32
  0
VERTEX
  5
DB9
330
17
100
AcDbEntity
  8
TOPO-CONTOUR-MINOR
100
AcDbVertex
100
AcDb3dPolylineVertex
 10
-57.02658913985147
 20
105.51662178939503
 30
1036.0
 70
32
  0
VERTEX
  5
DBA
330
17
100
AcDbEntity
  8
TOPO-CONTOUR-MINOR
100
AcDbVertex
100
AcDb3dPolylineVertex
 10
-56.01897461344242
 20
104.76977460627879
 30
1036.0
 70
32
  0
VERTEX
  5
DBB
330
17
100
AcDbEntity
  8
TOPO-CONTOUR-MINOR
100
AcDbVertex
100
AcDb3dPolylineVertex
 10
-55.505827086231065
 20
106.84895799215883
 30
1036.0
 70
32
  0
VERTEX
  5
DBC
330
17
100
AcDbEntity
  8
TOPO-CONTOUR-MINOR
100
AcDbVertex
100
AcDb3dPolylineVertex
 10
-55.70707495693577
 20
113.90225967671722
 30
1036.0
 70
32
  0
VERTEX
  5
DBD
330
17
100
AcDbEntity
  8
TOPO-CONTOUR-MINOR
100
AcDbVertex
100
AcDb3dPolylineVertex
 10
-58.03420366626051
 20
126.85167394410146
 30
1036.0
 70
32
  0
VERTEX
  5
DBE
330
17
100
AcDbEntity
  8
TOPO-CONTOUR-MINOR
100
AcDbVertex
100
AcDb3dPolylineVertex
 10
-58.57236241838139
 20
133.0469356784597
 30
1036.0
 70
32
  0
VERTEX
  5
DBF
330
17
100
AcDbEntity
  8
TOPO-CONTOUR-MINOR
100
AcDbVertex
100
AcDb3dPolylineVertex
 10
-60.44164886314735
 20
143.12308094277978
 30
1036.0
 70
32
  0
VERTEX
  5
DC0
330
17
100
AcDbEntity
  8
TOPO-CONTOUR-MINOR
100
AcDbVertex
100
AcDb3dPolylineVertex
 10
-60.98755187594978
 20
148.16115357447416
 30
1036.0
 70
32
  0
VERTEX
  5
DC1
330
17
100
AcDbEntity
  8
TOPO-CONTOUR-MINOR
100
AcDbVertex
100
AcDb3dPolylineVertex
 10
-60.049432719078595
 20
150.7554567782658
 30
1036.0
 70
32
  0
VERTEX
  5
DC2
330
17
100
AcDbEntity
  8
TOPO-CONTOUR-MINOR
100
AcDbVertex
100
AcDb3dPolylineVertex
 10
-56.58382558900843
 20
156.22206978593022
 30
1036.0
 70
32
  0
VERTEX
  5
DC3
330
17
100
AcDbEntity
  8
TOPO-CONTOUR-MINOR
100
AcDbVertex
100
AcDb3dPolylineVertex
 10
-53.91802960060911
 20
161.26014241855592
 30
1036.0
 70
32
  0
VERTEX
  5
DC4
330
17
100
AcDbEntity
  8
TOPO-CONTOUR-MINOR
100
AcDbVertex
100
AcDb3dPolylineVertex
 10
-51.833903493858635
 20
167.30582957621664
 30
1036.0
 70
32
  0
VERTEX
  5
DC5
330
17
100
AcDbEntity
  8
TOPO-CONTOUR-MINOR
100
AcDbVertex
100
AcDb3dPolylineVertex
 10
-51.56855158165813
 20
169.32105862908065
 30
1036.0
 70
32
  0
VERTEX
  5
DC6
330
17
100
AcDbEntity
  8
TOPO-CONTOUR-MINOR
100
AcDbVertex
100
AcDb3dPolylineVertex
 10
-52.24655792159284
 20
171.33628768194467
 30
1036.0
 70
32
  0
VERTEX
  5
DC7
330
17
100
AcDbEntity
  8
TOPO-CONTOUR-MINOR
100
AcDbVertex
100
AcDb3dPolylineVertex
 10
-54.16246805396459
 20
174.35913126170635
 30
1036.0
 70
32
  0
VERTEX
  5
DC8
330
17
100
AcDbEntity
  8
TOPO-CONTOUR-MINOR
100
AcDbVertex
100
AcDb3dPolylineVertex
 10
-57.521374797127905
 20
178.38958936743438
 30
1036.0
 70
32
  0
VERTEX
  5
DC9
330
17
100
AcDbEntity
  8
TOPO-CONTOUR-MINOR
100
AcDbVertex
100
AcDb3dPolylineVertex
 10
-59.589693735156125
 20
183.0
 30
1036.0
 70
32
  0
SEQEND
  5
D6F
330
D6E
100
AcDbEntity
  8
TOPO-CONTOUR-MINOR
  0
POLYLINE
  5
DCA
330
17
100
AcDbEntity
  8
TOPO-CONTOUR-MINOR
100
AcDb3dPolyline
 66
1
 10
0.0
 20
0.0
 30
0.0
 70
8
  0
VERTEX
  5
DCC
330
17
100
AcDbEntity
  8
TOPO-CONTOUR-MINOR
100
AcDbVertex
100
AcDb3dPolylineVertex
 10
-14.98603250693613
 20
183.0
 30
1036.0
 70
32
  0
VERTEX
  5
DCD
330
17
100
AcDbEntity
  8
TOPO-CONTOUR-MINOR
100
AcDbVertex
100
AcDb3dPolylineVertex
 10
-12.69154997785347
 20
179.95672971954892
 30
1036.0
 70
32
  0
VERTEX
  5
DCE
330
17
100
AcDbEntity
  8
TOPO-CONTOUR-MINOR
100
AcDbVertex
100
AcDb3dPolylineVertex
 10
-8.661091872217185
 20
177.01451146629904
 30
1036.0
 70
32
  0
VERTEX
  5
DCF
330
17
100
AcDbEntity
  8
TOPO-CONTOUR-MINOR
100
AcDbVertex
100
AcDb3dPolylineVertex
 10
-4.630633766581013
 20
174.90309489830554
 30
1036.0
 70
32
  0
VERTEX
  5
DD0
330
17
100
AcDbEntity
  8
TOPO-CONTOUR-MINOR
100
AcDbVertex
100
AcDb3dPolylineVertex
 10
-1.607790187353885
 20
174.35784747107078
 30
1036.0
 70
32
  0
VERTEX
  5
DD1
330
17
100
AcDbEntity
  8
TOPO-CONTOUR-MINOR
100
AcDbVertex
100
AcDb3dPolylineVertex
 10
2.4226679182822863
 20
174.3647314430876
 30
1036.0
 70
32
  0
VERTEX
  5
DD2
330
17
100
AcDbEntity
  8
TOPO-CONTOUR-MINOR
100
AcDbVertex
100
AcDb3dPolylineVertex
 10
3.430282444691329
 20
173.73621646393553
 30
1036.0
 70
32
  0
VERTEX
  5
DD3
330
17
100
AcDbEntity
  8
TOPO-CONTOUR-MINOR
100
AcDbVertex
100
AcDb3dPolylineVertex
 10
7.4607405503275
 20
169.04737817586903
 30
1036.0
 70
32
  0
VERTEX
  5
DD4
330
17
100
AcDbEntity
  8
TOPO-CONTOUR-MINOR
100
AcDbVertex
100
AcDb3dPolylineVertex
 10
9.475969603145586
 20
167.86051015015562
 30
1036.0
 70
32
  0
VERTEX
  5
DD5
330
17
100
AcDbEntity
  8
TOPO-CONTOUR-MINOR
100
AcDbVertex
100
AcDb3dPolylineVertex
 10
13.489522877700402
 20
166.2982150502503
 30
1036.0
 70
32
  0
VERTEX
  5
DD6
330
17
100
AcDbEntity
  8
TOPO-CONTOUR-MINOR
100
AcDbVertex
100
AcDb3dPolylineVertex
 10
15.961613650393996
 20
164.28298599738628
 30
1036.0
 70
32
  0
VERTEX
  5
DD7
330
17
100
AcDbEntity
  8
TOPO-CONTOUR-MINOR
100
AcDbVertex
100
AcDb3dPolylineVertex
 10
17.4368985944536
 20
162.26775694452226
 30
1036.0
 70
32
  0
VERTEX
  5
DD8
330
17
100
AcDbEntity
  8
TOPO-CONTOUR-MINOR
100
AcDbVertex
100
AcDb3dPolylineVertex
 10
17.367222524736626
 20
160.25252789165825
 30
1036.0
 70
32
  0
VERTEX
  5
DD9
330
17
100
AcDbEntity
  8
TOPO-CONTOUR-MINOR
100
AcDbVertex
100
AcDb3dPolylineVertex
 10
16.529271288008886
 20
158.84619335405526
 30
1036.0
 70
32
  0
VERTEX
  5
DDA
330
17
100
AcDbEntity
  8
TOPO-CONTOUR-MINOR
100
AcDbVertex
100
AcDb3dPolylineVertex
 10
14.5140422351908
 20
156.97041852929527
 30
1036.0
 70
32
  0
VERTEX
  5
DDB
330
17
100
AcDbEntity
  8
TOPO-CONTOUR-MINOR
100
AcDbVertex
100
AcDb3dPolylineVertex
 10
10.483584129554629
 20
154.20133028950252
 30
1036.0
 70
32
  0
VERTEX
  5
DDC
330
17
100
AcDbEntity
  8
TOPO-CONTOUR-MINOR
100
AcDbVertex
100
AcDb3dPolylineVertex
 10
7.4607405503275
 20
152.82416636599407
 30
1036.0
 70
32
  0
VERTEX
  5
DDD
330
17
100
AcDbEntity
  8
TOPO-CONTOUR-MINOR
100
AcDbVertex
100
AcDb3dPolylineVertex
 10
6.453126023918458
 20
151.9388160527391
 30
1036.0
 70
32
  0
VERTEX
  5
DDE
330
17
100
AcDbEntity
  8
TOPO-CONTOUR-MINOR
100
AcDbVertex
100
AcDb3dPolylineVertex
 10
4.190625510172834
 20
148.16115357447416
 30
1036.0
 70
32
  0
VERTEX
  5
DDF
330
17
100
AcDbEntity
  8
TOPO-CONTOUR-MINOR
100
AcDbVertex
100
AcDb3dPolylineVertex
 10
-4.8481554008823595
 20
138.0850083110854
 30
1036.0
 70
32
  0
VERTEX
  5
DE0
330
17
100
AcDbEntity
  8
TOPO-CONTOUR-MINOR
100
AcDbVertex
100
AcDb3dPolylineVertex
 10
-5.638248292990056
 20
136.80082002634322
 30
1036.0
 70
32
  0
VERTEX
  5
DE1
330
17
100
AcDbEntity
  8
TOPO-CONTOUR-MINOR
100
AcDbVertex
100
AcDb3dPolylineVertex
 10
-5.987230771419934
 20
134.05455020535737
 30
1036.0
 70
32
  0
VERTEX
  5
DE2
330
17
100
AcDbEntity
  8
TOPO-CONTOUR-MINOR
100
AcDbVertex
100
AcDb3dPolylineVertex
 10
-6.454777028523585
 20
133.0469356784597
 30
1036.0
 70
32
  0
VERTEX
  5
DE3
330
17
100
AcDbEntity
  8
TOPO-CONTOUR-MINOR
100
AcDbVertex
100
AcDb3dPolylineVertex
 10
-7.434892820854371
 20
132.03932115249336
 30
1036.0
 70
32
  0
VERTEX
  5
DE4
330
17
100
AcDbEntity
  8
TOPO-CONTOUR-MINOR
100
AcDbVertex
100
AcDb3dPolylineVertex
 10
-16.57565174840519
 20
124.98601946700364
 30
1036.0
 70
32
  0
VERTEX
  5
DE5
330
17
100
AcDbEntity
  8
TOPO-CONTOUR-MINOR
100
AcDbVertex
100
AcDb3dPolylineVertex
 10
-20.752466189125812
 20
123.24446724147309
 30
1036.0
 70
32
  0
VERTEX
  5
DE6
330
17
100
AcDbEntity
  8
TOPO-CONTOUR-MINOR
100
AcDbVertex
100
AcDb3dPolylineVertex
 10
-22.777151790595852
 20
121.96317588817328
 30
1036.0
 70
32
  0
VERTEX
  5
DE7
330
17
100
AcDbEntity
  8
TOPO-CONTOUR-MINOR
100
AcDbVertex
100
AcDb3dPolylineVertex
 10
-24.135149407580926
 20
119.94794683530925
 30
1036.0
 70
32
  0
VERTEX
  5
DE8
330
17
100
AcDbEntity
  8
TOPO-CONTOUR-MINOR
100
AcDbVertex
100
AcDb3dPolylineVertex
 10
-24.954926708427976
 20
116.9251032564789
 30
1036.0
 70
32
  0
VERTEX
  5
DE9
330
17
100
AcDbEntity
  8
TOPO-CONTOUR-MINOR
100
AcDbVertex
100
AcDb3dPolylineVertex
 10
-25.544131078395292
 20
112.89464515075088
 30
1036.0
 70
32
  0
VERTEX
  5
DEA
330
17
100
AcDbEntity
  8
TOPO-CONTOUR-MINOR
100
AcDbVertex
100
AcDb3dPolylineVertex
 10
-26.79815334758007
 20
111.3870940335004
 30
1036.0
 70
32
  0
VERTEX
  5
DEB
330
17
100
AcDbEntity
  8
TOPO-CONTOUR-MINOR
100
AcDbVertex
100
AcDb3dPolylineVertex
 10
-27.80576787398911
 20
111.36831995539264
 30
1036.0
 70
32
  0
VERTEX
  5
DEC
330
17
100
AcDbEntity
  8
TOPO-CONTOUR-MINOR
100
AcDbVertex
100
AcDb3dPolylineVertex
 10
-28.14189374028534
 20
112.89464515075088
 30
1036.0
 70
32
  0
VERTEX
  5
DED
330
17
100
AcDbEntity
  8
TOPO-CONTOUR-MINOR
100
AcDbVertex
100
AcDb3dPolylineVertex
 10
-27.261745906082957
 20
116.9251032564789
 30
1036.0
 70
32
  0
VERTEX
  5
DEE
330
17
100
AcDbEntity
  8
TOPO-CONTOUR-MINOR
100
AcDbVertex
100
AcDb3dPolylineVertex
 10
-27.39200625679313
 20
117.93271778244525
 30
1036.0
 70
32
  0
VERTEX
  5
DEF
330
17
100
AcDbEntity
  8
TOPO-CONTOUR-MINOR
100
AcDbVertex
100
AcDb3dPolylineVertex
 10
-28.494819237143343
 20
120.95556136220694
 30
1036.0
 70
32
  0
VERTEX
  5
DF0
330
17
100
AcDbEntity
  8
TOPO-CONTOUR-MINOR
100
AcDbVertex
100
AcDb3dPolylineVertex
 10
-29.820996926807197
 20
121.99542786251861
 30
1036.0
 70
32
  0
VERTEX
  5
DF1
330
17
100
AcDbEntity
  8
TOPO-CONTOUR-MINOR
100
AcDbVertex
100
AcDb3dPolylineVertex
 10
-31.836225979625283
 20
122.03331066875056
 30
1036.0
 70
32
  0
VERTEX
  5
DF2
330
17
100
AcDbEntity
  8
TOPO-CONTOUR-MINOR
100
AcDbVertex
100
AcDb3dPolylineVertex
 10
-32.843840506034326
 20
121.3827521623631
 30
1036.0
 70
32
  0
VERTEX
  5
DF3
330
17
100
AcDbEntity
  8
TOPO-CONTOUR-MINOR
100
AcDbVertex
100
AcDb3dPolylineVertex
 10
-35.04863657979544
 20
118.94033230934292
 30
1036.0
 70
32
  0
VERTEX
  5
DF4
330
17
100
AcDbEntity
  8
TOPO-CONTOUR-MINOR
100
AcDbVertex
100
AcDb3dPolylineVertex
 10
-38.02787611177543
 20
116.9251032564789
 30
1036.0
 70
32
  0
VERTEX
  5
DF5
330
17
100
AcDbEntity
  8
TOPO-CONTOUR-MINOR
100
AcDbVertex
100
AcDb3dPolylineVertex
 10
-40.04497199070011
 20
114.90987420361489
 30
1036.0
 70
32
  0
VERTEX
  5
DF6
330
17
100
AcDbEntity
  8
TOPO-CONTOUR-MINOR
100
AcDbVertex
100
AcDb3dPolylineVertex
 10
-40.25440004470883
 20
113.90225967671722
 30
1036.0
 70
32
  0
VERTEX
  5
DF7
330
17
100
AcDbEntity
  8
TOPO-CONTOUR-MINOR
100
AcDbVertex
100
AcDb3dPolylineVertex
 10
-38.56641505877001
 20
110.87941609788686
 30
1036.0
 70
32
  0
VERTEX
  5
DF8
330
17
100
AcDbEntity
  8
TOPO-CONTOUR-MINOR
100
AcDbVertex
100
AcDb3dPolylineVertex
 10
-37.00768594164954
 20
105.84134346526116
 30
1036.0
 70
32
  0
VERTEX
  5
DF9
330
17
100
AcDbEntity
  8
TOPO-CONTOUR-MINOR
100
AcDbVertex
100
AcDb3dPolylineVertex
 10
-41.404101904938244
 20
97.78042725473642
 30
1036.0
 70
32
  0
VERTEX
  5
DFA
330
17
100
AcDbEntity
  8
TOPO-CONTOUR-MINOR
100
AcDbVertex
100
AcDb3dPolylineVertex
 10
-41.99272936154335
 20
95.76519820187241
 30
1036.0
 70
32
  0
VERTEX
  5
DFB
330
17
100
AcDbEntity
  8
TOPO-CONTOUR-MINOR
100
AcDbVertex
100
AcDb3dPolylineVertex
 10
-41.65446620711245
 20
94.75758367497474
 30
1036.0
 70
32
  0
VERTEX
  5
DFC
330
17
100
AcDbEntity
  8
TOPO-CONTOUR-MINOR
100
AcDbVertex
100
AcDb3dPolylineVertex
 10
-40.90475671730678
 20
93.83543835418823
 30
1036.0
 70
32
  0
VERTEX
  5
DFD
330
17
100
AcDbEntity
  8
TOPO-CONTOUR-MINOR
100
AcDbVertex
100
AcDb3dPolylineVertex
 10
-38.35440867771936
 20
91.73474009614438
 30
1036.0
 70
32
  0
VERTEX
  5
DFE
330
17
100
AcDbEntity
  8
TOPO-CONTOUR-MINOR
100
AcDbVertex
100
AcDb3dPolylineVertex
 10
-37.05442307459708
 20
89.71951104328036
 30
1036.0
 70
32
  0
VERTEX
  5
DFF
330
17
100
AcDbEntity
  8
TOPO-CONTOUR-MINOR
100
AcDbVertex
100
AcDb3dPolylineVertex
 10
-35.9705657207241
 20
83.67382388468833
 30
1036.0
 70
32
  0
VERTEX
  5
E00
330
17
100
AcDbEntity
  8
TOPO-CONTOUR-MINOR
100
AcDbVertex
100
AcDb3dPolylineVertex
 10
-36.87429861167061
 20
82.80886601358355
 30
1036.0
 70
32
  0
VERTEX
  5
E01
330
17
100
AcDbEntity
  8
TOPO-CONTOUR-MINOR
100
AcDbVertex
100
AcDb3dPolylineVertex
 10
-39.89714219089774
 20
82.29932875798944
 30
1036.0
 70
32
  0
VERTEX
  5
E02
330
17
100
AcDbEntity
  8
TOPO-CONTOUR-MINOR
100
AcDbVertex
100
AcDb3dPolylineVertex
 10
-41.912371243715825
 20
82.59704474780403
 30
1036.0
 70
32
  0
VERTEX
  5
E03
330
17
100
AcDbEntity
  8
TOPO-CONTOUR-MINOR
100
AcDbVertex
100
AcDb3dPolylineVertex
 10
-45.942829349351996
 20
84.77497982775637
 30
1036.0
 70
32
  0
VERTEX
  5
E04
330
17
100
AcDbEntity
  8
TOPO-CONTOUR-MINOR
100
AcDbVertex
100
AcDb3dPolylineVertex
 10
-48.965672928579124
 20
85.9145778258849
 30
1036.0
 70
32
  0
VERTEX
  5
E05
330
17
100
AcDbEntity
  8
TOPO-CONTOUR-MINOR
100
AcDbVertex
100
AcDb3dPolylineVertex
 10
-50.4509378599233
 20
85.68905293755233
 30
1036.0
 70
32
  0
VERTEX
  5
E06
330
17
100
AcDbEntity
  8
TOPO-CONTOUR-MINOR
100
AcDbVertex
100
AcDb3dPolylineVertex
 10
-51.98851650780625
 20
84.09480827628806
 30
1036.0
 70
32
  0
VERTEX
  5
E07
330
17
100
AcDbEntity
  8
TOPO-CONTOUR-MINOR
100
AcDbVertex
100
AcDb3dPolylineVertex
 10
-52.996131034215296
 20
83.69326541754428
 30
1036.0
 70
32
  0
VERTEX
  5
E08
330
17
100
AcDbEntity
  8
TOPO-CONTOUR-MINOR
100
AcDbVertex
100
AcDb3dPolylineVertex
 10
-54.00374556062434
 20
83.71453125161999
 30
1036.0
 70
32
  0
VERTEX
  5
E09
330
17
100
AcDbEntity
  8
TOPO-CONTOUR-MINOR
100
AcDbVertex
100
AcDb3dPolylineVertex
 10
-58.03420366626051
 20
84.70211340869145
 30
1036.0
 70
32
  0
VERTEX
  5
E0A
330
17
100
AcDbEntity
  8
TOPO-CONTOUR-MINOR
100
AcDbVertex
100
AcDb3dPolylineVertex
 10
-61.05704724548764
 20
86.14029304917864
 30
1036.0
 70
32
  0
VERTEX
  5
E0B
330
17
100
AcDbEntity
  8
TOPO-CONTOUR-MINOR
100
AcDbVertex
100
AcDb3dPolylineVertex
 10
-63.072276298305724
 20
86.35660323394646
 30
1036.0
 70
32
  0
VERTEX
  5
E0C
330
17
100
AcDbEntity
  8
TOPO-CONTOUR-MINOR
100
AcDbVertex
100
AcDb3dPolylineVertex
 10
-65.08750535112381
 20
85.42258110411493
 30
1036.0
 70
32
  0
VERTEX
  5
E0D
330
17
100
AcDbEntity
  8
TOPO-CONTOUR-MINOR
100
AcDbVertex
100
AcDb3dPolylineVertex
 10
-66.27343681844187
 20
82.66620935779065
 30
1036.0
 70
32
  0
VERTEX
  5
E0E
330
17
100
AcDbEntity
  8
TOPO-CONTOUR-MINOR
100
AcDbVertex
100
AcDb3dPolylineVertex
 10
-67.83548182457237
 20
80.65098030492663
 30
1036.0
 70
32
  0
VERTEX
  5
E0F
330
17
100
AcDbEntity
  8
TOPO-CONTOUR-MINOR
100
AcDbVertex
100
AcDb3dPolylineVertex
 10
-69.11796345675998
 20
77.91630921345383
 30
1036.0
 70
32
  0
VERTEX
  5
E10
330
17
100
AcDbEntity
  8
TOPO-CONTOUR-MINOR
100
AcDbVertex
100
AcDb3dPolylineVertex
 10
-70.12557798316914
 20
76.84917049707144
 30
1036.0
 70
32
  0
VERTEX
  5
E11
330
17
100
AcDbEntity
  8
TOPO-CONTOUR-MINOR
100
AcDbVertex
100
AcDb3dPolylineVertex
 10
-71.13319250957818
 20
76.90530297498883
 30
1036.0
 70
32
  0
VERTEX
  5
E12
330
17
100
AcDbEntity
  8
TOPO-CONTOUR-MINOR
100
AcDbVertex
100
AcDb3dPolylineVertex
 10
-74.15603608880531
 20
78.35150493540561
 30
1036.0
 70
32
  0
VERTEX
  5
E13
330
17
100
AcDbEntity
  8
TOPO-CONTOUR-MINOR
100
AcDbVertex
100
AcDb3dPolylineVertex
 10
-74.87405115271426
 20
80.65098030492663
 30
1036.0
 70
32
  0
VERTEX
  5
E14
330
17
100
AcDbEntity
  8
TOPO-CONTOUR-MINOR
100
AcDbVertex
100
AcDb3dPolylineVertex
 10
-75.26269625779997
 20
84.68143841065466
 30
1036.0
 70
32
  0
VERTEX
  5
E15
330
17
100
AcDbEntity
  8
TOPO-CONTOUR-MINOR
100
AcDbVertex
100
AcDb3dPolylineVertex
 10
-76.1712651416234
 20
85.9205674254615
 30
1036.0
 70
32
  0
VERTEX
  5
E16
330
17
100
AcDbEntity
  8
TOPO-CONTOUR-MINOR
100
AcDbVertex
100
AcDb3dPolylineVertex
 10
-77.17887966803244
 20
86.3160682882608
 30
1036.0
 70
32
  0
VERTEX
  5
E17
330
17
100
AcDbEntity
  8
TOPO-CONTOUR-MINOR
100
AcDbVertex
100
AcDb3dPolylineVertex
 10
-78.18649419444148
 20
86.29341988634522
 30
1036.0
 70
32
  0
VERTEX
  5
E18
330
17
100
AcDbEntity
  8
TOPO-CONTOUR-MINOR
100
AcDbVertex
100
AcDb3dPolylineVertex
 10
-82.21695230007765
 20
84.64637270555707
 30
1036.0
 70
32
  0
VERTEX
  5
E19
330
17
100
AcDbEntity
  8
TOPO-CONTOUR-MINOR
100
AcDbVertex
100
AcDb3dPolylineVertex
 10
-84.96196089350501
 20
81.6585948318243
 30
1036.0
 70
32
  0
VERTEX
  5
E1A
330
17
100
AcDbEntity
  8
TOPO-CONTOUR-MINOR
100
AcDbVertex
100
AcDb3dPolylineVertex
 10
-86.05621420910947
 20
79.64336577896029
 30
1036.0
 70
32
  0
VERTEX
  5
E1B
330
17
100
AcDbEntity
  8
TOPO-CONTOUR-MINOR
100
AcDbVertex
100
AcDb3dPolylineVertex
 10
-88.26263945853191
 20
69.82926352524821
 30
1036.0
 70
32
  0
VERTEX
  5
E1C
330
17
100
AcDbEntity
  8
TOPO-CONTOUR-MINOR
100
AcDbVertex
100
AcDb3dPolylineVertex
 10
-88.70907752845409
 20
65.53676240891218
 30
1036.0
 70
32
  0
VERTEX
  5
E1D
330
17
100
AcDbEntity
  8
TOPO-CONTOUR-MINOR
100
AcDbVertex
100
AcDb3dPolylineVertex
 10
-89.6829171602901
 20
61.50630430318415
 30
1036.0
 70
32
  0
VERTEX
  5
E1E
330
17
100
AcDbEntity
  8
TOPO-CONTOUR-MINOR
100
AcDbVertex
100
AcDb3dPolylineVertex
 10
-89.87561848747626
 20
54.45300261862576
 30
1036.0
 70
32
  0
VERTEX
  5
E1F
330
17
100
AcDbEntity
  8
TOPO-CONTOUR-MINOR
100
AcDbVertex
100
AcDb3dPolylineVertex
 10
-91.39062357082737
 20
49.414929986931384
 30
1036.0
 70
32
  0
VERTEX
  5
E20
330
17
100
AcDbEntity
  8
TOPO-CONTOUR-MINOR
100
AcDbVertex
100
AcDb3dPolylineVertex
 10
-90.50267410821768
 20
40.346399248577654
 30
1036.0
 70
32
  0
VERTEX
  5
E21
330
17
100
AcDbEntity
  8
TOPO-CONTOUR-MINOR
100
AcDbVertex
100
AcDb3dPolylineVertex
 10
-90.77958472442572
 20
35.30832661688328
 30
1036.0
 70
32
  0
VERTEX
  5
E22
330
17
100
AcDbEntity
  8
TOPO-CONTOUR-MINOR
100
AcDbVertex
100
AcDb3dPolylineVertex
 10
-93.74756279031237
 20
20.194108720868826
 30
1036.0
 70
32
  0
VERTEX
  5
E23
330
17
100
AcDbEntity
  8
TOPO-CONTOUR-MINOR
100
AcDbVertex
100
AcDb3dPolylineVertex
 10
-94.55039763756389
 20
11.125577983446417
 30
1036.0
 70
32
  0
VERTEX
  5
E24
330
17
100
AcDbEntity
  8
TOPO-CONTOUR-MINOR
100
AcDbVertex
100
AcDb3dPolylineVertex
 10
-95.76438004148042
 20
6.08750535082072
 30
1036.0
 70
32
  0
VERTEX
  5
E25
330
17
100
AcDbEntity
  8
TOPO-CONTOUR-MINOR
100
AcDbVertex
100
AcDb3dPolylineVertex
 10
-97.99631761443578
 20
1.0494327191263437
 30
1036.0
 70
32
  0
VERTEX
  5
E26
330
17
100
AcDbEntity
  8
TOPO-CONTOUR-MINOR
100
AcDbVertex
100
AcDb3dPolylineVertex
 10
-101.36162830184958
 20
-4.365987719689835
 30
1036.0
 70
32
  0
VERTEX
  5
E27
330
17
100
AcDbEntity
  8
TOPO-CONTOUR-MINOR
100
AcDbVertex
100
AcDb3dPolylineVertex
 10
-102.77447616217756
 20
-10.034327071160078
 30
1036.0
 70
32
  0
VERTEX
  5
E28
330
17
100
AcDbEntity
  8
TOPO-CONTOUR-MINOR
100
AcDbVertex
100
AcDb3dPolylineVertex
 10
-103.37685735466766
 20
-11.503042184282956
 30
1036.0
 70
32
  0
VERTEX
  5
E29
330
17
100
AcDbEntity
  8
TOPO-CONTOUR-MINOR
100
AcDbVertex
100
AcDb3dPolylineVertex
 10
-103.93052150554198
 20
-12.049556124024093
 30
1036.0
 70
32
  0
VERTEX
  5
E2A
330
17
100
AcDbEntity
  8
TOPO-CONTOUR-MINOR
100
AcDbVertex
100
AcDb3dPolylineVertex
 10
-105.39208640748575
 20
-12.6761971086257
 30
1036.0
 70
32
  0
VERTEX
  5
E2B
330
17
100
AcDbEntity
  8
TOPO-CONTOUR-MINOR
100
AcDbVertex
100
AcDb3dPolylineVertex
 10
-109.42254451312192
 20
-13.543946911863648
 30
1036.0
 70
32
  0
VERTEX
  5
E2C
330
17
100
AcDbEntity
  8
TOPO-CONTOUR-MINOR
100
AcDbVertex
100
AcDb3dPolylineVertex
 10
-119.49868977721235
 20
-12.182816689107222
 30
1036.0
 70
32
  0
VERTEX
  5
E2D
330
17
100
AcDbEntity
  8
TOPO-CONTOUR-MINOR
100
AcDbVertex
100
AcDb3dPolylineVertex
 10
-120.50630430362139
 20
-12.238995269249465
 30
1036.0
 70
32
  0
VERTEX
  5
E2E
330
17
100
AcDbEntity
  8
TOPO-CONTOUR-MINOR
100
AcDbVertex
100
AcDb3dPolylineVertex
 10
-121.1206126183547
 20
-13.057170650921762
 30
1036.0
 70
32
  0
VERTEX
  5
E2F
330
17
100
AcDbEntity
  8
TOPO-CONTOUR-MINOR
100
AcDbVertex
100
AcDb3dPolylineVertex
 10
-117.8082201614841
 20
-19.102857809513807
 30
1036.0
 70
32
  0
VERTEX
  5
E30
330
17
100
AcDbEntity
  8
TOPO-CONTOUR-MINOR
100
AcDbVertex
100
AcDb3dPolylineVertex
 10
-117.00941961536117
 20
-21.118086862377822
 30
1036.0
 70
32
  0
VERTEX
  5
E31
330
17
100
AcDbEntity
  8
TOPO-CONTOUR-MINOR
100
AcDbVertex
100
AcDb3dPolylineVertex
 10
-114.71378710448329
 20
-31.194232125766575
 30
1036.0
 70
32
  0
VERTEX
  5
E32
330
17
100
AcDbEntity
  8
TOPO-CONTOUR-MINOR
100
AcDbVertex
100
AcDb3dPolylineVertex
 10
-114.08169757378981
 20
-39.255148337222636
 30
1036.0
 70
32
  0
VERTEX
  5
E33
330
17
100
AcDbEntity
  8
TOPO-CONTOUR-MINOR
100
AcDbVertex
100
AcDb3dPolylineVertex
 10
-114.83615559752839
 20
-45.30083549581468
 30
1036.0
 70
32
  0
VERTEX
  5
E34
330
17
100
AcDbEntity
  8
TOPO-CONTOUR-MINOR
100
AcDbVertex
100
AcDb3dPolylineVertex
 10
-117.01335216437269
 20
-53.36175170727074
 30
1036.0
 70
32
  0
VERTEX
  5
E35
330
17
100
AcDbEntity
  8
TOPO-CONTOUR-MINOR
100
AcDbVertex
100
AcDb3dPolylineVertex
 10
-119.49868977721235
 20
-60.77564862581754
 30
1036.0
 70
32
  0
VERTEX
  5
E36
330
17
100
AcDbEntity
  8
TOPO-CONTOUR-MINOR
100
AcDbVertex
100
AcDb3dPolylineVertex
 10
-123.43043166025406
 20
-77.5445003407076
 30
1036.0
 70
32
  0
VERTEX
  5
E37
330
17
100
AcDbEntity
  8
TOPO-CONTOUR-MINOR
100
AcDbVertex
100
AcDb3dPolylineVertex
 10
-124.53676240925756
 20
-83.98159063639909
 30
1036.0
 70
32
  0
VERTEX
  5
E38
330
17
100
AcDbEntity
  8
TOPO-CONTOUR-MINOR
100
AcDbVertex
100
AcDb3dPolylineVertex
 10
-125.33150896102848
 20
-93.66633276361972
 30
1036.0
 70
32
  0
VERTEX
  5
E39
330
17
100
AcDbEntity
  8
TOPO-CONTOUR-MINOR
100
AcDbVertex
100
AcDb3dPolylineVertex
 10
-125.48093057257489
 20
-103.74247802700847
 30
1036.0
 70
32
  0
VERTEX
  5
E3A
330
17
100
AcDbEntity
  8
TOPO-CONTOUR-MINOR
100
AcDbVertex
100
AcDb3dPolylineVertex
 10
-124.24173367630056
 20
-113.81862329132855
 30
1036.0
 70
32
  0
VERTEX
  5
E3B
330
17
100
AcDbEntity
  8
TOPO-CONTOUR-MINOR
100
AcDbVertex
100
AcDb3dPolylineVertex
 10
-123.1663694303017
 20
-127.92522666137666
 30
1036.0
 70
32
  0
VERTEX
  5
E3C
330
17
100
AcDbEntity
  8
TOPO-CONTOUR-MINOR
100
AcDbVertex
100
AcDb3dPolylineVertex
 10
-121.51391883003043
 20
-136.19936366391113
 30
1036.0
 70
32
  0
VERTEX
  5
E3D
330
17
100
AcDbEntity
  8
TOPO-CONTOUR-MINOR
100
AcDbVertex
100
AcDb3dPolylineVertex
 10
-117.01890004523138
 20
-150.0927462419495
 30
1036.0
 70
32
  0
VERTEX
  5
E3E
330
17
100
AcDbEntity
  8
TOPO-CONTOUR-MINOR
100
AcDbVertex
100
AcDb3dPolylineVertex
 10
-115.9773886091971
 20
-154.12320434767753
 30
1036.0
 70
32
  0
VERTEX
  5
E3F
330
17
100
AcDbEntity
  8
TOPO-CONTOUR-MINOR
100
AcDbVertex
100
AcDb3dPolylineVertex
 10
-115.56491540321063
 20
-157.1460479274392
 30
1036.0
 70
32
  0
VERTEX
  5
E40
330
17
100
AcDbEntity
  8
TOPO-CONTOUR-MINOR
100
AcDbVertex
100
AcDb3dPolylineVertex
 10
-115.71872760417476
 20
-160.16889150626957
 30
1036.0
 70
32
  0
VERTEX
  5
E41
330
17
100
AcDbEntity
  8
TOPO-CONTOUR-MINOR
100
AcDbVertex
100
AcDb3dPolylineVertex
 10
-117.32083172593458
 20
-167.22219319082797
 30
1036.0
 70
32
  0
VERTEX
  5
E42
330
17
100
AcDbEntity
  8
TOPO-CONTOUR-MINOR
100
AcDbVertex
100
AcDb3dPolylineVertex
 10
-118.62609682736243
 20
-170.24503677058965
 30
1036.0
 70
32
  0
VERTEX
  5
E43
330
17
100
AcDbEntity
  8
TOPO-CONTOUR-MINOR
100
AcDbVertex
100
AcDb3dPolylineVertex
 10
-121.13724108098558
 20
-174.27549487631768
 30
1036.0
 70
32
  0
VERTEX
  5
E44
330
17
100
AcDbEntity
  8
TOPO-CONTOUR-MINOR
100
AcDbVertex
100
AcDb3dPolylineVertex
 10
-129.5748350413029
 20
-182.91769287767931
 30
1036.0
 70
32
  0
VERTEX
  5
E45
330
17
100
AcDbEntity
  8
TOPO-CONTOUR-MINOR
100
AcDbVertex
100
AcDb3dPolylineVertex
 10
-132.59767862053002
 20
-185.1594565944242
 30
1036.0
 70
32
  0
VERTEX
  5
E46
330
17
100
AcDbEntity
  8
TOPO-CONTOUR-MINOR
100
AcDbVertex
100
AcDb3dPolylineVertex
 10
-134.6129076733481
 20
-186.18591867190355
 30
1036.0
 70
32
  0
VERTEX
  5
E47
330
17
100
AcDbEntity
  8
TOPO-CONTOUR-MINOR
100
AcDbVertex
100
AcDb3dPolylineVertex
 10
-141.1176359141317
 20
-188.38209824543446
 30
1036.0
 70
32
  0
VERTEX
  5
E48
330
17
100
AcDbEntity
  8
TOPO-CONTOUR-MINOR
100
AcDbVertex
100
AcDb3dPolylineVertex
 10
-147.71189651666566
 20
-191.45001594224854
 30
1036.0
 70
32
  0
VERTEX
  5
E49
330
17
100
AcDbEntity
  8
TOPO-CONTOUR-MINOR
100
AcDbVertex
100
AcDb3dPolylineVertex
 10
-155.77281272793812
 20
-192.93151185680154
 30
1036.0
 70
32
  0
VERTEX
  5
E4A
330
17
100
AcDbEntity
  8
TOPO-CONTOUR-MINOR
100
AcDbVertex
100
AcDb3dPolylineVertex
 10
-158.79565630716525
 20
-193.0619987678594
 30
1036.0
 70
32
  0
VERTEX
  5
E4B
330
17
100
AcDbEntity
  8
TOPO-CONTOUR-MINOR
100
AcDbVertex
100
AcDb3dPolylineVertex
 10
-167.86418704484663
 20
-190.2652965798536
 30
1036.0
 70
32
  0
VERTEX
  5
E4C
330
17
100
AcDbEntity
  8
TOPO-CONTOUR-MINOR
100
AcDbVertex
100
AcDb3dPolylineVertex
 10
-169.87941609766472
 20
-189.16249239324281
 30
1036.0
 70
32
  0
VERTEX
  5
E4D
330
17
100
AcDbEntity
  8
TOPO-CONTOUR-MINOR
100
AcDbVertex
100
AcDb3dPolylineVertex
 10
-176.57359333982072
 20
-183.3440256137401
 30
1036.0
 70
32
  0
VERTEX
  5
E4E
330
17
100
AcDbEntity
  8
TOPO-CONTOUR-MINOR
100
AcDbVertex
100
AcDb3dPolylineVertex
 10
-179.93645263078278
 20
-178.3059529820457
 30
1036.0
 70
32
  0
VERTEX
  5
E4F
330
17
100
AcDbEntity
  8
TOPO-CONTOUR-MINOR
100
AcDbVertex
100
AcDb3dPolylineVertex
 10
-182.39875685988855
 20
-175.28310940228403
 30
1036.0
 70
32
  0
VERTEX
  5
E50
330
17
100
AcDbEntity
  8
TOPO-CONTOUR-MINOR
100
AcDbVertex
100
AcDb3dPolylineVertex
 10
-186.07046283949038
 20
-169.23742224369198
 30
1036.0
 70
32
  0
VERTEX
  5
E51
330
17
100
AcDbEntity
  8
TOPO-CONTOUR-MINOR
100
AcDbVertex
100
AcDb3dPolylineVertex
 10
-191.03932115225473
 20
-158.59578171790744
 30
1036.0
 70
32
  0
VERTEX
  5
E52
330
17
100
AcDbEntity
  8
TOPO-CONTOUR-MINOR
100
AcDbVertex
100
AcDb3dPolylineVertex
 10
-200.10785188993614
 20
-143.03243487172443
 30
1036.0
 70
32
  0
VERTEX
  5
E53
330
17
100
AcDbEntity
  8
TOPO-CONTOUR-MINOR
100
AcDbVertex
100
AcDb3dPolylineVertex
 10
-202.1230809427542
 20
-140.28790294562998
 30
1036.0
 70
32
  0
VERTEX
  5
E54
330
17
100
AcDbEntity
  8
TOPO-CONTOUR-MINOR
100
AcDbVertex
100
AcDb3dPolylineVertex
 10
-203.13069546916324
 20
-139.62820120435788
 30
1036.0
 70
32
  0
VERTEX
  5
E55
330
17
100
AcDbEntity
  8
TOPO-CONTOUR-MINOR
100
AcDbVertex
100
AcDb3dPolylineVertex
 10
-205.14592452198133
 20
-139.16004878973885
 30
1036.0
 70
32
  0
VERTEX
  5
E56
330
17
100
AcDbEntity
  8
TOPO-CONTOUR-MINOR
100
AcDbVertex
100
AcDb3dPolylineVertex
 10
-206.15353904839037
 20
-138.4114354387855
 30
1036.0
 70
32
  0
VERTEX
  5
E57
330
17
100
AcDbEntity
  8
TOPO-CONTOUR-MINOR
100
AcDbVertex
100
AcDb3dPolylineVertex
 10
-207.73419315203864
 20
-135.98614287283272
 30
1036.0
 70
32
  0
VERTEX
  5
E58
330
17
100
AcDbEntity
  8
TOPO-CONTOUR-MINOR
100
AcDbVertex
100
AcDb3dPolylineVertex
 10
-211.1628801800288
 20
-128.932841187343
 30
1036.0
 70
32
  0
VERTEX
  5
E59
330
17
100
AcDbEntity
  8
TOPO-CONTOUR-MINOR
100
AcDbVertex
100
AcDb3dPolylineVertex
 10
-212.7555036582698
 20
-123.89476855564862
 30
1036.0
 70
32
  0
VERTEX
  5
E5A
330
17
100
AcDbEntity
  8
TOPO-CONTOUR-MINOR
100
AcDbVertex
100
AcDb3dPolylineVertex
 10
-214.9832706815412
 20
-114.82623781822622
 30
1036.0
 70
32
  0
VERTEX
  5
E5B
330
17
100
AcDbEntity
  8
TOPO-CONTOUR-MINOR
100
AcDbVertex
100
AcDb3dPolylineVertex
 10
-216.0612390897872
 20
-104.75009255390614
 30
1036.0
 70
32
  0
VERTEX
  5
E5C
330
17
100
AcDbEntity
  8
TOPO-CONTOUR-MINOR
100
AcDbVertex
100
AcDb3dPolylineVertex
 10
-215.4138555303564
 20
-101.72724897507578
 30
1036.0
 70
32
  0
VERTEX
  5
E5D
330
17
100
AcDbEntity
  8
TOPO-CONTOUR-MINOR
100
AcDbVertex
100
AcDb3dPolylineVertex
 10
-212.50053456373104
 20
-97.69679086934775
 30
1036.0
 70
32
  0
VERTEX
  5
E5E
330
17
100
AcDbEntity
  8
TOPO-CONTOUR-MINOR
100
AcDbVertex
100
AcDb3dPolylineVertex
 10
-210.18399715402666
 20
-92.49376549113342
 30
1036.0
 70
32
  0
VERTEX
  5
E5F
330
17
100
AcDbEntity
  8
TOPO-CONTOUR-MINOR
100
AcDbVertex
100
AcDb3dPolylineVertex
 10
-209.37777615451665
 20
-87.62064560502768
 30
1036.0
 70
32
  0
VERTEX
  5
E60
330
17
100
AcDbEntity
  8
TOPO-CONTOUR-MINOR
100
AcDbVertex
100
AcDb3dPolylineVertex
 10
-209.63923217725377
 20
-84.59780202526599
 30
1036.0
 70
32
  0
VERTEX
  5
E61
330
17
100
AcDbEntity
  8
TOPO-CONTOUR-MINOR
100
AcDbVertex
100
AcDb3dPolylineVertex
 10
-210.18399715402666
 20
-83.309611175285
 30
1036.0
 70
32
  0
VERTEX
  5
E62
330
17
100
AcDbEntity
  8
TOPO-CONTOUR-MINOR
100
AcDbVertex
100
AcDb3dPolylineVertex
 10
-211.1916116804357
 20
-82.86002635211527
 30
1036.0
 70
32
  0
VERTEX
  5
E63
330
17
100
AcDbEntity
  8
TOPO-CONTOUR-MINOR
100
AcDbVertex
100
AcDb3dPolylineVertex
 10
-212.19922620684474
 20
-83.01871862291188
 30
1036.0
 70
32
  0
VERTEX
  5
E64
330
17
100
AcDbEntity
  8
TOPO-CONTOUR-MINOR
100
AcDbVertex
100
AcDb3dPolylineVertex
 10
-213.02789980733087
 20
-83.59018749929965
 30
1036.0
 70
32
  0
VERTEX
  5
E65
330
17
100
AcDbEntity
  8
TOPO-CONTOUR-MINOR
100
AcDbVertex
100
AcDb3dPolylineVertex
 10
-215.22206978607187
 20
-87.89812561581167
 30
1036.0
 70
32
  0
VERTEX
  5
E66
330
17
100
AcDbEntity
  8
TOPO-CONTOUR-MINOR
100
AcDbVertex
100
AcDb3dPolylineVertex
 10
-219.25252789170804
 20
-91.09972660494631
 30
1036.0
 70
32
  0
VERTEX
  5
E67
330
17
100
AcDbEntity
  8
TOPO-CONTOUR-MINOR
100
AcDbVertex
100
AcDb3dPolylineVertex
 10
-221.26775694452613
 20
-91.87418530985437
 30
1036.0
 70
32
  0
VERTEX
  5
E68
330
17
100
AcDbEntity
  8
TOPO-CONTOUR-MINOR
100
AcDbVertex
100
AcDb3dPolylineVertex
 10
-223.2829859973442
 20
-91.26453062943806
 30
1036.0
 70
32
  0
VERTEX
  5
E69
330
17
100
AcDbEntity
  8
TOPO-CONTOUR-MINOR
100
AcDbVertex
100
AcDb3dPolylineVertex
 10
-231.34390220861656
 20
-86.68286475778223
 30
1036.0
 70
32
  0
VERTEX
  5
E6A
330
17
100
AcDbEntity
  8
TOPO-CONTOUR-MINOR
100
AcDbVertex
100
AcDb3dPolylineVertex
 10
-234.36674578784368
 20
-85.5077816177619
 30
1036.0
 70
32
  0
VERTEX
  5
E6B
330
17
100
AcDbEntity
  8
TOPO-CONTOUR-MINOR
100
AcDbVertex
100
AcDb3dPolylineVertex
 10
-240.41243294629803
 20
-84.35536557899196
 30
1036.0
 70
32
  0
VERTEX
  5
E6C
330
17
100
AcDbEntity
  8
TOPO-CONTOUR-MINOR
100
AcDbVertex
100
AcDb3dPolylineVertex
 10
-242.0
 20
-84.25749249747928
 30
1036.0
 70
32
  0
SEQEND
  5
DCB
330
DCA
100
AcDbEntity
  8
TOPO-CONTOUR-MINOR
  0
POLYLINE
  5
E6D
330
17
100
AcDbEntity
  8
TOPO-CONTOUR-MINOR
100
AcDb3dPolyline
 66
1
 10
0.0
 20
0.0
 30
0.0
 70
8
  0
VERTEX
  5
E6F
330
17
100
AcDbEntity
  8
TOPO-CONTOUR-MINOR
100
AcDbVertex
100
AcDb3dPolylineVertex
 10
-129.5748350413029
 20
143.2137137469112
 30
1036.0
 70
32
  0
VERTEX
  5
E70
330
17
100
AcDbEntity
  8
TOPO-CONTOUR-MINOR
100
AcDbVertex
100
AcDb3dPolylineVertex
 10
-128.088637455166
 20
140.10023736394942
 30
1036.0
 70
32
  0
VERTEX
  5
E71
330
17
100
AcDbEntity
  8
TOPO-CONTOUR-MINOR
100
AcDbVertex
100
AcDb3dPolylineVertex
 10
-125.54437693566672
 20
137.6402416403342
 30
1036.0
 70
32
  0
VERTEX
  5
E72
330
17
100
AcDbEntity
  8
TOPO-CONTOUR-MINOR
100
AcDbVertex
100
AcDb3dPolylineVertex
 10
-123.52914788284852
 20
136.81680622982563
 30
1036.0
 70
32
  0
VERTEX
  5
E73
330
17
100
AcDbEntity
  8
TOPO-CONTOUR-MINOR
100
AcDbVertex
100
AcDb3dPolylineVertex
 10
-121.51391883003043
 20
136.70978508774394
 30
1036.0
 70
32
  0
VERTEX
  5
E74
330
17
100
AcDbEntity
  8
TOPO-CONTOUR-MINOR
100
AcDbVertex
100
AcDb3dPolylineVertex
 10
-120.57096401035093
 20
137.07739378418773
 30
1036.0
 70
32
  0
VERTEX
  5
E75
330
17
100
AcDbEntity
  8
TOPO-CONTOUR-MINOR
100
AcDbVertex
100
AcDb3dPolylineVertex
 10
-122.25680916260913
 20
139.09262283705175
 30
1036.0
 70
32
  0
VERTEX
  5
E76
330
17
100
AcDbEntity
  8
TOPO-CONTOUR-MINOR
100
AcDbVertex
100
AcDb3dPolylineVertex
 10
-124.96550899934445
 20
141.10785188991576
 30
1036.0
 70
32
  0
VERTEX
  5
E77
330
17
100
AcDbEntity
  8
TOPO-CONTOUR-MINOR
100
AcDbVertex
100
AcDb3dPolylineVertex
 10
-128.56722051489385
 20
143.0852762725198
 30
1036.0
 70
32
  0
VERTEX
  5
E78
330
17
100
AcDbEntity
  8
TOPO-CONTOUR-MINOR
100
AcDbVertex
100
AcDb3dPolylineVertex
 10
-129.5748350413029
 20
143.2137137469112
 30
1036.0
 70
32
  0
SEQEND
  5
E6E
330
E6D
100
AcDbEntity
  8
TOPO-CONTOUR-MINOR
  0
POLYLINE
  5
E79
330
17
100
AcDbEntity
  8
TOPO-CONTOUR-MINOR
100
AcDb3dPolyline
 66
1
 10
0.0
 20
0.0
 30
0.0
 70
8
  0
VERTEX
  5
E7B
330
17
100
AcDbEntity
  8
TOPO-CONTOUR-MINOR
100
AcDbVertex
100
AcDb3dPolylineVertex
 10
-110.43015903953096
 20
130.2734684801989
 30
1036.0
 70
32
  0
VERTEX
  5
E7C
330
17
100
AcDbEntity
  8
TOPO-CONTOUR-MINOR
100
AcDbVertex
100
AcDb3dPolylineVertex
 10
-110.74233754662848
 20
130.02409209962934
 30
1036.0
 70
32
  0
VERTEX
  5
E7D
330
17
100
AcDbEntity
  8
TOPO-CONTOUR-MINOR
100
AcDbVertex
100
AcDb3dPolylineVertex
 10
-110.12489871346227
 20
129.01647757273167
 30
1036.0
 70
32
  0
VERTEX
  5
E7E
330
17
100
AcDbEntity
  8
TOPO-CONTOUR-MINOR
100
AcDbVertex
100
AcDb3dPolylineVertex
 10
-109.42254451312192
 20
128.54146465104168
 30
1036.0
 70
32
  0
VERTEX
  5
E7F
330
17
100
AcDbEntity
  8
TOPO-CONTOUR-MINOR
100
AcDbVertex
100
AcDb3dPolylineVertex
 10
-108.41492998671288
 20
127.98397359050615
 30
1036.0
 70
32
  0
VERTEX
  5
E80
330
17
100
AcDbEntity
  8
TOPO-CONTOUR-MINOR
100
AcDbVertex
100
AcDb3dPolylineVertex
 10
-106.9710143549251
 20
128.00886304676533
 30
1036.0
 70
32
  0
VERTEX
  5
E81
330
17
100
AcDbEntity
  8
TOPO-CONTOUR-MINOR
100
AcDbVertex
100
AcDb3dPolylineVertex
 10
-109.25358059551989
 20
130.02409209962934
 30
1036.0
 70
32
  0
VERTEX
  5
E82
330
17
100
AcDbEntity
  8
TOPO-CONTOUR-MINOR
100
AcDbVertex
100
AcDb3dPolylineVertex
 10
-110.43015903953096
 20
130.2734684801989
 30
1036.0
 70
32
  0
SEQEND
  5
E7A
330
E79
100
AcDbEntity
  8
TOPO-CONTOUR-MINOR
  0
POLYLINE
  5
E83
330
17
100
AcDbEntity
  8
TOPO-CONTOUR-MINOR
100
AcDb3dPolyline
 66
1
 10
0.0
 20
0.0
 30
0.0
 70
8
  0
VERTEX
  5
E85
330
17
100
AcDbEntity
  8
TOPO-CONTOUR-MINOR
100
AcDbVertex
100
AcDb3dPolylineVertex
 10
-160.81088535998333
 20
52.87394044368082
 30
1036.0
 70
32
  0
VERTEX
  5
E86
330
17
100
AcDbEntity
  8
TOPO-CONTOUR-MINOR
100
AcDbVertex
100
AcDb3dPolylineVertex
 10
-161.6158185560186
 20
51.4301590397954
 30
1036.0
 70
32
  0
VERTEX
  5
E87
330
17
100
AcDbEntity
  8
TOPO-CONTOUR-MINOR
100
AcDbVertex
100
AcDb3dPolylineVertex
 10
-161.73452303585586
 20
50.42254451289773
 30
1036.0
 70
32
  0
VERTEX
  5
E88
330
17
100
AcDbEntity
  8
TOPO-CONTOUR-MINOR
100
AcDbVertex
100
AcDb3dPolylineVertex
 10
-161.37675482058856
 20
40.346399248577654
 30
1036.0
 70
32
  0
VERTEX
  5
E89
330
17
100
AcDbEntity
  8
TOPO-CONTOUR-MINOR
100
AcDbVertex
100
AcDb3dPolylineVertex
 10
-164.27327474629885
 20
32.28548303805292
 30
1036.0
 70
32
  0
VERTEX
  5
E8A
330
17
100
AcDbEntity
  8
TOPO-CONTOUR-MINOR
100
AcDbVertex
100
AcDb3dPolylineVertex
 10
-164.30836075901945
 20
31.277868511155248
 30
1036.0
 70
32
  0
VERTEX
  5
E8B
330
17
100
AcDbEntity
  8
TOPO-CONTOUR-MINOR
100
AcDbVertex
100
AcDb3dPolylineVertex
 10
-163.83372893921046
 20
30.424996263303765
 30
1036.0
 70
32
  0
VERTEX
  5
E8C
330
17
100
AcDbEntity
  8
TOPO-CONTOUR-MINOR
100
AcDbVertex
100
AcDb3dPolylineVertex
 10
-162.82611441280142
 20
30.684379607479254
 30
1036.0
 70
32
  0
VERTEX
  5
E8D
330
17
100
AcDbEntity
  8
TOPO-CONTOUR-MINOR
100
AcDbVertex
100
AcDb3dPolylineVertex
 10
-161.81849988639237
 20
31.425480261443532
 30
1036.0
 70
32
  0
VERTEX
  5
E8E
330
17
100
AcDbEntity
  8
TOPO-CONTOUR-MINOR
100
AcDbVertex
100
AcDb3dPolylineVertex
 10
-158.595460636379
 20
35.30832661688328
 30
1036.0
 70
32
  0
VERTEX
  5
E8F
330
17
100
AcDbEntity
  8
TOPO-CONTOUR-MINOR
100
AcDbVertex
100
AcDb3dPolylineVertex
 10
-154.76519820152907
 20
44.861751351512
 30
1036.0
 70
32
  0
VERTEX
  5
E90
330
17
100
AcDbEntity
  8
TOPO-CONTOUR-MINOR
100
AcDbVertex
100
AcDb3dPolylineVertex
 10
-153.45416497387043
 20
47.39970093406737
 30
1036.0
 70
32
  0
VERTEX
  5
E91
330
17
100
AcDbEntity
  8
TOPO-CONTOUR-MINOR
100
AcDbVertex
100
AcDb3dPolylineVertex
 10
-157.61370839884637
 20
51.4301590397954
 30
1036.0
 70
32
  0
VERTEX
  5
E92
330
17
100
AcDbEntity
  8
TOPO-CONTOUR-MINOR
100
AcDbVertex
100
AcDb3dPolylineVertex
 10
-159.8032708335743
 20
52.728313973469106
 30
1036.0
 70
32
  0
VERTEX
  5
E93
330
17
100
AcDbEntity
  8
TOPO-CONTOUR-MINOR
100
AcDbVertex
100
AcDb3dPolylineVertex
 10
-160.81088535998333
 20
52.87394044368082
 30
1036.0
 70
32
  0
SEQEND
  5
E84
330
E83
100
AcDbEntity
  8
TOPO-CONTOUR-MINOR
  0
POLYLINE
  5
E94
330
17
100
AcDbEntity
  8
TOPO-CONTOUR-MINOR
100
AcDb3dPolyline
 66
1
 10
0.0
 20
0.0
 30
0.0
 70
8
  0
VERTEX
  5
E96
330
17
100
AcDbEntity
  8
TOPO-CONTOUR-MINOR
100
AcDbVertex
100
AcDb3dPolylineVertex
 10
-166.8565725184376
 20
20.60748973224837
 30
1036.0
 70
32
  0
VERTEX
  5
E97
330
17
100
AcDbEntity
  8
TOPO-CONTOUR-MINOR
100
AcDbVertex
100
AcDb3dPolylineVertex
 10
-167.86418704484663
 20
19.454948938596637
 30
1036.0
 70
32
  0
VERTEX
  5
E98
330
17
100
AcDbEntity
  8
TOPO-CONTOUR-MINOR
100
AcDbVertex
100
AcDb3dPolylineVertex
 10
-167.8641870448466
 20
17.097192375458846
 30
1036.0
 70
32
  0
VERTEX
  5
E99
330
17
100
AcDbEntity
  8
TOPO-CONTOUR-MINOR
100
AcDbVertex
100
AcDb3dPolylineVertex
 10
-166.8565725184376
 20
13.63307658703013
 30
1036.0
 70
32
  0
VERTEX
  5
E9A
330
17
100
AcDbEntity
  8
TOPO-CONTOUR-MINOR
100
AcDbVertex
100
AcDb3dPolylineVertex
 10
-165.84895799202855
 20
13.536295269698364
 30
1036.0
 70
32
  0
VERTEX
  5
E9B
330
17
100
AcDbEntity
  8
TOPO-CONTOUR-MINOR
100
AcDbVertex
100
AcDb3dPolylineVertex
 10
-165.79888000785493
 20
18.17887966800481
 30
1036.0
 70
32
  0
VERTEX
  5
E9C
330
17
100
AcDbEntity
  8
TOPO-CONTOUR-MINOR
100
AcDbVertex
100
AcDb3dPolylineVertex
 10
-166.8565725184376
 20
20.60748973224837
 30
1036.0
 70
32
  0
SEQEND
  5
E95
330
E94
100
AcDbEntity
  8
TOPO-CONTOUR-MINOR
  0
POLYLINE
  5
E9D
330
17
100
AcDbEntity
  8
TOPO-CONTOUR-MINOR
100
AcDb3dPolyline
 66
1
 10
0.0
 20
0.0
 30
0.0
 70
8
  0
VERTEX
  5
E9F
330
17
100
AcDbEntity
  8
TOPO-CONTOUR-MINOR
100
AcDbVertex
100
AcDb3dPolylineVertex
 10
-115.46823167157618
 20
12.303484820599525
 30
1036.0
 70
32
  0
VERTEX
  5
EA0
330
17
100
AcDbEntity
  8
TOPO-CONTOUR-MINOR
100
AcDbVertex
100
AcDb3dPolylineVertex
 10
-116.099278286708
 20
10.11796345654875
 30
1036.0
 70
32
  0
VERTEX
  5
EA1
330
17
100
AcDbEntity
  8
TOPO-CONTOUR-MINOR
100
AcDbVertex
100
AcDb3dPolylineVertex
 10
-116.02200631760833
 20
6.08750535082072
 30
1036.0
 70
32
  0
VERTEX
  5
EA2
330
17
100
AcDbEntity
  8
TOPO-CONTOUR-MINOR
100
AcDbVertex
100
AcDb3dPolylineVertex
 10
-117.92006401708291
 20
3.064661771990359
 30
1036.0
 70
32
  0
VERTEX
  5
EA3
330
17
100
AcDbEntity
  8
TOPO-CONTOUR-MINOR
100
AcDbVertex
100
AcDb3dPolylineVertex
 10
-119.95062487772503
 20
1.0494327191263437
 30
1036.0
 70
32
  0
VERTEX
  5
EA4
330
17
100
AcDbEntity
  8
TOPO-CONTOUR-MINOR
100
AcDbVertex
100
AcDb3dPolylineVertex
 10
-119.99156787739699
 20
0.04181819222867489
 30
1036.0
 70
32
  0
VERTEX
  5
EA5
330
17
100
AcDbEntity
  8
TOPO-CONTOUR-MINOR
100
AcDbVertex
100
AcDb3dPolylineVertex
 10
-117.48346072439426
 20
-0.24815387310614598
 30
1036.0
 70
32
  0
VERTEX
  5
EA6
330
17
100
AcDbEntity
  8
TOPO-CONTOUR-MINOR
100
AcDbVertex
100
AcDb3dPolylineVertex
 10
-115.46823167157618
 20
0.6011046618789148
 30
1036.0
 70
32
  0
VERTEX
  5
EA7
330
17
100
AcDbEntity
  8
TOPO-CONTOUR-MINOR
100
AcDbVertex
100
AcDb3dPolylineVertex
 10
-114.12631421213155
 20
2.05704724509269
 30
1036.0
 70
32
  0
VERTEX
  5
EA8
330
17
100
AcDbEntity
  8
TOPO-CONTOUR-MINOR
100
AcDbVertex
100
AcDb3dPolylineVertex
 10
-111.28777622141362
 20
7.095119877718389
 30
1036.0
 70
32
  0
VERTEX
  5
EA9
330
17
100
AcDbEntity
  8
TOPO-CONTOUR-MINOR
100
AcDbVertex
100
AcDb3dPolylineVertex
 10
-111.1410060094301
 20
10.11796345654875
 30
1036.0
 70
32
  0
VERTEX
  5
EAA
330
17
100
AcDbEntity
  8
TOPO-CONTOUR-MINOR
100
AcDbVertex
100
AcDb3dPolylineVertex
 10
-112.28156306242042
 20
12.133192509412766
 30
1036.0
 70
32
  0
VERTEX
  5
EAB
330
17
100
AcDbEntity
  8
TOPO-CONTOUR-MINOR
100
AcDbVertex
100
AcDb3dPolylineVertex
 10
-113.45300261875809
 20
12.843910872635805
 30
1036.0
 70
32
  0
VERTEX
  5
EAC
330
17
100
AcDbEntity
  8
TOPO-CONTOUR-MINOR
100
AcDbVertex
100
AcDb3dPolylineVertex
 10
-114.46061714516713
 20
12.917666387190543
 30
1036.0
 70
32
  0
VERTEX
  5
EAD
330
17
100
AcDbEntity
  8
TOPO-CONTOUR-MINOR
100
AcDbVertex
100
AcDb3dPolylineVertex
 10
-115.46823167157618
 20
12.303484820599525
 30
1036.0
 70
32
  0
SEQEND
  5
E9E
330
E9D
100
AcDbEntity
  8
TOPO-CONTOUR-MINOR
  0
POLYLINE
  5
EAE
330
17
100
AcDbEntity
  8
TOPO-CONTOUR-MINOR
100
AcDb3dPolyline
 66
1
 10
0.0
 20
0.0
 30
0.0
 70
8
  0
VERTEX
  5
EB0
330
17
100
AcDbEntity
  8
TOPO-CONTOUR-MINOR
100
AcDbVertex
100
AcDb3dPolylineVertex
 10
-180.9631758881642
 20
-43.17815738028054
 30
1036.0
 70
32
  0
VERTEX
  5
EB1
330
17
100
AcDbEntity
  8
TOPO-CONTOUR-MINOR
100
AcDbVertex
100
AcDb3dPolylineVertex
 10
-181.97079041457323
 20
-43.694102250942734
 30
1036.0
 70
32
  0
VERTEX
  5
EB2
330
17
100
AcDbEntity
  8
TOPO-CONTOUR-MINOR
100
AcDbVertex
100
AcDb3dPolylineVertex
 10
-182.33461412049658
 20
-45.30083549581468
 30
1036.0
 70
32
  0
VERTEX
  5
EB3
330
17
100
AcDbEntity
  8
TOPO-CONTOUR-MINOR
100
AcDbVertex
100
AcDb3dPolylineVertex
 10
-181.97079041457323
 20
-46.16141720902711
 30
1036.0
 70
32
  0
VERTEX
  5
EB4
330
17
100
AcDbEntity
  8
TOPO-CONTOUR-MINOR
100
AcDbVertex
100
AcDb3dPolylineVertex
 10
-180.9631758881642
 20
-43.17815738028054
 30
1036.0
 70
32
  0
SEQEND
  5
EAF
330
EAE
100
AcDbEntity
  8
TOPO-CONTOUR-MINOR
  0
POLYLINE
  5
EB5
330
17
100
AcDbEntity
  8
TOPO-CONTOUR-MINOR
100
AcDb3dPolyline
 66
1
 10
0.0
 20
0.0
 30
0.0
 70
8
  0
VERTEX
  5
EB7
330
17
100
AcDbEntity
  8
TOPO-CONTOUR-MINOR
100
AcDbVertex
100
AcDb3dPolylineVertex
 10
-187.00886304661856
 20
-49.074544330621414
 30
1036.0
 70
32
  0
VERTEX
  5
EB8
330
17
100
AcDbEntity
  8
TOPO-CONTOUR-MINOR
100
AcDbVertex
100
AcDb3dPolylineVertex
 10
-189.21677525219246
 20
-50.33890812750906
 30
1036.0
 70
32
  0
VERTEX
  5
EB9
330
17
100
AcDbEntity
  8
TOPO-CONTOUR-MINOR
100
AcDbVertex
100
AcDb3dPolylineVertex
 10
-191.47969726586564
 20
-52.35413718037307
 30
1036.0
 70
32
  0
VERTEX
  5
EBA
330
17
100
AcDbEntity
  8
TOPO-CONTOUR-MINOR
100
AcDbVertex
100
AcDb3dPolylineVertex
 10
-193.50023762696978
 20
-55.37698076013476
 30
1036.0
 70
32
  0
VERTEX
  5
EBB
330
17
100
AcDbEntity
  8
TOPO-CONTOUR-MINOR
100
AcDbVertex
100
AcDb3dPolylineVertex
 10
-196.14646870988543
 20
-58.39982433896512
 30
1036.0
 70
32
  0
VERTEX
  5
EBC
330
17
100
AcDbEntity
  8
TOPO-CONTOUR-MINOR
100
AcDbVertex
100
AcDb3dPolylineVertex
 10
-196.91768593074946
 20
-60.41505339182913
 30
1036.0
 70
32
  0
VERTEX
  5
EBD
330
17
100
AcDbEntity
  8
TOPO-CONTOUR-MINOR
100
AcDbVertex
100
AcDb3dPolylineVertex
 10
-196.61747847563112
 20
-61.4226679187268
 30
1036.0
 70
32
  0
VERTEX
  5
EBE
330
17
100
AcDbEntity
  8
TOPO-CONTOUR-MINOR
100
AcDbVertex
100
AcDb3dPolylineVertex
 10
-196.07739378429994
 20
-61.81921869260302
 30
1036.0
 70
32
  0
VERTEX
  5
EBF
330
17
100
AcDbEntity
  8
TOPO-CONTOUR-MINOR
100
AcDbVertex
100
AcDb3dPolylineVertex
 10
-195.06977925789087
 20
-61.613197617161035
 30
1036.0
 70
32
  0
VERTEX
  5
EC0
330
17
100
AcDbEntity
  8
TOPO-CONTOUR-MINOR
100
AcDbVertex
100
AcDb3dPolylineVertex
 10
-191.98343881273067
 20
-59.40743886586278
 30
1036.0
 70
32
  0
VERTEX
  5
EC1
330
17
100
AcDbEntity
  8
TOPO-CONTOUR-MINOR
100
AcDbVertex
100
AcDb3dPolylineVertex
 10
-186.55666376800735
 20
-53.36175170727074
 30
1036.0
 70
32
  0
VERTEX
  5
EC2
330
17
100
AcDbEntity
  8
TOPO-CONTOUR-MINOR
100
AcDbVertex
100
AcDb3dPolylineVertex
 10
-185.45920376794217
 20
-51.346522654406726
 30
1036.0
 70
32
  0
VERTEX
  5
EC3
330
17
100
AcDbEntity
  8
TOPO-CONTOUR-MINOR
100
AcDbVertex
100
AcDb3dPolylineVertex
 10
-184.91859212378375
 20
-49.33129360154271
 30
1036.0
 70
32
  0
VERTEX
  5
EC4
330
17
100
AcDbEntity
  8
TOPO-CONTOUR-MINOR
100
AcDbVertex
100
AcDb3dPolylineVertex
 10
-186.00124852020951
 20
-48.74764563451438
 30
1036.0
 70
32
  0
VERTEX
  5
EC5
330
17
100
AcDbEntity
  8
TOPO-CONTOUR-MINOR
100
AcDbVertex
100
AcDb3dPolylineVertex
 10
-187.00886304661856
 20
-49.074544330621414
 30
1036.0
 70
32
  0
SEQEND
  5
EB6
330
EB5
100
AcDbEntity
  8
TOPO-CONTOUR-MINOR
  0
POLYLINE
  5
EC6
330
17
100
AcDbEntity
  8
TOPO-CONTOUR-MINOR
100
AcDb3dPolyline
 66
1
 10
0.0
 20
0.0
 30
0.0
 70
8
  0
VERTEX
  5
EC8
330
17
100
AcDbEntity
  8
TOPO-CONTOUR-MINOR
100
AcDbVertex
100
AcDb3dPolylineVertex
 10
-215.9161795594175
 20
-193.42017087806016
 30
1036.0
 70
32
  0
VERTEX
  5
EC9
330
17
100
AcDbEntity
  8
TOPO-CONTOUR-MINOR
100
AcDbVertex
100
AcDb3dPolylineVertex
 10
-212.19922620684474
 20
-192.58088982380934
 30
1036.0
 70
32
  0
VERTEX
  5
ECA
330
17
100
AcDbEntity
  8
TOPO-CONTOUR-MINOR
100
AcDbVertex
100
AcDb3dPolylineVertex
 10
-207.1611535747994
 20
-193.34764482659696
 30
1036.0
 70
32
  0
VERTEX
  5
ECB
330
17
100
AcDbEntity
  8
TOPO-CONTOUR-MINOR
100
AcDbVertex
100
AcDb3dPolylineVertex
 10
-205.77243080056476
 20
-194.4277854040265
 30
1036.0
 70
32
  0
VERTEX
  5
ECC
330
17
100
AcDbEntity
  8
TOPO-CONTOUR-MINOR
100
AcDbVertex
100
AcDb3dPolylineVertex
 10
-203.13069546916324
 20
-197.7226047111194
 30
1036.0
 70
32
  0
VERTEX
  5
ECD
330
17
100
AcDbEntity
  8
TOPO-CONTOUR-MINOR
100
AcDbVertex
100
AcDb3dPolylineVertex
 10
-200.10785188993611
 20
-203.0694745382866
 30
1036.0
 70
32
  0
VERTEX
  5
ECE
330
17
100
AcDbEntity
  8
TOPO-CONTOUR-MINOR
100
AcDbVertex
100
AcDb3dPolylineVertex
 10
-197.899161194423
 20
-208.5343887740746
 30
1036.0
 70
32
  0
VERTEX
  5
ECF
330
17
100
AcDbEntity
  8
TOPO-CONTOUR-MINOR
100
AcDbVertex
100
AcDb3dPolylineVertex
 10
-197.33476164739525
 20
-210.54961782693863
 30
1036.0
 70
32
  0
VERTEX
  5
ED0
330
17
100
AcDbEntity
  8
TOPO-CONTOUR-MINOR
100
AcDbVertex
100
AcDb3dPolylineVertex
 10
-196.85145843928134
 20
-214.58007593266666
 30
1036.0
 70
32
  0
VERTEX
  5
ED1
330
17
100
AcDbEntity
  8
TOPO-CONTOUR-MINOR
100
AcDbVertex
100
AcDb3dPolylineVertex
 10
-195.20018046391993
 20
-220.62576309125873
 30
1036.0
 70
32
  0
VERTEX
  5
ED2
330
17
100
AcDbEntity
  8
TOPO-CONTOUR-MINOR
100
AcDbVertex
100
AcDb3dPolylineVertex
 10
-196.07739378429997
 20
-224.49049577685082
 30
1036.0
 70
32
  0
VERTEX
  5
ED3
330
17
100
AcDbEntity
  8
TOPO-CONTOUR-MINOR
100
AcDbVertex
100
AcDb3dPolylineVertex
 10
-197.085008310709
 20
-227.17296611812878
 30
1036.0
 70
32
  0
VERTEX
  5
ED4
330
17
100
AcDbEntity
  8
TOPO-CONTOUR-MINOR
100
AcDbVertex
100
AcDb3dPolylineVertex
 10
-198.092622837118
 20
-228.67755989102125
 30
1036.0
 70
32
  0
VERTEX
  5
ED5
330
17
100
AcDbEntity
  8
TOPO-CONTOUR-MINOR
100
AcDbVertex
100
AcDb3dPolylineVertex
 10
-199.10023736352707
 20
-229.03116178493332
 30
1036.0
 70
32
  0
VERTEX
  5
ED6
330
17
100
AcDbEntity
  8
TOPO-CONTOUR-MINOR
100
AcDbVertex
100
AcDb3dPolylineVertex
 10
-202.12308094275417
 20
-228.6344424004179
 30
1036.0
 70
32
  0
VERTEX
  5
ED7
330
17
100
AcDbEntity
  8
TOPO-CONTOUR-MINOR
100
AcDbVertex
100
AcDb3dPolylineVertex
 10
-203.13069546916324
 20
-228.81077697671006
 30
1036.0
 70
32
  0
VERTEX
  5
ED8
330
17
100
AcDbEntity
  8
TOPO-CONTOUR-MINOR
100
AcDbVertex
100
AcDb3dPolylineVertex
 10
-208.16876810120857
 20
-231.10501332605767
 30
1036.0
 70
32
  0
VERTEX
  5
ED9
330
17
100
AcDbEntity
  8
TOPO-CONTOUR-MINOR
100
AcDbVertex
100
AcDb3dPolylineVertex
 10
-211.1916116804357
 20
-231.51715782831855
 30
1036.0
 70
32
  0
VERTEX
  5
EDA
330
17
100
AcDbEntity
  8
TOPO-CONTOUR-MINOR
100
AcDbVertex
100
AcDb3dPolylineVertex
 10
-215.22206978607187
 20
-232.78988020816544
 30
1036.0
 70
32
  0
VERTEX
  5
EDB
330
17
100
AcDbEntity
  8
TOPO-CONTOUR-MINOR
100
AcDbVertex
100
AcDb3dPolylineVertex
 10
-217.23729883888996
 20
-233.0350967571231
 30
1036.0
 70
32
  0
VERTEX
  5
EDC
330
17
100
AcDbEntity
  8
TOPO-CONTOUR-MINOR
100
AcDbVertex
100
AcDb3dPolylineVertex
 10
-219.25252789170804
 20
-232.56131064935346
 30
1036.0
 70
32
  0
VERTEX
  5
EDD
330
17
100
AcDbEntity
  8
TOPO-CONTOUR-MINOR
100
AcDbVertex
100
AcDb3dPolylineVertex
 10
-222.27537147093517
 20
-231.13296684917657
 30
1036.0
 70
32
  0
VERTEX
  5
EDE
330
17
100
AcDbEntity
  8
TOPO-CONTOUR-MINOR
100
AcDbVertex
100
AcDb3dPolylineVertex
 10
-225.2982150501623
 20
-230.6377699777856
 30
1036.0
 70
32
  0
VERTEX
  5
EDF
330
17
100
AcDbEntity
  8
TOPO-CONTOUR-MINOR
100
AcDbVertex
100
AcDb3dPolylineVertex
 10
-226.30582957657134
 20
-229.71523020952552
 30
1036.0
 70
32
  0
VERTEX
  5
EE0
330
17
100
AcDbEntity
  8
TOPO-CONTOUR-MINOR
100
AcDbVertex
100
AcDb3dPolylineVertex
 10
-227.31344410298038
 20
-227.3181075228341
 30
1036.0
 70
32
  0
VERTEX
  5
EE1
330
17
100
AcDbEntity
  8
TOPO-CONTOUR-MINOR
100
AcDbVertex
100
AcDb3dPolylineVertex
 10
-228.32105862938943
 20
-226.01115484930926
 30
1036.0
 70
32
  0
VERTEX
  5
EE2
330
17
100
AcDbEntity
  8
TOPO-CONTOUR-MINOR
100
AcDbVertex
100
AcDb3dPolylineVertex
 10
-230.3362876822075
 20
-225.33204005487983
 30
1036.0
 70
32
  0
VERTEX
  5
EE3
330
17
100
AcDbEntity
  8
TOPO-CONTOUR-MINOR
100
AcDbVertex
100
AcDb3dPolylineVertex
 10
-231.34390220861656
 20
-224.511970482191
 30
1036.0
 70
32
  0
VERTEX
  5
EE4
330
17
100
AcDbEntity
  8
TOPO-CONTOUR-MINOR
100
AcDbVertex
100
AcDb3dPolylineVertex
 10
-232.5898389521987
 20
-222.64099214412272
 30
1036.0
 70
32
  0
VERTEX
  5
EE5
330
17
100
AcDbEntity
  8
TOPO-CONTOUR-MINOR
100
AcDbVertex
100
AcDb3dPolylineVertex
 10
-232.8815527091428
 20
-221.63337761722505
 30
1036.0
 70
32
  0
VERTEX
  5
EE6
330
17
100
AcDbEntity
  8
TOPO-CONTOUR-MINOR
100
AcDbVertex
100
AcDb3dPolylineVertex
 10
-232.3515167350256
 20
-220.4964464739967
 30
1036.0
 70
32
  0
VERTEX
  5
EE7
330
17
100
AcDbEntity
  8
TOPO-CONTOUR-MINOR
100
AcDbVertex
100
AcDb3dPolylineVertex
 10
-231.34390220861656
 20
-220.76716723615533
 30
1036.0
 70
32
  0
VERTEX
  5
EE8
330
17
100
AcDbEntity
  8
TOPO-CONTOUR-MINOR
100
AcDbVertex
100
AcDb3dPolylineVertex
 10
-230.3362876822075
 20
-221.51245125616444
 30
1036.0
 70
32
  0
VERTEX
  5
EE9
330
17
100
AcDbEntity
  8
TOPO-CONTOUR-MINOR
100
AcDbVertex
100
AcDb3dPolylineVertex
 10
-228.32105862938943
 20
-223.57999630883785
 30
1036.0
 70
32
  0
VERTEX
  5
EEA
330
17
100
AcDbEntity
  8
TOPO-CONTOUR-MINOR
100
AcDbVertex
100
AcDb3dPolylineVertex
 10
-227.31344410298038
 20
-223.41515665082278
 30
1036.0
 70
32
  0
VERTEX
  5
EEB
330
17
100
AcDbEntity
  8
TOPO-CONTOUR-MINOR
100
AcDbVertex
100
AcDb3dPolylineVertex
 10
-226.30582957657134
 20
-221.94524573523177
 30
1036.0
 70
32
  0
VERTEX
  5
EEC
330
17
100
AcDbEntity
  8
TOPO-CONTOUR-MINOR
100
AcDbVertex
100
AcDb3dPolylineVertex
 10
-225.32126839012543
 20
-218.6105340383947
 30
1036.0
 70
32
  0
VERTEX
  5
EED
330
17
100
AcDbEntity
  8
TOPO-CONTOUR-MINOR
100
AcDbVertex
100
AcDb3dPolylineVertex
 10
-225.44523428766706
 20
-216.59530498553067
 30
1036.0
 70
32
  0
VERTEX
  5
EEE
330
17
100
AcDbEntity
  8
TOPO-CONTOUR-MINOR
100
AcDbVertex
100
AcDb3dPolylineVertex
 10
-226.30582957657134
 20
-215.59055721923434
 30
1036.0
 70
32
  0
VERTEX
  5
EEF
330
17
100
AcDbEntity
  8
TOPO-CONTOUR-MINOR
100
AcDbVertex
100
AcDb3dPolylineVertex
 10
-228.32105862938943
 20
-214.80576670094885
 30
1036.0
 70
32
  0
VERTEX
  5
EF0
330
17
100
AcDbEntity
  8
TOPO-CONTOUR-MINOR
100
AcDbVertex
100
AcDb3dPolylineVertex
 10
-231.34390220861656
 20
-214.49463210665567
 30
1036.0
 70
32
  0
VERTEX
  5
EF1
330
17
100
AcDbEntity
  8
TOPO-CONTOUR-MINOR
100
AcDbVertex
100
AcDb3dPolylineVertex
 10
-232.3515167350256
 20
-214.70939923270745
 30
1036.0
 70
32
  0
VERTEX
  5
EF2
330
17
100
AcDbEntity
  8
TOPO-CONTOUR-MINOR
100
AcDbVertex
100
AcDb3dPolylineVertex
 10
-234.36674578784368
 20
-215.945174223467
 30
1036.0
 70
32
  0
VERTEX
  5
EF3
330
17
100
AcDbEntity
  8
TOPO-CONTOUR-MINOR
100
AcDbVertex
100
AcDb3dPolylineVertex
 10
-235.37436031425273
 20
-215.85553306174816
 30
1036.0
 70
32
  0
VERTEX
  5
EF4
330
17
100
AcDbEntity
  8
TOPO-CONTOUR-MINOR
100
AcDbVertex
100
AcDb3dPolylineVertex
 10
-236.38197484066177
 20
-214.77002929427226
 30
1036.0
 70
32
  0
VERTEX
  5
EF5
330
17
100
AcDbEntity
  8
TOPO-CONTOUR-MINOR
100
AcDbVertex
100
AcDb3dPolylineVertex
 10
-236.60728768409226
 20
-213.572461405769
 30
1036.0
 70
32
  0
VERTEX
  5
EF6
330
17
100
AcDbEntity
  8
TOPO-CONTOUR-MINOR
100
AcDbVertex
100
AcDb3dPolylineVertex
 10
-236.16534445755502
 20
-211.55723235290498
 30
1036.0
 70
32
  0
VERTEX
  5
EF7
330
17
100
AcDbEntity
  8
TOPO-CONTOUR-MINOR
100
AcDbVertex
100
AcDb3dPolylineVertex
 10
-235.37436031425273
 20
-210.3073322430118
 30
1036.0
 70
32
  0
VERTEX
  5
EF8
330
17
100
AcDbEntity
  8
TOPO-CONTOUR-MINOR
100
AcDbVertex
100
AcDb3dPolylineVertex
 10
-233.35913126143464
 20
-208.81224322681757
 30
1036.0
 70
32
  0
VERTEX
  5
EF9
330
17
100
AcDbEntity
  8
TOPO-CONTOUR-MINOR
100
AcDbVertex
100
AcDb3dPolylineVertex
 10
-232.3539824320169
 20
-207.52677424717695
 30
1036.0
 70
32
  0
VERTEX
  5
EFA
330
17
100
AcDbEntity
  8
TOPO-CONTOUR-MINOR
100
AcDbVertex
100
AcDb3dPolylineVertex
 10
-231.453366023554
 20
-204.50393066834658
 30
1036.0
 70
32
  0
VERTEX
  5
EFB
330
17
100
AcDbEntity
  8
TOPO-CONTOUR-MINOR
100
AcDbVertex
100
AcDb3dPolylineVertex
 10
-230.1409011641371
 20
-202.48870161548257
 30
1036.0
 70
32
  0
VERTEX
  5
EFC
330
17
100
AcDbEntity
  8
TOPO-CONTOUR-MINOR
100
AcDbVertex
100
AcDb3dPolylineVertex
 10
-227.31344410298038
 20
-200.70139980901513
 30
1036.0
 70
32
  0
VERTEX
  5
EFD
330
17
100
AcDbEntity
  8
TOPO-CONTOUR-MINOR
100
AcDbVertex
100
AcDb3dPolylineVertex
 10
-223.41125520928804
 20
-197.4506289837882
 30
1036.0
 70
32
  0
VERTEX
  5
EFE
330
17
100
AcDbEntity
  8
TOPO-CONTOUR-MINOR
100
AcDbVertex
100
AcDb3dPolylineVertex
 10
-215.9161795594175
 20
-193.42017087806016
 30
1036.0
 70
32
  0
SEQEND
  5
EC7
330
EC6
100
AcDbEntity
  8
TOPO-CONTOUR-MINOR
  0
POLYLINE
  5
EFF
330
17
100
AcDbEntity
  8
TOPO-CONTOUR-MINOR
100
AcDb3dPolyline
 66
1
 10
0.0
 20
0.0
 30
0.0
 70
8
  0
VERTEX
  5
F01
330
17
100
AcDbEntity
  8
TOPO-CONTOUR-MINOR
100
AcDbVertex
100
AcDb3dPolylineVertex
 10
-98.5959163756608
 20
-207.52677424717695
 30
1036.0
 70
32
  0
VERTEX
  5
F02
330
17
100
AcDbEntity
  8
TOPO-CONTOUR-MINOR
100
AcDbVertex
100
AcDb3dPolylineVertex
 10
-98.09045049375263
 20
-207.52677424717695
 30
1036.0
 70
32
  0
VERTEX
  5
F03
330
17
100
AcDbEntity
  8
TOPO-CONTOUR-MINOR
100
AcDbVertex
100
AcDb3dPolylineVertex
 10
-97.0847211263403
 20
-208.5343887740746
 30
1036.0
 70
32
  0
VERTEX
  5
F04
330
17
100
AcDbEntity
  8
TOPO-CONTOUR-MINOR
100
AcDbVertex
100
AcDb3dPolylineVertex
 10
-96.68589904157636
 20
-211.55723235290495
 30
1036.0
 70
32
  0
VERTEX
  5
F05
330
17
100
AcDbEntity
  8
TOPO-CONTOUR-MINOR
100
AcDbVertex
100
AcDb3dPolylineVertex
 10
-94.64192324910893
 20
-216.59530498553065
 30
1036.0
 70
32
  0
VERTEX
  5
F06
330
17
100
AcDbEntity
  8
TOPO-CONTOUR-MINOR
100
AcDbVertex
100
AcDb3dPolylineVertex
 10
-94.02423435708945
 20
-219.61814856436104
 30
1036.0
 70
32
  0
VERTEX
  5
F07
330
17
100
AcDbEntity
  8
TOPO-CONTOUR-MINOR
100
AcDbVertex
100
AcDb3dPolylineVertex
 10
-94.24654745985825
 20
-221.63337761722505
 30
1036.0
 70
32
  0
VERTEX
  5
F08
330
17
100
AcDbEntity
  8
TOPO-CONTOUR-MINOR
100
AcDbVertex
100
AcDb3dPolylineVertex
 10
-94.7152773754827
 20
-222.64099214412272
 30
1036.0
 70
32
  0
VERTEX
  5
F09
330
17
100
AcDbEntity
  8
TOPO-CONTOUR-MINOR
100
AcDbVertex
100
AcDb3dPolylineVertex
 10
-97.3311701962134
 20
-225.16596870610203
 30
1036.0
 70
32
  0
VERTEX
  5
F0A
330
17
100
AcDbEntity
  8
TOPO-CONTOUR-MINOR
100
AcDbVertex
100
AcDb3dPolylineVertex
 10
-99.20246740705869
 20
-227.6790647758171
 30
1036.0
 70
32
  0
VERTEX
  5
F0B
330
17
100
AcDbEntity
  8
TOPO-CONTOUR-MINOR
100
AcDbVertex
100
AcDb3dPolylineVertex
 10
-103.37685735466766
 20
-228.96462892619115
 30
1036.0
 70
32
  0
VERTEX
  5
F0C
330
17
100
AcDbEntity
  8
TOPO-CONTOUR-MINOR
100
AcDbVertex
100
AcDb3dPolylineVertex
 10
-104.3844718810767
 20
-229.854080467676
 30
1036.0
 70
32
  0
VERTEX
  5
F0D
330
17
100
AcDbEntity
  8
TOPO-CONTOUR-MINOR
100
AcDbVertex
100
AcDb3dPolylineVertex
 10
-105.90240062634533
 20
-232.71713740751147
 30
1036.0
 70
32
  0
VERTEX
  5
F0E
330
17
100
AcDbEntity
  8
TOPO-CONTOUR-MINOR
100
AcDbVertex
100
AcDb3dPolylineVertex
 10
-107.40731546030383
 20
-234.2582032605206
 30
1036.0
 70
32
  0
VERTEX
  5
F0F
330
17
100
AcDbEntity
  8
TOPO-CONTOUR-MINOR
100
AcDbVertex
100
AcDb3dPolylineVertex
 10
-114.02591956403384
 20
-237.75521004013717
 30
1036.0
 70
32
  0
VERTEX
  5
F10
330
17
100
AcDbEntity
  8
TOPO-CONTOUR-MINOR
100
AcDbVertex
100
AcDb3dPolylineVertex
 10
-119.49868977721235
 20
-241.94286020377763
 30
1036.0
 70
32
  0
VERTEX
  5
F11
330
17
100
AcDbEntity
  8
TOPO-CONTOUR-MINOR
100
AcDbVertex
100
AcDb3dPolylineVertex
 10
-125.86489343669611
 20
-245.81612625159323
 30
1036.0
 70
32
  0
VERTEX
  5
F12
330
17
100
AcDbEntity
  8
TOPO-CONTOUR-MINOR
100
AcDbVertex
100
AcDb3dPolylineVertex
 10
-129.5748350413029
 20
-249.11399801825706
 30
1036.0
 70
32
  0
VERTEX
  5
F13
330
17
100
AcDbEntity
  8
TOPO-CONTOUR-MINOR
100
AcDbVertex
100
AcDb3dPolylineVertex
 10
-133.60529314693906
 20
-253.49628113329499
 30
1036.0
 70
32
  0
VERTEX
  5
F14
330
17
100
AcDbEntity
  8
TOPO-CONTOUR-MINOR
100
AcDbVertex
100
AcDb3dPolylineVertex
 10
-140.26009935421507
 20
-257.907500567846
 30
1036.0
 70
32
  0
VERTEX
  5
F15
330
17
100
AcDbEntity
  8
TOPO-CONTOUR-MINOR
100
AcDbVertex
100
AcDb3dPolylineVertex
 10
-142.33009567913888
 20
-259.92272962071
 30
1036.0
 70
32
  0
VERTEX
  5
F16
330
17
100
AcDbEntity
  8
TOPO-CONTOUR-MINOR
100
AcDbVertex
100
AcDb3dPolylineVertex
 10
-144.68905293743853
 20
-262.8680765612001
 30
1036.0
 70
32
  0
VERTEX
  5
F17
330
17
100
AcDbEntity
  8
TOPO-CONTOUR-MINOR
100
AcDbVertex
100
AcDb3dPolylineVertex
 10
-146.70428199025662
 20
-264.3540763865682
 30
1036.0
 70
32
  0
VERTEX
  5
F18
330
17
100
AcDbEntity
  8
TOPO-CONTOUR-MINOR
100
AcDbVertex
100
AcDb3dPolylineVertex
 10
-149.72712556948375
 20
-265.5420580036467
 30
1036.0
 70
32
  0
VERTEX
  5
F19
330
17
100
AcDbEntity
  8
TOPO-CONTOUR-MINOR
100
AcDbVertex
100
AcDb3dPolylineVertex
 10
-155.77281272793812
 20
-266.4322166116514
 30
1036.0
 70
32
  0
VERTEX
  5
F1A
330
17
100
AcDbEntity
  8
TOPO-CONTOUR-MINOR
100
AcDbVertex
100
AcDb3dPolylineVertex
 10
-157.7880417807562
 20
-265.5264973010669
 30
1036.0
 70
32
  0
VERTEX
  5
F1B
330
17
100
AcDbEntity
  8
TOPO-CONTOUR-MINOR
100
AcDbVertex
100
AcDb3dPolylineVertex
 10
-159.7172123608526
 20
-263.95318772643805
 30
1036.0
 70
32
  0
VERTEX
  5
F1C
330
17
100
AcDbEntity
  8
TOPO-CONTOUR-MINOR
100
AcDbVertex
100
AcDb3dPolylineVertex
 10
-161.81849988639237
 20
-259.66295173636394
 30
1036.0
 70
32
  0
VERTEX
  5
F1D
330
17
100
AcDbEntity
  8
TOPO-CONTOUR-MINOR
100
AcDbVertex
100
AcDb3dPolylineVertex
 10
-162.65724426443725
 20
-255.89227151498199
 30
1036.0
 70
32
  0
VERTEX
  5
F1E
330
17
100
AcDbEntity
  8
TOPO-CONTOUR-MINOR
100
AcDbVertex
100
AcDb3dPolylineVertex
 10
-162.7383664073772
 20
-251.86181340925395
 30
1036.0
 70
32
  0
VERTEX
  5
F1F
330
17
100
AcDbEntity
  8
TOPO-CONTOUR-MINOR
100
AcDbVertex
100
AcDb3dPolylineVertex
 10
-161.8823803922557
 20
-247.83135530352592
 30
1036.0
 70
32
  0
VERTEX
  5
F20
330
17
100
AcDbEntity
  8
TOPO-CONTOUR-MINOR
100
AcDbVertex
100
AcDb3dPolylineVertex
 10
-160.81088535998333
 20
-245.07582099123272
 30
1036.0
 70
32
  0
VERTEX
  5
F21
330
17
100
AcDbEntity
  8
TOPO-CONTOUR-MINOR
100
AcDbVertex
100
AcDb3dPolylineVertex
 10
-158.84750981286552
 20
-241.7856681458652
 30
1036.0
 70
32
  0
VERTEX
  5
F22
330
17
100
AcDbEntity
  8
TOPO-CONTOUR-MINOR
100
AcDbVertex
100
AcDb3dPolylineVertex
 10
-154.88386203657544
 20
-236.7475955132395
 30
1036.0
 70
32
  0
VERTEX
  5
F23
330
17
100
AcDbEntity
  8
TOPO-CONTOUR-MINOR
100
AcDbVertex
100
AcDb3dPolylineVertex
 10
-150.7347400958929
 20
-232.5397781175099
 30
1036.0
 70
32
  0
VERTEX
  5
F24
330
17
100
AcDbEntity
  8
TOPO-CONTOUR-MINOR
100
AcDbVertex
100
AcDb3dPolylineVertex
 10
-147.71189651666566
 20
-230.12254448225266
 30
1036.0
 70
32
  0
VERTEX
  5
F25
330
17
100
AcDbEntity
  8
TOPO-CONTOUR-MINOR
100
AcDbVertex
100
AcDb3dPolylineVertex
 10
-142.67382388462045
 20
-226.83980634684394
 30
1036.0
 70
32
  0
VERTEX
  5
F26
330
17
100
AcDbEntity
  8
TOPO-CONTOUR-MINOR
100
AcDbVertex
100
AcDb3dPolylineVertex
 10
-130.18711966771073
 20
-220.6257630912587
 30
1036.0
 70
32
  0
VERTEX
  5
F27
330
17
100
AcDbEntity
  8
TOPO-CONTOUR-MINOR
100
AcDbVertex
100
AcDb3dPolylineVertex
 10
-119.72279986880082
 20
-212.56484687980264
 30
1036.0
 70
32
  0
VERTEX
  5
F28
330
17
100
AcDbEntity
  8
TOPO-CONTOUR-MINOR
100
AcDbVertex
100
AcDb3dPolylineVertex
 10
-113.45300261875809
 20
-211.0705556538104
 30
1036.0
 70
32
  0
VERTEX
  5
F29
330
17
100
AcDbEntity
  8
TOPO-CONTOUR-MINOR
100
AcDbVertex
100
AcDb3dPolylineVertex
 10
-108.44783740508643
 20
-208.5343887740746
 30
1036.0
 70
32
  0
VERTEX
  5
F2A
330
17
100
AcDbEntity
  8
TOPO-CONTOUR-MINOR
100
AcDbVertex
100
AcDb3dPolylineVertex
 10
-101.36162830184958
 20
-208.24635057246203
 30
1036.0
 70
32
  0
VERTEX
  5
F2B
330
17
100
AcDbEntity
  8
TOPO-CONTOUR-MINOR
100
AcDbVertex
100
AcDb3dPolylineVertex
 10
-98.5959163756608
 20
-207.52677424717695
 30
1036.0
 70
32
  0
SEQEND
  5
F00
330
EFF
100
AcDbEntity
  8
TOPO-CONTOUR-MINOR
  0
POLYLINE
  5
F2C
330
17
100
AcDbEntity
  8
TOPO-CONTOUR-MINOR
100
AcDb3dPolyline
 66
1
 10
0.0
 20
0.0
 30
0.0
 70
8
  0
VERTEX
  5
F2E
330
17
100
AcDbEntity
  8
TOPO-CONTOUR-MINOR
100
AcDbVertex
100
AcDb3dPolylineVertex
 10
-242.0
 20
-338.6780077783989
 30
1036.0
 70
32
  0
VERTEX
  5
F2F
330
17
100
AcDbEntity
  8
TOPO-CONTOUR-MINOR
100
AcDbVertex
100
AcDb3dPolylineVertex
 10
-241.4200474727071
 20
-338.8651328765322
 30
1036.0
 70
32
  0
VERTEX
  5
F30
330
17
100
AcDbEntity
  8
TOPO-CONTOUR-MINOR
100
AcDbVertex
100
AcDb3dPolylineVertex
 10
-238.0909361558454
 20
-339.5242772074416
 30
1036.0
 70
32
  0
VERTEX
  5
F31
330
17
100
AcDbEntity
  8
TOPO-CONTOUR-MINOR
100
AcDbVertex
100
AcDb3dPolylineVertex
 10
-236.90480119311997
 20
-340.531891733408
 30
1036.0
 70
32
  0
VERTEX
  5
F32
330
17
100
AcDbEntity
  8
TOPO-CONTOUR-MINOR
100
AcDbVertex
100
AcDb3dPolylineVertex
 10
-236.97675833524664
 20
-342.547120786272
 30
1036.0
 70
32
  0
VERTEX
  5
F33
330
17
100
AcDbEntity
  8
TOPO-CONTOUR-MINOR
100
AcDbVertex
100
AcDb3dPolylineVertex
 10
-235.895205510852
 20
-346.577578892
 30
1036.0
 70
32
  0
VERTEX
  5
F34
330
17
100
AcDbEntity
  8
TOPO-CONTOUR-MINOR
100
AcDbVertex
100
AcDb3dPolylineVertex
 10
-237.4358000202847
 20
-351.6156515236944
 30
1036.0
 70
32
  0
VERTEX
  5
F35
330
17
100
AcDbEntity
  8
TOPO-CONTOUR-MINOR
100
AcDbVertex
100
AcDb3dPolylineVertex
 10
-237.57806639894397
 20
-354.6384951034561
 30
1036.0
 70
32
  0
VERTEX
  5
F36
330
17
100
AcDbEntity
  8
TOPO-CONTOUR-MINOR
100
AcDbVertex
100
AcDb3dPolylineVertex
 10
-236.38197484066177
 20
-356.44694801904586
 30
1036.0
 70
32
  0
VERTEX
  5
F37
330
17
100
AcDbEntity
  8
TOPO-CONTOUR-MINOR
100
AcDbVertex
100
AcDb3dPolylineVertex
 10
-235.37436031425273
 20
-357.17602927909513
 30
1036.0
 70
32
  0
VERTEX
  5
F38
330
17
100
AcDbEntity
  8
TOPO-CONTOUR-MINOR
100
AcDbVertex
100
AcDb3dPolylineVertex
 10
-233.35913126143464
 20
-357.76216697906153
 30
1036.0
 70
32
  0
VERTEX
  5
F39
330
17
100
AcDbEntity
  8
TOPO-CONTOUR-MINOR
100
AcDbVertex
100
AcDb3dPolylineVertex
 10
-231.93104191220095
 20
-358.6689532091841
 30
1036.0
 70
32
  0
VERTEX
  5
F3A
330
17
100
AcDbEntity
  8
TOPO-CONTOUR-MINOR
100
AcDbVertex
100
AcDb3dPolylineVertex
 10
-231.46586056510583
 20
-359.67656773515046
 30
1036.0
 70
32
  0
VERTEX
  5
F3B
330
17
100
AcDbEntity
  8
TOPO-CONTOUR-MINOR
100
AcDbVertex
100
AcDb3dPolylineVertex
 10
-231.83048241624073
 20
-362.69941131491214
 30
1036.0
 70
32
  0
VERTEX
  5
F3C
330
17
100
AcDbEntity
  8
TOPO-CONTOUR-MINOR
100
AcDbVertex
100
AcDb3dPolylineVertex
 10
-231.3304320914757
 20
-366.72986942064017
 30
1036.0
 70
32
  0
VERTEX
  5
F3D
330
17
100
AcDbEntity
  8
TOPO-CONTOUR-MINOR
100
AcDbVertex
100
AcDb3dPolylineVertex
 10
-231.66337942518675
 20
-369.75271299947053
 30
1036.0
 70
32
  0
VERTEX
  5
F3E
330
17
100
AcDbEntity
  8
TOPO-CONTOUR-MINOR
100
AcDbVertex
100
AcDb3dPolylineVertex
 10
-234.3282682413317
 20
-375.7984001580626
 30
1036.0
 70
32
  0
VERTEX
  5
F3F
330
17
100
AcDbEntity
  8
TOPO-CONTOUR-MINOR
100
AcDbVertex
100
AcDb3dPolylineVertex
 10
-237.08908683732304
 20
-387.88977447524667
 30
1036.0
 70
32
  0
VERTEX
  5
F40
330
17
100
AcDbEntity
  8
TOPO-CONTOUR-MINOR
100
AcDbVertex
100
AcDb3dPolylineVertex
 10
-239.40481841988898
 20
-394.50800534014877
 30
1036.0
 70
32
  0
VERTEX
  5
F41
330
17
100
AcDbEntity
  8
TOPO-CONTOUR-MINOR
100
AcDbVertex
100
AcDb3dPolylineVertex
 10
-240.58268232915026
 20
-395.9506906857714
 30
1036.0
 70
32
  0
VERTEX
  5
F42
330
17
100
AcDbEntity
  8
TOPO-CONTOUR-MINOR
100
AcDbVertex
100
AcDb3dPolylineVertex
 10
-242.0
 20
-396.9294767944991
 30
1036.0
 70
32
  0
SEQEND
  5
F2D
330
F2C
100
AcDbEntity
  8
TOPO-CONTOUR-MINOR
  0
POLYLINE
  5
F43
330
17
100
AcDbEntity
  8
TOPO-CONTOUR-MINOR
100
AcDb3dPolyline
 66
1
 10
0.0
 20
0.0
 30
0.0
 70
8
  0
VERTEX
  5
F45
330
17
100
AcDbEntity
  8
TOPO-CONTOUR-MINOR
100
AcDbVertex
100
AcDb3dPolylineVertex
 10
-233.253977894671
 20
183.0
 30
1037.0
 70
32
  0
VERTEX
  5
F46
330
17
100
AcDbEntity
  8
TOPO-CONTOUR-MINOR
100
AcDbVertex
100
AcDb3dPolylineVertex
 10
-232.3515167350256
 20
182.1404582341334
 30
1037.0
 70
32
  0
VERTEX
  5
F47
330
17
100
AcDbEntity
  8
TOPO-CONTOUR-MINOR
100
AcDbVertex
100
AcDb3dPolylineVertex
 10
-221.26775694452613
 20
175.63616122878653
 30
1037.0
 70
32
  0
VERTEX
  5
F48
330
17
100
AcDbEntity
  8
TOPO-CONTOUR-MINOR
100
AcDbVertex
100
AcDb3dPolylineVertex
 10
-213.07756602932807
 20
168.3134441031143
 30
1037.0
 70
32
  0
VERTEX
  5
F49
330
17
100
AcDbEntity
  8
TOPO-CONTOUR-MINOR
100
AcDbVertex
100
AcDb3dPolylineVertex
 10
-209.1763826276176
 20
165.3069829389558
 30
1037.0
 70
32
  0
VERTEX
  5
F4A
330
17
100
AcDbEntity
  8
TOPO-CONTOUR-MINOR
100
AcDbVertex
100
AcDb3dPolylineVertex
 10
-205.72483676745009
 20
161.26014241855592
 30
1037.0
 70
32
  0
VERTEX
  5
F4B
330
17
100
AcDbEntity
  8
TOPO-CONTOUR-MINOR
100
AcDbVertex
100
AcDb3dPolylineVertex
 10
-203.62259052474303
 20
158.23729883879423
 30
1037.0
 70
32
  0
VERTEX
  5
F4C
330
17
100
AcDbEntity
  8
TOPO-CONTOUR-MINOR
100
AcDbVertex
100
AcDb3dPolylineVertex
 10
-200.96793590613186
 20
153.19922620709985
 30
1037.0
 70
32
  0
VERTEX
  5
F4D
330
17
100
AcDbEntity
  8
TOPO-CONTOUR-MINOR
100
AcDbVertex
100
AcDb3dPolylineVertex
 10
-200.8038376796145
 20
152.1916116802022
 30
1037.0
 70
32
  0
VERTEX
  5
F4E
330
17
100
AcDbEntity
  8
TOPO-CONTOUR-MINOR
100
AcDbVertex
100
AcDb3dPolylineVertex
 10
-201.05704922649468
 20
151.18399715423584
 30
1037.0
 70
32
  0
VERTEX
  5
F4F
330
17
100
AcDbEntity
  8
TOPO-CONTOUR-MINOR
100
AcDbVertex
100
AcDb3dPolylineVertex
 10
-202.1230809427542
 20
150.55612346116067
 30
1037.0
 70
32
  0
VERTEX
  5
F50
330
17
100
AcDbEntity
  8
TOPO-CONTOUR-MINOR
100
AcDbVertex
100
AcDb3dPolylineVertex
 10
-203.13069546916324
 20
150.64708602519983
 30
1037.0
 70
32
  0
VERTEX
  5
F51
330
17
100
AcDbEntity
  8
TOPO-CONTOUR-MINOR
100
AcDbVertex
100
AcDb3dPolylineVertex
 10
-208.16876810120857
 20
153.81647436552365
 30
1037.0
 70
32
  0
VERTEX
  5
F52
330
17
100
AcDbEntity
  8
TOPO-CONTOUR-MINOR
100
AcDbVertex
100
AcDb3dPolylineVertex
 10
-213.20684073325378
 20
156.0361925557174
 30
1037.0
 70
32
  0
VERTEX
  5
F53
330
17
100
AcDbEntity
  8
TOPO-CONTOUR-MINOR
100
AcDbVertex
100
AcDb3dPolylineVertex
 10
-217.23729883888996
 20
157.0566066989628
 30
1037.0
 70
32
  0
VERTEX
  5
F54
330
17
100
AcDbEntity
  8
TOPO-CONTOUR-MINOR
100
AcDbVertex
100
AcDb3dPolylineVertex
 10
-223.2829859973442
 20
157.37752282954315
 30
1037.0
 70
32
  0
VERTEX
  5
F55
330
17
100
AcDbEntity
  8
TOPO-CONTOUR-MINOR
100
AcDbVertex
100
AcDb3dPolylineVertex
 10
-231.34390220861656
 20
156.50312663525168
 30
1037.0
 70
32
  0
VERTEX
  5
F56
330
17
100
AcDbEntity
  8
TOPO-CONTOUR-MINOR
100
AcDbVertex
100
AcDb3dPolylineVertex
 10
-236.38197484066177
 20
156.62335741886744
 30
1037.0
 70
32
  0
VERTEX
  5
F57
330
17
100
AcDbEntity
  8
TOPO-CONTOUR-MINOR
100
AcDbVertex
100
AcDb3dPolylineVertex
 10
-238.39720389347997
 20
157.68356245498376
 30
1037.0
 70
32
  0
VERTEX
  5
F58
330
17
100
AcDbEntity
  8
TOPO-CONTOUR-MINOR
100
AcDbVertex
100
AcDb3dPolylineVertex
 10
-239.53682559534266
 20
160.25252789165825
 30
1037.0
 70
32
  0
VERTEX
  5
F59
330
17
100
AcDbEntity
  8
TOPO-CONTOUR-MINOR
100
AcDbVertex
100
AcDb3dPolylineVertex
 10
-240.75176532294512
 20
161.26014241855592
 30
1037.0
 70
32
  0
VERTEX
  5
F5A
330
17
100
AcDbEntity
  8
TOPO-CONTOUR-MINOR
100
AcDbVertex
100
AcDb3dPolylineVertex
 10
-242.0
 20
161.6414025774485
 30
1037.0
 70
32
  0
SEQEND
  5
F44
330
F43
100
AcDbEntity
  8
TOPO-CONTOUR-MINOR
  0
POLYLINE
  5
F5B
330
17
100
AcDbEntity
  8
TOPO-CONTOUR-MINOR
100
AcDb3dPolyline
 66
1
 10
0.0
 20
0.0
 30
0.0
 70
8
  0
VERTEX
  5
F5D
330
17
100
AcDbEntity
  8
TOPO-CONTOUR-MINOR
100
AcDbVertex
100
AcDb3dPolylineVertex
 10
-174.24536077565415
 20
117.93271778244525
 30
1037.0
 70
32
  0
VERTEX
  5
F5E
330
17
100
AcDbEntity
  8
TOPO-CONTOUR-MINOR
100
AcDbVertex
100
AcDb3dPolylineVertex
 10
-170.8870306240738
 20
117.79456532947516
 30
1037.0
 70
32
  0
VERTEX
  5
F5F
330
17
100
AcDbEntity
  8
TOPO-CONTOUR-MINOR
100
AcDbVertex
100
AcDb3dPolylineVertex
 10
-166.8565725184376
 20
116.85674409376472
 30
1037.0
 70
32
  0
VERTEX
  5
F60
330
17
100
AcDbEntity
  8
TOPO-CONTOUR-MINOR
100
AcDbVertex
100
AcDb3dPolylineVertex
 10
-164.8413434656195
 20
116.06354239514789
 30
1037.0
 70
32
  0
VERTEX
  5
F61
330
17
100
AcDbEntity
  8
TOPO-CONTOUR-MINOR
100
AcDbVertex
100
AcDb3dPolylineVertex
 10
-163.66008420313182
 20
114.90987420361489
 30
1037.0
 70
32
  0
VERTEX
  5
F62
330
17
100
AcDbEntity
  8
TOPO-CONTOUR-MINOR
100
AcDbVertex
100
AcDb3dPolylineVertex
 10
-163.56162753188397
 20
112.89464515075088
 30
1037.0
 70
32
  0
VERTEX
  5
F63
330
17
100
AcDbEntity
  8
TOPO-CONTOUR-MINOR
100
AcDbVertex
100
AcDb3dPolylineVertex
 10
-165.13347227463726
 20
109.87180157098919
 30
1037.0
 70
32
  0
VERTEX
  5
F64
330
17
100
AcDbEntity
  8
TOPO-CONTOUR-MINOR
100
AcDbVertex
100
AcDb3dPolylineVertex
 10
-170.1565845279476
 20
103.82611441239715
 30
1037.0
 70
32
  0
VERTEX
  5
F65
330
17
100
AcDbEntity
  8
TOPO-CONTOUR-MINOR
100
AcDbVertex
100
AcDb3dPolylineVertex
 10
-174.91748872970993
 20
96.1736919610033
 30
1037.0
 70
32
  0
VERTEX
  5
F66
330
17
100
AcDbEntity
  8
TOPO-CONTOUR-MINOR
100
AcDbVertex
100
AcDb3dPolylineVertex
 10
-175.92510325611897
 20
95.15509584212705
 30
1037.0
 70
32
  0
VERTEX
  5
F67
330
17
100
AcDbEntity
  8
TOPO-CONTOUR-MINOR
100
AcDbVertex
100
AcDb3dPolylineVertex
 10
-176.93271778252802
 20
94.72665110683496
 30
1037.0
 70
32
  0
VERTEX
  5
F68
330
17
100
AcDbEntity
  8
TOPO-CONTOUR-MINOR
100
AcDbVertex
100
AcDb3dPolylineVertex
 10
-177.94033230893703
 20
94.79271475678681
 30
1037.0
 70
32
  0
VERTEX
  5
F69
330
17
100
AcDbEntity
  8
TOPO-CONTOUR-MINOR
100
AcDbVertex
100
AcDb3dPolylineVertex
 10
-180.02759297239362
 20
95.76519820187241
 30
1037.0
 70
32
  0
VERTEX
  5
F6A
330
17
100
AcDbEntity
  8
TOPO-CONTOUR-MINOR
100
AcDbVertex
100
AcDb3dPolylineVertex
 10
-181.97079041457323
 20
97.69611415241627
 30
1037.0
 70
32
  0
VERTEX
  5
F6B
330
17
100
AcDbEntity
  8
TOPO-CONTOUR-MINOR
100
AcDbVertex
100
AcDb3dPolylineVertex
 10
-182.63910555999436
 20
99.79565630760044
 30
1037.0
 70
32
  0
VERTEX
  5
F6C
330
17
100
AcDbEntity
  8
TOPO-CONTOUR-MINOR
100
AcDbVertex
100
AcDb3dPolylineVertex
 10
-182.56245143520647
 20
102.8184998864308
 30
1037.0
 70
32
  0
VERTEX
  5
F6D
330
17
100
AcDbEntity
  8
TOPO-CONTOUR-MINOR
100
AcDbVertex
100
AcDb3dPolylineVertex
 10
-180.57570851622043
 20
110.87941609788686
 30
1037.0
 70
32
  0
VERTEX
  5
F6E
330
17
100
AcDbEntity
  8
TOPO-CONTOUR-MINOR
100
AcDbVertex
100
AcDb3dPolylineVertex
 10
-178.9479468353461
 20
114.80540227993143
 30
1037.0
 70
32
  0
VERTEX
  5
F6F
330
17
100
AcDbEntity
  8
TOPO-CONTOUR-MINOR
100
AcDbVertex
100
AcDb3dPolylineVertex
 10
-176.93271778252802
 20
116.93409056993288
 30
1037.0
 70
32
  0
VERTEX
  5
F70
330
17
100
AcDbEntity
  8
TOPO-CONTOUR-MINOR
100
AcDbVertex
100
AcDb3dPolylineVertex
 10
-174.24536077565415
 20
117.93271778244525
 30
1037.0
 70
32
  0
SEQEND
  5
F5C
330
F5B
100
AcDbEntity
  8
TOPO-CONTOUR-MINOR
  0
POLYLINE
  5
F71
330
17
100
AcDbEntity
  8
TOPO-CONTOUR-MINOR
100
AcDb3dPolyline
 66
1
 10
0.0
 20
0.0
 30
0.0
 70
8
  0
VERTEX
  5
F73
330
17
100
AcDbEntity
  8
TOPO-CONTOUR-MINOR
100
AcDbVertex
100
AcDb3dPolylineVertex
 10
-216.95112399375432
 20
77.62813672609627
 30
1037.0
 70
32
  0
VERTEX
  5
F74
330
17
100
AcDbEntity
  8
TOPO-CONTOUR-MINOR
100
AcDbVertex
100
AcDb3dPolylineVertex
 10
-215.22206978607187
 20
77.80710813970416
 30
1037.0
 70
32
  0
VERTEX
  5
F75
330
17
100
AcDbEntity
  8
TOPO-CONTOUR-MINOR
100
AcDbVertex
100
AcDb3dPolylineVertex
 10
-213.20684073325378
 20
77.2709302850022
 30
1037.0
 70
32
  0
VERTEX
  5
F76
330
17
100
AcDbEntity
  8
TOPO-CONTOUR-MINOR
100
AcDbVertex
100
AcDb3dPolylineVertex
 10
-207.1611535747994
 20
75.17211241623463
 30
1037.0
 70
32
  0
VERTEX
  5
F77
330
17
100
AcDbEntity
  8
TOPO-CONTOUR-MINOR
100
AcDbVertex
100
AcDb3dPolylineVertex
 10
-201.80455730841146
 20
72.5900640944019
 30
1037.0
 70
32
  0
VERTEX
  5
F78
330
17
100
AcDbEntity
  8
TOPO-CONTOUR-MINOR
100
AcDbVertex
100
AcDb3dPolylineVertex
 10
-200.10785188993611
 20
72.44801518997238
 30
1037.0
 70
32
  0
VERTEX
  5
F79
330
17
100
AcDbEntity
  8
TOPO-CONTOUR-MINOR
100
AcDbVertex
100
AcDb3dPolylineVertex
 10
-196.07739378429994
 20
72.9899195546788
 30
1037.0
 70
32
  0
VERTEX
  5
F7A
330
17
100
AcDbEntity
  8
TOPO-CONTOUR-MINOR
100
AcDbVertex
100
AcDb3dPolylineVertex
 10
-188.0164775730276
 20
72.76900066536352
 30
1037.0
 70
32
  0
VERTEX
  5
F7B
330
17
100
AcDbEntity
  8
TOPO-CONTOUR-MINOR
100
AcDbVertex
100
AcDb3dPolylineVertex
 10
-184.99363399380047
 20
72.13116951703768
 30
1037.0
 70
32
  0
VERTEX
  5
F7C
330
17
100
AcDbEntity
  8
TOPO-CONTOUR-MINOR
100
AcDbVertex
100
AcDb3dPolylineVertex
 10
-182.9784049409824
 20
71.09415026346707
 30
1037.0
 70
32
  0
VERTEX
  5
F7D
330
17
100
AcDbEntity
  8
TOPO-CONTOUR-MINOR
100
AcDbVertex
100
AcDb3dPolylineVertex
 10
-179.5913184647092
 20
67.5519914617762
 30
1037.0
 70
32
  0
VERTEX
  5
F7E
330
17
100
AcDbEntity
  8
TOPO-CONTOUR-MINOR
100
AcDbVertex
100
AcDb3dPolylineVertex
 10
-174.91748872970993
 20
61.02470000564926
 30
1037.0
 70
32
  0
VERTEX
  5
F7F
330
17
100
AcDbEntity
  8
TOPO-CONTOUR-MINOR
100
AcDbVertex
100
AcDb3dPolylineVertex
 10
-173.2533683368069
 20
56.468231671489775
 30
1037.0
 70
32
  0
VERTEX
  5
F80
330
17
100
AcDbEntity
  8
TOPO-CONTOUR-MINOR
100
AcDbVertex
100
AcDb3dPolylineVertex
 10
-172.23777377910946
 20
51.4301590397954
 30
1037.0
 70
32
  0
VERTEX
  5
F81
330
17
100
AcDbEntity
  8
TOPO-CONTOUR-MINOR
100
AcDbVertex
100
AcDb3dPolylineVertex
 10
-171.2011116735256
 20
48.407315460033715
 30
1037.0
 70
32
  0
VERTEX
  5
F82
330
17
100
AcDbEntity
  8
TOPO-CONTOUR-MINOR
100
AcDbVertex
100
AcDb3dPolylineVertex
 10
-171.09044351344752
 20
45.38447188120335
 30
1037.0
 70
32
  0
VERTEX
  5
F83
330
17
100
AcDbEntity
  8
TOPO-CONTOUR-MINOR
100
AcDbVertex
100
AcDb3dPolylineVertex
 10
-172.04993849198294
 20
37.32355566974729
 30
1037.0
 70
32
  0
VERTEX
  5
F84
330
17
100
AcDbEntity
  8
TOPO-CONTOUR-MINOR
100
AcDbVertex
100
AcDb3dPolylineVertex
 10
-173.9098742033009
 20
33.47706472462083
 30
1037.0
 70
32
  0
VERTEX
  5
F85
330
17
100
AcDbEntity
  8
TOPO-CONTOUR-MINOR
100
AcDbVertex
100
AcDb3dPolylineVertex
 10
-177.92381919797828
 20
28.255024932324886
 30
1037.0
 70
32
  0
VERTEX
  5
F86
330
17
100
AcDbEntity
  8
TOPO-CONTOUR-MINOR
100
AcDbVertex
100
AcDb3dPolylineVertex
 10
-178.81882379080614
 20
23.216952299699187
 30
1037.0
 70
32
  0
VERTEX
  5
F87
330
17
100
AcDbEntity
  8
TOPO-CONTOUR-MINOR
100
AcDbVertex
100
AcDb3dPolylineVertex
 10
-183.1752770225034
 20
13.140807036310436
 30
1037.0
 70
32
  0
VERTEX
  5
F88
330
17
100
AcDbEntity
  8
TOPO-CONTOUR-MINOR
100
AcDbVertex
100
AcDb3dPolylineVertex
 10
-184.80124489588962
 20
3.064661771990359
 30
1037.0
 70
32
  0
VERTEX
  5
F89
330
17
100
AcDbEntity
  8
TOPO-CONTOUR-MINOR
100
AcDbVertex
100
AcDb3dPolylineVertex
 10
-186.5781400201169
 20
-0.9657963337376714
 30
1037.0
 70
32
  0
VERTEX
  5
F8A
330
17
100
AcDbEntity
  8
TOPO-CONTOUR-MINOR
100
AcDbVertex
100
AcDb3dPolylineVertex
 10
-187.7271912428794
 20
-7.011483492329717
 30
1037.0
 70
32
  0
VERTEX
  5
F8B
330
17
100
AcDbEntity
  8
TOPO-CONTOUR-MINOR
100
AcDbVertex
100
AcDb3dPolylineVertex
 10
-192.04693567866377
 20
-15.422704767916791
 30
1037.0
 70
32
  0
VERTEX
  5
F8C
330
17
100
AcDbEntity
  8
TOPO-CONTOUR-MINOR
100
AcDbVertex
100
AcDb3dPolylineVertex
 10
-194.06216473148186
 20
-17.77372902747444
 30
1037.0
 70
32
  0
VERTEX
  5
F8D
330
17
100
AcDbEntity
  8
TOPO-CONTOUR-MINOR
100
AcDbVertex
100
AcDb3dPolylineVertex
 10
-196.07739378429997
 20
-19.084669128578618
 30
1037.0
 70
32
  0
VERTEX
  5
F8E
330
17
100
AcDbEntity
  8
TOPO-CONTOUR-MINOR
100
AcDbVertex
100
AcDb3dPolylineVertex
 10
-198.09262283711803
 20
-18.982695851765516
 30
1037.0
 70
32
  0
VERTEX
  5
F8F
330
17
100
AcDbEntity
  8
TOPO-CONTOUR-MINOR
100
AcDbVertex
100
AcDb3dPolylineVertex
 10
-201.7720815736356
 20
-17.087628756649792
 30
1037.0
 70
32
  0
VERTEX
  5
F90
330
17
100
AcDbEntity
  8
TOPO-CONTOUR-MINOR
100
AcDbVertex
100
AcDb3dPolylineVertex
 10
-203.13069546916324
 20
-16.03498651025135
 30
1037.0
 70
32
  0
VERTEX
  5
F91
330
17
100
AcDbEntity
  8
TOPO-CONTOUR-MINOR
100
AcDbVertex
100
AcDb3dPolylineVertex
 10
-208.16876810120857
 20
-7.324275868758736
 30
1037.0
 70
32
  0
VERTEX
  5
F92
330
17
100
AcDbEntity
  8
TOPO-CONTOUR-MINOR
100
AcDbVertex
100
AcDb3dPolylineVertex
 10
-210.39756494856658
 20
-1.9734108597040176
 30
1037.0
 70
32
  0
VERTEX
  5
F93
330
17
100
AcDbEntity
  8
TOPO-CONTOUR-MINOR
100
AcDbVertex
100
AcDb3dPolylineVertex
 10
-211.58007049478047
 20
14.14842156227678
 30
1037.0
 70
32
  0
VERTEX
  5
F94
330
17
100
AcDbEntity
  8
TOPO-CONTOUR-MINOR
100
AcDbVertex
100
AcDb3dPolylineVertex
 10
-213.8531531673994
 20
22.20933777373284
 30
1037.0
 70
32
  0
VERTEX
  5
F95
330
17
100
AcDbEntity
  8
TOPO-CONTOUR-MINOR
100
AcDbVertex
100
AcDb3dPolylineVertex
 10
-214.90387445605495
 20
33.29309756401926
 30
1037.0
 70
32
  0
VERTEX
  5
F96
330
17
100
AcDbEntity
  8
TOPO-CONTOUR-MINOR
100
AcDbVertex
100
AcDb3dPolylineVertex
 10
-217.23729883888996
 20
39.96038955097357
 30
1037.0
 70
32
  0
VERTEX
  5
F97
330
17
100
AcDbEntity
  8
TOPO-CONTOUR-MINOR
100
AcDbVertex
100
AcDb3dPolylineVertex
 10
-218.29735010407947
 20
44.376857354305685
 30
1037.0
 70
32
  0
VERTEX
  5
F98
330
17
100
AcDbEntity
  8
TOPO-CONTOUR-MINOR
100
AcDbVertex
100
AcDb3dPolylineVertex
 10
-217.82409907762514
 20
50.42254451289773
 30
1037.0
 70
32
  0
VERTEX
  5
F99
330
17
100
AcDbEntity
  8
TOPO-CONTOUR-MINOR
100
AcDbVertex
100
AcDb3dPolylineVertex
 10
-216.41522274099583
 20
54.45300261862576
 30
1037.0
 70
32
  0
VERTEX
  5
F9A
330
17
100
AcDbEntity
  8
TOPO-CONTOUR-MINOR
100
AcDbVertex
100
AcDb3dPolylineVertex
 10
-215.53050016609058
 20
59.49107525125146
 30
1037.0
 70
32
  0
VERTEX
  5
F9B
330
17
100
AcDbEntity
  8
TOPO-CONTOUR-MINOR
100
AcDbVertex
100
AcDb3dPolylineVertex
 10
-215.7327362440673
 20
64.52914788294584
 30
1037.0
 70
32
  0
VERTEX
  5
F9C
330
17
100
AcDbEntity
  8
TOPO-CONTOUR-MINOR
100
AcDbVertex
100
AcDb3dPolylineVertex
 10
-216.44279964979665
 20
69.56722051464021
 30
1037.0
 70
32
  0
VERTEX
  5
F9D
330
17
100
AcDbEntity
  8
TOPO-CONTOUR-MINOR
100
AcDbVertex
100
AcDb3dPolylineVertex
 10
-217.86590072313328
 20
75.61290767323226
 30
1037.0
 70
32
  0
VERTEX
  5
F9E
330
17
100
AcDbEntity
  8
TOPO-CONTOUR-MINOR
100
AcDbVertex
100
AcDb3dPolylineVertex
 10
-217.7792328389295
 20
76.62052220012993
 30
1037.0
 70
32
  0
VERTEX
  5
F9F
330
17
100
AcDbEntity
  8
TOPO-CONTOUR-MINOR
100
AcDbVertex
100
AcDb3dPolylineVertex
 10
-216.95112399375432
 20
77.62813672609627
 30
1037.0
 70
32
  0
SEQEND
  5
F72
330
F71
100
AcDbEntity
  8
TOPO-CONTOUR-MINOR
  0
POLYLINE
  5
FA0
330
17
100
AcDbEntity
  8
TOPO-CONTOUR-MINOR
100
AcDb3dPolyline
 66
1
 10
0.0
 20
0.0
 30
0.0
 70
8
  0
VERTEX
  5
FA2
330
17
100
AcDbEntity
  8
TOPO-CONTOUR-MINOR
100
AcDbVertex
100
AcDb3dPolylineVertex
 10
-174.7982152903489
 20
-13.057170650921764
 30
1037.0
 70
32
  0
VERTEX
  5
FA3
330
17
100
AcDbEntity
  8
TOPO-CONTOUR-MINOR
100
AcDbVertex
100
AcDb3dPolylineVertex
 10
-173.9098742033009
 20
-12.130491692413015
 30
1037.0
 70
32
  0
VERTEX
  5
FA4
330
17
100
AcDbEntity
  8
TOPO-CONTOUR-MINOR
100
AcDbVertex
100
AcDb3dPolylineVertex
 10
-172.90225967689184
 20
-12.771104949283934
 30
1037.0
 70
32
  0
VERTEX
  5
FA5
330
17
100
AcDbEntity
  8
TOPO-CONTOUR-MINOR
100
AcDbVertex
100
AcDb3dPolylineVertex
 10
-172.9903128717888
 20
-15.072399703785777
 30
1037.0
 70
32
  0
VERTEX
  5
FA6
330
17
100
AcDbEntity
  8
TOPO-CONTOUR-MINOR
100
AcDbVertex
100
AcDb3dPolylineVertex
 10
-173.9098742033009
 20
-17.182012150697677
 30
1037.0
 70
32
  0
VERTEX
  5
FA7
330
17
100
AcDbEntity
  8
TOPO-CONTOUR-MINOR
100
AcDbVertex
100
AcDb3dPolylineVertex
 10
-174.91748872970993
 20
-17.861619261066373
 30
1037.0
 70
32
  0
VERTEX
  5
FA8
330
17
100
AcDbEntity
  8
TOPO-CONTOUR-MINOR
100
AcDbVertex
100
AcDb3dPolylineVertex
 10
-175.92510325611897
 20
-17.886038494324314
 30
1037.0
 70
32
  0
VERTEX
  5
FA9
330
17
100
AcDbEntity
  8
TOPO-CONTOUR-MINOR
100
AcDbVertex
100
AcDb3dPolylineVertex
 10
-176.52795291675773
 20
-17.087628756649792
 30
1037.0
 70
32
  0
VERTEX
  5
FAA
330
17
100
AcDbEntity
  8
TOPO-CONTOUR-MINOR
100
AcDbVertex
100
AcDb3dPolylineVertex
 10
-176.50599295764053
 20
-16.080014229752123
 30
1037.0
 70
32
  0
VERTEX
  5
FAB
330
17
100
AcDbEntity
  8
TOPO-CONTOUR-MINOR
100
AcDbVertex
100
AcDb3dPolylineVertex
 10
-175.92510325611897
 20
-14.640939295434363
 30
1037.0
 70
32
  0
VERTEX
  5
FAC
330
17
100
AcDbEntity
  8
TOPO-CONTOUR-MINOR
100
AcDbVertex
100
AcDb3dPolylineVertex
 10
-174.7982152903489
 20
-13.057170650921764
 30
1037.0
 70
32
  0
SEQEND
  5
FA1
330
FA0
100
AcDbEntity
  8
TOPO-CONTOUR-MINOR
  0
POLYLINE
  5
FAD
330
17
100
AcDbEntity
  8
TOPO-CONTOUR-MINOR
100
AcDb3dPolyline
 66
1
 10
0.0
 20
0.0
 30
0.0
 70
8
  0
VERTEX
  5
FAF
330
17
100
AcDbEntity
  8
TOPO-CONTOUR-MINOR
100
AcDbVertex
100
AcDb3dPolylineVertex
 10
-145.3540119683443
 20
-19.102857809513807
 30
1037.0
 70
32
  0
VERTEX
  5
FB0
330
17
100
AcDbEntity
  8
TOPO-CONTOUR-MINOR
100
AcDbVertex
100
AcDb3dPolylineVertex
 10
-142.67382388462045
 20
-18.51868653154341
 30
1037.0
 70
32
  0
VERTEX
  5
FB1
330
17
100
AcDbEntity
  8
TOPO-CONTOUR-MINOR
100
AcDbVertex
100
AcDb3dPolylineVertex
 10
-140.65859483180236
 20
-18.64664044253722
 30
1037.0
 70
32
  0
VERTEX
  5
FB2
330
17
100
AcDbEntity
  8
TOPO-CONTOUR-MINOR
100
AcDbVertex
100
AcDb3dPolylineVertex
 10
-135.62052219975715
 20
-20.050249912840464
 30
1037.0
 70
32
  0
VERTEX
  5
FB3
330
17
100
AcDbEntity
  8
TOPO-CONTOUR-MINOR
100
AcDbVertex
100
AcDb3dPolylineVertex
 10
-132.59767862053002
 20
-19.87383564799724
 30
1037.0
 70
32
  0
VERTEX
  5
FB4
330
17
100
AcDbEntity
  8
TOPO-CONTOUR-MINOR
100
AcDbVertex
100
AcDb3dPolylineVertex
 10
-131.59006409412098
 20
-20.105369507434734
 30
1037.0
 70
32
  0
VERTEX
  5
FB5
330
17
100
AcDbEntity
  8
TOPO-CONTOUR-MINOR
100
AcDbVertex
100
AcDb3dPolylineVertex
 10
-129.5748350413029
 20
-21.30560732735719
 30
1037.0
 70
32
  0
VERTEX
  5
FB6
330
17
100
AcDbEntity
  8
TOPO-CONTOUR-MINOR
100
AcDbVertex
100
AcDb3dPolylineVertex
 10
-127.5596059884848
 20
-23.32571774169082
 30
1037.0
 70
32
  0
VERTEX
  5
FB7
330
17
100
AcDbEntity
  8
TOPO-CONTOUR-MINOR
100
AcDbVertex
100
AcDb3dPolylineVertex
 10
-125.26150575346672
 20
-27.163774020038545
 30
1037.0
 70
32
  0
VERTEX
  5
FB8
330
17
100
AcDbEntity
  8
TOPO-CONTOUR-MINOR
100
AcDbVertex
100
AcDb3dPolylineVertex
 10
-121.39926981972368
 20
-37.23991928435862
 30
1037.0
 70
32
  0
VERTEX
  5
FB9
330
17
100
AcDbEntity
  8
TOPO-CONTOUR-MINOR
100
AcDbVertex
100
AcDb3dPolylineVertex
 10
-120.88430202913989
 20
-39.255148337222636
 30
1037.0
 70
32
  0
VERTEX
  5
FBA
330
17
100
AcDbEntity
  8
TOPO-CONTOUR-MINOR
100
AcDbVertex
100
AcDb3dPolylineVertex
 10
-120.68355088564765
 20
-42.277991916053
 30
1037.0
 70
32
  0
VERTEX
  5
FBB
330
17
100
AcDbEntity
  8
TOPO-CONTOUR-MINOR
100
AcDbVertex
100
AcDb3dPolylineVertex
 10
-121.51391883003043
 20
-47.8566734832371
 30
1037.0
 70
32
  0
VERTEX
  5
FBC
330
17
100
AcDbEntity
  8
TOPO-CONTOUR-MINOR
100
AcDbVertex
100
AcDb3dPolylineVertex
 10
-126.73826930213173
 20
-66.46074055042118
 30
1037.0
 70
32
  0
VERTEX
  5
FBD
330
17
100
AcDbEntity
  8
TOPO-CONTOUR-MINOR
100
AcDbVertex
100
AcDb3dPolylineVertex
 10
-129.43526372254573
 20
-78.55211486760527
 30
1037.0
 70
32
  0
VERTEX
  5
FBE
330
17
100
AcDbEntity
  8
TOPO-CONTOUR-MINOR
100
AcDbVertex
100
AcDb3dPolylineVertex
 10
-130.5648423710718
 20
-102.73486350104213
 30
1037.0
 70
32
  0
VERTEX
  5
FBF
330
17
100
AcDbEntity
  8
TOPO-CONTOUR-MINOR
100
AcDbVertex
100
AcDb3dPolylineVertex
 10
-129.58103339967778
 20
-113.81862329132855
 30
1037.0
 70
32
  0
VERTEX
  5
FC0
330
17
100
AcDbEntity
  8
TOPO-CONTOUR-MINOR
100
AcDbVertex
100
AcDb3dPolylineVertex
 10
-129.44251457205564
 20
-124.90238308161497
 30
1037.0
 70
32
  0
VERTEX
  5
FC1
330
17
100
AcDbEntity
  8
TOPO-CONTOUR-MINOR
100
AcDbVertex
100
AcDb3dPolylineVertex
 10
-124.50837924217531
 20
-146.06228813622147
 30
1037.0
 70
32
  0
VERTEX
  5
FC2
330
17
100
AcDbEntity
  8
TOPO-CONTOUR-MINOR
100
AcDbVertex
100
AcDb3dPolylineVertex
 10
-123.80801905251593
 20
-151.10036076884717
 30
1037.0
 70
32
  0
VERTEX
  5
FC3
330
17
100
AcDbEntity
  8
TOPO-CONTOUR-MINOR
100
AcDbVertex
100
AcDb3dPolylineVertex
 10
-123.28048173711217
 20
-159.16127698030323
 30
1037.0
 70
32
  0
VERTEX
  5
FC4
330
17
100
AcDbEntity
  8
TOPO-CONTOUR-MINOR
100
AcDbVertex
100
AcDb3dPolylineVertex
 10
-123.80413933231645
 20
-162.1841205591336
 30
1037.0
 70
32
  0
VERTEX
  5
FC5
330
17
100
AcDbEntity
  8
TOPO-CONTOUR-MINOR
100
AcDbVertex
100
AcDb3dPolylineVertex
 10
-125.54437693566672
 20
-166.41926002285564
 30
1037.0
 70
32
  0
VERTEX
  5
FC6
330
17
100
AcDbEntity
  8
TOPO-CONTOUR-MINOR
100
AcDbVertex
100
AcDb3dPolylineVertex
 10
-130.66605866605627
 20
-171.252651296556
 30
1037.0
 70
32
  0
VERTEX
  5
FC7
330
17
100
AcDbEntity
  8
TOPO-CONTOUR-MINOR
100
AcDbVertex
100
AcDb3dPolylineVertex
 10
-133.60529314693906
 20
-175.2163700210746
 30
1037.0
 70
32
  0
VERTEX
  5
FC8
330
17
100
AcDbEntity
  8
TOPO-CONTOUR-MINOR
100
AcDbVertex
100
AcDb3dPolylineVertex
 10
-134.6129076733481
 20
-176.1341138521714
 30
1037.0
 70
32
  0
VERTEX
  5
FC9
330
17
100
AcDbEntity
  8
TOPO-CONTOUR-MINOR
100
AcDbVertex
100
AcDb3dPolylineVertex
 10
-139.65098030539332
 20
-179.2698698199753
 30
1037.0
 70
32
  0
VERTEX
  5
FCA
330
17
100
AcDbEntity
  8
TOPO-CONTOUR-MINOR
100
AcDbVertex
100
AcDb3dPolylineVertex
 10
-141.6662093582114
 20
-180.07841782466434
 30
1037.0
 70
32
  0
VERTEX
  5
FCB
330
17
100
AcDbEntity
  8
TOPO-CONTOUR-MINOR
100
AcDbVertex
100
AcDb3dPolylineVertex
 10
-150.7347400958929
 20
-182.15051223920293
 30
1037.0
 70
32
  0
VERTEX
  5
FCC
330
17
100
AcDbEntity
  8
TOPO-CONTOUR-MINOR
100
AcDbVertex
100
AcDb3dPolylineVertex
 10
-153.75758367512003
 20
-182.35402923657298
 30
1037.0
 70
32
  0
VERTEX
  5
FCD
330
17
100
AcDbEntity
  8
TOPO-CONTOUR-MINOR
100
AcDbVertex
100
AcDb3dPolylineVertex
 10
-157.7880417807562
 20
-181.62374483919496
 30
1037.0
 70
32
  0
VERTEX
  5
FCE
330
17
100
AcDbEntity
  8
TOPO-CONTOUR-MINOR
100
AcDbVertex
100
AcDb3dPolylineVertex
 10
-163.83372893921046
 20
-179.1686352187062
 30
1037.0
 70
32
  0
VERTEX
  5
FCF
330
17
100
AcDbEntity
  8
TOPO-CONTOUR-MINOR
100
AcDbVertex
100
AcDb3dPolylineVertex
 10
-169.87941609766472
 20
-175.6385287682332
 30
1037.0
 70
32
  0
VERTEX
  5
FD0
330
17
100
AcDbEntity
  8
TOPO-CONTOUR-MINOR
100
AcDbVertex
100
AcDb3dPolylineVertex
 10
-172.90225967689184
 20
-172.3502643614106
 30
1037.0
 70
32
  0
VERTEX
  5
FD1
330
17
100
AcDbEntity
  8
TOPO-CONTOUR-MINOR
100
AcDbVertex
100
AcDb3dPolylineVertex
 10
-176.93271778252802
 20
-165.94405567982733
 30
1037.0
 70
32
  0
VERTEX
  5
FD2
330
17
100
AcDbEntity
  8
TOPO-CONTOUR-MINOR
100
AcDbVertex
100
AcDb3dPolylineVertex
 10
-179.95556136175514
 20
-162.1197992596609
 30
1037.0
 70
32
  0
VERTEX
  5
FD3
330
17
100
AcDbEntity
  8
TOPO-CONTOUR-MINOR
100
AcDbVertex
100
AcDb3dPolylineVertex
 10
-182.06546181092435
 20
-158.15366245340556
 30
1037.0
 70
32
  0
VERTEX
  5
FD4
330
17
100
AcDbEntity
  8
TOPO-CONTOUR-MINOR
100
AcDbVertex
100
AcDb3dPolylineVertex
 10
-184.99363399380047
 20
-153.98125779962933
 30
1037.0
 70
32
  0
VERTEX
  5
FD5
330
17
100
AcDbEntity
  8
TOPO-CONTOUR-MINOR
100
AcDbVertex
100
AcDb3dPolylineVertex
 10
-187.9792036536487
 20
-147.06990266311914
 30
1037.0
 70
32
  0
VERTEX
  5
FD6
330
17
100
AcDbEntity
  8
TOPO-CONTOUR-MINOR
100
AcDbVertex
100
AcDb3dPolylineVertex
 10
-192.04693567866377
 20
-141.6264159881909
 30
1037.0
 70
32
  0
VERTEX
  5
FD7
330
17
100
AcDbEntity
  8
TOPO-CONTOUR-MINOR
100
AcDbVertex
100
AcDb3dPolylineVertex
 10
-194.06216473148186
 20
-138.25260001042105
 30
1037.0
 70
32
  0
VERTEX
  5
FD8
330
17
100
AcDbEntity
  8
TOPO-CONTOUR-MINOR
100
AcDbVertex
100
AcDb3dPolylineVertex
 10
-197.33794199790398
 20
-129.94045571424067
 30
1037.0
 70
32
  0
VERTEX
  5
FD9
330
17
100
AcDbEntity
  8
TOPO-CONTOUR-MINOR
100
AcDbVertex
100
AcDb3dPolylineVertex
 10
-197.9926390903586
 20
-125.90999760851263
 30
1037.0
 70
32
  0
VERTEX
  5
FDA
330
17
100
AcDbEntity
  8
TOPO-CONTOUR-MINOR
100
AcDbVertex
100
AcDb3dPolylineVertex
 10
-198.09645100174956
 20
-120.87192497681826
 30
1037.0
 70
32
  0
VERTEX
  5
FDB
330
17
100
AcDbEntity
  8
TOPO-CONTOUR-MINOR
100
AcDbVertex
100
AcDb3dPolylineVertex
 10
-196.44555649412698
 20
-111.80339423846453
 30
1037.0
 70
32
  0
VERTEX
  5
FDC
330
17
100
AcDbEntity
  8
TOPO-CONTOUR-MINOR
100
AcDbVertex
100
AcDb3dPolylineVertex
 10
-193.05455020507281
 20
-101.48360113407047
 30
1037.0
 70
32
  0
VERTEX
  5
FDD
330
17
100
AcDbEntity
  8
TOPO-CONTOUR-MINOR
100
AcDbVertex
100
AcDb3dPolylineVertex
 10
-185.7040572807679
 20
-86.61303107813
 30
1037.0
 70
32
  0
VERTEX
  5
FDE
330
17
100
AcDbEntity
  8
TOPO-CONTOUR-MINOR
100
AcDbVertex
100
AcDb3dPolylineVertex
 10
-177.18939572366648
 20
-67.46835507638752
 30
1037.0
 70
32
  0
VERTEX
  5
FDF
330
17
100
AcDbEntity
  8
TOPO-CONTOUR-MINOR
100
AcDbVertex
100
AcDb3dPolylineVertex
 10
-170.72028042642907
 20
-56.3845952861011
 30
1037.0
 70
32
  0
VERTEX
  5
FE0
330
17
100
AcDbEntity
  8
TOPO-CONTOUR-MINOR
100
AcDbVertex
100
AcDb3dPolylineVertex
 10
-164.92430348124626
 20
-44.29322096891701
 30
1037.0
 70
32
  0
VERTEX
  5
FE1
330
17
100
AcDbEntity
  8
TOPO-CONTOUR-MINOR
100
AcDbVertex
100
AcDb3dPolylineVertex
 10
-156.20303699169213
 20
-29.17900307290256
 30
1037.0
 70
32
  0
VERTEX
  5
FE2
330
17
100
AcDbEntity
  8
TOPO-CONTOUR-MINOR
100
AcDbVertex
100
AcDb3dPolylineVertex
 10
-154.640967526829
 20
-27.163774020038545
 30
1037.0
 70
32
  0
VERTEX
  5
FE3
330
17
100
AcDbEntity
  8
TOPO-CONTOUR-MINOR
100
AcDbVertex
100
AcDb3dPolylineVertex
 10
-148.85071013523336
 20
-21.118086862377822
 30
1037.0
 70
32
  0
VERTEX
  5
FE4
330
17
100
AcDbEntity
  8
TOPO-CONTOUR-MINOR
100
AcDbVertex
100
AcDb3dPolylineVertex
 10
-146.70428199025662
 20
-19.613451026711623
 30
1037.0
 70
32
  0
VERTEX
  5
FE5
330
17
100
AcDbEntity
  8
TOPO-CONTOUR-MINOR
100
AcDbVertex
100
AcDb3dPolylineVertex
 10
-145.3540119683443
 20
-19.102857809513807
 30
1037.0
 70
32
  0
SEQEND
  5
FAE
330
FAD
100
AcDbEntity
  8
TOPO-CONTOUR-MINOR
  0
POLYLINE
  5
FE6
330
17
100
AcDbEntity
  8
TOPO-CONTOUR-MINOR
100
AcDb3dPolyline
 66
1
 10
0.0
 20
0.0
 30
0.0
 70
8
  0
VERTEX
  5
FE8
330
17
100
AcDbEntity
  8
TOPO-CONTOUR-MINOR
100
AcDbVertex
100
AcDb3dPolylineVertex
 10
-144.16289231793263
 20
-41.27037739008665
 30
1038.0
 70
32
  0
VERTEX
  5
FE9
330
17
100
AcDbEntity
  8
TOPO-CONTOUR-MINOR
100
AcDbVertex
100
AcDb3dPolylineVertex
 10
-141.6662093582114
 20
-41.24934520512455
 30
1038.0
 70
32
  0
VERTEX
  5
FEA
330
17
100
AcDbEntity
  8
TOPO-CONTOUR-MINOR
100
AcDbVertex
100
AcDb3dPolylineVertex
 10
-137.63575125257523
 20
-42.703309846788045
 30
1038.0
 70
32
  0
VERTEX
  5
FEB
330
17
100
AcDbEntity
  8
TOPO-CONTOUR-MINOR
100
AcDbVertex
100
AcDb3dPolylineVertex
 10
-136.6281367261662
 20
-44.01691015970704
 30
1038.0
 70
32
  0
VERTEX
  5
FEC
330
17
100
AcDbEntity
  8
TOPO-CONTOUR-MINOR
100
AcDbVertex
100
AcDb3dPolylineVertex
 10
-135.68909881360784
 20
-47.316064548678696
 30
1038.0
 70
32
  0
VERTEX
  5
FED
330
17
100
AcDbEntity
  8
TOPO-CONTOUR-MINOR
100
AcDbVertex
100
AcDb3dPolylineVertex
 10
-135.37289660268732
 20
-51.346522654406726
 30
1038.0
 70
32
  0
VERTEX
  5
FEE
330
17
100
AcDbEntity
  8
TOPO-CONTOUR-MINOR
100
AcDbVertex
100
AcDb3dPolylineVertex
 10
-133.01659486713373
 20
-58.39982433896512
 30
1038.0
 70
32
  0
VERTEX
  5
FEF
330
17
100
AcDbEntity
  8
TOPO-CONTOUR-MINOR
100
AcDbVertex
100
AcDb3dPolylineVertex
 10
-132.69355053897803
 20
-61.4226679187268
 30
1038.0
 70
32
  0
VERTEX
  5
FF0
330
17
100
AcDbEntity
  8
TOPO-CONTOUR-MINOR
100
AcDbVertex
100
AcDb3dPolylineVertex
 10
-135.09753989310184
 20
-78.55211486760527
 30
1038.0
 70
32
  0
VERTEX
  5
FF1
330
17
100
AcDbEntity
  8
TOPO-CONTOUR-MINOR
100
AcDbVertex
100
AcDb3dPolylineVertex
 10
-135.45084355496292
 20
-89.63587465789169
 30
1038.0
 70
32
  0
VERTEX
  5
FF2
330
17
100
AcDbEntity
  8
TOPO-CONTOUR-MINOR
100
AcDbVertex
100
AcDb3dPolylineVertex
 10
-137.35058043602328
 20
-113.81862329132855
 30
1038.0
 70
32
  0
VERTEX
  5
FF3
330
17
100
AcDbEntity
  8
TOPO-CONTOUR-MINOR
100
AcDbVertex
100
AcDb3dPolylineVertex
 10
-138.5655681240532
 20
-119.8643104499206
 30
1038.0
 70
32
  0
VERTEX
  5
FF4
330
17
100
AcDbEntity
  8
TOPO-CONTOUR-MINOR
100
AcDbVertex
100
AcDb3dPolylineVertex
 10
-138.37973854508988
 20
-124.90238308161497
 30
1038.0
 70
32
  0
VERTEX
  5
FF5
330
17
100
AcDbEntity
  8
TOPO-CONTOUR-MINOR
100
AcDbVertex
100
AcDb3dPolylineVertex
 10
-138.64336577898428
 20
-126.27519685102841
 30
1038.0
 70
32
  0
VERTEX
  5
FF6
330
17
100
AcDbEntity
  8
TOPO-CONTOUR-MINOR
100
AcDbVertex
100
AcDb3dPolylineVertex
 10
-140.17219083730186
 20
-129.94045571424067
 30
1038.0
 70
32
  0
VERTEX
  5
FF7
330
17
100
AcDbEntity
  8
TOPO-CONTOUR-MINOR
100
AcDbVertex
100
AcDb3dPolylineVertex
 10
-140.4417003413741
 20
-131.95568476710469
 30
1038.0
 70
32
  0
VERTEX
  5
FF8
330
17
100
AcDbEntity
  8
TOPO-CONTOUR-MINOR
100
AcDbVertex
100
AcDb3dPolylineVertex
 10
-140.33474151120703
 20
-133.9709138199687
 30
1038.0
 70
32
  0
VERTEX
  5
FF9
330
17
100
AcDbEntity
  8
TOPO-CONTOUR-MINOR
100
AcDbVertex
100
AcDb3dPolylineVertex
 10
-139.0241618793392
 20
-139.00898645166308
 30
1038.0
 70
32
  0
VERTEX
  5
FFA
330
17
100
AcDbEntity
  8
TOPO-CONTOUR-MINOR
100
AcDbVertex
100
AcDb3dPolylineVertex
 10
-137.90870561425484
 20
-150.0927462419495
 30
1038.0
 70
32
  0
VERTEX
  5
FFB
330
17
100
AcDbEntity
  8
TOPO-CONTOUR-MINOR
100
AcDbVertex
100
AcDb3dPolylineVertex
 10
-138.26062398180568
 20
-151.10036076884717
 30
1038.0
 70
32
  0
VERTEX
  5
FFC
330
17
100
AcDbEntity
  8
TOPO-CONTOUR-MINOR
100
AcDbVertex
100
AcDb3dPolylineVertex
 10
-140.36516123962735
 20
-153.11558982171118
 30
1038.0
 70
32
  0
VERTEX
  5
FFD
330
17
100
AcDbEntity
  8
TOPO-CONTOUR-MINOR
100
AcDbVertex
100
AcDb3dPolylineVertex
 10
-140.9805944778531
 20
-154.12320434767753
 30
1038.0
 70
32
  0
VERTEX
  5
FFE
330
17
100
AcDbEntity
  8
TOPO-CONTOUR-MINOR
100
AcDbVertex
100
AcDb3dPolylineVertex
 10
-141.25952929002577
 20
-156.13843340054154
 30
1038.0
 70
32
  0
VERTEX
  5
FFF
330
17
100
AcDbEntity
  8
TOPO-CONTOUR-MINOR
100
AcDbVertex
100
AcDb3dPolylineVertex
 10
-141.00878135623117
 20
-162.1841205591336
 30
1038.0
 70
32
  0
VERTEX
  5
1000
330
17
100
AcDbEntity
  8
TOPO-CONTOUR-MINOR
100
AcDbVertex
100
AcDb3dPolylineVertex
 10
-141.6662093582114
 20
-164.63893186860415
 30
1038.0
 70
32
  0
VERTEX
  5
1001
330
17
100
AcDbEntity
  8
TOPO-CONTOUR-MINOR
100
AcDbVertex
100
AcDb3dPolylineVertex
 10
-142.67382388462045
 20
-166.65813860893616
 30
1038.0
 70
32
  0
VERTEX
  5
1002
330
17
100
AcDbEntity
  8
TOPO-CONTOUR-MINOR
100
AcDbVertex
100
AcDb3dPolylineVertex
 10
-144.56362650708223
 20
-169.23742224369198
 30
1038.0
 70
32
  0
VERTEX
  5
1003
330
17
100
AcDbEntity
  8
TOPO-CONTOUR-MINOR
100
AcDbVertex
100
AcDb3dPolylineVertex
 10
-146.70428199025662
 20
-170.73021822510498
 30
1038.0
 70
32
  0
VERTEX
  5
1004
330
17
100
AcDbEntity
  8
TOPO-CONTOUR-MINOR
100
AcDbVertex
100
AcDb3dPolylineVertex
 10
-148.7195110430747
 20
-171.41179556345642
 30
1038.0
 70
32
  0
VERTEX
  5
1005
330
17
100
AcDbEntity
  8
TOPO-CONTOUR-MINOR
100
AcDbVertex
100
AcDb3dPolylineVertex
 10
-150.7347400958929
 20
-171.01403774785726
 30
1038.0
 70
32
  0
VERTEX
  5
1006
330
17
100
AcDbEntity
  8
TOPO-CONTOUR-MINOR
100
AcDbVertex
100
AcDb3dPolylineVertex
 10
-153.05316616812806
 20
-169.23742224369198
 30
1038.0
 70
32
  0
VERTEX
  5
1007
330
17
100
AcDbEntity
  8
TOPO-CONTOUR-MINOR
100
AcDbVertex
100
AcDb3dPolylineVertex
 10
-154.5321142737463
 20
-167.22219319082797
 30
1038.0
 70
32
  0
VERTEX
  5
1008
330
17
100
AcDbEntity
  8
TOPO-CONTOUR-MINOR
100
AcDbVertex
100
AcDb3dPolylineVertex
 10
-156.75804075784419
 20
-162.1841205591336
 30
1038.0
 70
32
  0
VERTEX
  5
1009
330
17
100
AcDbEntity
  8
TOPO-CONTOUR-MINOR
100
AcDbVertex
100
AcDb3dPolylineVertex
 10
-157.7880417807562
 20
-161.13997862818633
 30
1038.0
 70
32
  0
VERTEX
  5
100A
330
17
100
AcDbEntity
  8
TOPO-CONTOUR-MINOR
100
AcDbVertex
100
AcDb3dPolylineVertex
 10
-158.79565630716525
 20
-160.72576516675215
 30
1038.0
 70
32
  0
VERTEX
  5
100B
330
17
100
AcDbEntity
  8
TOPO-CONTOUR-MINOR
100
AcDbVertex
100
AcDb3dPolylineVertex
 10
-160.81088535998333
 20
-160.88893020215954
 30
1038.0
 70
32
  0
VERTEX
  5
100C
330
17
100
AcDbEntity
  8
TOPO-CONTOUR-MINOR
100
AcDbVertex
100
AcDb3dPolylineVertex
 10
-165.84895799202855
 20
-163.52516571781803
 30
1038.0
 70
32
  0
VERTEX
  5
100D
330
17
100
AcDbEntity
  8
TOPO-CONTOUR-MINOR
100
AcDbVertex
100
AcDb3dPolylineVertex
 10
-167.86418704484663
 20
-163.4827706876962
 30
1038.0
 70
32
  0
VERTEX
  5
100E
330
17
100
AcDbEntity
  8
TOPO-CONTOUR-MINOR
100
AcDbVertex
100
AcDb3dPolylineVertex
 10
-168.87180157125567
 20
-162.72945260076511
 30
1038.0
 70
32
  0
VERTEX
  5
100F
330
17
100
AcDbEntity
  8
TOPO-CONTOUR-MINOR
100
AcDbVertex
100
AcDb3dPolylineVertex
 10
-171.8946451504828
 20
-158.85163586399693
 30
1038.0
 70
32
  0
VERTEX
  5
1010
330
17
100
AcDbEntity
  8
TOPO-CONTOUR-MINOR
100
AcDbVertex
100
AcDb3dPolylineVertex
 10
-176.93271778252802
 20
-154.1152705400342
 30
1038.0
 70
32
  0
VERTEX
  5
1011
330
17
100
AcDbEntity
  8
TOPO-CONTOUR-MINOR
100
AcDbVertex
100
AcDb3dPolylineVertex
 10
-180.59438348718894
 20
-147.06990266311914
 30
1038.0
 70
32
  0
VERTEX
  5
1012
330
17
100
AcDbEntity
  8
TOPO-CONTOUR-MINOR
100
AcDbVertex
100
AcDb3dPolylineVertex
 10
-182.9784049409824
 20
-139.97293263540658
 30
1038.0
 70
32
  0
VERTEX
  5
1013
330
17
100
AcDbEntity
  8
TOPO-CONTOUR-MINOR
100
AcDbVertex
100
AcDb3dPolylineVertex
 10
-186.89865168960768
 20
-134.97852834593505
 30
1038.0
 70
32
  0
VERTEX
  5
1014
330
17
100
AcDbEntity
  8
TOPO-CONTOUR-MINOR
100
AcDbVertex
100
AcDb3dPolylineVertex
 10
-188.4185090727048
 20
-131.95568476710469
 30
1038.0
 70
32
  0
VERTEX
  5
1015
330
17
100
AcDbEntity
  8
TOPO-CONTOUR-MINOR
100
AcDbVertex
100
AcDb3dPolylineVertex
 10
-188.97006536405743
 20
-129.94045571424067
 30
1038.0
 70
32
  0
VERTEX
  5
1016
330
17
100
AcDbEntity
  8
TOPO-CONTOUR-MINOR
100
AcDbVertex
100
AcDb3dPolylineVertex
 10
-189.89807654171102
 20
-122.88715402968229
 30
1038.0
 70
32
  0
VERTEX
  5
1017
330
17
100
AcDbEntity
  8
TOPO-CONTOUR-MINOR
100
AcDbVertex
100
AcDb3dPolylineVertex
 10
-190.01953315523153
 20
-118.85669592395425
 30
1038.0
 70
32
  0
VERTEX
  5
1018
330
17
100
AcDbEntity
  8
TOPO-CONTOUR-MINOR
100
AcDbVertex
100
AcDb3dPolylineVertex
 10
-189.53001682926381
 20
-113.81862329132855
 30
1038.0
 70
32
  0
VERTEX
  5
1019
330
17
100
AcDbEntity
  8
TOPO-CONTOUR-MINOR
100
AcDbVertex
100
AcDb3dPolylineVertex
 10
-188.45815013862784
 20
-109.78816518560052
 30
1038.0
 70
32
  0
VERTEX
  5
101A
330
17
100
AcDbEntity
  8
TOPO-CONTOUR-MINOR
100
AcDbVertex
100
AcDb3dPolylineVertex
 10
-183.8701263883247
 20
-100.71963444817811
 30
1038.0
 70
32
  0
VERTEX
  5
101B
330
17
100
AcDbEntity
  8
TOPO-CONTOUR-MINOR
100
AcDbVertex
100
AcDb3dPolylineVertex
 10
-180.81340502142058
 20
-93.66633276361972
 30
1038.0
 70
32
  0
VERTEX
  5
101C
330
17
100
AcDbEntity
  8
TOPO-CONTOUR-MINOR
100
AcDbVertex
100
AcDb3dPolylineVertex
 10
-176.93271778252802
 20
-86.19496339441827
 30
1038.0
 70
32
  0
VERTEX
  5
101D
330
17
100
AcDbEntity
  8
TOPO-CONTOUR-MINOR
100
AcDbVertex
100
AcDb3dPolylineVertex
 10
-172.90225967689184
 20
-76.64764606860274
 30
1038.0
 70
32
  0
VERTEX
  5
101E
330
17
100
AcDbEntity
  8
TOPO-CONTOUR-MINOR
100
AcDbVertex
100
AcDb3dPolylineVertex
 10
-168.45749467286151
 20
-71.49881318211555
 30
1038.0
 70
32
  0
VERTEX
  5
101F
330
17
100
AcDbEntity
  8
TOPO-CONTOUR-MINOR
100
AcDbVertex
100
AcDb3dPolylineVertex
 10
-162.82611441280142
 20
-60.16553893177262
 30
1038.0
 70
32
  0
VERTEX
  5
1020
330
17
100
AcDbEntity
  8
TOPO-CONTOUR-MINOR
100
AcDbVertex
100
AcDb3dPolylineVertex
 10
-153.75758367512003
 20
-46.81537084180759
 30
1038.0
 70
32
  0
VERTEX
  5
1021
330
17
100
AcDbEntity
  8
TOPO-CONTOUR-MINOR
100
AcDbVertex
100
AcDb3dPolylineVertex
 10
-151.74235462230195
 20
-44.6728937425508
 30
1038.0
 70
32
  0
VERTEX
  5
1022
330
17
100
AcDbEntity
  8
TOPO-CONTOUR-MINOR
100
AcDbVertex
100
AcDb3dPolylineVertex
 10
-150.7347400958929
 20
-44.03215413031056
 30
1038.0
 70
32
  0
VERTEX
  5
1023
330
17
100
AcDbEntity
  8
TOPO-CONTOUR-MINOR
100
AcDbVertex
100
AcDb3dPolylineVertex
 10
-147.71189651666566
 20
-43.215239604034636
 30
1038.0
 70
32
  0
VERTEX
  5
1024
330
17
100
AcDbEntity
  8
TOPO-CONTOUR-MINOR
100
AcDbVertex
100
AcDb3dPolylineVertex
 10
-144.16289231793263
 20
-41.27037739008665
 30
1038.0
 70
32
  0
SEQEND
  5
FE7
330
FE6
100
AcDbEntity
  8
TOPO-CONTOUR-MINOR
  0
POLYLINE
  5
1025
330
17
100
AcDbEntity
  8
TOPO-CONTOUR-MINOR
100
AcDb3dPolyline
 66
1
 10
0.0
 20
0.0
 30
0.0
 70
8
  0
VERTEX
  5
1027
330
17
100
AcDbEntity
  8
TOPO-CONTOUR-MINOR
100
AcDbVertex
100
AcDb3dPolylineVertex
 10
-152.71571852875783
 20
-71.49881318211555
 30
1039.0
 70
32
  0
VERTEX
  5
1028
330
17
100
AcDbEntity
  8
TOPO-CONTOUR-MINOR
100
AcDbVertex
100
AcDb3dPolylineVertex
 10
-151.74235462230195
 20
-71.13264461619863
 30
1039.0
 70
32
  0
VERTEX
  5
1029
330
17
100
AcDbEntity
  8
TOPO-CONTOUR-MINOR
100
AcDbVertex
100
AcDb3dPolylineVertex
 10
-150.7347400958929
 20
-71.28750777771435
 30
1039.0
 70
32
  0
VERTEX
  5
102A
330
17
100
AcDbEntity
  8
TOPO-CONTOUR-MINOR
100
AcDbVertex
100
AcDb3dPolylineVertex
 10
-146.70428199025662
 20
-73.07351553537626
 30
1039.0
 70
32
  0
VERTEX
  5
102B
330
17
100
AcDbEntity
  8
TOPO-CONTOUR-MINOR
100
AcDbVertex
100
AcDb3dPolylineVertex
 10
-145.69666746384758
 20
-74.09186967657112
 30
1039.0
 70
32
  0
VERTEX
  5
102C
330
17
100
AcDbEntity
  8
TOPO-CONTOUR-MINOR
100
AcDbVertex
100
AcDb3dPolylineVertex
 10
-144.68905293743853
 20
-76.04556939705759
 30
1039.0
 70
32
  0
VERTEX
  5
102D
330
17
100
AcDbEntity
  8
TOPO-CONTOUR-MINOR
100
AcDbVertex
100
AcDb3dPolylineVertex
 10
-143.6814384110295
 20
-79.04918032540607
 30
1039.0
 70
32
  0
VERTEX
  5
102E
330
17
100
AcDbEntity
  8
TOPO-CONTOUR-MINOR
100
AcDbVertex
100
AcDb3dPolylineVertex
 10
-143.40200658892138
 20
-81.57495844643563
 30
1039.0
 70
32
  0
VERTEX
  5
102F
330
17
100
AcDbEntity
  8
TOPO-CONTOUR-MINOR
100
AcDbVertex
100
AcDb3dPolylineVertex
 10
-144.77459720884733
 20
-89.63587465789169
 30
1039.0
 70
32
  0
VERTEX
  5
1030
330
17
100
AcDbEntity
  8
TOPO-CONTOUR-MINOR
100
AcDbVertex
100
AcDb3dPolylineVertex
 10
-147.57736422695845
 20
-98.7044053953141
 30
1039.0
 70
32
  0
VERTEX
  5
1031
330
17
100
AcDbEntity
  8
TOPO-CONTOUR-MINOR
100
AcDbVertex
100
AcDb3dPolylineVertex
 10
-150.7837084900245
 20
-104.75009255390614
 30
1039.0
 70
32
  0
VERTEX
  5
1032
330
17
100
AcDbEntity
  8
TOPO-CONTOUR-MINOR
100
AcDbVertex
100
AcDb3dPolylineVertex
 10
-154.76519820152907
 20
-122.11301957174742
 30
1039.0
 70
32
  0
VERTEX
  5
1033
330
17
100
AcDbEntity
  8
TOPO-CONTOUR-MINOR
100
AcDbVertex
100
AcDb3dPolylineVertex
 10
-158.0488131839938
 20
-131.95568476710469
 30
1039.0
 70
32
  0
VERTEX
  5
1034
330
17
100
AcDbEntity
  8
TOPO-CONTOUR-MINOR
100
AcDbVertex
100
AcDb3dPolylineVertex
 10
-160.12971643199447
 20
-134.97852834593505
 30
1039.0
 70
32
  0
VERTEX
  5
1035
330
17
100
AcDbEntity
  8
TOPO-CONTOUR-MINOR
100
AcDbVertex
100
AcDb3dPolylineVertex
 10
-163.83372893921046
 20
-138.35982040952342
 30
1039.0
 70
32
  0
VERTEX
  5
1036
330
17
100
AcDbEntity
  8
TOPO-CONTOUR-MINOR
100
AcDbVertex
100
AcDb3dPolylineVertex
 10
-165.84895799202855
 20
-139.4706531558748
 30
1039.0
 70
32
  0
VERTEX
  5
1037
330
17
100
AcDbEntity
  8
TOPO-CONTOUR-MINOR
100
AcDbVertex
100
AcDb3dPolylineVertex
 10
-167.86418704484663
 20
-139.70774802973716
 30
1039.0
 70
32
  0
VERTEX
  5
1038
330
17
100
AcDbEntity
  8
TOPO-CONTOUR-MINOR
100
AcDbVertex
100
AcDb3dPolylineVertex
 10
-168.87180157125567
 20
-139.32906447342444
 30
1039.0
 70
32
  0
VERTEX
  5
1039
330
17
100
AcDbEntity
  8
TOPO-CONTOUR-MINOR
100
AcDbVertex
100
AcDb3dPolylineVertex
 10
-172.90225967689184
 20
-136.43627555938195
 30
1039.0
 70
32
  0
VERTEX
  5
103A
330
17
100
AcDbEntity
  8
TOPO-CONTOUR-MINOR
100
AcDbVertex
100
AcDb3dPolylineVertex
 10
-176.6648839165789
 20
-131.95568476710469
 30
1039.0
 70
32
  0
VERTEX
  5
103B
330
17
100
AcDbEntity
  8
TOPO-CONTOUR-MINOR
100
AcDbVertex
100
AcDb3dPolylineVertex
 10
-179.95556136175514
 20
-129.66521707417758
 30
1039.0
 70
32
  0
VERTEX
  5
103C
330
17
100
AcDbEntity
  8
TOPO-CONTOUR-MINOR
100
AcDbVertex
100
AcDb3dPolylineVertex
 10
-181.97079041457323
 20
-127.19757498162244
 30
1039.0
 70
32
  0
VERTEX
  5
103D
330
17
100
AcDbEntity
  8
TOPO-CONTOUR-MINOR
100
AcDbVertex
100
AcDb3dPolylineVertex
 10
-182.69366836605556
 20
-124.90238308161499
 30
1039.0
 70
32
  0
VERTEX
  5
103E
330
17
100
AcDbEntity
  8
TOPO-CONTOUR-MINOR
100
AcDbVertex
100
AcDb3dPolylineVertex
 10
-182.95222014892042
 20
-121.87953950278462
 30
1039.0
 70
32
  0
VERTEX
  5
103F
330
17
100
AcDbEntity
  8
TOPO-CONTOUR-MINOR
100
AcDbVertex
100
AcDb3dPolylineVertex
 10
-182.88663061367095
 20
-116.84146687109023
 30
1039.0
 70
32
  0
VERTEX
  5
1040
330
17
100
AcDbEntity
  8
TOPO-CONTOUR-MINOR
100
AcDbVertex
100
AcDb3dPolylineVertex
 10
-182.3053201219082
 20
-112.8110087653622
 30
1039.0
 70
32
  0
VERTEX
  5
1041
330
17
100
AcDbEntity
  8
TOPO-CONTOUR-MINOR
100
AcDbVertex
100
AcDb3dPolylineVertex
 10
-180.3545025540421
 20
-107.7729361327365
 30
1039.0
 70
32
  0
VERTEX
  5
1042
330
17
100
AcDbEntity
  8
TOPO-CONTOUR-MINOR
100
AcDbVertex
100
AcDb3dPolylineVertex
 10
-177.17149663987257
 20
-102.73486350104213
 30
1039.0
 70
32
  0
VERTEX
  5
1043
330
17
100
AcDbEntity
  8
TOPO-CONTOUR-MINOR
100
AcDbVertex
100
AcDb3dPolylineVertex
 10
-172.90225967689184
 20
-94.33812770761966
 30
1039.0
 70
32
  0
VERTEX
  5
1044
330
17
100
AcDbEntity
  8
TOPO-CONTOUR-MINOR
100
AcDbVertex
100
AcDb3dPolylineVertex
 10
-171.21005580281224
 20
-91.6511037107557
 30
1039.0
 70
32
  0
VERTEX
  5
1045
330
17
100
AcDbEntity
  8
TOPO-CONTOUR-MINOR
100
AcDbVertex
100
AcDb3dPolylineVertex
 10
-158.79565630716525
 20
-75.65625302429429
 30
1039.0
 70
32
  0
VERTEX
  5
1046
330
17
100
AcDbEntity
  8
TOPO-CONTOUR-MINOR
100
AcDbVertex
100
AcDb3dPolylineVertex
 10
-157.60321728066282
 20
-74.52165676187724
 30
1039.0
 70
32
  0
VERTEX
  5
1047
330
17
100
AcDbEntity
  8
TOPO-CONTOUR-MINOR
100
AcDbVertex
100
AcDb3dPolylineVertex
 10
-152.71571852875783
 20
-71.49881318211555
 30
1039.0
 70
32
  0
SEQEND
  5
1026
330
1025
100
AcDbEntity
  8
TOPO-CONTOUR-MINOR
  0
LWPOLYLINE
  5
1048
330
17
100
AcDbEntity
  8
TOPO-EXTENT
100
AcDbPolyline
 90
4
 70
1
 10
-242.0
 20
-417.0
 10
358.0
 20
-417.0
 10
358.0
 20
183.0
 10
-242.0
 20
183.0
  0
LWPOLYLINE
  5
1049
330
17
100
AcDbEntity
  8
TOPO-REF-SITE
100
AcDbPolyline
 90
8
 70
1
 10
183.7156574098102
 20
-188.34862860105932
 10
179.27148411217217
 20
-223.85522101074457
 10
-38.30454360338331
 20
-223.47093335539103
 10
-37.90197939255722
 20
-66.23648122698069
 10
-37.99722448751572
 20
-46.669749728403986
 10
-38.62436844542458
 20
-19.171686467714608
 10
68.10769152217074
 20
-18.764030733145773
 10
193.42522910009336
 20
-110.7502408567816
  0
LWPOLYLINE
  5
104A
330
17
100
AcDbEntity
  8
TOPO-REF-SITE
100
AcDbPolyline
 90
6
 70
1
 10
-38.62436844542458
 20
-19.171686467714608
 10
-39.63828139681743
 20
1.8412762181833386
 10
-41.12215605287156
 20
22.82093978114426
 10
-43.09001715941872
 20
43.756182982586324
 10
-45.534844542855126
 20
64.64700530003756
 10
68.10769152217074
 20
-18.764030733145773
  0
LINE
  5
104B
330
17
100
AcDbEntity
  8
Z-ORIGIN
100
AcDbLine
 10
-5.0
 20
0.0
 30
0.0
 11
5.0
 21
0.0
 31
0.0
  0
LINE
  5
104C
330
17
100
AcDbEntity
  8
Z-ORIGIN
100
AcDbLine
 10
0.0
 20
-5.0
 30
0.0
 11
0.0
 21
5.0
 31
0.0
  0
CIRCLE
  5
104D
330
17
100
AcDbEntity
  8
Z-ORIGIN
100
AcDbCircle
 10
0.0
 20
0.0
 30
0.0
 40
1.5
  0
TEXT
  5
104E
330
17
100
AcDbEntity
  8
Z-ORIGIN
100
AcDbText
 10
3.0
 20
3.0
 30
0.0
 40
1.5
  1
ORIGIN 0,0 = EPSG:3776 E -743.53 N 5654935.56 (Inglewood site anchor)
 11
3.0
 21
3.0
 31
0.0
100
AcDbText
  0
ENDSEC
  0
SECTION
  2
OBJECTS
  0
DICTIONARY
  5
A
330
0
100
AcDbDictionary
281
1
  3
ACAD_COLOR
350
B
  3
ACAD_GROUP
350
C
  3
ACAD_LAYOUT
350
D
  3
ACAD_MATERIAL
350
E
  3
ACAD_MLEADERSTYLE
350
F
  3
ACAD_MLINESTYLE
350
10
  3
ACAD_PLOTSETTINGS
350
11
  3
ACAD_PLOTSTYLENAME
350
12
  3
ACAD_SCALELIST
350
14
  3
ACAD_TABLESTYLE
350
15
  3
ACAD_VISUALSTYLE
350
16
  3
EZDXF_META
350
2D
  0
DICTIONARY
  5
B
330
A
100
AcDbDictionary
281
1
  0
DICTIONARY
  5
C
330
A
100
AcDbDictionary
281
1
  0
DICTIONARY
  5
D
330
A
100
AcDbDictionary
281
1
  3
Model
350
1A
  3
Layout1
350
1E
  0
DICTIONARY
  5
E
330
A
100
AcDbDictionary
281
1
  3
ByBlock
350
1F
  3
ByLayer
350
20
  3
Global
350
21
  0
DICTIONARY
  5
F
330
A
100
AcDbDictionary
281
1
  3
Standard
350
2C
  0
DICTIONARY
  5
10
330
A
100
AcDbDictionary
281
1
  3
Standard
350
22
  0
DICTIONARY
  5
11
330
A
100
AcDbDictionary
281
1
  0
ACDBDICTIONARYWDFLT
  5
12
330
A
100
AcDbDictionary
281
1
  3
Normal
350
13
100
AcDbDictionaryWithDefault
340
13
  0
ACDBPLACEHOLDER
  5
13
330
12
  0
DICTIONARY
  5
14
330
A
100
AcDbDictionary
281
1
  0
DICTIONARY
  5
15
330
A
100
AcDbDictionary
281
1
  0
DICTIONARY
  5
16
330
A
100
AcDbDictionary
281
1
  3
2dWireframe
350
5A
  3
Basic
350
5B
  3
Brighten
350
5C
  3
ColorChange
350
5D
  3
Conceptual
350
5E
  3
Dim
350
5F
  3
EdgeColorOff
350
60
  3
Facepattern
350
61
  3
Flat
350
62
  3
FlatWithEdges
350
63
  3
Gouraud
350
64
  3
GouraudWithEdges
350
65
  3
Hidden
350
66
  3
JitterOff
350
67
  3
Linepattern
350
68
  3
Modeling
350
69
  3
OverhangOff
350
6A
  3
Realistic
350
6B
  3
Shaded
350
6C
  3
Shaded with edges
350
6D
  3
Shades of Gray
350
6E
  3
Sketchy
350
6F
  3
Thicken
350
70
  3
Wireframe
350
71
  3
X-Ray
350
72
  0
LAYOUT
  5
1A
330
D
100
AcDbPlotSettings
  1

  4
A3
  6

 40
7.5
 41
20.0
 42
7.5
 43
20.0
 44
420.0
 45
297.0
 46
0.0
 47
0.0
 48
0.0
 49
0.0
140
0.0
141
0.0
142
1.0
143
1.0
 70
1024
 72
1
 73
0
 74
5
  7

 75
16
 76
0
 77
2
 78
300
147
1.0
148
0.0
149
0.0
100
AcDbLayout
  1
Model
 70
1
 71
0
 10
0.0
 20
0.0
 11
420.0
 21
297.0
 12
0.0
 22
0.0
 32
0.0
 14
1e+20
 24
1e+20
 34
1e+20
 15
-1e+20
 25
-1e+20
 35
-1e+20
146
0.0
 13
0.0
 23
0.0
 33
0.0
 16
1.0
 26
0.0
 36
0.0
 17
0.0
 27
1.0
 37
0.0
 76
1
330
17
  0
LAYOUT
  5
1E
330
D
100
AcDbPlotSettings
  1

  4
A3
  6

 40
7.5
 41
20.0
 42
7.5
 43
20.0
 44
420.0
 45
297.0
 46
0.0
 47
0.0
 48
0.0
 49
0.0
140
0.0
141
0.0
142
1.0
143
1.0
 70
0
 72
1
 73
0
 74
5
  7

 75
16
 76
0
 77
2
 78
300
147
1.0
148
0.0
149
0.0
100
AcDbLayout
  1
Layout1
 70
1
 71
1
 10
0.0
 20
0.0
 11
420.0
 21
297.0
 12
0.0
 22
0.0
 32
0.0
 14
1e+20
 24
1e+20
 34
1e+20
 15
-1e+20
 25
-1e+20
 35
-1e+20
146
0.0
 13
0.0
 23
0.0
 33
0.0
 16
1.0
 26
0.0
 36
0.0
 17
0.0
 27
1.0
 37
0.0
 76
1
330
1B
  0
MATERIAL
  5
1F
102
{ACAD_REACTORS
330
E
102
}
330
E
100
AcDbMaterial
  1
ByBlock
  2

 70
0
 40
1.0
 71
1
 41
1.0
 91
-1023410177
 42
1.0
 72
1
  3

 73
1
 74
1
 75
1
 44
0.5
 73
0
 45
1.0
 46
1.0
 77
1
  4

 78
1
 79
1
170
1
 48
1.0
171
1
  6

172
1
173
1
174
1
140
1.0
141
1.0
175
1
  7

176
1
177
1
178
1
143
1.0
179
1
  8

270
1
271
1
272
1
145
1.0
146
1.0
273
1
  9

274
1
275
1
276
1
 42
1.0
 72
1
  3

 73
1
 74
1
 75
1
 94
63
  0
MATERIAL
  5
20
102
{ACAD_REACTORS
330
E
102
}
330
E
100
AcDbMaterial
  1
ByLayer
  2

 70
0
 40
1.0
 71
1
 41
1.0
 91
-1023410177
 42
1.0
 72
1
  3

 73
1
 74
1
 75
1
 44
0.5
 73
0
 45
1.0
 46
1.0
 77
1
  4

 78
1
 79
1
170
1
 48
1.0
171
1
  6

172
1
173
1
174
1
140
1.0
141
1.0
175
1
  7

176
1
177
1
178
1
143
1.0
179
1
  8

270
1
271
1
272
1
145
1.0
146
1.0
273
1
  9

274
1
275
1
276
1
 42
1.0
 72
1
  3

 73
1
 74
1
 75
1
 94
63
  0
MATERIAL
  5
21
102
{ACAD_REACTORS
330
E
102
}
330
E
100
AcDbMaterial
  1
Global
  2

 70
0
 40
1.0
 71
1
 41
1.0
 91
-1023410177
 42
1.0
 72
1
  3

 73
1
 74
1
 75
1
 44
0.5
 73
0
 45
1.0
 46
1.0
 77
1
  4

 78
1
 79
1
170
1
 48
1.0
171
1
  6

172
1
173
1
174
1
140
1.0
141
1.0
175
1
  7

176
1
177
1
178
1
143
1.0
179
1
  8

270
1
271
1
272
1
145
1.0
146
1.0
273
1
  9

274
1
275
1
276
1
 42
1.0
 72
1
  3

 73
1
 74
1
 75
1
 94
63
  0
MLINESTYLE
  5
22
102
{ACAD_REACTORS
330
10
102
}
330
10
100
AcDbMlineStyle
  2
Standard
 70
0
  3

 62
256
 51
90.0
 52
90.0
 71
2
 49
0.5
 62
256
  6
BYLAYER
 49
-0.5
 62
256
  6
BYLAYER
  0
MLEADERSTYLE
  5
2C
102
{ACAD_REACTORS
330
F
102
}
330
F
100
AcDbMLeaderStyle
179
2
170
2
171
1
172
0
 90
2
 40
0.0
 41
0.0
173
1
 91
-1056964608
 92
-2
290
1
 42
2.0
291
1
 43
8.0
  3
Standard
 44
4.0
300

342
29
174
1
175
1
176
0
178
1
 93
-1056964608
 45
4.0
292
0
297
0
 46
4.0
 94
-1056964608
 47
1.0
 49
1.0
140
1.0
294
1
141
0.0
177
0
142
1.0
295
0
296
0
143
3.75
271
0
272
9
273
9
  0
DICTIONARY
  5
2D
330
A
100
AcDbDictionary
280
1
281
1
  3
CREATED_BY_EZDXF
350
2E
  3
WRITTEN_BY_EZDXF
350
1052
  0
DICTIONARYVAR
  5
2E
330
2D
100
DictionaryVariables
280
0
  1
1.4.4 @ 2026-10-06T01:55:17.665984+00:00
  0
VISUALSTYLE
  5
5A
102
{ACAD_REACTORS
330
16
102
}
330
16
100
AcDbVisualStyle
  2
2dWireframe
 70
4
177
3
291
0
 70
58
 90
2
176
1
 90
2
176
1
 90
0
176
1
 90
0
176
1
 40
0.6
176
1
 40
30.0
176
1
 62
7
420
16777215
176
1
 90
1
176
1
 90
4
176
1
 62
7
176
1
 62
257
176
1
 90
1
176
1
 90
1
176
1
 40
1.0
176
1
 90
8
176
1
 62
7
176
1
 40
1.0
176
1
 90
1
176
1
 90
6
176
1
 90
2
176
1
 62
7
176
1
 90
5
176
1
 90
0
176
1
 90
0
176
1
290
0
176
1
 90
1
176
1
 40
0.0
176
1
 90
0
176
1
290
1
176
1
290
1
176
1
290
0
176
1
290
0
176
1
290
0
176
1
290
0
176
1
290
0
176
1
290
0
176
1
290
0
176
1
 90
50
176
1
 40
0.0
176
1
 40
1.0
176
1
 90
0
176
1
 62
18
420
0
176
1
 90
50
176
1
 90
3
176
1
 62
5
420
255
176
1
290
0
176
1
 90
50
176
1
 90
50
176
1
 90
50
176
1
290
0
176
1
 90
50
176
1
 62
256
176
0
 40
1.0
176
0
 90
2
176
1
  1
strokes_ogs.tif
176
1
290
0
176
1
 40
1.0
176
1
 40
1.0
176
1
  0
VISUALSTYLE
  5
5B
102
{ACAD_REACTORS
330
16
102
}
330
16
100
AcDbVisualStyle
  2
Basic
 70
7
177
3
291
1
 70
58
 90
2
176
1
 90
2
176
1
 90
0
176
1
 90
1
176
1
 40
0.6
176
1
 40
30.0
176
1
 62
7
420
16777215
176
1
 90
1
176
1
 90
4
176
1
 62
7
176
1
 62
257
176
1
 90
1
176
1
 90
1
176
1
 40
1.0
176
1
 90
8
176
1
 62
7
176
1
 40
1.0
176
1
 90
1
176
1
 90
6
176
1
 90
2
176
1
 62
7
176
1
 90
5
176
1
 90
0
176
1
 90
0
176
1
290
0
176
1
 90
1
176
1
 40
0.0
176
1
 90
0
176
1
290
0
176
1
290
1
176
1
290
1
176
1
290
0
176
1
290
0
176
1
290
0
176
1
290
0
176
1
290
0
176
1
290
0
176
1
 90
50
176
1
 40
0.0
176
1
 40
1.0
176
1
 90
0
176
1
 62
18
420
0
176
1
 90
50
176
1
 90
3
176
1
 62
5
420
255
176
1
290
0
176
1
 90
50
176
1
 90
50
176
1
 90
50
176
1
290
0
176
1
 90
50
176
1
 62
256
176
0
 40
1.0
176
0
 90
2
176
1
  1
strokes_ogs.tif
176
1
290
0
176
1
 40
1.0
176
1
 40
1.0
176
1
  0
VISUALSTYLE
  5
5C
102
{ACAD_REACTORS
330
16
102
}
330
16
100
AcDbVisualStyle
  2
Brighten
 70
12
177
3
291
1
 70
58
 90
2
176
1
 90
2
176
1
 90
0
176
1
 90
2
176
1
 40
0.6
176
1
 40
30.0
176
1
 62
7
420
16777215
176
1
 90
1
176
1
 90
4
176
1
 62
7
176
1
 62
257
176
1
 90
1
176
1
 90
1
176
1
 40
1.0
176
1
 90
8
176
1
 62
7
176
1
 40
1.0
176
1
 90
1
176
1
 90
6
176
1
 90
2
176
1
 62
7
176
1
 90
5
176
1
 90
0
176
1
 90
0
176
1
290
0
176
1
 90
1
176
1
 40
0.0
176
1
 90
0
176
1
290
0
176
1
290
1
176
1
290
1
176
1
290
0
176
1
290
0
176
1
290
0
176
1
290
0
176
1
290
0
176
1
290
0
176
1
 90
50
176
1
 40
0.0
176
1
 40
1.0
176
1
 90
0
176
1
 62
18
420
0
176
1
 90
50
176
1
 90
3
176
1
 62
5
420
255
176
1
290
0
176
1
 90
50
176
1
 90
50
176
1
 90
50
176
1
290
0
176
1
 90
50
176
1
 62
256
176
0
 40
1.0
176
0
 90
2
176
1
  1
strokes_ogs.tif
176
1
290
0
176
1
 40
1.0
176
1
 40
1.0
176
1
  0
VISUALSTYLE
  5
5D
102
{ACAD_REACTORS
330
16
102
}
330
16
100
AcDbVisualStyle
  2
ColorChange
 70
16
177
3
291
1
 70
58
 90
2
176
1
 90
2
176
1
 90
0
176
1
 90
2
176
1
 40
0.6
176
1
 40
30.0
176
1
 62
7
420
16777215
176
1
 90
1
176
1
 90
4
176
1
 62
7
176
1
 62
257
176
1
 90
1
176
1
 90
1
176
1
 40
1.0
176
1
 90
8
176
1
 62
7
176
1
 40
1.0
176
1
 90
1
176
1
 90
6
176
1
 90
2
176
1
 62
7
176
1
 90
5
176
1
 90
0
176
1
 90
0
176
1
290
0
176
1
 90
1
176
1
 40
0.0
176
1
 90
0
176
1
290
0
176
1
290
1
176
1
290
1
176
1
290
0
176
1
290
0
176
1
290
0
176
1
290
0
176
1
290
0
176
1
290
0
176
1
 90
50
176
1
 40
0.0
176
1
 40
1.0
176
1
 90
0
176
1
 62
18
420
0
176
1
 90
50
176
1
 90
3
176
1
 62
5
420
255
176
1
290
0
176
1
 90
50
176
1
 90
50
176
1
 90
50
176
1
290
0
176
1
 90
50
176
1
 62
256
176
0
 40
1.0
176
0
 90
2
176
1
  1
strokes_ogs.tif
176
1
290
0
176
1
 40
1.0
176
1
 40
1.0
176
1
  0
VISUALSTYLE
  5
5E
102
{ACAD_REACTORS
330
16
102
}
330
16
100
AcDbVisualStyle
  2
Conceptual
 70
9
177
3
291
0
 70
58
 90
2
176
1
 90
2
176
1
 90
0
176
1
 90
3
176
1
 40
0.6
176
1
 40
30.0
176
1
 62
7
420
16777215
176
1
 90
1
176
1
 90
4
176
1
 62
7
176
1
 62
257
176
1
 90
1
176
1
 90
1
176
1
 40
1.0
176
1
 90
8
176
1
 62
7
176
1
 40
1.0
176
1
 90
1
176
1
 90
6
176
1
 90
2
176
1
 62
7
176
1
 90
5
176
1
 90
0
176
1
 90
0
176
1
290
0
176
1
 90
1
176
1
 40
0.0
176
1
 90
0
176
1
290
0
176
1
290
1
176
1
290
1
176
1
290
0
176
1
290
0
176
1
290
0
176
1
290
0
176
1
290
0
176
1
290
0
176
1
 90
50
176
1
 40
0.0
176
1
 40
1.0
176
1
 90
0
176
1
 62
18
420
0
176
1
 90
50
176
1
 90
3
176
1
 62
5
420
255
176
1
290
0
176
1
 90
50
176
1
 90
50
176
1
 90
50
176
1
290
0
176
1
 90
50
176
1
 62
256
176
0
 40
1.0
176
0
 90
2
176
1
  1
strokes_ogs.tif
176
1
290
0
176
1
 40
1.0
176
1
 40
1.0
176
1
  0
VISUALSTYLE
  5
5F
102
{ACAD_REACTORS
330
16
102
}
330
16
100
AcDbVisualStyle
  2
Dim
 70
11
177
3
291
1
 70
58
 90
2
176
1
 90
2
176
1
 90
0
176
1
 90
2
176
1
 40
0.6
176
1
 40
30.0
176
1
 62
7
420
16777215
176
1
 90
1
176
1
 90
4
176
1
 62
7
176
1
 62
257
176
1
 90
1
176
1
 90
1
176
1
 40
1.0
176
1
 90
8
176
1
 62
7
176
1
 40
1.0
176
1
 90
1
176
1
 90
6
176
1
 90
2
176
1
 62
7
176
1
 90
5
176
1
 90
0
176
1
 90
0
176
1
290
0
176
1
 90
1
176
1
 40
0.0
176
1
 90
0
176
1
290
0
176
1
290
1
176
1
290
1
176
1
290
0
176
1
290
0
176
1
290
0
176
1
290
0
176
1
290
0
176
1
290
0
176
1
 90
50
176
1
 40
0.0
176
1
 40
1.0
176
1
 90
0
176
1
 62
18
420
0
176
1
 90
50
176
1
 90
3
176
1
 62
5
420
255
176
1
290
0
176
1
 90
50
176
1
 90
50
176
1
 90
50
176
1
290
0
176
1
 90
50
176
1
 62
256
176
0
 40
1.0
176
0
 90
2
176
1
  1
strokes_ogs.tif
176
1
290
0
176
1
 40
1.0
176
1
 40
1.0
176
1
  0
VISUALSTYLE
  5
60
102
{ACAD_REACTORS
330
16
102
}
330
16
100
AcDbVisualStyle
  2
EdgeColorOff
 70
22
177
3
291
1
 70
58
 90
2
176
1
 90
2
176
1
 90
0
176
1
 90
2
176
1
 40
0.6
176
1
 40
30.0
176
1
 62
7
420
16777215
176
1
 90
1
176
1
 90
4
176
1
 62
7
176
1
 62
257
176
1
 90
1
176
1
 90
1
176
1
 40
1.0
176
1
 90
8
176
1
 62
7
176
1
 40
1.0
176
1
 90
1
176
1
 90
6
176
1
 90
2
176
1
 62
7
176
1
 90
5
176
1
 90
0
176
1
 90
0
176
1
290
0
176
1
 90
1
176
1
 40
0.0
176
1
 90
0
176
1
290
0
176
1
290
1
176
1
290
1
176
1
290
0
176
1
290
0
176
1
290
0
176
1
290
0
176
1
290
0
176
1
290
0
176
1
 90
50
176
1
 40
0.0
176
1
 40
1.0
176
1
 90
0
176
1
 62
18
420
0
176
1
 90
50
176
1
 90
3
176
1
 62
5
420
255
176
1
290
0
176
1
 90
50
176
1
 90
50
176
1
 90
50
176
1
290
0
176
1
 90
50
176
1
 62
256
176
0
 40
1.0
176
0
 90
2
176
1
  1
strokes_ogs.tif
176
1
290
0
176
1
 40
1.0
176
1
 40
1.0
176
1
  0
VISUALSTYLE
  5
61
102
{ACAD_REACTORS
330
16
102
}
330
16
100
AcDbVisualStyle
  2
Facepattern
 70
15
177
3
291
1
 70
58
 90
2
176
1
 90
2
176
1
 90
0
176
1
 90
2
176
1
 40
0.6
176
1
 40
30.0
176
1
 62
7
420
16777215
176
1
 90
1
176
1
 90
4
176
1
 62
7
176
1
 62
257
176
1
 90
1
176
1
 90
1
176
1
 40
1.0
176
1
 90
8
176
1
 62
7
176
1
 40
1.0
176
1
 90
1
176
1
 90
6
176
1
 90
2
176
1
 62
7
176
1
 90
5
176
1
 90
0
176
1
 90
0
176
1
290
0
176
1
 90
1
176
1
 40
0.0
176
1
 90
0
176
1
290
0
176
1
290
1
176
1
290
1
176
1
290
0
176
1
290
0
176
1
290
0
176
1
290
0
176
1
290
0
176
1
290
0
176
1
 90
50
176
1
 40
0.0
176
1
 40
1.0
176
1
 90
0
176
1
 62
18
420
0
176
1
 90
50
176
1
 90
3
176
1
 62
5
420
255
176
1
290
0
176
1
 90
50
176
1
 90
50
176
1
 90
50
176
1
290
0
176
1
 90
50
176
1
 62
256
176
0
 40
1.0
176
0
 90
2
176
1
  1
strokes_ogs.tif
176
1
290
0
176
1
 40
1.0
176
1
 40
1.0
176
1
  0
VISUALSTYLE
  5
62
102
{ACAD_REACTORS
330
16
102
}
330
16
100
AcDbVisualStyle
  2
Flat
 70
0
177
3
291
1
 70
58
 90
2
176
1
 90
2
176
1
 90
0
176
1
 90
2
176
1
 40
0.6
176
1
 40
30.0
176
1
 62
7
420
16777215
176
1
 90
1
176
1
 90
4
176
1
 62
7
176
1
 62
257
176
1
 90
1
176
1
 90
1
176
1
 40
1.0
176
1
 90
8
176
1
 62
7
176
1
 40
1.0
176
1
 90
1
176
1
 90
6
176
1
 90
2
176
1
 62
7
176
1
 90
5
176
1
 90
0
176
1
 90
0
176
1
290
0
176
1
 90
1
176
1
 40
0.0
176
1
 90
0
176
1
290
0
176
1
290
1
176
1
290
1
176
1
290
0
176
1
290
0
176
1
290
0
176
1
290
0
176
1
290
0
176
1
290
0
176
1
 90
50
176
1
 40
0.0
176
1
 40
1.0
176
1
 90
0
176
1
 62
18
420
0
176
1
 90
50
176
1
 90
3
176
1
 62
5
420
255
176
1
290
0
176
1
 90
50
176
1
 90
50
176
1
 90
50
176
1
290
0
176
1
 90
50
176
1
 62
256
176
0
 40
1.0
176
0
 90
2
176
1
  1
strokes_ogs.tif
176
1
290
0
176
1
 40
1.0
176
1
 40
1.0
176
1
  0
VISUALSTYLE
  5
63
102
{ACAD_REACTORS
330
16
102
}
330
16
100
AcDbVisualStyle
  2
FlatWithEdges
 70
1
177
3
291
1
 70
58
 90
2
176
1
 90
2
176
1
 90
0
176
1
 90
2
176
1
 40
0.6
176
1
 40
30.0
176
1
 62
7
420
16777215
176
1
 90
1
176
1
 90
4
176
1
 62
7
176
1
 62
257
176
1
 90
1
176
1
 90
1
176
1
 40
1.0
176
1
 90
8
176
1
 62
7
176
1
 40
1.0
176
1
 90
1
176
1
 90
6
176
1
 90
2
176
1
 62
7
176
1
 90
5
176
1
 90
0
176
1
 90
0
176
1
290
0
176
1
 90
1
176
1
 40
0.0
176
1
 90
0
176
1
290
0
176
1
290
1
176
1
290
1
176
1
290
0
176
1
290
0
176
1
290
0
176
1
290
0
176
1
290
0
176
1
290
0
176
1
 90
50
176
1
 40
0.0
176
1
 40
1.0
176
1
 90
0
176
1
 62
18
420
0
176
1
 90
50
176
1
 90
3
176
1
 62
5
420
255
176
1
290
0
176
1
 90
50
176
1
 90
50
176
1
 90
50
176
1
290
0
176
1
 90
50
176
1
 62
256
176
0
 40
1.0
176
0
 90
2
176
1
  1
strokes_ogs.tif
176
1
290
0
176
1
 40
1.0
176
1
 40
1.0
176
1
  0
VISUALSTYLE
  5
64
102
{ACAD_REACTORS
330
16
102
}
330
16
100
AcDbVisualStyle
  2
Gouraud
 70
2
177
3
291
1
 70
58
 90
2
176
1
 90
2
176
1
 90
0
176
1
 90
2
176
1
 40
0.6
176
1
 40
30.0
176
1
 62
7
420
16777215
176
1
 90
1
176
1
 90
4
176
1
 62
7
176
1
 62
257
176
1
 90
1
176
1
 90
1
176
1
 40
1.0
176
1
 90
8
176
1
 62
7
176
1
 40
1.0
176
1
 90
1
176
1
 90
6
176
1
 90
2
176
1
 62
7
176
1
 90
5
176
1
 90
0
176
1
 90
0
176
1
290
0
176
1
 90
1
176
1
 40
0.0
176
1
 90
0
176
1
290
0
176
1
290
1
176
1
290
1
176
1
290
0
176
1
290
0
176
1
290
0
176
1
290
0
176
1
290
0
176
1
290
0
176
1
 90
50
176
1
 40
0.0
176
1
 40
1.0
176
1
 90
0
176
1
 62
18
420
0
176
1
 90
50
176
1
 90
3
176
1
 62
5
420
255
176
1
290
0
176
1
 90
50
176
1
 90
50
176
1
 90
50
176
1
290
0
176
1
 90
50
176
1
 62
256
176
0
 40
1.0
176
0
 90
2
176
1
  1
strokes_ogs.tif
176
1
290
0
176
1
 40
1.0
176
1
 40
1.0
176
1
  0
VISUALSTYLE
  5
65
102
{ACAD_REACTORS
330
16
102
}
330
16
100
AcDbVisualStyle
  2
GouraudWithEdges
 70
3
177
3
291
1
 70
58
 90
2
176
1
 90
2
176
1
 90
0
176
1
 90
2
176
1
 40
0.6
176
1
 40
30.0
176
1
 62
7
420
16777215
176
1
 90
1
176
1
 90
4
176
1
 62
7
176
1
 62
257
176
1
 90
1
176
1
 90
1
176
1
 40
1.0
176
1
 90
8
176
1
 62
7
176
1
 40
1.0
176
1
 90
1
176
1
 90
6
176
1
 90
2
176
1
 62
7
176
1
 90
5
176
1
 90
0
176
1
 90
0
176
1
290
0
176
1
 90
1
176
1
 40
0.0
176
1
 90
0
176
1
290
0
176
1
290
1
176
1
290
1
176
1
290
0
176
1
290
0
176
1
290
0
176
1
290
0
176
1
290
0
176
1
290
0
176
1
 90
50
176
1
 40
0.0
176
1
 40
1.0
176
1
 90
0
176
1
 62
18
420
0
176
1
 90
50
176
1
 90
3
176
1
 62
5
420
255
176
1
290
0
176
1
 90
50
176
1
 90
50
176
1
 90
50
176
1
290
0
176
1
 90
50
176
1
 62
256
176
0
 40
1.0
176
0
 90
2
176
1
  1
strokes_ogs.tif
176
1
290
0
176
1
 40
1.0
176
1
 40
1.0
176
1
  0
VISUALSTYLE
  5
66
102
{ACAD_REACTORS
330
16
102
}
330
16
100
AcDbVisualStyle
  2
Hidden
 70
6
177
3
291
0
 70
58
 90
2
176
1
 90
2
176
1
 90
0
176
1
 90
1
176
1
 40
0.6
176
1
 40
30.0
176
1
 62
7
420
16777215
176
1
 90
1
176
1
 90
4
176
1
 62
7
176
1
 62
257
176
1
 90
1
176
1
 90
1
176
1
 40
1.0
176
1
 90
8
176
1
 62
7
176
1
 40
1.0
176
1
 90
1
176
1
 90
6
176
1
 90
2
176
1
 62
7
176
1
 90
5
176
1
 90
0
176
1
 90
0
176
1
290
0
176
1
 90
1
176
1
 40
0.0
176
1
 90
0
176
1
290
0
176
1
290
1
176
1
290
1
176
1
290
0
176
1
290
0
176
1
290
0
176
1
290
0
176
1
290
0
176
1
290
0
176
1
 90
50
176
1
 40
0.0
176
1
 40
1.0
176
1
 90
0
176
1
 62
18
420
0
176
1
 90
50
176
1
 90
3
176
1
 62
5
420
255
176
1
290
0
176
1
 90
50
176
1
 90
50
176
1
 90
50
176
1
290
0
176
1
 90
50
176
1
 62
256
176
0
 40
1.0
176
0
 90
2
176
1
  1
strokes_ogs.tif
176
1
290
0
176
1
 40
1.0
176
1
 40
1.0
176
1
  0
VISUALSTYLE
  5
67
102
{ACAD_REACTORS
330
16
102
}
330
16
100
AcDbVisualStyle
  2
JitterOff
 70
20
177
3
291
1
 70
58
 90
2
176
1
 90
2
176
1
 90
0
176
1
 90
2
176
1
 40
0.6
176
1
 40
30.0
176
1
 62
7
420
16777215
176
1
 90
1
176
1
 90
4
176
1
 62
7
176
1
 62
257
176
1
 90
1
176
1
 90
1
176
1
 40
1.0
176
1
 90
8
176
1
 62
7
176
1
 40
1.0
176
1
 90
1
176
1
 90
6
176
1
 90
2
176
1
 62
7
176
1
 90
5
176
1
 90
0
176
1
 90
0
176
1
290
0
176
1
 90
1
176
1
 40
0.0
176
1
 90
0
176
1
290
0
176
1
290
1
176
1
290
1
176
1
290
0
176
1
290
0
176
1
290
0
176
1
290
0
176
1
290
0
176
1
290
0
176
1
 90
50
176
1
 40
0.0
176
1
 40
1.0
176
1
 90
0
176
1
 62
18
420
0
176
1
 90
50
176
1
 90
3
176
1
 62
5
420
255
176
1
290
0
176
1
 90
50
176
1
 90
50
176
1
 90
50
176
1
290
0
176
1
 90
50
176
1
 62
256
176
0
 40
1.0
176
0
 90
2
176
1
  1
strokes_ogs.tif
176
1
290
0
176
1
 40
1.0
176
1
 40
1.0
176
1
  0
VISUALSTYLE
  5
68
102
{ACAD_REACTORS
330
16
102
}
330
16
100
AcDbVisualStyle
  2
Linepattern
 70
14
177
3
291
1
 70
58
 90
2
176
1
 90
2
176
1
 90
0
176
1
 90
2
176
1
 40
0.6
176
1
 40
30.0
176
1
 62
7
420
16777215
176
1
 90
1
176
1
 90
4
176
1
 62
7
176
1
 62
257
176
1
 90
1
176
1
 90
1
176
1
 40
1.0
176
1
 90
8
176
1
 62
7
176
1
 40
1.0
176
1
 90
1
176
1
 90
6
176
1
 90
2
176
1
 62
7
176
1
 90
5
176
1
 90
0
176
1
 90
0
176
1
290
0
176
1
 90
1
176
1
 40
0.0
176
1
 90
0
176
1
290
0
176
1
290
1
176
1
290
1
176
1
290
0
176
1
290
0
176
1
290
0
176
1
290
0
176
1
290
0
176
1
290
0
176
1
 90
50
176
1
 40
0.0
176
1
 40
1.0
176
1
 90
0
176
1
 62
18
420
0
176
1
 90
50
176
1
 90
3
176
1
 62
5
420
255
176
1
290
0
176
1
 90
50
176
1
 90
50
176
1
 90
50
176
1
290
0
176
1
 90
50
176
1
 62
256
176
0
 40
1.0
176
0
 90
2
176
1
  1
strokes_ogs.tif
176
1
290
0
176
1
 40
1.0
176
1
 40
1.0
176
1
  0
VISUALSTYLE
  5
69
102
{ACAD_REACTORS
330
16
102
}
330
16
100
AcDbVisualStyle
  2
Modeling
 70
10
177
3
291
0
 70
58
 90
2
176
1
 90
2
176
1
 90
0
176
1
 90
2
176
1
 40
0.6
176
1
 40
30.0
176
1
 62
7
420
16777215
176
1
 90
1
176
1
 90
4
176
1
 62
7
176
1
 62
257
176
1
 90
1
176
1
 90
1
176
1
 40
1.0
176
1
 90
8
176
1
 62
7
176
1
 40
1.0
176
1
 90
1
176
1
 90
6
176
1
 90
2
176
1
 62
7
176
1
 90
5
176
1
 90
0
176
1
 90
0
176
1
290
0
176
1
 90
1
176
1
 40
0.0
176
1
 90
0
176
1
290
0
176
1
290
1
176
1
290
1
176
1
290
0
176
1
290
0
176
1
290
0
176
1
290
0
176
1
290
0
176
1
290
0
176
1
 90
50
176
1
 40
0.0
176
1
 40
1.0
176
1
 90
0
176
1
 62
18
420
0
176
1
 90
50
176
1
 90
3
176
1
 62
5
420
255
176
1
290
0
176
1
 90
50
176
1
 90
50
176
1
 90
50
176
1
290
0
176
1
 90
50
176
1
 62
256
176
0
 40
1.0
176
0
 90
2
176
1
  1
strokes_ogs.tif
176
1
290
0
176
1
 40
1.0
176
1
 40
1.0
176
1
  0
VISUALSTYLE
  5
6A
102
{ACAD_REACTORS
330
16
102
}
330
16
100
AcDbVisualStyle
  2
OverhangOff
 70
21
177
3
291
1
 70
58
 90
2
176
1
 90
2
176
1
 90
0
176
1
 90
2
176
1
 40
0.6
176
1
 40
30.0
176
1
 62
7
420
16777215
176
1
 90
1
176
1
 90
4
176
1
 62
7
176
1
 62
257
176
1
 90
1
176
1
 90
1
176
1
 40
1.0
176
1
 90
8
176
1
 62
7
176
1
 40
1.0
176
1
 90
1
176
1
 90
6
176
1
 90
2
176
1
 62
7
176
1
 90
5
176
1
 90
0
176
1
 90
0
176
1
290
0
176
1
 90
1
176
1
 40
0.0
176
1
 90
0
176
1
290
0
176
1
290
1
176
1
290
1
176
1
290
0
176
1
290
0
176
1
290
0
176
1
290
0
176
1
290
0
176
1
290
0
176
1
 90
50
176
1
 40
0.0
176
1
 40
1.0
176
1
 90
0
176
1
 62
18
420
0
176
1
 90
50
176
1
 90
3
176
1
 62
5
420
255
176
1
290
0
176
1
 90
50
176
1
 90
50
176
1
 90
50
176
1
290
0
176
1
 90
50
176
1
 62
256
176
0
 40
1.0
176
0
 90
2
176
1
  1
strokes_ogs.tif
176
1
290
0
176
1
 40
1.0
176
1
 40
1.0
176
1
  0
VISUALSTYLE
  5
6B
102
{ACAD_REACTORS
330
16
102
}
330
16
100
AcDbVisualStyle
  2
Realistic
 70
8
177
3
291
0
 70
58
 90
2
176
1
 90
2
176
1
 90
0
176
1
 90
2
176
1
 40
0.6
176
1
 40
30.0
176
1
 62
7
420
16777215
176
1
 90
1
176
1
 90
4
176
1
 62
7
176
1
 62
257
176
1
 90
1
176
1
 90
1
176
1
 40
1.0
176
1
 90
8
176
1
 62
7
176
1
 40
1.0
176
1
 90
1
176
1
 90
6
176
1
 90
2
176
1
 62
7
176
1
 90
5
176
1
 90
0
176
1
 90
0
176
1
290
0
176
1
 90
1
176
1
 40
0.0
176
1
 90
0
176
1
290
0
176
1
290
1
176
1
290
1
176
1
290
0
176
1
290
0
176
1
290
0
176
1
290
0
176
1
290
0
176
1
290
0
176
1
 90
50
176
1
 40
0.0
176
1
 40
1.0
176
1
 90
0
176
1
 62
18
420
0
176
1
 90
50
176
1
 90
3
176
1
 62
5
420
255
176
1
290
0
176
1
 90
50
176
1
 90
50
176
1
 90
50
176
1
290
0
176
1
 90
50
176
1
 62
256
176
0
 40
1.0
176
0
 90
2
176
1
  1
strokes_ogs.tif
176
1
290
0
176
1
 40
1.0
176
1
 40
1.0
176
1
  0
VISUALSTYLE
  5
6C
102
{ACAD_REACTORS
330
16
102
}
330
16
100
AcDbVisualStyle
  2
Shaded
 70
27
177
3
291
0
 70
58
 90
2
176
1
 90
2
176
1
 90
0
176
1
 90
2
176
1
 40
0.6
176
1
 40
30.0
176
1
 62
7
420
16777215
176
1
 90
1
176
1
 90
4
176
1
 62
7
176
1
 62
257
176
1
 90
1
176
1
 90
1
176
1
 40
1.0
176
1
 90
8
176
1
 62
7
176
1
 40
1.0
176
1
 90
1
176
1
 90
6
176
1
 90
2
176
1
 62
7
176
1
 90
5
176
1
 90
0
176
1
 90
0
176
1
290
0
176
1
 90
1
176
1
 40
0.0
176
1
 90
0
176
1
290
0
176
1
290
1
176
1
290
1
176
1
290
0
176
1
290
0
176
1
290
0
176
1
290
0
176
1
290
0
176
1
290
0
176
1
 90
50
176
1
 40
0.0
176
1
 40
1.0
176
1
 90
0
176
1
 62
18
420
0
176
1
 90
50
176
1
 90
3
176
1
 62
5
420
255
176
1
290
0
176
1
 90
50
176
1
 90
50
176
1
 90
50
176
1
290
0
176
1
 90
50
176
1
 62
256
176
0
 40
1.0
176
0
 90
2
176
1
  1
strokes_ogs.tif
176
1
290
0
176
1
 40
1.0
176
1
 40
1.0
176
1
  0
VISUALSTYLE
  5
6D
102
{ACAD_REACTORS
330
16
102
}
330
16
100
AcDbVisualStyle
  2
Shaded with edges
 70
26
177
3
291
0
 70
58
 90
2
176
1
 90
2
176
1
 90
0
176
1
 90
2
176
1
 40
0.6
176
1
 40
30.0
176
1
 62
7
420
16777215
176
1
 90
1
176
1
 90
4
176
1
 62
7
176
1
 62
257
176
1
 90
1
176
1
 90
1
176
1
 40
1.0
176
1
 90
8
176
1
 62
7
176
1
 40
1.0
176
1
 90
1
176
1
 90
6
176
1
 90
2
176
1
 62
7
176
1
 90
5
176
1
 90
0
176
1
 90
0
176
1
290
0
176
1
 90
1
176
1
 40
0.0
176
1
 90
0
176
1
290
0
176
1
290
1
176
1
290
1
176
1
290
0
176
1
290
0
176
1
290
0
176
1
290
0
176
1
290
0
176
1
290
0
176
1
 90
50
176
1
 40
0.0
176
1
 40
1.0
176
1
 90
0
176
1
 62
18
420
0
176
1
 90
50
176
1
 90
3
176
1
 62
5
420
255
176
1
290
0
176
1
 90
50
176
1
 90
50
176
1
 90
50
176
1
290
0
176
1
 90
50
176
1
 62
256
176
0
 40
1.0
176
0
 90
2
176
1
  1
strokes_ogs.tif
176
1
290
0
176
1
 40
1.0
176
1
 40
1.0
176
1
  0
VISUALSTYLE
  5
6E
102
{ACAD_REACTORS
330
16
102
}
330
16
100
AcDbVisualStyle
  2
Shades of Gray
 70
23
177
3
291
0
 70
58
 90
2
176
1
 90
2
176
1
 90
0
176
1
 90
2
176
1
 40
0.6
176
1
 40
30.0
176
1
 62
7
420
16777215
176
1
 90
1
176
1
 90
4
176
1
 62
7
176
1
 62
257
176
1
 90
1
176
1
 90
1
176
1
 40
1.0
176
1
 90
8
176
1
 62
7
176
1
 40
1.0
176
1
 90
1
176
1
 90
6
176
1
 90
2
176
1
 62
7
176
1
 90
5
176
1
 90
0
176
1
 90
0
176
1
290
0
176
1
 90
1
176
1
 40
0.0
176
1
 90
0
176
1
290
0
176
1
290
1
176
1
290
1
176
1
290
0
176
1
290
0
176
1
290
0
176
1
290
0
176
1
290
0
176
1
290
0
176
1
 90
50
176
1
 40
0.0
176
1
 40
1.0
176
1
 90
0
176
1
 62
18
420
0
176
1
 90
50
176
1
 90
3
176
1
 62
5
420
255
176
1
290
0
176
1
 90
50
176
1
 90
50
176
1
 90
50
176
1
290
0
176
1
 90
50
176
1
 62
256
176
0
 40
1.0
176
0
 90
2
176
1
  1
strokes_ogs.tif
176
1
290
0
176
1
 40
1.0
176
1
 40
1.0
176
1
  0
VISUALSTYLE
  5
6F
102
{ACAD_REACTORS
330
16
102
}
330
16
100
AcDbVisualStyle
  2
Sketchy
 70
24
177
3
291
0
 70
58
 90
2
176
1
 90
2
176
1
 90
0
176
1
 90
1
176
1
 40
0.6
176
1
 40
30.0
176
1
 62
7
420
16777215
176
1
 90
1
176
1
 90
4
176
1
 62
7
176
1
 62
257
176
1
 90
1
176
1
 90
1
176
1
 40
1.0
176
1
 90
8
176
1
 62
7
176
1
 40
1.0
176
1
 90
1
176
1
 90
6
176
1
 90
2
176
1
 62
7
176
1
 90
5
176
1
 90
0
176
1
 90
0
176
1
290
0
176
1
 90
1
176
1
 40
0.0
176
1
 90
0
176
1
290
0
176
1
290
1
176
1
290
1
176
1
290
0
176
1
290
0
176
1
290
0
176
1
290
0
176
1
290
0
176
1
290
0
176
1
 90
50
176
1
 40
0.0
176
1
 40
1.0
176
1
 90
0
176
1
 62
18
420
0
176
1
 90
50
176
1
 90
3
176
1
 62
5
420
255
176
1
290
0
176
1
 90
50
176
1
 90
50
176
1
 90
50
176
1
290
0
176
1
 90
50
176
1
 62
256
176
0
 40
1.0
176
0
 90
2
176
1
  1
strokes_ogs.tif
176
1
290
0
176
1
 40
1.0
176
1
 40
1.0
176
1
  0
VISUALSTYLE
  5
70
102
{ACAD_REACTORS
330
16
102
}
330
16
100
AcDbVisualStyle
  2
Thicken
 70
13
177
3
291
1
 70
58
 90
2
176
1
 90
2
176
1
 90
0
176
1
 90
2
176
1
 40
0.6
176
1
 40
30.0
176
1
 62
7
420
16777215
176
1
 90
1
176
1
 90
4
176
1
 62
7
176
1
 62
257
176
1
 90
1
176
1
 90
1
176
1
 40
1.0
176
1
 90
8
176
1
 62
7
176
1
 40
1.0
176
1
 90
1
176
1
 90
6
176
1
 90
2
176
1
 62
7
176
1
 90
5
176
1
 90
0
176
1
 90
0
176
1
290
0
176
1
 90
1
176
1
 40
0.0
176
1
 90
0
176
1
290
0
176
1
290
1
176
1
290
1
176
1
290
0
176
1
290
0
176
1
290
0
176
1
290
0
176
1
290
0
176
1
290
0
176
1
 90
50
176
1
 40
0.0
176
1
 40
1.0
176
1
 90
0
176
1
 62
18
420
0
176
1
 90
50
176
1
 90
3
176
1
 62
5
420
255
176
1
290
0
176
1
 90
50
176
1
 90
50
176
1
 90
50
176
1
290
0
176
1
 90
50
176
1
 62
256
176
0
 40
1.0
176
0
 90
2
176
1
  1
strokes_ogs.tif
176
1
290
0
176
1
 40
1.0
176
1
 40
1.0
176
1
  0
VISUALSTYLE
  5
71
102
{ACAD_REACTORS
330
16
102
}
330
16
100
AcDbVisualStyle
  2
Wireframe
 70
5
177
3
291
0
 70
58
 90
2
176
1
 90
2
176
1
 90
0
176
1
 90
0
176
1
 40
0.6
176
1
 40
30.0
176
1
 62
7
420
16777215
176
1
 90
1
176
1
 90
4
176
1
 62
7
176
1
 62
257
176
1
 90
1
176
1
 90
1
176
1
 40
1.0
176
1
 90
8
176
1
 62
7
176
1
 40
1.0
176
1
 90
1
176
1
 90
6
176
1
 90
2
176
1
 62
7
176
1
 90
5
176
1
 90
0
176
1
 90
0
176
1
290
0
176
1
 90
1
176
1
 40
0.0
176
1
 90
0
176
1
290
0
176
1
290
1
176
1
290
1
176
1
290
0
176
1
290
0
176
1
290
0
176
1
290
0
176
1
290
0
176
1
290
0
176
1
 90
50
176
1
 40
0.0
176
1
 40
1.0
176
1
 90
0
176
1
 62
18
420
0
176
1
 90
50
176
1
 90
3
176
1
 62
5
420
255
176
1
290
0
176
1
 90
50
176
1
 90
50
176
1
 90
50
176
1
290
0
176
1
 90
50
176
1
 62
256
176
0
 40
1.0
176
0
 90
2
176
1
  1
strokes_ogs.tif
176
1
290
0
176
1
 40
1.0
176
1
 40
1.0
176
1
  0
VISUALSTYLE
  5
72
102
{ACAD_REACTORS
330
16
102
}
330
16
100
AcDbVisualStyle
  2
X-Ray
 70
25
177
3
291
0
 70
58
 90
2
176
1
 90
2
176
1
 90
0
176
1
 90
2
176
1
 40
0.5
176
1
 40
30.0
176
1
 62
7
420
16777215
176
1
 90
1
176
1
 90
4
176
1
 62
7
176
1
 62
257
176
1
 90
1
176
1
 90
1
176
1
 40
1.0
176
1
 90
8
176
1
 62
7
176
1
 40
1.0
176
1
 90
1
176
1
 90
6
176
1
 90
2
176
1
 62
7
176
1
 90
5
176
1
 90
0
176
1
 90
0
176
1
290
0
176
1
 90
1
176
1
 40
0.0
176
1
 90
0
176
1
290
0
176
1
290
1
176
1
290
1
176
1
290
0
176
1
290
0
176
1
290
0
176
1
290
0
176
1
290
0
176
1
290
0
176
1
 90
50
176
1
 40
0.0
176
1
 40
1.0
176
1
 90
0
176
1
 62
18
420
0
176
1
 90
50
176
1
 90
3
176
1
 62
5
420
255
176
1
290
0
176
1
 90
50
176
1
 90
50
176
1
 90
50
176
1
290
0
176
1
 90
50
176
1
 62
256
176
0
 40
1.0
176
0
 90
2
176
1
  1
strokes_ogs.tif
176
1
290
0
176
1
 40
1.0
176
1
 40
1.0
176
1
  0
DICTIONARYVAR
  5
1052
330
2D
100
DictionaryVariables
280
0
  1
1.4.4 @ 2026-10-06T01:55:17.778796+00:00
  0
ENDSEC
  0
EOF
