-242.00,-417.00,1035.86
-237.00,-417.00,1035.70
-232.00,-417.00,1035.58
-227.00,-417.00,1035.41
-222.00,-417.00,1035.36
-217.00,-417.00,1035.30
-212.00,-417.00,1035.28
-207.00,-417.00,1035.33
-202.00,-417.00,1035.42
-197.00,-417.00,1035.51
-192.00,-417.00,1035.54
-187.00,-417.00,1035.59
-182.00,-417.00,1035.61
-177.00,-417.00,1035.67
-172.00,-417.00,1035.63
-167.00,-417.00,1035.62
-162.00,-417.00,1035.62
-157.00,-417.00,1035.58
-152.00,-417.00,1035.55
-147.00,-417.00,1035.50
-142.00,-417.00,1035.49
-137.00,-417.00,1035.54
-132.00,-417.00,1035.42
-127.00,-417.00,1035.35
-122.00,-417.00,1035.19
-117.00,-417.00,1035.06
-112.00,-417.00,1034.87
-107.00,-417.00,1034.67
-102.00,-417.00,1034.52
-97.00,-417.00,1034.36
-92.00,-417.00,1034.31
-87.00,-417.00,1034.37
-82.00,-417.00,1034.63
-77.00,-417.00,1034.53
-72.00,-417.00,1033.28
-67.00,-417.00,1034.21
-62.00,-417.00,1034.17
-57.00,-417.00,1033.59
-52.00,-417.00,1033.59
-47.00,-417.00,1033.66
-42.00,-417.00,1033.73
-37.00,-417.00,1033.78
-32.00,-417.00,1033.74
-27.00,-417.00,1033.70
-22.00,-417.00,1033.65
-17.00,-417.00,1033.59
-12.00,-417.00,1033.57
-7.00,-417.00,1033.65
-2.00,-417.00,1033.63
3.00,-417.00,1033.67
8.00,-417.00,1033.59
13.00,-417.00,1033.58
18.00,-417.00,1033.73
23.00,-417.00,1033.73
28.00,-417.00,1033.63
33.00,-417.00,1033.61
38.00,-417.00,1033.70
43.00,-417.00,1033.68
48.00,-417.00,1033.70
53.00,-417.00,1033.73
58.00,-417.00,1033.76
63.00,-417.00,1033.78
68.00,-417.00,1033.67
73.00,-417.00,1033.74
78.00,-417.00,1033.60
83.00,-417.00,1033.57
88.00,-417.00,1033.52
93.00,-417.00,1033.68
98.00,-417.00,1033.70
103.00,-417.00,1033.16
108.00,-417.00,1031.14
113.00,-417.00,1029.99
118.00,-417.00,1029.90
123.00,-417.00,1029.88
128.00,-417.00,1029.89
133.00,-417.00,1029.90
138.00,-417.00,1029.90
143.00,-417.00,1030.85
148.00,-417.00,1031.01
153.00,-417.00,1031.10
158.00,-417.00,1030.91
163.00,-417.00,1030.70
168.00,-417.00,1030.52
173.00,-417.00,1030.86
178.00,-417.00,1031.11
183.00,-417.00,1030.95
188.00,-417.00,1030.77
193.00,-417.00,1030.85
198.00,-417.00,1030.93
203.00,-417.00,1030.80
208.00,-417.00,1030.84
213.00,-417.00,1030.99
218.00,-417.00,1030.79
223.00,-417.00,1030.78
228.00,-417.00,1031.53
233.00,-417.00,1031.58
238.00,-417.00,1031.53
243.00,-417.00,1031.58
248.00,-417.00,1031.65
253.00,-417.00,1031.67
258.00,-417.00,1031.53
263.00,-417.00,1031.51
268.00,-417.00,1031.45
273.00,-417.00,1031.43
278.00,-417.00,1031.52
283.00,-417.00,1031.45
288.00,-417.00,1031.48
293.00,-417.00,1031.54
298.00,-417.00,1031.47
303.00,-417.00,1031.50
308.00,-417.00,1031.44
313.00,-417.00,1031.55
318.00,-417.00,1031.63
323.00,-417.00,1031.56
328.00,-417.00,1031.57
333.00,-417.00,1031.61
338.00,-417.00,1031.70
343.00,-417.00,1031.66
348.00,-417.00,1031.73
353.00,-417.00,1031.83
358.00,-417.00,1031.93
-242.00,-412.00,1035.98
-237.00,-412.00,1035.84
-232.00,-412.00,1035.66
-227.00,-412.00,1035.45
-222.00,-412.00,1035.32
-217.00,-412.00,1035.24
-212.00,-412.00,1035.19
-207.00,-412.00,1035.16
-202.00,-412.00,1035.17
-197.00,-412.00,1035.24
-192.00,-412.00,1035.32
-187.00,-412.00,1035.38
-182.00,-412.00,1035.43
-177.00,-412.00,1035.50
-172.00,-412.00,1035.56
-167.00,-412.00,1035.55
-162.00,-412.00,1035.52
-157.00,-412.00,1035.52
-152.00,-412.00,1035.45
-147.00,-412.00,1035.41
-142.00,-412.00,1035.39
-137.00,-412.00,1035.38
-132.00,-412.00,1035.33
-127.00,-412.00,1035.27
-122.00,-412.00,1035.22
-117.00,-412.00,1035.16
-112.00,-412.00,1035.01
-107.00,-412.00,1034.88
-102.00,-412.00,1034.72
-97.00,-412.00,1034.60
-92.00,-412.00,1034.51
-87.00,-412.00,1034.47
-82.00,-412.00,1034.74
-77.00,-412.00,1034.57
-72.00,-412.00,1033.27
-67.00,-412.00,1034.05
-62.00,-412.00,1034.16
-57.00,-412.00,1033.57
-52.00,-412.00,1033.57
-47.00,-412.00,1033.68
-42.00,-412.00,1033.65
-37.00,-412.00,1033.77
-32.00,-412.00,1033.66
-27.00,-412.00,1033.57
-22.00,-412.00,1033.57
-17.00,-412.00,1033.60
-12.00,-412.00,1033.69
-7.00,-412.00,1033.70
-2.00,-412.00,1033.61
3.00,-412.00,1033.54
8.00,-412.00,1033.51
13.00,-412.00,1033.56
18.00,-412.00,1033.59
23.00,-412.00,1033.67
28.00,-412.00,1033.71
33.00,-412.00,1033.79
38.00,-412.00,1033.75
43.00,-412.00,1033.64
48.00,-412.00,1033.65
53.00,-412.00,1033.65
58.00,-412.00,1033.73
63.00,-412.00,1033.67
68.00,-412.00,1033.58
73.00,-412.00,1033.53
78.00,-412.00,1033.68
83.00,-412.00,1033.64
88.00,-412.00,1033.65
93.00,-412.00,1033.72
98.00,-412.00,1033.67
103.00,-412.00,1033.40
108.00,-412.00,1031.43
113.00,-412.00,1030.09
118.00,-412.00,1029.88
123.00,-412.00,1029.85
128.00,-412.00,1029.85
133.00,-412.00,1029.85
138.00,-412.00,1029.85
143.00,-412.00,1030.77
148.00,-412.00,1030.93
153.00,-412.00,1031.31
158.00,-412.00,1031.38
163.00,-412.00,1031.37
168.00,-412.00,1031.02
173.00,-412.00,1030.77
178.00,-412.00,1030.56
183.00,-412.00,1030.55
188.00,-412.00,1030.76
193.00,-412.00,1031.02
198.00,-412.00,1031.22
203.00,-412.00,1031.42
208.00,-412.00,1030.97
213.00,-412.00,1030.95
218.00,-412.00,1030.86
223.00,-412.00,1030.53
228.00,-412.00,1030.50
233.00,-412.00,1031.49
238.00,-412.00,1031.63
243.00,-412.00,1031.67
248.00,-412.00,1031.67
253.00,-412.00,1031.69
258.00,-412.00,1031.63
263.00,-412.00,1031.48
268.00,-412.00,1031.49
273.00,-412.00,1031.49
278.00,-412.00,1031.50
283.00,-412.00,1031.51
288.00,-412.00,1031.49
293.00,-412.00,1031.53
298.00,-412.00,1031.57
303.00,-412.00,1031.64
308.00,-412.00,1031.51
313.00,-412.00,1031.50
318.00,-412.00,1031.59
323.00,-412.00,1031.57
328.00,-412.00,1031.55
333.00,-412.00,1031.62
338.00,-412.00,1031.66
343.00,-412.00,1031.69
348.00,-412.00,1031.69
353.00,-412.00,1031.72
358.00,-412.00,1031.86
-242.00,-407.00,1035.94
-237.00,-407.00,1035.82
-232.00,-407.00,1035.71
-227.00,-407.00,1035.62
-222.00,-407.00,1035.48
-217.00,-407.00,1035.40
-212.00,-407.00,1035.22
-207.00,-407.00,1035.11
-202.00,-407.00,1035.07
-197.00,-407.00,1035.06
-192.00,-407.00,1035.07
-187.00,-407.00,1035.11
-182.00,-407.00,1035.10
-177.00,-407.00,1035.13
-172.00,-407.00,1035.14
-167.00,-407.00,1035.21
-162.00,-407.00,1035.29
-157.00,-407.00,1035.34
-152.00,-407.00,1035.35
-147.00,-407.00,1035.37
-142.00,-407.00,1035.38
-137.00,-407.00,1035.32
-132.00,-407.00,1035.26
-127.00,-407.00,1035.13
-122.00,-407.00,1035.08
-117.00,-407.00,1035.03
-112.00,-407.00,1035.01
-107.00,-407.00,1034.91
-102.00,-407.00,1034.75
-97.00,-407.00,1034.65
-92.00,-407.00,1034.65
-87.00,-407.00,1034.70
-82.00,-407.00,1034.87
-77.00,-407.00,1034.65
-72.00,-407.00,1033.42
-67.00,-407.00,1033.79
-62.00,-407.00,1034.17
-57.00,-407.00,1034.23
-52.00,-407.00,1033.74
-47.00,-407.00,1033.64
-42.00,-407.00,1033.57
-37.00,-407.00,1033.51
-32.00,-407.00,1033.56
-27.00,-407.00,1033.67
-22.00,-407.00,1033.71
-17.00,-407.00,1033.72
-12.00,-407.00,1033.62
-7.00,-407.00,1033.57
-2.00,-407.00,1033.57
3.00,-407.00,1033.56
8.00,-407.00,1033.54
13.00,-407.00,1033.61
18.00,-407.00,1033.61
23.00,-407.00,1033.72
28.00,-407.00,1033.79
33.00,-407.00,1033.74
38.00,-407.00,1033.80
43.00,-407.00,1033.77
48.00,-407.00,1033.70
53.00,-407.00,1033.58
58.00,-407.00,1033.54
63.00,-407.00,1033.52
68.00,-407.00,1033.73
73.00,-407.00,1033.95
78.00,-407.00,1033.99
83.00,-407.00,1033.84
88.00,-407.00,1033.81
93.00,-407.00,1033.75
98.00,-407.00,1033.75
103.00,-407.00,1033.67
108.00,-407.00,1031.83
113.00,-407.00,1030.86
118.00,-407.00,1029.88
123.00,-407.00,1029.89
128.00,-407.00,1029.90
133.00,-407.00,1029.93
138.00,-407.00,1029.95
143.00,-407.00,1030.51
148.00,-407.00,1030.83
153.00,-407.00,1031.04
158.00,-407.00,1031.50
163.00,-407.00,1031.47
168.00,-407.00,1031.49
173.00,-407.00,1031.38
178.00,-407.00,1031.45
183.00,-407.00,1031.13
188.00,-407.00,1030.87
193.00,-407.00,1030.85
198.00,-407.00,1030.71
203.00,-407.00,1031.12
208.00,-407.00,1030.93
213.00,-407.00,1030.92
218.00,-407.00,1030.93
223.00,-407.00,1030.71
228.00,-407.00,1030.41
233.00,-407.00,1030.39
238.00,-407.00,1031.42
243.00,-407.00,1031.72
248.00,-407.00,1031.72
253.00,-407.00,1031.70
258.00,-407.00,1031.58
263.00,-407.00,1031.46
268.00,-407.00,1031.55
273.00,-407.00,1031.53
278.00,-407.00,1031.50
283.00,-407.00,1031.51
288.00,-407.00,1031.53
293.00,-407.00,1031.55
298.00,-407.00,1031.52
303.00,-407.00,1031.55
308.00,-407.00,1031.54
313.00,-407.00,1031.53
318.00,-407.00,1031.54
323.00,-407.00,1031.61
328.00,-407.00,1031.62
333.00,-407.00,1031.67
338.00,-407.00,1031.70
343.00,-407.00,1031.71
348.00,-407.00,1031.66
353.00,-407.00,1031.75
358.00,-407.00,1031.81
-242.00,-402.00,1035.82
-237.00,-402.00,1035.67
-232.00,-402.00,1035.57
-227.00,-402.00,1035.48
-222.00,-402.00,1035.39
-217.00,-402.00,1035.34
-212.00,-402.00,1035.27
-207.00,-402.00,1035.23
-202.00,-402.00,1035.19
-197.00,-402.00,1035.15
-192.00,-402.00,1035.10
-187.00,-402.00,1035.10
-182.00,-402.00,1035.05
-177.00,-402.00,1035.05
-172.00,-402.00,1035.08
-167.00,-402.00,1035.13
-162.00,-402.00,1035.26
-157.00,-402.00,1035.29
-152.00,-402.00,1035.28
-147.00,-402.00,1035.25
-142.00,-402.00,1035.21
-137.00,-402.00,1035.15
-132.00,-402.00,1035.03
-127.00,-402.00,1034.90
-122.00,-402.00,1034.80
-117.00,-402.00,1034.76
-112.00,-402.00,1034.81
-107.00,-402.00,1034.74
-102.00,-402.00,1034.72
-97.00,-402.00,1034.71
-92.00,-402.00,1034.71
-87.00,-402.00,1034.85
-82.00,-402.00,1034.92
-77.00,-402.00,1034.79
-72.00,-402.00,1033.91
-67.00,-402.00,1034.18
-62.00,-402.00,1034.16
-57.00,-402.00,1034.31
-52.00,-402.00,1033.90
-47.00,-402.00,1033.63
-42.00,-402.00,1033.51
-37.00,-402.00,1033.63
-32.00,-402.00,1033.73
-27.00,-402.00,1033.67
-22.00,-402.00,1033.67
-17.00,-402.00,1033.62
-12.00,-402.00,1033.61
-7.00,-402.00,1033.57
-2.00,-402.00,1033.59
3.00,-402.00,1033.57
8.00,-402.00,1033.60
13.00,-402.00,1033.62
18.00,-402.00,1033.61
23.00,-402.00,1033.67
28.00,-402.00,1033.70
33.00,-402.00,1033.62
38.00,-402.00,1033.74
43.00,-402.00,1033.76
48.00,-402.00,1033.60
53.00,-402.00,1033.54
58.00,-402.00,1033.69
63.00,-402.00,1034.10
68.00,-402.00,1034.60
73.00,-402.00,1035.13
78.00,-402.00,1035.20
83.00,-402.00,1034.79
88.00,-402.00,1034.13
93.00,-402.00,1033.74
98.00,-402.00,1033.70
103.00,-402.00,1033.76
108.00,-402.00,1032.54
113.00,-402.00,1031.45
118.00,-402.00,1029.91
123.00,-402.00,1029.93
128.00,-402.00,1029.94
133.00,-402.00,1029.97
138.00,-402.00,1029.98
143.00,-402.00,1030.06
148.00,-402.00,1030.70
153.00,-402.00,1030.96
158.00,-402.00,1031.39
163.00,-402.00,1031.66
168.00,-402.00,1031.18
173.00,-402.00,1031.46
178.00,-402.00,1031.41
183.00,-402.00,1031.34
188.00,-402.00,1031.41
193.00,-402.00,1031.24
198.00,-402.00,1031.18
203.00,-402.00,1031.00
208.00,-402.00,1030.96
213.00,-402.00,1031.01
218.00,-402.00,1031.01
223.00,-402.00,1030.94
228.00,-402.00,1030.69
233.00,-402.00,1030.38
238.00,-402.00,1030.38
243.00,-402.00,1031.11
248.00,-402.00,1031.74
253.00,-402.00,1031.72
258.00,-402.00,1031.60
263.00,-402.00,1031.50
268.00,-402.00,1031.61
273.00,-402.00,1031.62
278.00,-402.00,1031.57
283.00,-402.00,1031.52
288.00,-402.00,1031.52
293.00,-402.00,1031.52
298.00,-402.00,1031.61
303.00,-402.00,1031.57
308.00,-402.00,1031.57
313.00,-402.00,1031.59
318.00,-402.00,1031.58
323.00,-402.00,1031.68
328.00,-402.00,1031.59
333.00,-402.00,1031.66
338.00,-402.00,1031.71
343.00,-402.00,1031.72
348.00,-402.00,1031.72
353.00,-402.00,1031.71
358.00,-402.00,1031.72
-242.00,-397.00,1036.04
-237.00,-397.00,1035.85
-232.00,-397.00,1035.64
-227.00,-397.00,1035.53
-222.00,-397.00,1035.35
-217.00,-397.00,1035.26
-212.00,-397.00,1035.17
-207.00,-397.00,1035.13
-202.00,-397.00,1035.15
-197.00,-397.00,1035.13
-192.00,-397.00,1035.09
-187.00,-397.00,1035.10
-182.00,-397.00,1035.00
-177.00,-397.00,1034.98
-172.00,-397.00,1035.09
-167.00,-397.00,1035.13
-162.00,-397.00,1035.17
-157.00,-397.00,1035.18
-152.00,-397.00,1035.14
-147.00,-397.00,1034.86
-142.00,-397.00,1034.65
-137.00,-397.00,1034.48
-132.00,-397.00,1034.52
-127.00,-397.00,1034.54
-122.00,-397.00,1034.63
-117.00,-397.00,1034.60
-112.00,-397.00,1034.53
-107.00,-397.00,1034.55
-102.00,-397.00,1034.61
-97.00,-397.00,1034.73
-92.00,-397.00,1034.83
-87.00,-397.00,1034.87
-82.00,-397.00,1034.94
-77.00,-397.00,1034.77
-72.00,-397.00,1034.08
-67.00,-397.00,1034.16
-62.00,-397.00,1034.19
-57.00,-397.00,1034.31
-52.00,-397.00,1033.90
-47.00,-397.00,1033.61
-42.00,-397.00,1033.51
-37.00,-397.00,1033.74
-32.00,-397.00,1033.63
-27.00,-397.00,1033.66
-22.00,-397.00,1033.62
-17.00,-397.00,1033.58
-12.00,-397.00,1033.60
-7.00,-397.00,1033.64
-2.00,-397.00,1033.63
3.00,-397.00,1033.68
8.00,-397.00,1033.67
13.00,-397.00,1033.65
18.00,-397.00,1033.58
23.00,-397.00,1033.60
28.00,-397.00,1033.65
33.00,-397.00,1033.64
38.00,-397.00,1033.64
43.00,-397.00,1033.75
48.00,-397.00,1033.60
53.00,-397.00,1033.71
58.00,-397.00,1033.79
63.00,-397.00,1034.06
68.00,-397.00,1034.27
73.00,-397.00,1034.35
78.00,-397.00,1034.49
83.00,-397.00,1035.04
88.00,-397.00,1034.66
93.00,-397.00,1033.82
98.00,-397.00,1033.71
103.00,-397.00,1033.66
108.00,-397.00,1033.44
113.00,-397.00,1031.31
118.00,-397.00,1029.93
123.00,-397.00,1029.93
128.00,-397.00,1029.94
133.00,-397.00,1029.95
138.00,-397.00,1029.95
143.00,-397.00,1030.00
148.00,-397.00,1030.43
153.00,-397.00,1030.81
158.00,-397.00,1031.19
163.00,-397.00,1031.71
168.00,-397.00,1031.70
173.00,-397.00,1031.55
178.00,-397.00,1031.45
183.00,-397.00,1031.42
188.00,-397.00,1031.31
193.00,-397.00,1031.22
198.00,-397.00,1031.24
203.00,-397.00,1031.30
208.00,-397.00,1031.33
213.00,-397.00,1031.32
218.00,-397.00,1031.22
223.00,-397.00,1031.15
228.00,-397.00,1030.94
233.00,-397.00,1030.69
238.00,-397.00,1030.36
243.00,-397.00,1030.40
248.00,-397.00,1031.18
253.00,-397.00,1031.72
258.00,-397.00,1031.66
263.00,-397.00,1031.61
268.00,-397.00,1031.57
273.00,-397.00,1031.52
278.00,-397.00,1031.47
283.00,-397.00,1031.60
288.00,-397.00,1031.57
293.00,-397.00,1031.51
298.00,-397.00,1031.54
303.00,-397.00,1031.62
308.00,-397.00,1031.58
313.00,-397.00,1030.87
318.00,-397.00,1031.57
323.00,-397.00,1031.91
328.00,-397.00,1032.04
333.00,-397.00,1031.71
338.00,-397.00,1031.72
343.00,-397.00,1031.74
348.00,-397.00,1031.76
353.00,-397.00,1031.80
358.00,-397.00,1031.77
-242.00,-392.00,1036.11
-237.00,-392.00,1035.96
-232.00,-392.00,1035.75
-227.00,-392.00,1035.62
-222.00,-392.00,1035.49
-217.00,-392.00,1035.34
-212.00,-392.00,1035.29
-207.00,-392.00,1035.16
-202.00,-392.00,1035.10
-197.00,-392.00,1035.15
-192.00,-392.00,1035.12
-187.00,-392.00,1035.11
-182.00,-392.00,1035.05
-177.00,-392.00,1035.04
-172.00,-392.00,1035.08
-167.00,-392.00,1035.23
-162.00,-392.00,1035.18
-157.00,-392.00,1035.22
-152.00,-392.00,1035.00
-147.00,-392.00,1034.78
-142.00,-392.00,1034.61
-137.00,-392.00,1034.40
-132.00,-392.00,1034.08
-127.00,-392.00,1033.83
-122.00,-392.00,1034.47
-117.00,-392.00,1034.51
-112.00,-392.00,1034.51
-107.00,-392.00,1034.52
-102.00,-392.00,1034.59
-97.00,-392.00,1034.73
-92.00,-392.00,1034.88
-87.00,-392.00,1034.91
-82.00,-392.00,1034.95
-77.00,-392.00,1034.74
-72.00,-392.00,1033.85
-67.00,-392.00,1033.95
-62.00,-392.00,1034.19
-57.00,-392.00,1034.12
-52.00,-392.00,1033.80
-47.00,-392.00,1033.56
-42.00,-392.00,1033.52
-37.00,-392.00,1033.69
-32.00,-392.00,1033.65
-27.00,-392.00,1033.61
-22.00,-392.00,1033.67
-17.00,-392.00,1033.66
-12.00,-392.00,1033.63
-7.00,-392.00,1033.70
-2.00,-392.00,1033.71
3.00,-392.00,1033.68
8.00,-392.00,1033.62
13.00,-392.00,1033.60
18.00,-392.00,1033.60
23.00,-392.00,1033.62
28.00,-392.00,1033.62
33.00,-392.00,1033.63
38.00,-392.00,1033.66
43.00,-392.00,1033.76
48.00,-392.00,1033.73
53.00,-392.00,1033.78
58.00,-392.00,1033.84
63.00,-392.00,1033.81
68.00,-392.00,1033.83
73.00,-392.00,1033.91
78.00,-392.00,1033.91
83.00,-392.00,1034.38
88.00,-392.00,1034.85
93.00,-392.00,1034.10
98.00,-392.00,1033.74
103.00,-392.00,1033.70
108.00,-392.00,1033.76
113.00,-392.00,1031.60
118.00,-392.00,1030.76
123.00,-392.00,1029.88
128.00,-392.00,1029.92
133.00,-392.00,1029.92
138.00,-392.00,1029.93
143.00,-392.00,1029.99
148.00,-392.00,1030.11
153.00,-392.00,1030.56
158.00,-392.00,1031.11
163.00,-392.00,1031.68
168.00,-392.00,1031.66
173.00,-392.00,1031.62
178.00,-392.00,1031.74
183.00,-392.00,1031.60
188.00,-392.00,1031.53
193.00,-392.00,1031.46
198.00,-392.00,1031.39
203.00,-392.00,1031.39
208.00,-392.00,1031.51
213.00,-392.00,1031.58
218.00,-392.00,1031.72
223.00,-392.00,1031.48
228.00,-392.00,1031.23
233.00,-392.00,1030.91
238.00,-392.00,1030.73
243.00,-392.00,1030.41
248.00,-392.00,1030.32
253.00,-392.00,1030.73
258.00,-392.00,1031.68
263.00,-392.00,1031.62
268.00,-392.00,1031.61
273.00,-392.00,1031.63
278.00,-392.00,1031.63
283.00,-392.00,1031.66
288.00,-392.00,1031.58
293.00,-392.00,1031.61
298.00,-392.00,1031.56
303.00,-392.00,1031.57
308.00,-392.00,1031.64
313.00,-392.00,1031.42
318.00,-392.00,1031.44
323.00,-392.00,1031.66
328.00,-392.00,1031.82
333.00,-392.00,1031.72
338.00,-392.00,1031.70
343.00,-392.00,1031.83
348.00,-392.00,1031.77
353.00,-392.00,1031.72
358.00,-392.00,1031.80
-242.00,-387.00,1036.13
-237.00,-387.00,1036.00
-232.00,-387.00,1035.88
-227.00,-387.00,1035.63
-222.00,-387.00,1035.54
-217.00,-387.00,1035.47
-212.00,-387.00,1035.38
-207.00,-387.00,1035.30
-202.00,-387.00,1035.07
-197.00,-387.00,1035.14
-192.00,-387.00,1035.14
-187.00,-387.00,1035.16
-182.00,-387.00,1035.07
-177.00,-387.00,1035.08
-172.00,-387.00,1035.09
-167.00,-387.00,1035.10
-162.00,-387.00,1035.16
-157.00,-387.00,1035.09
-152.00,-387.00,1034.91
-147.00,-387.00,1034.71
-142.00,-387.00,1034.59
-137.00,-387.00,1034.49
-132.00,-387.00,1034.14
-127.00,-387.00,1033.76
-122.00,-387.00,1034.38
-117.00,-387.00,1034.45
-112.00,-387.00,1034.51
-107.00,-387.00,1034.53
-102.00,-387.00,1034.66
-97.00,-387.00,1034.82
-92.00,-387.00,1034.94
-87.00,-387.00,1034.96
-82.00,-387.00,1035.01
-77.00,-387.00,1034.80
-72.00,-387.00,1033.59
-67.00,-387.00,1033.64
-62.00,-387.00,1034.14
-57.00,-387.00,1033.80
-52.00,-387.00,1033.72
-47.00,-387.00,1033.53
-42.00,-387.00,1033.44
-37.00,-387.00,1033.36
-32.00,-387.00,1033.45
-27.00,-387.00,1033.55
-22.00,-387.00,1033.53
-17.00,-387.00,1033.55
-12.00,-387.00,1033.61
-7.00,-387.00,1033.69
-2.00,-387.00,1033.69
3.00,-387.00,1033.65
8.00,-387.00,1033.69
13.00,-387.00,1033.70
18.00,-387.00,1033.69
23.00,-387.00,1033.60
28.00,-387.00,1033.59
33.00,-387.00,1033.64
38.00,-387.00,1033.65
43.00,-387.00,1033.72
48.00,-387.00,1033.68
53.00,-387.00,1033.67
58.00,-387.00,1033.79
63.00,-387.00,1033.79
68.00,-387.00,1033.73
73.00,-387.00,1033.80
78.00,-387.00,1033.83
83.00,-387.00,1033.94
88.00,-387.00,1034.85
93.00,-387.00,1034.46
98.00,-387.00,1033.85
103.00,-387.00,1033.72
108.00,-387.00,1033.75
113.00,-387.00,1032.27
118.00,-387.00,1031.50
123.00,-387.00,1029.87
128.00,-387.00,1029.90
133.00,-387.00,1029.91
138.00,-387.00,1029.95
143.00,-387.00,1029.91
148.00,-387.00,1029.84
153.00,-387.00,1030.38
158.00,-387.00,1030.76
163.00,-387.00,1031.63
168.00,-387.00,1031.70
173.00,-387.00,1031.47
178.00,-387.00,1031.74
183.00,-387.00,1031.74
188.00,-387.00,1031.66
193.00,-387.00,1031.48
198.00,-387.00,1031.65
203.00,-387.00,1031.49
208.00,-387.00,1031.52
213.00,-387.00,1031.73
218.00,-387.00,1031.66
223.00,-387.00,1031.53
228.00,-387.00,1031.60
233.00,-387.00,1031.50
238.00,-387.00,1031.11
243.00,-387.00,1030.69
248.00,-387.00,1030.37
253.00,-387.00,1030.34
258.00,-387.00,1030.70
263.00,-387.00,1031.66
268.00,-387.00,1031.68
273.00,-387.00,1031.67
278.00,-387.00,1031.68
283.00,-387.00,1031.71
288.00,-387.00,1031.63
293.00,-387.00,1031.62
298.00,-387.00,1031.67
303.00,-387.00,1031.65
308.00,-387.00,1031.61
313.00,-387.00,1031.62
318.00,-387.00,1031.64
323.00,-387.00,1031.70
328.00,-387.00,1031.74
333.00,-387.00,1031.53
338.00,-387.00,1031.71
343.00,-387.00,1031.84
348.00,-387.00,1031.80
353.00,-387.00,1031.79
358.00,-387.00,1031.91
-242.00,-382.00,1036.15
-237.00,-382.00,1036.05
-232.00,-382.00,1035.93
-227.00,-382.00,1035.74
-222.00,-382.00,1035.61
-217.00,-382.00,1035.53
-212.00,-382.00,1035.44
-207.00,-382.00,1035.23
-202.00,-382.00,1035.07
-197.00,-382.00,1035.17
-192.00,-382.00,1035.22
-187.00,-382.00,1035.19
-182.00,-382.00,1035.12
-177.00,-382.00,1035.09
-172.00,-382.00,1035.01
-167.00,-382.00,1035.04
-162.00,-382.00,1035.00
-157.00,-382.00,1034.86
-152.00,-382.00,1034.73
-147.00,-382.00,1034.60
-142.00,-382.00,1034.55
-137.00,-382.00,1034.40
-132.00,-382.00,1034.10
-127.00,-382.00,1033.80
-122.00,-382.00,1034.48
-117.00,-382.00,1034.43
-112.00,-382.00,1034.52
-107.00,-382.00,1034.62
-102.00,-382.00,1034.82
-97.00,-382.00,1034.91
-92.00,-382.00,1034.94
-87.00,-382.00,1035.03
-82.00,-382.00,1035.05
-77.00,-382.00,1034.83
-72.00,-382.00,1033.48
-67.00,-382.00,1033.69
-62.00,-382.00,1034.13
-57.00,-382.00,1033.88
-52.00,-382.00,1033.88
-47.00,-382.00,1033.49
-42.00,-382.00,1033.52
-37.00,-382.00,1033.52
-32.00,-382.00,1033.55
-27.00,-382.00,1033.56
-22.00,-382.00,1033.59
-17.00,-382.00,1033.64
-12.00,-382.00,1033.67
-7.00,-382.00,1033.70
-2.00,-382.00,1033.71
3.00,-382.00,1033.72
8.00,-382.00,1033.72
13.00,-382.00,1033.75
18.00,-382.00,1033.70
23.00,-382.00,1033.53
28.00,-382.00,1033.51
33.00,-382.00,1033.60
38.00,-382.00,1033.59
43.00,-382.00,1033.71
48.00,-382.00,1033.73
53.00,-382.00,1033.73
58.00,-382.00,1033.71
63.00,-382.00,1033.74
68.00,-382.00,1033.75
73.00,-382.00,1033.71
78.00,-382.00,1033.80
83.00,-382.00,1033.87
88.00,-382.00,1034.67
93.00,-382.00,1034.98
98.00,-382.00,1033.97
103.00,-382.00,1033.74
108.00,-382.00,1033.68
113.00,-382.00,1033.24
118.00,-382.00,1031.48
123.00,-382.00,1030.16
128.00,-382.00,1029.94
133.00,-382.00,1029.91
138.00,-382.00,1029.89
143.00,-382.00,1029.88
148.00,-382.00,1029.85
153.00,-382.00,1029.87
158.00,-382.00,1030.27
163.00,-382.00,1031.07
168.00,-382.00,1031.76
173.00,-382.00,1031.64
178.00,-382.00,1031.50
183.00,-382.00,1031.72
188.00,-382.00,1031.70
193.00,-382.00,1031.58
198.00,-382.00,1031.72
203.00,-382.00,1031.49
208.00,-382.00,1031.49
213.00,-382.00,1031.62
218.00,-382.00,1031.64
223.00,-382.00,1031.56
228.00,-382.00,1031.70
233.00,-382.00,1031.58
238.00,-382.00,1031.51
243.00,-382.00,1031.25
248.00,-382.00,1030.64
253.00,-382.00,1030.38
258.00,-382.00,1030.38
263.00,-382.00,1030.65
268.00,-382.00,1031.64
273.00,-382.00,1031.67
278.00,-382.00,1031.73
283.00,-382.00,1031.78
288.00,-382.00,1031.66
293.00,-382.00,1031.65
298.00,-382.00,1031.67
303.00,-382.00,1031.68
308.00,-382.00,1031.70
313.00,-382.00,1031.71
318.00,-382.00,1031.75
323.00,-382.00,1031.72
328.00,-382.00,1031.69
333.00,-382.00,1031.63
338.00,-382.00,1031.71
343.00,-382.00,1031.82
348.00,-382.00,1031.85
353.00,-382.00,1031.93
358.00,-382.00,1031.83
-242.00,-377.00,1036.19
-237.00,-377.00,1036.08
-232.00,-377.00,1035.95
-227.00,-377.00,1035.80
-222.00,-377.00,1035.63
-217.00,-377.00,1035.56
-212.00,-377.00,1035.43
-207.00,-377.00,1035.24
-202.00,-377.00,1035.13
-197.00,-377.00,1035.19
-192.00,-377.00,1035.28
-187.00,-377.00,1035.27
-182.00,-377.00,1035.21
-177.00,-377.00,1035.15
-172.00,-377.00,1035.09
-167.00,-377.00,1034.94
-162.00,-377.00,1034.89
-157.00,-377.00,1034.74
-152.00,-377.00,1034.63
-147.00,-377.00,1034.53
-142.00,-377.00,1034.46
-137.00,-377.00,1034.31
-132.00,-377.00,1033.91
-127.00,-377.00,1033.98
-122.00,-377.00,1034.43
-117.00,-377.00,1034.49
-112.00,-377.00,1034.54
-107.00,-377.00,1034.78
-102.00,-377.00,1034.86
-97.00,-377.00,1034.97
-92.00,-377.00,1035.00
-87.00,-377.00,1035.07
-82.00,-377.00,1035.09
-77.00,-377.00,1034.87
-72.00,-377.00,1033.49
-67.00,-377.00,1033.70
-62.00,-377.00,1034.11
-57.00,-377.00,1033.97
-52.00,-377.00,1033.88
-47.00,-377.00,1033.46
-42.00,-377.00,1033.52
-37.00,-377.00,1033.55
-32.00,-377.00,1033.58
-27.00,-377.00,1033.55
-22.00,-377.00,1033.62
-17.00,-377.00,1033.67
-12.00,-377.00,1033.72
-7.00,-377.00,1033.79
-2.00,-377.00,1033.78
3.00,-377.00,1033.83
8.00,-377.00,1033.79
13.00,-377.00,1033.78
18.00,-377.00,1033.64
23.00,-377.00,1033.58
28.00,-377.00,1033.58
33.00,-377.00,1033.67
38.00,-377.00,1033.62
43.00,-377.00,1033.73
48.00,-377.00,1033.79
53.00,-377.00,1033.83
58.00,-377.00,1033.71
63.00,-377.00,1033.71
68.00,-377.00,1033.72
73.00,-377.00,1033.75
78.00,-377.00,1033.77
83.00,-377.00,1033.91
88.00,-377.00,1034.29
93.00,-377.00,1035.39
98.00,-377.00,1034.22
103.00,-377.00,1033.71
108.00,-377.00,1033.75
113.00,-377.00,1033.69
118.00,-377.00,1031.72
123.00,-377.00,1030.85
128.00,-377.00,1029.92
133.00,-377.00,1029.89
138.00,-377.00,1029.88
143.00,-377.00,1029.95
148.00,-377.00,1029.85
153.00,-377.00,1029.83
158.00,-377.00,1029.85
163.00,-377.00,1030.25
168.00,-377.00,1031.24
173.00,-377.00,1032.00
178.00,-377.00,1031.64
183.00,-377.00,1031.76
188.00,-377.00,1031.73
193.00,-377.00,1031.73
198.00,-377.00,1031.55
203.00,-377.00,1031.58
208.00,-377.00,1031.55
213.00,-377.00,1031.59
218.00,-377.00,1031.62
223.00,-377.00,1031.77
228.00,-377.00,1031.67
233.00,-377.00,1031.56
238.00,-377.00,1031.62
243.00,-377.00,1031.72
248.00,-377.00,1031.34
253.00,-377.00,1030.71
258.00,-377.00,1030.43
263.00,-377.00,1030.34
268.00,-377.00,1030.64
273.00,-377.00,1031.63
278.00,-377.00,1031.78
283.00,-377.00,1031.79
288.00,-377.00,1031.74
293.00,-377.00,1031.78
298.00,-377.00,1031.65
303.00,-377.00,1031.74
308.00,-377.00,1031.70
313.00,-377.00,1031.77
318.00,-377.00,1031.75
323.00,-377.00,1031.81
328.00,-377.00,1031.71
333.00,-377.00,1031.84
338.00,-377.00,1031.81
343.00,-377.00,1031.69
348.00,-377.00,1031.89
353.00,-377.00,1031.89
358.00,-377.00,1031.87
-242.00,-372.00,1036.26
-237.00,-372.00,1036.11
-232.00,-372.00,1036.02
-227.00,-372.00,1035.77
-222.00,-372.00,1035.63
-217.00,-372.00,1035.61
-212.00,-372.00,1035.43
-207.00,-372.00,1035.23
-202.00,-372.00,1035.20
-197.00,-372.00,1035.25
-192.00,-372.00,1035.32
-187.00,-372.00,1035.33
-182.00,-372.00,1035.30
-177.00,-372.00,1035.10
-172.00,-372.00,1035.04
-167.00,-372.00,1034.92
-162.00,-372.00,1034.83
-157.00,-372.00,1034.73
-152.00,-372.00,1034.61
-147.00,-372.00,1034.53
-142.00,-372.00,1034.43
-137.00,-372.00,1034.13
-132.00,-372.00,1033.78
-127.00,-372.00,1034.26
-122.00,-372.00,1034.48
-117.00,-372.00,1034.54
-112.00,-372.00,1034.65
-107.00,-372.00,1034.88
-102.00,-372.00,1034.95
-97.00,-372.00,1035.04
-92.00,-372.00,1035.09
-87.00,-372.00,1035.13
-82.00,-372.00,1035.18
-77.00,-372.00,1034.87
-72.00,-372.00,1033.51
-67.00,-372.00,1033.63
-62.00,-372.00,1034.22
-57.00,-372.00,1033.90
-52.00,-372.00,1033.68
-47.00,-372.00,1033.45
-42.00,-372.00,1033.54
-37.00,-372.00,1033.57
-32.00,-372.00,1033.59
-27.00,-372.00,1033.53
-22.00,-372.00,1033.59
-17.00,-372.00,1033.66
-12.00,-372.00,1033.69
-7.00,-372.00,1033.73
-2.00,-372.00,1033.81
3.00,-372.00,1033.75
8.00,-372.00,1033.82
13.00,-372.00,1033.76
18.00,-372.00,1033.76
23.00,-372.00,1033.88
28.00,-372.00,1033.83
33.00,-372.00,1033.76
38.00,-372.00,1033.64
43.00,-372.00,1033.75
48.00,-372.00,1033.83
53.00,-372.00,1033.83
58.00,-372.00,1033.72
63.00,-372.00,1033.76
68.00,-372.00,1033.79
73.00,-372.00,1033.75
78.00,-372.00,1033.78
83.00,-372.00,1033.90
88.00,-372.00,1034.03
93.00,-372.00,1035.16
98.00,-372.00,1034.59
103.00,-372.00,1033.79
108.00,-372.00,1033.77
113.00,-372.00,1033.75
118.00,-372.00,1032.38
123.00,-372.00,1031.47
128.00,-372.00,1029.89
133.00,-372.00,1029.87
138.00,-372.00,1029.85
143.00,-372.00,1029.89
148.00,-372.00,1029.84
153.00,-372.00,1029.84
158.00,-372.00,1029.81
163.00,-372.00,1029.87
168.00,-372.00,1030.54
173.00,-372.00,1031.85
178.00,-372.00,1032.20
183.00,-372.00,1031.79
188.00,-372.00,1031.60
193.00,-372.00,1031.81
198.00,-372.00,1031.59
203.00,-372.00,1031.64
208.00,-372.00,1031.64
213.00,-372.00,1031.68
218.00,-372.00,1031.70
223.00,-372.00,1031.64
228.00,-372.00,1031.60
233.00,-372.00,1031.59
238.00,-372.00,1031.63
243.00,-372.00,1031.68
248.00,-372.00,1031.56
253.00,-372.00,1031.42
258.00,-372.00,1030.75
263.00,-372.00,1030.61
268.00,-372.00,1030.35
273.00,-372.00,1030.66
278.00,-372.00,1031.60
283.00,-372.00,1031.73
288.00,-372.00,1031.78
293.00,-372.00,1031.78
298.00,-372.00,1031.70
303.00,-372.00,1031.67
308.00,-372.00,1031.75
313.00,-372.00,1031.77
318.00,-372.00,1031.85
323.00,-372.00,1031.86
328.00,-372.00,1031.79
333.00,-372.00,1031.75
338.00,-372.00,1031.83
343.00,-372.00,1031.79
348.00,-372.00,1031.83
353.00,-372.00,1031.93
358.00,-372.00,1031.91
-242.00,-367.00,1036.21
-237.00,-367.00,1036.12
-232.00,-367.00,1036.05
-227.00,-367.00,1035.87
-222.00,-367.00,1035.63
-217.00,-367.00,1035.55
-212.00,-367.00,1035.40
-207.00,-367.00,1035.21
-202.00,-367.00,1035.28
-197.00,-367.00,1035.33
-192.00,-367.00,1035.40
-187.00,-367.00,1035.39
-182.00,-367.00,1035.35
-177.00,-367.00,1035.18
-172.00,-367.00,1035.03
-167.00,-367.00,1034.92
-162.00,-367.00,1034.82
-157.00,-367.00,1034.72
-152.00,-367.00,1034.62
-147.00,-367.00,1034.48
-142.00,-367.00,1034.33
-137.00,-367.00,1033.83
-132.00,-367.00,1033.78
-127.00,-367.00,1034.44
-122.00,-367.00,1034.57
-117.00,-367.00,1034.59
-112.00,-367.00,1034.75
-107.00,-367.00,1034.97
-102.00,-367.00,1035.03
-97.00,-367.00,1035.17
-92.00,-367.00,1035.17
-87.00,-367.00,1035.13
-82.00,-367.00,1035.21
-77.00,-367.00,1034.88
-72.00,-367.00,1033.45
-67.00,-367.00,1033.77
-62.00,-367.00,1034.26
-57.00,-367.00,1033.86
-52.00,-367.00,1033.35
-47.00,-367.00,1033.46
-42.00,-367.00,1033.57
-37.00,-367.00,1033.56
-32.00,-367.00,1033.58
-27.00,-367.00,1033.49
-22.00,-367.00,1033.55
-17.00,-367.00,1033.55
-12.00,-367.00,1033.57
-7.00,-367.00,1033.78
-2.00,-367.00,1033.78
3.00,-367.00,1033.80
8.00,-367.00,1033.84
13.00,-367.00,1033.85
18.00,-367.00,1033.90
23.00,-367.00,1033.89
28.00,-367.00,1033.76
33.00,-367.00,1033.64
38.00,-367.00,1033.64
43.00,-367.00,1033.65
48.00,-367.00,1033.82
53.00,-367.00,1033.80
58.00,-367.00,1033.84
63.00,-367.00,1033.78
68.00,-367.00,1033.83
73.00,-367.00,1033.81
78.00,-367.00,1033.79
83.00,-367.00,1033.79
88.00,-367.00,1033.99
93.00,-367.00,1034.69
98.00,-367.00,1035.06
103.00,-367.00,1034.04
108.00,-367.00,1033.85
113.00,-367.00,1033.80
118.00,-367.00,1033.47
123.00,-367.00,1031.63
128.00,-367.00,1029.91
133.00,-367.00,1029.87
138.00,-367.00,1029.91
143.00,-367.00,1029.89
148.00,-367.00,1029.85
153.00,-367.00,1029.89
158.00,-367.00,1030.04
163.00,-367.00,1029.89
168.00,-367.00,1029.87
173.00,-367.00,1030.88
178.00,-367.00,1031.99
183.00,-367.00,1031.92
188.00,-367.00,1031.73
193.00,-367.00,1031.71
198.00,-367.00,1031.66
203.00,-367.00,1031.82
208.00,-367.00,1031.83
213.00,-367.00,1031.79
218.00,-367.00,1031.72
223.00,-367.00,1031.65
228.00,-367.00,1031.67
233.00,-367.00,1031.58
238.00,-367.00,1031.74
243.00,-367.00,1031.55
248.00,-367.00,1031.56
253.00,-367.00,1031.73
258.00,-367.00,1031.30
263.00,-367.00,1030.91
268.00,-367.00,1030.69
273.00,-367.00,1030.41
278.00,-367.00,1030.58
283.00,-367.00,1031.60
288.00,-367.00,1031.72
293.00,-367.00,1031.75
298.00,-367.00,1031.81
303.00,-367.00,1031.80
308.00,-367.00,1031.77
313.00,-367.00,1031.84
318.00,-367.00,1031.76
323.00,-367.00,1031.81
328.00,-367.00,1031.76
333.00,-367.00,1031.88
338.00,-367.00,1031.80
343.00,-367.00,1031.85
348.00,-367.00,1031.76
353.00,-367.00,1031.95
358.00,-367.00,1031.91
-242.00,-362.00,1036.12
-237.00,-362.00,1036.09
-232.00,-362.00,1036.00
-227.00,-362.00,1035.86
-222.00,-362.00,1035.66
-217.00,-362.00,1035.52
-212.00,-362.00,1035.44
-207.00,-362.00,1035.35
-202.00,-362.00,1035.38
-197.00,-362.00,1035.39
-192.00,-362.00,1035.44
-187.00,-362.00,1035.44
-182.00,-362.00,1035.30
-177.00,-362.00,1035.24
-172.00,-362.00,1035.02
-167.00,-362.00,1034.91
-162.00,-362.00,1034.82
-157.00,-362.00,1034.74
-152.00,-362.00,1034.62
-147.00,-362.00,1034.48
-142.00,-362.00,1034.16
-137.00,-362.00,1033.78
-132.00,-362.00,1034.03
-127.00,-362.00,1034.47
-122.00,-362.00,1034.59
-117.00,-362.00,1034.64
-112.00,-362.00,1034.88
-107.00,-362.00,1035.02
-102.00,-362.00,1035.11
-97.00,-362.00,1035.21
-92.00,-362.00,1035.14
-87.00,-362.00,1035.21
-82.00,-362.00,1035.27
-77.00,-362.00,1034.82
-72.00,-362.00,1033.52
-67.00,-362.00,1033.86
-62.00,-362.00,1034.27
-57.00,-362.00,1033.92
-52.00,-362.00,1033.33
-47.00,-362.00,1033.49
-42.00,-362.00,1033.59
-37.00,-362.00,1033.50
-32.00,-362.00,1033.53
-27.00,-362.00,1033.50
-22.00,-362.00,1033.58
-17.00,-362.00,1033.52
-12.00,-362.00,1033.51
-7.00,-362.00,1033.71
-2.00,-362.00,1033.74
3.00,-362.00,1033.84
8.00,-362.00,1033.82
13.00,-362.00,1033.87
18.00,-362.00,1033.87
23.00,-362.00,1033.82
28.00,-362.00,1033.71
33.00,-362.00,1033.70
38.00,-362.00,1033.67
43.00,-362.00,1033.67
48.00,-362.00,1033.83
53.00,-362.00,1033.80
58.00,-362.00,1033.94
63.00,-362.00,1033.74
68.00,-362.00,1033.82
73.00,-362.00,1033.83
78.00,-362.00,1033.80
83.00,-362.00,1033.76
88.00,-362.00,1033.92
93.00,-362.00,1034.21
98.00,-362.00,1035.35
103.00,-362.00,1034.23
108.00,-362.00,1033.85
113.00,-362.00,1033.93
118.00,-362.00,1033.80
123.00,-362.00,1032.09
128.00,-362.00,1030.94
133.00,-362.00,1029.88
138.00,-362.00,1029.89
143.00,-362.00,1029.87
148.00,-362.00,1029.87
153.00,-362.00,1029.89
158.00,-362.00,1030.07
163.00,-362.00,1030.29
168.00,-362.00,1030.20
173.00,-362.00,1030.03
178.00,-362.00,1031.00
183.00,-362.00,1031.96
188.00,-362.00,1031.82
193.00,-362.00,1031.61
198.00,-362.00,1031.77
203.00,-362.00,1031.75
208.00,-362.00,1031.84
213.00,-362.00,1031.88
218.00,-362.00,1031.78
223.00,-362.00,1031.79
228.00,-362.00,1031.64
233.00,-362.00,1031.82
238.00,-362.00,1031.61
243.00,-362.00,1031.57
248.00,-362.00,1031.66
253.00,-362.00,1031.57
258.00,-362.00,1031.31
263.00,-362.00,1031.34
268.00,-362.00,1031.00
273.00,-362.00,1030.84
278.00,-362.00,1030.43
283.00,-362.00,1030.72
288.00,-362.00,1031.66
293.00,-362.00,1031.74
298.00,-362.00,1031.84
303.00,-362.00,1031.81
308.00,-362.00,1031.83
313.00,-362.00,1031.85
318.00,-362.00,1031.85
323.00,-362.00,1031.88
328.00,-362.00,1031.74
333.00,-362.00,1031.87
338.00,-362.00,1031.88
343.00,-362.00,1031.74
348.00,-362.00,1031.90
353.00,-362.00,1031.89
358.00,-362.00,1032.00
-242.00,-357.00,1036.11
-237.00,-357.00,1036.02
-232.00,-357.00,1035.99
-227.00,-357.00,1035.84
-222.00,-357.00,1035.66
-217.00,-357.00,1035.50
-212.00,-357.00,1035.46
-207.00,-357.00,1035.47
-202.00,-357.00,1035.46
-197.00,-357.00,1035.48
-192.00,-357.00,1035.49
-187.00,-357.00,1035.43
-182.00,-357.00,1035.30
-177.00,-357.00,1035.24
-172.00,-357.00,1034.98
-167.00,-357.00,1034.91
-162.00,-357.00,1034.82
-157.00,-357.00,1034.75
-152.00,-357.00,1034.60
-147.00,-357.00,1034.32
-142.00,-357.00,1034.00
-137.00,-357.00,1033.80
-132.00,-357.00,1034.43
-127.00,-357.00,1034.59
-122.00,-357.00,1034.66
-117.00,-357.00,1034.75
-112.00,-357.00,1034.93
-107.00,-357.00,1035.05
-102.00,-357.00,1035.15
-97.00,-357.00,1035.24
-92.00,-357.00,1035.09
-87.00,-357.00,1035.33
-82.00,-357.00,1035.32
-77.00,-357.00,1034.77
-72.00,-357.00,1033.43
-67.00,-357.00,1033.93
-62.00,-357.00,1034.29
-57.00,-357.00,1033.90
-52.00,-357.00,1033.28
-47.00,-357.00,1033.50
-42.00,-357.00,1033.61
-37.00,-357.00,1033.56
-32.00,-357.00,1033.52
-27.00,-357.00,1033.53
-22.00,-357.00,1033.57
-17.00,-357.00,1033.48
-12.00,-357.00,1033.47
-7.00,-357.00,1033.64
-2.00,-357.00,1033.75
3.00,-357.00,1033.90
8.00,-357.00,1033.96
13.00,-357.00,1033.85
18.00,-357.00,1033.87
23.00,-357.00,1033.81
28.00,-357.00,1033.80
33.00,-357.00,1033.69
38.00,-357.00,1033.73
43.00,-357.00,1033.72
48.00,-357.00,1033.83
53.00,-357.00,1033.87
58.00,-357.00,1033.91
63.00,-357.00,1033.75
68.00,-357.00,1033.80
73.00,-357.00,1033.79
78.00,-357.00,1033.75
83.00,-357.00,1033.77
88.00,-357.00,1033.88
93.00,-357.00,1034.01
98.00,-357.00,1035.22
103.00,-357.00,1034.78
108.00,-357.00,1033.97
113.00,-357.00,1033.90
118.00,-357.00,1033.90
123.00,-357.00,1033.36
128.00,-357.00,1031.40
133.00,-357.00,1029.92
138.00,-357.00,1029.87
143.00,-357.00,1029.90
148.00,-357.00,1029.88
153.00,-357.00,1029.79
158.00,-357.00,1030.35
163.00,-357.00,1030.31
168.00,-357.00,1030.21
173.00,-357.00,1029.95
178.00,-357.00,1030.41
183.00,-357.00,1030.96
188.00,-357.00,1031.91
193.00,-357.00,1031.77
198.00,-357.00,1031.54
203.00,-357.00,1031.70
208.00,-357.00,1031.75
213.00,-357.00,1031.79
218.00,-357.00,1031.74
223.00,-357.00,1031.70
228.00,-357.00,1031.92
233.00,-357.00,1031.70
238.00,-357.00,1031.70
243.00,-357.00,1031.67
248.00,-357.00,1031.70
253.00,-357.00,1031.55
258.00,-357.00,1031.33
263.00,-357.00,1031.34
268.00,-357.00,1031.39
273.00,-357.00,1031.40
278.00,-357.00,1030.99
283.00,-357.00,1030.58
288.00,-357.00,1030.95
293.00,-357.00,1031.66
298.00,-357.00,1031.81
303.00,-357.00,1031.85
308.00,-357.00,1031.89
313.00,-357.00,1031.85
318.00,-357.00,1031.82
323.00,-357.00,1031.82
328.00,-357.00,1031.75
333.00,-357.00,1031.89
338.00,-357.00,1031.91
343.00,-357.00,1031.94
348.00,-357.00,1031.85
353.00,-357.00,1031.90
358.00,-357.00,1031.86
-242.00,-352.00,1036.16
-237.00,-352.00,1036.01
-232.00,-352.00,1036.00
-227.00,-352.00,1035.87
-222.00,-352.00,1035.70
-217.00,-352.00,1035.55
-212.00,-352.00,1035.45
-207.00,-352.00,1035.52
-202.00,-352.00,1035.54
-197.00,-352.00,1035.52
-192.00,-352.00,1035.51
-187.00,-352.00,1035.43
-182.00,-352.00,1035.35
-177.00,-352.00,1035.15
-172.00,-352.00,1034.94
-167.00,-352.00,1034.89
-162.00,-352.00,1034.83
-157.00,-352.00,1034.72
-152.00,-352.00,1034.39
-147.00,-352.00,1034.13
-142.00,-352.00,1033.90
-137.00,-352.00,1034.15
-132.00,-352.00,1034.56
-127.00,-352.00,1034.69
-122.00,-352.00,1034.71
-117.00,-352.00,1034.85
-112.00,-352.00,1034.98
-107.00,-352.00,1035.12
-102.00,-352.00,1035.20
-97.00,-352.00,1035.20
-92.00,-352.00,1035.12
-87.00,-352.00,1035.41
-82.00,-352.00,1035.34
-77.00,-352.00,1034.80
-72.00,-352.00,1033.49
-67.00,-352.00,1034.07
-62.00,-352.00,1034.34
-57.00,-352.00,1033.85
-52.00,-352.00,1033.27
-47.00,-352.00,1033.52
-42.00,-352.00,1033.63
-37.00,-352.00,1033.57
-32.00,-352.00,1033.55
-27.00,-352.00,1033.54
-22.00,-352.00,1033.55
-17.00,-352.00,1033.51
-12.00,-352.00,1033.50
-7.00,-352.00,1033.65
-2.00,-352.00,1033.98
3.00,-352.00,1034.15
8.00,-352.00,1033.92
13.00,-352.00,1033.91
18.00,-352.00,1033.92
23.00,-352.00,1033.83
28.00,-352.00,1033.82
33.00,-352.00,1033.76
38.00,-352.00,1033.77
43.00,-352.00,1033.76
48.00,-352.00,1033.84
53.00,-352.00,1033.91
58.00,-352.00,1033.83
63.00,-352.00,1033.84
68.00,-352.00,1033.83
73.00,-352.00,1033.78
78.00,-352.00,1033.74
83.00,-352.00,1033.79
88.00,-352.00,1033.80
93.00,-352.00,1034.01
98.00,-352.00,1034.58
103.00,-352.00,1035.16
108.00,-352.00,1034.32
113.00,-352.00,1033.92
118.00,-352.00,1033.93
123.00,-352.00,1033.91
128.00,-352.00,1032.02
133.00,-352.00,1030.49
138.00,-352.00,1029.87
143.00,-352.00,1029.90
148.00,-352.00,1029.89
153.00,-352.00,1029.90
158.00,-352.00,1030.30
163.00,-352.00,1030.39
168.00,-352.00,1029.85
173.00,-352.00,1029.88
178.00,-352.00,1029.97
183.00,-352.00,1030.58
188.00,-352.00,1031.17
193.00,-352.00,1031.94
198.00,-352.00,1031.70
203.00,-352.00,1031.55
208.00,-352.00,1031.74
213.00,-352.00,1031.79
218.00,-352.00,1031.82
223.00,-352.00,1031.92
228.00,-352.00,1031.90
233.00,-352.00,1031.89
238.00,-352.00,1031.79
243.00,-352.00,1031.61
248.00,-352.00,1031.76
253.00,-352.00,1031.46
258.00,-352.00,1031.54
263.00,-352.00,1031.34
268.00,-352.00,1031.32
273.00,-352.00,1031.58
278.00,-352.00,1031.40
283.00,-352.00,1031.03
288.00,-352.00,1030.49
293.00,-352.00,1031.02
298.00,-352.00,1031.76
303.00,-352.00,1031.79
308.00,-352.00,1031.81
313.00,-352.00,1031.86
318.00,-352.00,1031.88
323.00,-352.00,1031.82
328.00,-352.00,1031.74
333.00,-352.00,1031.89
338.00,-352.00,1031.97
343.00,-352.00,1032.01
348.00,-352.00,1032.01
353.00,-352.00,1031.87
358.00,-352.00,1031.92
-242.00,-347.00,1036.19
-237.00,-347.00,1036.05
-232.00,-347.00,1035.93
-227.00,-347.00,1035.84
-222.00,-347.00,1035.65
-217.00,-347.00,1035.59
-212.00,-347.00,1035.44
-207.00,-347.00,1035.58
-202.00,-347.00,1035.58
-197.00,-347.00,1035.62
-192.00,-347.00,1035.58
-187.00,-347.00,1035.44
-182.00,-347.00,1035.29
-177.00,-347.00,1035.12
-172.00,-347.00,1034.88
-167.00,-347.00,1034.87
-162.00,-347.00,1034.83
-157.00,-347.00,1034.59
-152.00,-347.00,1034.26
-147.00,-347.00,1034.00
-142.00,-347.00,1033.98
-137.00,-347.00,1034.55
-132.00,-347.00,1034.65
-127.00,-347.00,1034.77
-122.00,-347.00,1034.83
-117.00,-347.00,1034.96
-112.00,-347.00,1035.02
-107.00,-347.00,1035.17
-102.00,-347.00,1035.23
-97.00,-347.00,1035.13
-92.00,-347.00,1035.23
-87.00,-347.00,1035.45
-82.00,-347.00,1035.43
-77.00,-347.00,1034.77
-72.00,-347.00,1033.49
-67.00,-347.00,1034.15
-62.00,-347.00,1034.35
-57.00,-347.00,1033.93
-52.00,-347.00,1033.28
-47.00,-347.00,1033.57
-42.00,-347.00,1033.66
-37.00,-347.00,1033.60
-32.00,-347.00,1033.60
-27.00,-347.00,1033.52
-22.00,-347.00,1033.50
-17.00,-347.00,1033.53
-12.00,-347.00,1033.49
-7.00,-347.00,1033.93
-2.00,-347.00,1034.19
3.00,-347.00,1033.94
8.00,-347.00,1033.83
13.00,-347.00,1033.91
18.00,-347.00,1033.87
23.00,-347.00,1033.89
28.00,-347.00,1033.84
33.00,-347.00,1033.84
38.00,-347.00,1033.84
43.00,-347.00,1033.81
48.00,-347.00,1033.85
53.00,-347.00,1033.96
58.00,-347.00,1033.82
63.00,-347.00,1033.98
68.00,-347.00,1033.78
73.00,-347.00,1033.79
78.00,-347.00,1033.80
83.00,-347.00,1033.78
88.00,-347.00,1033.79
93.00,-347.00,1033.98
98.00,-347.00,1034.21
103.00,-347.00,1035.42
108.00,-347.00,1034.72
113.00,-347.00,1033.92
118.00,-347.00,1033.88
123.00,-347.00,1033.97
128.00,-347.00,1033.17
133.00,-347.00,1031.37
138.00,-347.00,1029.87
143.00,-347.00,1029.86
148.00,-347.00,1029.91
153.00,-347.00,1029.94
158.00,-347.00,1029.93
163.00,-347.00,1029.89
168.00,-347.00,1029.82
173.00,-347.00,1029.90
178.00,-347.00,1029.88
183.00,-347.00,1030.26
188.00,-347.00,1030.77
193.00,-347.00,1031.39
198.00,-347.00,1031.91
203.00,-347.00,1031.75
208.00,-347.00,1031.67
213.00,-347.00,1031.66
218.00,-347.00,1031.78
223.00,-347.00,1031.93
228.00,-347.00,1031.99
233.00,-347.00,1031.94
238.00,-347.00,1031.91
243.00,-347.00,1031.67
248.00,-347.00,1031.62
253.00,-347.00,1031.53
258.00,-347.00,1031.61
263.00,-347.00,1031.34
268.00,-347.00,1031.41
273.00,-347.00,1031.68
278.00,-347.00,1031.47
283.00,-347.00,1031.49
288.00,-347.00,1031.30
293.00,-347.00,1030.56
298.00,-347.00,1031.21
303.00,-347.00,1031.79
308.00,-347.00,1031.75
313.00,-347.00,1031.82
318.00,-347.00,1031.87
323.00,-347.00,1031.84
328.00,-347.00,1031.90
333.00,-347.00,1031.89
338.00,-347.00,1032.02
343.00,-347.00,1032.04
348.00,-347.00,1032.11
353.00,-347.00,1032.08
358.00,-347.00,1031.89
-242.00,-342.00,1036.13
-237.00,-342.00,1036.02
-232.00,-342.00,1035.90
-227.00,-342.00,1035.79
-222.00,-342.00,1035.65
-217.00,-342.00,1035.57
-212.00,-342.00,1035.41
-207.00,-342.00,1035.59
-202.00,-342.00,1035.66
-197.00,-342.00,1035.67
-192.00,-342.00,1035.57
-187.00,-342.00,1035.45
-182.00,-342.00,1035.28
-177.00,-342.00,1035.02
-172.00,-342.00,1034.91
-167.00,-342.00,1034.93
-162.00,-342.00,1034.80
-157.00,-342.00,1034.42
-152.00,-342.00,1034.12
-147.00,-342.00,1034.03
-142.00,-342.00,1034.45
-137.00,-342.00,1034.62
-132.00,-342.00,1034.78
-127.00,-342.00,1034.79
-122.00,-342.00,1034.94
-117.00,-342.00,1035.02
-112.00,-342.00,1035.10
-107.00,-342.00,1035.19
-102.00,-342.00,1035.07
-97.00,-342.00,1035.16
-92.00,-342.00,1035.25
-87.00,-342.00,1035.49
-82.00,-342.00,1035.42
-77.00,-342.00,1034.83
-72.00,-342.00,1033.48
-67.00,-342.00,1034.22
-62.00,-342.00,1034.35
-57.00,-342.00,1033.98
-52.00,-342.00,1033.35
-47.00,-342.00,1033.61
-42.00,-342.00,1033.69
-37.00,-342.00,1033.62
-32.00,-342.00,1033.56
-27.00,-342.00,1033.54
-22.00,-342.00,1033.54
-17.00,-342.00,1033.60
-12.00,-342.00,1033.78
-7.00,-342.00,1033.97
-2.00,-342.00,1033.84
3.00,-342.00,1033.81
8.00,-342.00,1033.87
13.00,-342.00,1033.90
18.00,-342.00,1033.93
23.00,-342.00,1033.90
28.00,-342.00,1033.82
33.00,-342.00,1033.86
38.00,-342.00,1033.82
43.00,-342.00,1033.79
48.00,-342.00,1033.85
53.00,-342.00,1033.91
58.00,-342.00,1033.98
63.00,-342.00,1033.94
68.00,-342.00,1033.76
73.00,-342.00,1033.81
78.00,-342.00,1033.80
83.00,-342.00,1033.82
88.00,-342.00,1033.86
93.00,-342.00,1033.94
98.00,-342.00,1034.14
103.00,-342.00,1035.24
108.00,-342.00,1035.40
113.00,-342.00,1034.18
118.00,-342.00,1033.84
123.00,-342.00,1033.95
128.00,-342.00,1034.02
133.00,-342.00,1032.02
138.00,-342.00,1029.95
143.00,-342.00,1029.88
148.00,-342.00,1029.91
153.00,-342.00,1029.90
158.00,-342.00,1029.83
163.00,-342.00,1029.88
168.00,-342.00,1029.88
173.00,-342.00,1029.88
178.00,-342.00,1029.89
183.00,-342.00,1029.92
188.00,-342.00,1029.88
193.00,-342.00,1030.30
198.00,-342.00,1031.44
203.00,-342.00,1031.73
208.00,-342.00,1031.82
213.00,-342.00,1031.80
218.00,-342.00,1031.76
223.00,-342.00,1031.85
228.00,-342.00,1032.00
233.00,-342.00,1031.96
238.00,-342.00,1031.75
243.00,-342.00,1031.90
248.00,-342.00,1031.81
253.00,-342.00,1031.61
258.00,-342.00,1031.63
263.00,-342.00,1031.39
268.00,-342.00,1031.39
273.00,-342.00,1031.44
278.00,-342.00,1031.55
283.00,-342.00,1031.49
288.00,-342.00,1031.48
293.00,-342.00,1031.37
298.00,-342.00,1030.71
303.00,-342.00,1031.26
308.00,-342.00,1031.78
313.00,-342.00,1031.79
318.00,-342.00,1031.83
323.00,-342.00,1031.90
328.00,-342.00,1031.96
333.00,-342.00,1031.86
338.00,-342.00,1031.94
343.00,-342.00,1032.05
348.00,-342.00,1032.09
353.00,-342.00,1032.11
358.00,-342.00,1032.14
-242.00,-337.00,1035.82
-237.00,-337.00,1035.88
-232.00,-337.00,1035.81
-227.00,-337.00,1035.57
-222.00,-337.00,1035.57
-217.00,-337.00,1035.51
-212.00,-337.00,1035.36
-207.00,-337.00,1035.62
-202.00,-337.00,1035.69
-197.00,-337.00,1035.71
-192.00,-337.00,1035.55
-187.00,-337.00,1035.44
-182.00,-337.00,1035.26
-177.00,-337.00,1035.06
-172.00,-337.00,1035.01
-167.00,-337.00,1034.93
-162.00,-337.00,1034.65
-157.00,-337.00,1034.26
-152.00,-337.00,1034.15
-147.00,-337.00,1034.45
-142.00,-337.00,1034.62
-137.00,-337.00,1034.80
-132.00,-337.00,1034.81
-127.00,-337.00,1034.88
-122.00,-337.00,1035.08
-117.00,-337.00,1035.07
-112.00,-337.00,1035.13
-107.00,-337.00,1035.14
-102.00,-337.00,1035.13
-97.00,-337.00,1035.17
-92.00,-337.00,1035.38
-87.00,-337.00,1035.56
-82.00,-337.00,1035.46
-77.00,-337.00,1034.83
-72.00,-337.00,1033.51
-67.00,-337.00,1034.28
-62.00,-337.00,1034.35
-57.00,-337.00,1034.43
-52.00,-337.00,1033.38
-47.00,-337.00,1033.64
-42.00,-337.00,1033.69
-37.00,-337.00,1033.65
-32.00,-337.00,1033.63
-27.00,-337.00,1033.60
-22.00,-337.00,1033.60
-17.00,-337.00,1033.70
-12.00,-337.00,1033.87
-7.00,-337.00,1033.80
-2.00,-337.00,1033.80
3.00,-337.00,1033.84
8.00,-337.00,1033.89
13.00,-337.00,1033.89
18.00,-337.00,1033.94
23.00,-337.00,1033.90
28.00,-337.00,1033.91
33.00,-337.00,1033.79
38.00,-337.00,1033.82
43.00,-337.00,1033.82
48.00,-337.00,1033.84
53.00,-337.00,1033.87
58.00,-337.00,1034.00
63.00,-337.00,1033.92
68.00,-337.00,1033.88
73.00,-337.00,1033.79
78.00,-337.00,1033.85
83.00,-337.00,1033.87
88.00,-337.00,1033.88
93.00,-337.00,1033.90
98.00,-337.00,1034.07
103.00,-337.00,1034.64
108.00,-337.00,1035.88
113.00,-337.00,1034.57
118.00,-337.00,1033.82
123.00,-337.00,1033.93
128.00,-337.00,1034.03
133.00,-337.00,1033.37
138.00,-337.00,1031.21
143.00,-337.00,1029.88
148.00,-337.00,1029.92
153.00,-337.00,1029.83
158.00,-337.00,1029.86
163.00,-337.00,1029.87
168.00,-337.00,1029.91
173.00,-337.00,1029.92
178.00,-337.00,1029.93
183.00,-337.00,1029.91
188.00,-337.00,1029.89
193.00,-337.00,1029.91
198.00,-337.00,1030.54
203.00,-337.00,1031.44
208.00,-337.00,1031.77
213.00,-337.00,1031.94
218.00,-337.00,1031.74
223.00,-337.00,1031.85
228.00,-337.00,1031.89
233.00,-337.00,1031.78
238.00,-337.00,1031.89
243.00,-337.00,1031.90
248.00,-337.00,1031.84
253.00,-337.00,1031.70
258.00,-337.00,1031.69
263.00,-337.00,1031.43
268.00,-337.00,1031.40
273.00,-337.00,1031.50
278.00,-337.00,1031.43
283.00,-337.00,1031.50
288.00,-337.00,1031.32
293.00,-337.00,1031.56
298.00,-337.00,1031.26
303.00,-337.00,1030.86
308.00,-337.00,1031.59
313.00,-337.00,1031.84
318.00,-337.00,1031.78
323.00,-337.00,1031.96
328.00,-337.00,1031.95
333.00,-337.00,1031.90
338.00,-337.00,1032.03
343.00,-337.00,1031.98
348.00,-337.00,1032.21
353.00,-337.00,1032.15
358.00,-337.00,1032.10
-242.00,-332.00,1035.53
-237.00,-332.00,1035.58
-232.00,-332.00,1035.54
-227.00,-332.00,1035.45
-222.00,-332.00,1035.47
-217.00,-332.00,1035.45
-212.00,-332.00,1035.36
-207.00,-332.00,1035.60
-202.00,-332.00,1035.71
-197.00,-332.00,1035.68
-192.00,-332.00,1035.50
-187.00,-332.00,1035.35
-182.00,-332.00,1035.19
-177.00,-332.00,1035.10
-172.00,-332.00,1035.03
-167.00,-332.00,1034.86
-162.00,-332.00,1034.44
-157.00,-332.00,1034.19
-152.00,-332.00,1034.36
-147.00,-332.00,1034.65
-142.00,-332.00,1034.73
-137.00,-332.00,1034.83
-132.00,-332.00,1034.87
-127.00,-332.00,1034.96
-122.00,-332.00,1035.10
-117.00,-332.00,1035.05
-112.00,-332.00,1035.18
-107.00,-332.00,1035.12
-102.00,-332.00,1035.22
-97.00,-332.00,1035.16
-92.00,-332.00,1035.47
-87.00,-332.00,1035.60
-82.00,-332.00,1035.52
-77.00,-332.00,1034.81
-72.00,-332.00,1033.58
-67.00,-332.00,1034.27
-62.00,-332.00,1034.37
-57.00,-332.00,1034.28
-52.00,-332.00,1033.45
-47.00,-332.00,1033.67
-42.00,-332.00,1033.74
-37.00,-332.00,1033.70
-32.00,-332.00,1033.69
-27.00,-332.00,1033.63
-22.00,-332.00,1033.60
-17.00,-332.00,1033.82
-12.00,-332.00,1033.86
-7.00,-332.00,1033.78
-2.00,-332.00,1033.84
3.00,-332.00,1033.82
8.00,-332.00,1033.85
13.00,-332.00,1033.86
18.00,-332.00,1033.86
23.00,-332.00,1033.88
28.00,-332.00,1033.85
33.00,-332.00,1033.79
38.00,-332.00,1033.83
43.00,-332.00,1033.86
48.00,-332.00,1033.84
53.00,-332.00,1033.89
58.00,-332.00,1033.97
63.00,-332.00,1033.92
68.00,-332.00,1033.91
73.00,-332.00,1033.82
78.00,-332.00,1033.86
83.00,-332.00,1033.88
88.00,-332.00,1033.90
93.00,-332.00,1033.92
98.00,-332.00,1034.07
103.00,-332.00,1034.26
108.00,-332.00,1035.80
113.00,-332.00,1034.96
118.00,-332.00,1034.01
123.00,-332.00,1033.90
128.00,-332.00,1033.94
133.00,-332.00,1034.03
138.00,-332.00,1031.83
143.00,-332.00,1029.90
148.00,-332.00,1029.85
153.00,-332.00,1029.86
158.00,-332.00,1029.82
163.00,-332.00,1029.91
168.00,-332.00,1029.92
173.00,-332.00,1029.93
178.00,-332.00,1029.91
183.00,-332.00,1029.90
188.00,-332.00,1029.89
193.00,-332.00,1029.87
198.00,-332.00,1029.87
203.00,-332.00,1031.07
208.00,-332.00,1031.34
213.00,-332.00,1031.87
218.00,-332.00,1031.77
223.00,-332.00,1031.86
228.00,-332.00,1031.67
233.00,-332.00,1031.98
238.00,-332.00,1032.15
243.00,-332.00,1031.90
248.00,-332.00,1031.90
253.00,-332.00,1031.72
258.00,-332.00,1031.56
263.00,-332.00,1031.48
268.00,-332.00,1031.50
273.00,-332.00,1031.52
278.00,-332.00,1031.51
283.00,-332.00,1031.56
288.00,-332.00,1031.38
293.00,-332.00,1031.58
298.00,-332.00,1031.38
303.00,-332.00,1031.02
308.00,-332.00,1031.09
313.00,-332.00,1031.74
318.00,-332.00,1031.91
323.00,-332.00,1032.02
328.00,-332.00,1032.01
333.00,-332.00,1031.92
338.00,-332.00,1032.03
343.00,-332.00,1032.02
348.00,-332.00,1032.02
353.00,-332.00,1032.05
358.00,-332.00,1032.13
-242.00,-327.00,1035.52
-237.00,-327.00,1035.50
-232.00,-327.00,1035.42
-227.00,-327.00,1035.43
-222.00,-327.00,1035.46
-217.00,-327.00,1035.37
-212.00,-327.00,1035.40
-207.00,-327.00,1035.62
-202.00,-327.00,1035.72
-197.00,-327.00,1035.64
-192.00,-327.00,1035.52
-187.00,-327.00,1035.33
-182.00,-327.00,1035.16
-177.00,-327.00,1035.12
-172.00,-327.00,1035.00
-167.00,-327.00,1034.63
-162.00,-327.00,1034.31
-157.00,-327.00,1034.34
-152.00,-327.00,1034.61
-147.00,-327.00,1034.75
-142.00,-327.00,1034.81
-137.00,-327.00,1034.90
-132.00,-327.00,1034.91
-127.00,-327.00,1035.06
-122.00,-327.00,1035.07
-117.00,-327.00,1035.10
-112.00,-327.00,1035.11
-107.00,-327.00,1035.24
-102.00,-327.00,1035.28
-97.00,-327.00,1035.24
-92.00,-327.00,1035.56
-87.00,-327.00,1035.61
-82.00,-327.00,1035.53
-77.00,-327.00,1034.85
-72.00,-327.00,1033.71
-67.00,-327.00,1034.31
-62.00,-327.00,1034.39
-57.00,-327.00,1034.16
-52.00,-327.00,1033.47
-47.00,-327.00,1033.69
-42.00,-327.00,1033.76
-37.00,-327.00,1033.78
-32.00,-327.00,1033.72
-27.00,-327.00,1033.65
-22.00,-327.00,1033.67
-17.00,-327.00,1033.93
-12.00,-327.00,1033.79
-7.00,-327.00,1033.79
-2.00,-327.00,1033.79
3.00,-327.00,1033.80
8.00,-327.00,1033.82
13.00,-327.00,1033.82
18.00,-327.00,1033.82
23.00,-327.00,1033.88
28.00,-327.00,1033.87
33.00,-327.00,1033.84
38.00,-327.00,1033.83
43.00,-327.00,1033.92
48.00,-327.00,1033.96
53.00,-327.00,1033.96
58.00,-327.00,1033.98
63.00,-327.00,1034.03
68.00,-327.00,1034.03
73.00,-327.00,1034.00
78.00,-327.00,1033.86
83.00,-327.00,1033.90
88.00,-327.00,1033.96
93.00,-327.00,1033.97
98.00,-327.00,1034.03
103.00,-327.00,1034.20
108.00,-327.00,1035.28
113.00,-327.00,1035.39
118.00,-327.00,1034.09
123.00,-327.00,1033.90
128.00,-327.00,1033.99
133.00,-327.00,1034.10
138.00,-327.00,1033.18
143.00,-327.00,1031.07
148.00,-327.00,1029.88
153.00,-327.00,1029.90
158.00,-327.00,1029.88
163.00,-327.00,1029.85
168.00,-327.00,1029.86
173.00,-327.00,1029.86
178.00,-327.00,1029.91
183.00,-327.00,1029.86
188.00,-327.00,1029.88
193.00,-327.00,1029.90
198.00,-327.00,1029.86
203.00,-327.00,1029.85
208.00,-327.00,1030.60
213.00,-327.00,1031.31
218.00,-327.00,1031.57
223.00,-327.00,1031.71
228.00,-327.00,1031.77
233.00,-327.00,1031.94
238.00,-327.00,1032.09
243.00,-327.00,1032.12
248.00,-327.00,1031.96
253.00,-327.00,1031.75
258.00,-327.00,1031.68
263.00,-327.00,1031.60
268.00,-327.00,1031.57
273.00,-327.00,1031.47
278.00,-327.00,1031.56
283.00,-327.00,1031.54
288.00,-327.00,1031.47
293.00,-327.00,1031.64
298.00,-327.00,1031.45
303.00,-327.00,1031.38
308.00,-327.00,1030.95
313.00,-327.00,1031.31
318.00,-327.00,1032.02
323.00,-327.00,1032.06
328.00,-327.00,1032.09
333.00,-327.00,1032.09
338.00,-327.00,1032.09
343.00,-327.00,1032.12
348.00,-327.00,1032.09
353.00,-327.00,1032.17
358.00,-327.00,1032.24
-242.00,-322.00,1035.50
-237.00,-322.00,1035.46
-232.00,-322.00,1035.37
-227.00,-322.00,1035.46
-222.00,-322.00,1035.46
-217.00,-322.00,1035.42
-212.00,-322.00,1035.38
-207.00,-322.00,1035.61
-202.00,-322.00,1035.71
-197.00,-322.00,1035.58
-192.00,-322.00,1035.44
-187.00,-322.00,1035.25
-182.00,-322.00,1035.16
-177.00,-322.00,1035.09
-172.00,-322.00,1034.81
-167.00,-322.00,1034.38
-162.00,-322.00,1034.33
-157.00,-322.00,1034.59
-152.00,-322.00,1034.77
-147.00,-322.00,1034.86
-142.00,-322.00,1034.94
-137.00,-322.00,1034.93
-132.00,-322.00,1035.05
-127.00,-322.00,1035.08
-122.00,-322.00,1035.11
-117.00,-322.00,1035.18
-112.00,-322.00,1035.18
-107.00,-322.00,1035.37
-102.00,-322.00,1035.32
-97.00,-322.00,1035.32
-92.00,-322.00,1035.49
-87.00,-322.00,1035.60
-82.00,-322.00,1035.58
-77.00,-322.00,1034.82
-72.00,-322.00,1033.75
-67.00,-322.00,1034.34
-62.00,-322.00,1034.42
-57.00,-322.00,1034.27
-52.00,-322.00,1033.51
-47.00,-322.00,1033.74
-42.00,-322.00,1033.82
-37.00,-322.00,1033.83
-32.00,-322.00,1033.75
-27.00,-322.00,1033.74
-22.00,-322.00,1033.74
-17.00,-322.00,1033.94
-12.00,-322.00,1033.81
-7.00,-322.00,1033.75
-2.00,-322.00,1033.76
3.00,-322.00,1033.78
8.00,-322.00,1033.85
13.00,-322.00,1033.89
18.00,-322.00,1033.85
23.00,-322.00,1033.90
28.00,-322.00,1033.90
33.00,-322.00,1033.93
38.00,-322.00,1033.94
43.00,-322.00,1034.00
48.00,-322.00,1034.00
53.00,-322.00,1034.02
58.00,-322.00,1033.99
63.00,-322.00,1034.03
68.00,-322.00,1034.01
73.00,-322.00,1034.07
78.00,-322.00,1033.86
83.00,-322.00,1033.95
88.00,-322.00,1033.97
93.00,-322.00,1033.95
98.00,-322.00,1033.97
103.00,-322.00,1034.15
108.00,-322.00,1034.73
113.00,-322.00,1035.65
118.00,-322.00,1034.45
123.00,-322.00,1033.98
128.00,-322.00,1033.92
133.00,-322.00,1034.06
138.00,-322.00,1034.03
143.00,-322.00,1032.07
148.00,-322.00,1030.42
153.00,-322.00,1029.88
158.00,-322.00,1029.91
163.00,-322.00,1029.89
168.00,-322.00,1029.85
173.00,-322.00,1029.88
178.00,-322.00,1029.84
183.00,-322.00,1029.89
188.00,-322.00,1029.90
193.00,-322.00,1029.90
198.00,-322.00,1029.86
203.00,-322.00,1029.89
208.00,-322.00,1029.86
213.00,-322.00,1030.29
218.00,-322.00,1031.26
223.00,-322.00,1031.54
228.00,-322.00,1031.86
233.00,-322.00,1031.84
238.00,-322.00,1031.99
243.00,-322.00,1032.17
248.00,-322.00,1032.12
253.00,-322.00,1031.79
258.00,-322.00,1031.87
263.00,-322.00,1031.70
268.00,-322.00,1031.51
273.00,-322.00,1031.56
278.00,-322.00,1031.53
283.00,-322.00,1031.54
288.00,-322.00,1031.56
293.00,-322.00,1031.47
298.00,-322.00,1031.58
303.00,-322.00,1031.42
308.00,-322.00,1031.48
313.00,-322.00,1030.97
318.00,-322.00,1031.49
323.00,-322.00,1031.77
328.00,-322.00,1032.02
333.00,-322.00,1032.18
338.00,-322.00,1032.09
343.00,-322.00,1032.15
348.00,-322.00,1032.15
353.00,-322.00,1032.11
358.00,-322.00,1032.21
-242.00,-317.00,1035.54
-237.00,-317.00,1035.47
-232.00,-317.00,1035.44
-227.00,-317.00,1035.46
-222.00,-317.00,1035.42
-217.00,-317.00,1035.37
-212.00,-317.00,1035.35
-207.00,-317.00,1035.62
-202.00,-317.00,1035.68
-197.00,-317.00,1035.53
-192.00,-317.00,1035.37
-187.00,-317.00,1035.20
-182.00,-317.00,1035.21
-177.00,-317.00,1034.99
-172.00,-317.00,1034.49
-167.00,-317.00,1034.31
-162.00,-317.00,1034.56
-157.00,-317.00,1034.73
-152.00,-317.00,1034.80
-147.00,-317.00,1034.92
-142.00,-317.00,1034.99
-137.00,-317.00,1035.00
-132.00,-317.00,1035.06
-127.00,-317.00,1035.11
-122.00,-317.00,1035.18
-117.00,-317.00,1035.16
-112.00,-317.00,1035.25
-107.00,-317.00,1035.78
-102.00,-317.00,1035.35
-97.00,-317.00,1035.36
-92.00,-317.00,1035.47
-87.00,-317.00,1035.57
-82.00,-317.00,1035.53
-77.00,-317.00,1034.89
-72.00,-317.00,1033.72
-67.00,-317.00,1034.31
-62.00,-317.00,1034.46
-57.00,-317.00,1034.28
-52.00,-317.00,1033.48
-47.00,-317.00,1033.79
-42.00,-317.00,1033.87
-37.00,-317.00,1033.83
-32.00,-317.00,1033.78
-27.00,-317.00,1033.75
-22.00,-317.00,1033.75
-17.00,-317.00,1033.81
-12.00,-317.00,1033.90
-7.00,-317.00,1033.79
-2.00,-317.00,1033.79
3.00,-317.00,1033.79
8.00,-317.00,1033.79
13.00,-317.00,1033.81
18.00,-317.00,1033.83
23.00,-317.00,1033.89
28.00,-317.00,1033.96
33.00,-317.00,1033.94
38.00,-317.00,1033.98
43.00,-317.00,1034.00
48.00,-317.00,1033.95
53.00,-317.00,1034.01
58.00,-317.00,1033.98
63.00,-317.00,1034.03
68.00,-317.00,1034.00
73.00,-317.00,1034.08
78.00,-317.00,1033.83
83.00,-317.00,1034.02
88.00,-317.00,1034.03
93.00,-317.00,1033.96
98.00,-317.00,1034.00
103.00,-317.00,1034.09
108.00,-317.00,1034.40
113.00,-317.00,1035.67
118.00,-317.00,1034.65
123.00,-317.00,1034.03
128.00,-317.00,1033.95
133.00,-317.00,1033.93
138.00,-317.00,1034.18
143.00,-317.00,1033.07
148.00,-317.00,1031.68
153.00,-317.00,1029.90
158.00,-317.00,1029.89
163.00,-317.00,1029.91
168.00,-317.00,1029.88
173.00,-317.00,1029.90
178.00,-317.00,1029.90
183.00,-317.00,1029.87
188.00,-317.00,1029.90
193.00,-317.00,1029.89
198.00,-317.00,1029.90
203.00,-317.00,1029.91
208.00,-317.00,1029.87
213.00,-317.00,1029.89
218.00,-317.00,1031.04
223.00,-317.00,1031.26
228.00,-317.00,1031.53
233.00,-317.00,1031.95
238.00,-317.00,1032.16
243.00,-317.00,1032.11
248.00,-317.00,1032.09
253.00,-317.00,1031.84
258.00,-317.00,1032.09
263.00,-317.00,1031.88
268.00,-317.00,1031.62
273.00,-317.00,1031.55
278.00,-317.00,1031.70
283.00,-317.00,1031.62
288.00,-317.00,1031.58
293.00,-317.00,1031.46
298.00,-317.00,1031.60
303.00,-317.00,1031.55
308.00,-317.00,1031.86
313.00,-317.00,1031.31
318.00,-317.00,1031.13
323.00,-317.00,1031.54
328.00,-317.00,1031.80
333.00,-317.00,1032.05
338.00,-317.00,1032.12
343.00,-317.00,1032.10
348.00,-317.00,1032.09
353.00,-317.00,1032.22
358.00,-317.00,1032.20
-242.00,-312.00,1035.39
-237.00,-312.00,1035.40
-232.00,-312.00,1035.47
-227.00,-312.00,1035.42
-222.00,-312.00,1035.34
-217.00,-312.00,1035.35
-212.00,-312.00,1035.35
-207.00,-312.00,1035.65
-202.00,-312.00,1035.67
-197.00,-312.00,1035.51
-192.00,-312.00,1035.35
-187.00,-312.00,1035.28
-182.00,-312.00,1035.24
-177.00,-312.00,1034.81
-172.00,-312.00,1034.29
-167.00,-312.00,1034.43
-162.00,-312.00,1034.65
-157.00,-312.00,1034.75
-152.00,-312.00,1034.84
-147.00,-312.00,1035.02
-142.00,-312.00,1035.05
-137.00,-312.00,1035.01
-132.00,-312.00,1035.11
-127.00,-312.00,1035.16
-122.00,-312.00,1035.19
-117.00,-312.00,1035.21
-112.00,-312.00,1035.42
-107.00,-312.00,1035.70
-102.00,-312.00,1035.34
-97.00,-312.00,1035.40
-92.00,-312.00,1035.48
-87.00,-312.00,1035.55
-82.00,-312.00,1035.57
-77.00,-312.00,1034.90
-72.00,-312.00,1033.71
-67.00,-312.00,1034.30
-62.00,-312.00,1034.48
-57.00,-312.00,1034.41
-52.00,-312.00,1033.56
-47.00,-312.00,1033.84
-42.00,-312.00,1033.90
-37.00,-312.00,1033.81
-32.00,-312.00,1033.81
-27.00,-312.00,1033.73
-22.00,-312.00,1033.74
-17.00,-312.00,1033.74
-12.00,-312.00,1033.93
-7.00,-312.00,1033.90
-2.00,-312.00,1033.75
3.00,-312.00,1033.78
8.00,-312.00,1033.85
13.00,-312.00,1033.89
18.00,-312.00,1033.89
23.00,-312.00,1033.90
28.00,-312.00,1033.88
33.00,-312.00,1033.99
38.00,-312.00,1034.04
43.00,-312.00,1034.02
48.00,-312.00,1033.96
53.00,-312.00,1034.00
58.00,-312.00,1034.00
63.00,-312.00,1034.05
68.00,-312.00,1034.01
73.00,-312.00,1034.10
78.00,-312.00,1033.90
83.00,-312.00,1034.06
88.00,-312.00,1034.10
93.00,-312.00,1034.04
98.00,-312.00,1034.01
103.00,-312.00,1034.07
108.00,-312.00,1034.25
113.00,-312.00,1035.26
118.00,-312.00,1034.69
123.00,-312.00,1034.01
128.00,-312.00,1034.01
133.00,-312.00,1033.99
138.00,-312.00,1034.09
143.00,-312.00,1034.00
148.00,-312.00,1032.79
153.00,-312.00,1030.57
158.00,-312.00,1030.11
163.00,-312.00,1030.01
168.00,-312.00,1029.88
173.00,-312.00,1029.87
178.00,-312.00,1029.89
183.00,-312.00,1029.88
188.00,-312.00,1029.88
193.00,-312.00,1029.86
198.00,-312.00,1029.86
203.00,-312.00,1029.89
208.00,-312.00,1029.86
213.00,-312.00,1029.89
218.00,-312.00,1029.94
223.00,-312.00,1030.72
228.00,-312.00,1031.07
233.00,-312.00,1031.57
238.00,-312.00,1032.12
243.00,-312.00,1032.04
248.00,-312.00,1032.10
253.00,-312.00,1032.00
258.00,-312.00,1032.09
263.00,-312.00,1032.13
268.00,-312.00,1031.79
273.00,-312.00,1031.55
278.00,-312.00,1031.60
283.00,-312.00,1031.59
288.00,-312.00,1031.63
293.00,-312.00,1031.48
298.00,-312.00,1031.61
303.00,-312.00,1031.71
308.00,-312.00,1031.87
313.00,-312.00,1031.90
318.00,-312.00,1031.11
323.00,-312.00,1031.35
328.00,-312.00,1031.60
333.00,-312.00,1031.73
338.00,-312.00,1032.09
343.00,-312.00,1032.01
348.00,-312.00,1032.04
353.00,-312.00,1032.10
358.00,-312.00,1032.23
-242.00,-307.00,1035.34
-237.00,-307.00,1035.33
-232.00,-307.00,1035.44
-227.00,-307.00,1035.40
-222.00,-307.00,1035.30
-217.00,-307.00,1035.38
-212.00,-307.00,1035.43
-207.00,-307.00,1035.60
-202.00,-307.00,1035.63
-197.00,-307.00,1035.47
-192.00,-307.00,1035.42
-187.00,-307.00,1035.36
-182.00,-307.00,1035.17
-177.00,-307.00,1034.35
-172.00,-307.00,1034.33
-167.00,-307.00,1034.54
-162.00,-307.00,1034.73
-157.00,-307.00,1034.85
-152.00,-307.00,1034.95
-147.00,-307.00,1035.10
-142.00,-307.00,1035.08
-137.00,-307.00,1035.10
-132.00,-307.00,1035.17
-127.00,-307.00,1035.21
-122.00,-307.00,1035.21
-117.00,-307.00,1035.21
-112.00,-307.00,1035.33
-107.00,-307.00,1035.52
-102.00,-307.00,1035.33
-97.00,-307.00,1035.39
-92.00,-307.00,1035.52
-87.00,-307.00,1035.57
-82.00,-307.00,1035.57
-77.00,-307.00,1034.87
-72.00,-307.00,1033.76
-67.00,-307.00,1034.32
-62.00,-307.00,1034.49
-57.00,-307.00,1034.50
-52.00,-307.00,1033.62
-47.00,-307.00,1033.83
-42.00,-307.00,1033.94
-37.00,-307.00,1033.88
-32.00,-307.00,1033.82
-27.00,-307.00,1033.75
-22.00,-307.00,1033.77
-17.00,-307.00,1033.73
-12.00,-307.00,1033.83
-7.00,-307.00,1033.92
-2.00,-307.00,1033.97
3.00,-307.00,1033.84
8.00,-307.00,1033.83
13.00,-307.00,1033.84
18.00,-307.00,1033.85
23.00,-307.00,1033.96
28.00,-307.00,1034.01
33.00,-307.00,1034.09
38.00,-307.00,1033.94
43.00,-307.00,1034.08
48.00,-307.00,1034.05
53.00,-307.00,1033.98
58.00,-307.00,1034.04
63.00,-307.00,1034.09
68.00,-307.00,1034.04
73.00,-307.00,1034.14
78.00,-307.00,1033.93
83.00,-307.00,1034.06
88.00,-307.00,1034.10
93.00,-307.00,1034.08
98.00,-307.00,1034.04
103.00,-307.00,1034.09
108.00,-307.00,1034.16
113.00,-307.00,1034.62
118.00,-307.00,1034.59
123.00,-307.00,1034.13
128.00,-307.00,1034.07
133.00,-307.00,1033.93
138.00,-307.00,1034.01
143.00,-307.00,1034.27
148.00,-307.00,1033.54
153.00,-307.00,1031.77
158.00,-307.00,1030.51
163.00,-307.00,1030.67
168.00,-307.00,1030.11
173.00,-307.00,1029.89
178.00,-307.00,1029.86
183.00,-307.00,1029.92
188.00,-307.00,1029.89
193.00,-307.00,1029.87
198.00,-307.00,1029.89
203.00,-307.00,1029.88
208.00,-307.00,1029.86
213.00,-307.00,1029.88
218.00,-307.00,1029.87
223.00,-307.00,1030.00
228.00,-307.00,1030.18
233.00,-307.00,1030.89
238.00,-307.00,1031.71
243.00,-307.00,1031.94
248.00,-307.00,1032.02
253.00,-307.00,1032.03
258.00,-307.00,1031.98
263.00,-307.00,1032.04
268.00,-307.00,1032.04
273.00,-307.00,1031.64
278.00,-307.00,1031.65
283.00,-307.00,1031.62
288.00,-307.00,1031.57
293.00,-307.00,1031.52
298.00,-307.00,1031.57
303.00,-307.00,1031.65
308.00,-307.00,1031.83
313.00,-307.00,1031.94
318.00,-307.00,1031.87
323.00,-307.00,1031.21
328.00,-307.00,1031.16
333.00,-307.00,1031.60
338.00,-307.00,1031.65
343.00,-307.00,1031.81
348.00,-307.00,1031.89
353.00,-307.00,1031.97
358.00,-307.00,1032.06
-242.00,-302.00,1035.35
-237.00,-302.00,1035.37
-232.00,-302.00,1035.46
-227.00,-302.00,1035.39
-222.00,-302.00,1035.35
-217.00,-302.00,1035.38
-212.00,-302.00,1035.53
-207.00,-302.00,1035.58
-202.00,-302.00,1035.60
-197.00,-302.00,1035.49
-192.00,-302.00,1035.45
-187.00,-302.00,1035.40
-182.00,-302.00,1035.00
-177.00,-302.00,1034.34
-172.00,-302.00,1034.43
-167.00,-302.00,1034.66
-162.00,-302.00,1034.87
-157.00,-302.00,1034.90
-152.00,-302.00,1035.14
-147.00,-302.00,1035.18
-142.00,-302.00,1035.12
-137.00,-302.00,1035.19
-132.00,-302.00,1035.23
-127.00,-302.00,1035.25
-122.00,-302.00,1035.24
-117.00,-302.00,1035.20
-112.00,-302.00,1035.21
-107.00,-302.00,1035.31
-102.00,-302.00,1035.29
-97.00,-302.00,1035.47
-92.00,-302.00,1035.48
-87.00,-302.00,1035.63
-82.00,-302.00,1035.51
-77.00,-302.00,1034.88
-72.00,-302.00,1033.76
-67.00,-302.00,1034.35
-62.00,-302.00,1034.55
-57.00,-302.00,1034.47
-52.00,-302.00,1033.73
-47.00,-302.00,1033.87
-42.00,-302.00,1033.99
-37.00,-302.00,1033.92
-32.00,-302.00,1033.84
-27.00,-302.00,1033.78
-22.00,-302.00,1033.78
-17.00,-302.00,1033.77
-12.00,-302.00,1033.77
-7.00,-302.00,1033.88
-2.00,-302.00,1034.00
3.00,-302.00,1033.86
8.00,-302.00,1033.89
13.00,-302.00,1033.92
18.00,-302.00,1034.06
23.00,-302.00,1034.23
28.00,-302.00,1034.35
33.00,-302.00,1034.09
38.00,-302.00,1034.05
43.00,-302.00,1034.10
48.00,-302.00,1034.07
53.00,-302.00,1034.00
58.00,-302.00,1034.11
63.00,-302.00,1034.14
68.00,-302.00,1034.05
73.00,-302.00,1034.17
78.00,-302.00,1034.05
83.00,-302.00,1034.10
88.00,-302.00,1034.13
93.00,-302.00,1034.11
98.00,-302.00,1034.07
103.00,-302.00,1034.06
108.00,-302.00,1034.11
113.00,-302.00,1034.30
118.00,-302.00,1034.64
123.00,-302.00,1034.29
128.00,-302.00,1034.09
133.00,-302.00,1033.92
138.00,-302.00,1034.03
143.00,-302.00,1034.25
148.00,-302.00,1033.83
153.00,-302.00,1032.87
158.00,-302.00,1030.92
163.00,-302.00,1030.57
168.00,-302.00,1030.91
173.00,-302.00,1030.40
178.00,-302.00,1029.92
183.00,-302.00,1029.91
188.00,-302.00,1029.89
193.00,-302.00,1029.91
198.00,-302.00,1029.91
203.00,-302.00,1029.90
208.00,-302.00,1029.87
213.00,-302.00,1029.89
218.00,-302.00,1029.86
223.00,-302.00,1029.89
228.00,-302.00,1029.89
233.00,-302.00,1030.27
238.00,-302.00,1030.88
243.00,-302.00,1031.33
248.00,-302.00,1031.76
253.00,-302.00,1032.02
258.00,-302.00,1032.03
263.00,-302.00,1032.09
268.00,-302.00,1031.89
273.00,-302.00,1031.78
278.00,-302.00,1031.64
283.00,-302.00,1031.63
288.00,-302.00,1031.62
293.00,-302.00,1031.55
298.00,-302.00,1031.72
303.00,-302.00,1031.66
308.00,-302.00,1031.74
313.00,-302.00,1031.76
318.00,-302.00,1031.79
323.00,-302.00,1031.73
328.00,-302.00,1031.48
333.00,-302.00,1031.04
338.00,-302.00,1031.62
343.00,-302.00,1031.73
348.00,-302.00,1032.04
353.00,-302.00,1032.00
358.00,-302.00,1031.95
-242.00,-297.00,1035.41
-237.00,-297.00,1035.40
-232.00,-297.00,1035.40
-227.00,-297.00,1035.37
-222.00,-297.00,1035.39
-217.00,-297.00,1035.41
-212.00,-297.00,1035.56
-207.00,-297.00,1035.59
-202.00,-297.00,1035.59
-197.00,-297.00,1035.50
-192.00,-297.00,1035.43
-187.00,-297.00,1035.39
-182.00,-297.00,1034.63
-177.00,-297.00,1034.41
-172.00,-297.00,1034.58
-167.00,-297.00,1034.83
-162.00,-297.00,1035.00
-157.00,-297.00,1035.11
-152.00,-297.00,1035.28
-147.00,-297.00,1035.23
-142.00,-297.00,1035.23
-137.00,-297.00,1035.26
-132.00,-297.00,1035.23
-127.00,-297.00,1035.26
-122.00,-297.00,1035.25
-117.00,-297.00,1035.25
-112.00,-297.00,1035.26
-107.00,-297.00,1035.28
-102.00,-297.00,1035.19
-97.00,-297.00,1035.34
-92.00,-297.00,1035.47
-87.00,-297.00,1035.61
-82.00,-297.00,1035.45
-77.00,-297.00,1034.95
-72.00,-297.00,1033.80
-67.00,-297.00,1034.35
-62.00,-297.00,1034.55
-57.00,-297.00,1034.48
-52.00,-297.00,1033.90
-47.00,-297.00,1033.90
-42.00,-297.00,1034.05
-37.00,-297.00,1033.94
-32.00,-297.00,1033.89
-27.00,-297.00,1033.81
-22.00,-297.00,1033.84
-17.00,-297.00,1033.82
-12.00,-297.00,1033.83
-7.00,-297.00,1033.92
-2.00,-297.00,1033.98
3.00,-297.00,1034.00
8.00,-297.00,1033.90
13.00,-297.00,1034.06
18.00,-297.00,1034.02
23.00,-297.00,1034.09
28.00,-297.00,1033.87
33.00,-297.00,1034.35
38.00,-297.00,1034.07
43.00,-297.00,1034.02
48.00,-297.00,1034.04
53.00,-297.00,1034.06
58.00,-297.00,1034.18
63.00,-297.00,1034.19
68.00,-297.00,1034.10
73.00,-297.00,1034.23
78.00,-297.00,1034.05
83.00,-297.00,1034.11
88.00,-297.00,1034.13
93.00,-297.00,1034.16
98.00,-297.00,1034.09
103.00,-297.00,1034.09
108.00,-297.00,1034.16
113.00,-297.00,1034.22
118.00,-297.00,1034.59
123.00,-297.00,1034.71
128.00,-297.00,1034.07
133.00,-297.00,1033.95
138.00,-297.00,1034.03
143.00,-297.00,1034.08
148.00,-297.00,1034.31
153.00,-297.00,1033.80
158.00,-297.00,1031.69
163.00,-297.00,1030.66
168.00,-297.00,1030.84
173.00,-297.00,1031.09
178.00,-297.00,1029.85
183.00,-297.00,1029.85
188.00,-297.00,1029.88
193.00,-297.00,1029.88
198.00,-297.00,1029.88
203.00,-297.00,1029.88
208.00,-297.00,1029.87
213.00,-297.00,1029.88
218.00,-297.00,1029.88
223.00,-297.00,1029.88
228.00,-297.00,1029.89
233.00,-297.00,1029.91
238.00,-297.00,1029.89
243.00,-297.00,1031.13
248.00,-297.00,1031.27
253.00,-297.00,1031.73
258.00,-297.00,1031.97
263.00,-297.00,1031.91
268.00,-297.00,1032.18
273.00,-297.00,1032.03
278.00,-297.00,1031.76
283.00,-297.00,1031.63
288.00,-297.00,1031.57
293.00,-297.00,1031.59
298.00,-297.00,1031.71
303.00,-297.00,1031.71
308.00,-297.00,1031.74
313.00,-297.00,1031.85
318.00,-297.00,1031.80
323.00,-297.00,1031.80
328.00,-297.00,1031.76
333.00,-297.00,1031.59
338.00,-297.00,1031.09
343.00,-297.00,1031.42
348.00,-297.00,1031.89
353.00,-297.00,1031.88
358.00,-297.00,1031.92
-242.00,-292.00,1035.41
-237.00,-292.00,1035.42
-232.00,-292.00,1035.47
-227.00,-292.00,1035.35
-222.00,-292.00,1035.39
-217.00,-292.00,1035.43
-212.00,-292.00,1035.52
-207.00,-292.00,1035.55
-202.00,-292.00,1035.50
-197.00,-292.00,1035.44
-192.00,-292.00,1035.40
-187.00,-292.00,1035.35
-182.00,-292.00,1034.55
-177.00,-292.00,1034.48
-172.00,-292.00,1034.68
-167.00,-292.00,1035.02
-162.00,-292.00,1035.16
-157.00,-292.00,1035.29
-152.00,-292.00,1035.34
-147.00,-292.00,1035.37
-142.00,-292.00,1035.35
-137.00,-292.00,1035.33
-132.00,-292.00,1035.20
-127.00,-292.00,1035.23
-122.00,-292.00,1035.23
-117.00,-292.00,1035.12
-112.00,-292.00,1035.03
-107.00,-292.00,1034.96
-102.00,-292.00,1035.14
-97.00,-292.00,1035.25
-92.00,-292.00,1035.49
-87.00,-292.00,1035.53
-82.00,-292.00,1035.40
-77.00,-292.00,1034.95
-72.00,-292.00,1033.85
-67.00,-292.00,1034.38
-62.00,-292.00,1034.57
-57.00,-292.00,1034.50
-52.00,-292.00,1033.99
-47.00,-292.00,1033.94
-42.00,-292.00,1034.10
-37.00,-292.00,1033.97
-32.00,-292.00,1033.96
-27.00,-292.00,1033.89
-22.00,-292.00,1033.82
-17.00,-292.00,1033.86
-12.00,-292.00,1033.90
-7.00,-292.00,1033.95
-2.00,-292.00,1034.02
3.00,-292.00,1034.05
8.00,-292.00,1033.94
13.00,-292.00,1033.86
18.00,-292.00,1033.99
23.00,-292.00,1033.99
28.00,-292.00,1034.08
33.00,-292.00,1034.09
38.00,-292.00,1034.04
43.00,-292.00,1034.07
48.00,-292.00,1034.11
53.00,-292.00,1034.15
58.00,-292.00,1034.20
63.00,-292.00,1034.22
68.00,-292.00,1034.19
73.00,-292.00,1034.25
78.00,-292.00,1034.09
83.00,-292.00,1034.12
88.00,-292.00,1034.14
93.00,-292.00,1034.13
98.00,-292.00,1034.07
103.00,-292.00,1034.16
108.00,-292.00,1034.16
113.00,-292.00,1034.22
118.00,-292.00,1034.56
123.00,-292.00,1034.93
128.00,-292.00,1034.07
133.00,-292.00,1034.02
138.00,-292.00,1033.89
143.00,-292.00,1034.07
148.00,-292.00,1034.33
153.00,-292.00,1034.03
158.00,-292.00,1032.82
163.00,-292.00,1031.08
168.00,-292.00,1030.81
173.00,-292.00,1030.93
178.00,-292.00,1030.64
183.00,-292.00,1029.88
188.00,-292.00,1029.83
193.00,-292.00,1029.86
198.00,-292.00,1029.85
203.00,-292.00,1029.87
208.00,-292.00,1029.88
213.00,-292.00,1029.87
218.00,-292.00,1029.87
223.00,-292.00,1029.89
228.00,-292.00,1029.90
233.00,-292.00,1029.90
238.00,-292.00,1029.90
243.00,-292.00,1029.90
248.00,-292.00,1030.43
253.00,-292.00,1031.36
258.00,-292.00,1031.45
263.00,-292.00,1032.08
268.00,-292.00,1032.32
273.00,-292.00,1032.21
278.00,-292.00,1031.83
283.00,-292.00,1031.68
288.00,-292.00,1031.62
293.00,-292.00,1031.64
298.00,-292.00,1031.71
303.00,-292.00,1031.77
308.00,-292.00,1031.75
313.00,-292.00,1031.80
318.00,-292.00,1031.88
323.00,-292.00,1032.05
328.00,-292.00,1031.82
333.00,-292.00,1031.69
338.00,-292.00,1031.59
343.00,-292.00,1031.34
348.00,-292.00,1031.23
353.00,-292.00,1031.61
358.00,-292.00,1032.08
-242.00,-287.00,1035.43
-237.00,-287.00,1035.46
-232.00,-287.00,1035.51
-227.00,-287.00,1035.40
-222.00,-287.00,1035.44
-217.00,-287.00,1035.43
-212.00,-287.00,1035.51
-207.00,-287.00,1035.50
-202.00,-287.00,1035.44
-197.00,-287.00,1035.39
-192.00,-287.00,1035.38
-187.00,-287.00,1035.38
-182.00,-287.00,1034.62
-177.00,-287.00,1034.58
-172.00,-287.00,1034.80
-167.00,-287.00,1035.13
-162.00,-287.00,1035.28
-157.00,-287.00,1035.46
-152.00,-287.00,1035.52
-147.00,-287.00,1035.50
-142.00,-287.00,1035.44
-137.00,-287.00,1035.32
-132.00,-287.00,1035.27
-127.00,-287.00,1035.20
-122.00,-287.00,1035.21
-117.00,-287.00,1035.04
-112.00,-287.00,1034.99
-107.00,-287.00,1034.95
-102.00,-287.00,1035.30
-97.00,-287.00,1035.15
-92.00,-287.00,1035.46
-87.00,-287.00,1035.39
-82.00,-287.00,1035.40
-77.00,-287.00,1034.95
-72.00,-287.00,1033.90
-67.00,-287.00,1034.41
-62.00,-287.00,1034.59
-57.00,-287.00,1034.59
-52.00,-287.00,1034.35
-47.00,-287.00,1034.07
-42.00,-287.00,1034.21
-37.00,-287.00,1033.99
-32.00,-287.00,1034.10
-27.00,-287.00,1033.95
-22.00,-287.00,1033.89
-17.00,-287.00,1033.89
-12.00,-287.00,1033.91
-7.00,-287.00,1033.93
-2.00,-287.00,1034.04
3.00,-287.00,1034.07
8.00,-287.00,1034.00
13.00,-287.00,1033.94
18.00,-287.00,1033.93
23.00,-287.00,1033.99
28.00,-287.00,1034.09
33.00,-287.00,1034.11
38.00,-287.00,1034.09
43.00,-287.00,1034.14
48.00,-287.00,1034.18
53.00,-287.00,1034.20
58.00,-287.00,1034.25
63.00,-287.00,1034.20
68.00,-287.00,1034.15
73.00,-287.00,1034.12
78.00,-287.00,1034.14
83.00,-287.00,1034.18
88.00,-287.00,1034.18
93.00,-287.00,1034.21
98.00,-287.00,1034.15
103.00,-287.00,1034.19
108.00,-287.00,1034.21
113.00,-287.00,1034.23
118.00,-287.00,1034.68
123.00,-287.00,1034.84
128.00,-287.00,1033.98
133.00,-287.00,1034.00
138.00,-287.00,1033.88
143.00,-287.00,1033.98
148.00,-287.00,1034.24
153.00,-287.00,1034.35
158.00,-287.00,1033.59
163.00,-287.00,1032.51
168.00,-287.00,1030.95
173.00,-287.00,1030.85
178.00,-287.00,1031.00
183.00,-287.00,1030.84
188.00,-287.00,1029.83
193.00,-287.00,1029.97
198.00,-287.00,1029.98
203.00,-287.00,1029.87
208.00,-287.00,1029.88
213.00,-287.00,1029.89
218.00,-287.00,1029.88
223.00,-287.00,1029.89
228.00,-287.00,1029.90
233.00,-287.00,1029.90
238.00,-287.00,1029.90
243.00,-287.00,1029.91
248.00,-287.00,1029.92
253.00,-287.00,1030.12
258.00,-287.00,1030.67
263.00,-287.00,1031.38
268.00,-287.00,1032.14
273.00,-287.00,1032.21
278.00,-287.00,1032.04
283.00,-287.00,1031.88
288.00,-287.00,1031.74
293.00,-287.00,1031.64
298.00,-287.00,1031.65
303.00,-287.00,1031.69
308.00,-287.00,1031.74
313.00,-287.00,1031.79
318.00,-287.00,1031.76
323.00,-287.00,1032.10
328.00,-287.00,1032.21
333.00,-287.00,1031.89
338.00,-287.00,1031.78
343.00,-287.00,1031.48
348.00,-287.00,1031.70
353.00,-287.00,1031.37
358.00,-287.00,1031.30
-242.00,-282.00,1035.45
-237.00,-282.00,1035.52
-232.00,-282.00,1035.54
-227.00,-282.00,1035.41
-222.00,-282.00,1035.42
-217.00,-282.00,1035.43
-212.00,-282.00,1035.45
-207.00,-282.00,1035.45
-202.00,-282.00,1035.47
-197.00,-282.00,1035.36
-192.00,-282.00,1035.34
-187.00,-282.00,1035.42
-182.00,-282.00,1034.72
-177.00,-282.00,1034.63
-172.00,-282.00,1034.93
-167.00,-282.00,1035.23
-162.00,-282.00,1035.40
-157.00,-282.00,1035.62
-152.00,-282.00,1035.69
-147.00,-282.00,1035.65
-142.00,-282.00,1035.49
-137.00,-282.00,1035.35
-132.00,-282.00,1035.30
-127.00,-282.00,1035.24
-122.00,-282.00,1035.23
-117.00,-282.00,1035.63
-112.00,-282.00,1035.58
-107.00,-282.00,1035.59
-102.00,-282.00,1035.45
-97.00,-282.00,1035.02
-92.00,-282.00,1035.35
-87.00,-282.00,1035.36
-82.00,-282.00,1035.40
-77.00,-282.00,1035.00
-72.00,-282.00,1033.93
-67.00,-282.00,1034.40
-62.00,-282.00,1034.60
-57.00,-282.00,1034.52
-52.00,-282.00,1034.44
-47.00,-282.00,1034.19
-42.00,-282.00,1034.33
-37.00,-282.00,1033.99
-32.00,-282.00,1034.05
-27.00,-282.00,1033.96
-22.00,-282.00,1033.86
-17.00,-282.00,1033.85
-12.00,-282.00,1033.86
-7.00,-282.00,1033.87
-2.00,-282.00,1033.95
3.00,-282.00,1034.01
8.00,-282.00,1033.98
13.00,-282.00,1033.98
18.00,-282.00,1034.02
23.00,-282.00,1034.07
28.00,-282.00,1034.11
33.00,-282.00,1034.15
38.00,-282.00,1034.18
43.00,-282.00,1034.18
48.00,-282.00,1034.17
53.00,-282.00,1034.14
58.00,-282.00,1034.24
63.00,-282.00,1034.25
68.00,-282.00,1034.25
73.00,-282.00,1034.21
78.00,-282.00,1034.13
83.00,-282.00,1034.09
88.00,-282.00,1034.19
93.00,-282.00,1034.19
98.00,-282.00,1034.18
103.00,-282.00,1034.23
108.00,-282.00,1034.22
113.00,-282.00,1034.27
118.00,-282.00,1034.65
123.00,-282.00,1034.60
128.00,-282.00,1033.99
133.00,-282.00,1033.98
138.00,-282.00,1034.01
143.00,-282.00,1034.08
148.00,-282.00,1034.24
153.00,-282.00,1034.29
158.00,-282.00,1034.49
163.00,-282.00,1033.60
168.00,-282.00,1032.28
173.00,-282.00,1030.71
178.00,-282.00,1030.90
183.00,-282.00,1031.14
188.00,-282.00,1030.24
193.00,-282.00,1029.87
198.00,-282.00,1029.91
203.00,-282.00,1029.91
208.00,-282.00,1029.87
213.00,-282.00,1029.89
218.00,-282.00,1029.89
223.00,-282.00,1029.89
228.00,-282.00,1029.90
233.00,-282.00,1029.90
238.00,-282.00,1029.90
243.00,-282.00,1029.90
248.00,-282.00,1029.90
253.00,-282.00,1029.90
258.00,-282.00,1029.90
263.00,-282.00,1029.91
268.00,-282.00,1030.57
273.00,-282.00,1032.08
278.00,-282.00,1032.24
283.00,-282.00,1032.05
288.00,-282.00,1031.96
293.00,-282.00,1031.74
298.00,-282.00,1031.76
303.00,-282.00,1031.68
308.00,-282.00,1031.66
313.00,-282.00,1031.82
318.00,-282.00,1031.98
323.00,-282.00,1031.75
328.00,-282.00,1032.09
333.00,-282.00,1032.11
338.00,-282.00,1032.14
343.00,-282.00,1031.93
348.00,-282.00,1031.51
353.00,-282.00,1031.74
358.00,-282.00,1031.52
-242.00,-277.00,1035.55
-237.00,-277.00,1035.60
-232.00,-277.00,1035.60
-227.00,-277.00,1035.43
-222.00,-277.00,1035.50
-217.00,-277.00,1035.44
-212.00,-277.00,1035.44
-207.00,-277.00,1035.40
-202.00,-277.00,1035.36
-197.00,-277.00,1035.34
-192.00,-277.00,1035.31
-187.00,-277.00,1035.41
-182.00,-277.00,1034.84
-177.00,-277.00,1034.69
-172.00,-277.00,1035.00
-167.00,-277.00,1035.37
-162.00,-277.00,1035.61
-157.00,-277.00,1035.81
-152.00,-277.00,1035.81
-147.00,-277.00,1035.70
-142.00,-277.00,1035.51
-137.00,-277.00,1035.42
-132.00,-277.00,1035.28
-127.00,-277.00,1035.22
-122.00,-277.00,1035.23
-117.00,-277.00,1035.50
-112.00,-277.00,1035.11
-107.00,-277.00,1035.07
-102.00,-277.00,1035.49
-97.00,-277.00,1035.06
-92.00,-277.00,1035.34
-87.00,-277.00,1035.34
-82.00,-277.00,1035.43
-77.00,-277.00,1034.99
-72.00,-277.00,1033.98
-67.00,-277.00,1034.40
-62.00,-277.00,1034.61
-57.00,-277.00,1034.19
-52.00,-277.00,1034.35
-47.00,-277.00,1034.48
-42.00,-277.00,1034.49
-37.00,-277.00,1034.17
-32.00,-277.00,1034.03
-27.00,-277.00,1034.04
-22.00,-277.00,1033.87
-17.00,-277.00,1033.76
-12.00,-277.00,1033.78
-7.00,-277.00,1033.83
-2.00,-277.00,1033.89
3.00,-277.00,1034.04
8.00,-277.00,1034.03
13.00,-277.00,1033.99
18.00,-277.00,1033.95
23.00,-277.00,1034.02
28.00,-277.00,1034.04
33.00,-277.00,1034.02
38.00,-277.00,1034.02
43.00,-277.00,1034.05
48.00,-277.00,1034.19
53.00,-277.00,1034.18
58.00,-277.00,1034.20
63.00,-277.00,1034.33
68.00,-277.00,1034.21
73.00,-277.00,1034.18
78.00,-277.00,1034.18
83.00,-277.00,1034.20
88.00,-277.00,1034.15
93.00,-277.00,1034.13
98.00,-277.00,1034.14
103.00,-277.00,1034.18
108.00,-277.00,1034.12
113.00,-277.00,1034.23
118.00,-277.00,1034.71
123.00,-277.00,1034.51
128.00,-277.00,1034.10
133.00,-277.00,1034.11
138.00,-277.00,1034.12
143.00,-277.00,1034.09
148.00,-277.00,1034.13
153.00,-277.00,1034.26
158.00,-277.00,1034.39
163.00,-277.00,1034.39
168.00,-277.00,1033.50
173.00,-277.00,1031.35
178.00,-277.00,1030.81
183.00,-277.00,1031.04
188.00,-277.00,1031.09
193.00,-277.00,1030.56
198.00,-277.00,1029.89
203.00,-277.00,1029.85
208.00,-277.00,1029.88
213.00,-277.00,1029.88
218.00,-277.00,1029.88
223.00,-277.00,1029.90
228.00,-277.00,1029.90
233.00,-277.00,1029.90
238.00,-277.00,1029.90
243.00,-277.00,1029.90
248.00,-277.00,1029.90
253.00,-277.00,1029.90
258.00,-277.00,1029.90
263.00,-277.00,1029.90
268.00,-277.00,1029.88
273.00,-277.00,1029.92
278.00,-277.00,1031.37
283.00,-277.00,1032.13
288.00,-277.00,1032.11
293.00,-277.00,1031.94
298.00,-277.00,1031.86
303.00,-277.00,1031.87
308.00,-277.00,1031.87
313.00,-277.00,1031.70
318.00,-277.00,1031.79
323.00,-277.00,1031.85
328.00,-277.00,1031.77
333.00,-277.00,1032.09
338.00,-277.00,1032.18
343.00,-277.00,1032.20
348.00,-277.00,1032.09
353.00,-277.00,1031.67
358.00,-277.00,1031.62
-242.00,-272.00,1035.61
-237.00,-272.00,1035.61
-232.00,-272.00,1035.62
-227.00,-272.00,1035.48
-222.00,-272.00,1035.52
-217.00,-272.00,1035.50
-212.00,-272.00,1035.47
-207.00,-272.00,1035.38
-202.00,-272.00,1035.36
-197.00,-272.00,1035.36
-192.00,-272.00,1035.28
-187.00,-272.00,1035.39
-182.00,-272.00,1034.97
-177.00,-272.00,1034.73
-172.00,-272.00,1035.04
-167.00,-272.00,1035.50
-162.00,-272.00,1035.77
-157.00,-272.00,1035.90
-152.00,-272.00,1035.90
-147.00,-272.00,1035.77
-142.00,-272.00,1035.61
-137.00,-272.00,1035.45
-132.00,-272.00,1035.33
-127.00,-272.00,1035.25
-122.00,-272.00,1035.23
-117.00,-272.00,1035.35
-112.00,-272.00,1035.07
-107.00,-272.00,1034.96
-102.00,-272.00,1035.56
-97.00,-272.00,1035.10
-92.00,-272.00,1035.40
-87.00,-272.00,1035.35
-82.00,-272.00,1035.41
-77.00,-272.00,1035.00
-72.00,-272.00,1034.06
-67.00,-272.00,1034.43
-62.00,-272.00,1034.63
-57.00,-272.00,1033.94
-52.00,-272.00,1034.06
-47.00,-272.00,1034.55
-42.00,-272.00,1034.65
-37.00,-272.00,1034.14
-32.00,-272.00,1033.81
-27.00,-272.00,1033.94
-22.00,-272.00,1033.93
-17.00,-272.00,1034.01
-12.00,-272.00,1034.02
-7.00,-272.00,1033.98
-2.00,-272.00,1033.97
3.00,-272.00,1033.95
8.00,-272.00,1034.06
13.00,-272.00,1034.08
18.00,-272.00,1033.96
23.00,-272.00,1033.96
28.00,-272.00,1034.01
33.00,-272.00,1034.02
38.00,-272.00,1034.08
43.00,-272.00,1034.08
48.00,-272.00,1034.13
53.00,-272.00,1034.27
58.00,-272.00,1034.22
63.00,-272.00,1034.36
68.00,-272.00,1034.25
73.00,-272.00,1034.26
78.00,-272.00,1034.15
83.00,-272.00,1034.17
88.00,-272.00,1034.16
93.00,-272.00,1034.14
98.00,-272.00,1034.14
103.00,-272.00,1034.16
108.00,-272.00,1034.13
113.00,-272.00,1034.11
118.00,-272.00,1034.69
123.00,-272.00,1034.49
128.00,-272.00,1034.19
133.00,-272.00,1034.15
138.00,-272.00,1034.13
143.00,-272.00,1034.06
148.00,-272.00,1034.00
153.00,-272.00,1034.23
158.00,-272.00,1034.45
163.00,-272.00,1034.46
168.00,-272.00,1033.96
173.00,-272.00,1032.04
178.00,-272.00,1031.01
183.00,-272.00,1030.98
188.00,-272.00,1031.08
193.00,-272.00,1030.94
198.00,-272.00,1030.49
203.00,-272.00,1029.87
208.00,-272.00,1029.91
213.00,-272.00,1029.87
218.00,-272.00,1029.89
223.00,-272.00,1029.89
228.00,-272.00,1029.90
233.00,-272.00,1029.89
238.00,-272.00,1029.90
243.00,-272.00,1029.90
248.00,-272.00,1029.90
253.00,-272.00,1029.90
258.00,-272.00,1029.90
263.00,-272.00,1029.89
268.00,-272.00,1029.90
273.00,-272.00,1029.89
278.00,-272.00,1029.86
283.00,-272.00,1030.57
288.00,-272.00,1032.23
293.00,-272.00,1032.14
298.00,-272.00,1031.90
303.00,-272.00,1031.89
308.00,-272.00,1031.89
313.00,-272.00,1031.91
318.00,-272.00,1031.75
323.00,-272.00,1031.97
328.00,-272.00,1031.89
333.00,-272.00,1031.87
338.00,-272.00,1031.84
343.00,-272.00,1031.98
348.00,-272.00,1032.17
353.00,-272.00,1032.22
358.00,-272.00,1031.95
-242.00,-267.00,1035.67
-237.00,-267.00,1035.66
-232.00,-267.00,1035.64
-227.00,-267.00,1035.52
-222.00,-267.00,1035.59
-217.00,-267.00,1035.59
-212.00,-267.00,1035.52
-207.00,-267.00,1035.44
-202.00,-267.00,1035.39
-197.00,-267.00,1035.34
-192.00,-267.00,1035.29
-187.00,-267.00,1035.39
-182.00,-267.00,1035.07
-177.00,-267.00,1034.78
-172.00,-267.00,1035.10
-167.00,-267.00,1035.59
-162.00,-267.00,1035.88
-157.00,-267.00,1035.99
-152.00,-267.00,1035.97
-147.00,-267.00,1035.94
-142.00,-267.00,1035.72
-137.00,-267.00,1035.54
-132.00,-267.00,1035.42
-127.00,-267.00,1035.27
-122.00,-267.00,1035.23
-117.00,-267.00,1035.41
-112.00,-267.00,1035.08
-107.00,-267.00,1035.12
-102.00,-267.00,1035.69
-97.00,-267.00,1035.19
-92.00,-267.00,1035.46
-87.00,-267.00,1035.35
-82.00,-267.00,1035.36
-77.00,-267.00,1035.04
-72.00,-267.00,1034.11
-67.00,-267.00,1034.49
-62.00,-267.00,1034.66
-57.00,-267.00,1033.94
-52.00,-267.00,1033.58
-47.00,-267.00,1034.57
-42.00,-267.00,1034.80
-37.00,-267.00,1034.29
-32.00,-267.00,1033.92
-27.00,-267.00,1033.84
-22.00,-267.00,1033.98
-17.00,-267.00,1033.92
-12.00,-267.00,1033.94
-7.00,-267.00,1033.91
-2.00,-267.00,1033.88
3.00,-267.00,1033.94
8.00,-267.00,1034.13
13.00,-267.00,1034.16
18.00,-267.00,1034.00
23.00,-267.00,1034.01
28.00,-267.00,1034.08
33.00,-267.00,1034.08
38.00,-267.00,1034.08
43.00,-267.00,1034.22
48.00,-267.00,1034.25
53.00,-267.00,1034.21
58.00,-267.00,1034.31
63.00,-267.00,1034.40
68.00,-267.00,1034.31
73.00,-267.00,1034.21
78.00,-267.00,1034.22
83.00,-267.00,1034.16
88.00,-267.00,1034.16
93.00,-267.00,1034.14
98.00,-267.00,1034.14
103.00,-267.00,1034.19
108.00,-267.00,1034.19
113.00,-267.00,1034.16
118.00,-267.00,1034.62
123.00,-267.00,1034.41
128.00,-267.00,1034.16
133.00,-267.00,1034.16
138.00,-267.00,1034.16
143.00,-267.00,1034.10
148.00,-267.00,1034.11
153.00,-267.00,1034.17
158.00,-267.00,1034.37
163.00,-267.00,1034.50
168.00,-267.00,1034.19
173.00,-267.00,1033.40
178.00,-267.00,1031.58
183.00,-267.00,1030.97
188.00,-267.00,1030.96
193.00,-267.00,1031.13
198.00,-267.00,1030.29
203.00,-267.00,1029.82
208.00,-267.00,1029.89
213.00,-267.00,1029.89
218.00,-267.00,1029.89
223.00,-267.00,1029.90
228.00,-267.00,1029.89
233.00,-267.00,1029.92
238.00,-267.00,1029.90
243.00,-267.00,1029.90
248.00,-267.00,1029.90
253.00,-267.00,1029.90
258.00,-267.00,1029.90
263.00,-267.00,1029.92
268.00,-267.00,1029.89
273.00,-267.00,1029.88
278.00,-267.00,1029.89
283.00,-267.00,1029.88
288.00,-267.00,1030.13
293.00,-267.00,1032.10
298.00,-267.00,1031.95
303.00,-267.00,1031.98
308.00,-267.00,1032.01
313.00,-267.00,1032.03
318.00,-267.00,1031.94
323.00,-267.00,1031.99
328.00,-267.00,1032.17
333.00,-267.00,1032.11
338.00,-267.00,1031.99
343.00,-267.00,1031.92
348.00,-267.00,1032.01
353.00,-267.00,1031.94
358.00,-267.00,1032.37
-242.00,-262.00,1035.67
-237.00,-262.00,1035.66
-232.00,-262.00,1035.71
-227.00,-262.00,1035.57
-222.00,-262.00,1035.57
-217.00,-262.00,1035.59
-212.00,-262.00,1035.48
-207.00,-262.00,1035.44
-202.00,-262.00,1035.49
-197.00,-262.00,1035.45
-192.00,-262.00,1035.34
-187.00,-262.00,1035.42
-182.00,-262.00,1035.16
-177.00,-262.00,1034.77
-172.00,-262.00,1035.19
-167.00,-262.00,1035.63
-162.00,-262.00,1035.98
-157.00,-262.00,1036.09
-152.00,-262.00,1036.09
-147.00,-262.00,1036.08
-142.00,-262.00,1035.88
-137.00,-262.00,1035.65
-132.00,-262.00,1035.60
-127.00,-262.00,1035.35
-122.00,-262.00,1035.24
-117.00,-262.00,1035.45
-112.00,-262.00,1035.43
-107.00,-262.00,1035.32
-102.00,-262.00,1035.23
-97.00,-262.00,1035.14
-92.00,-262.00,1035.37
-87.00,-262.00,1035.36
-82.00,-262.00,1035.29
-77.00,-262.00,1035.08
-72.00,-262.00,1034.16
-67.00,-262.00,1034.49
-62.00,-262.00,1034.68
-57.00,-262.00,1034.08
-52.00,-262.00,1033.40
-47.00,-262.00,1034.35
-42.00,-262.00,1034.86
-37.00,-262.00,1034.72
-32.00,-262.00,1034.18
-27.00,-262.00,1033.78
-22.00,-262.00,1033.85
-17.00,-262.00,1033.89
-12.00,-262.00,1033.94
-7.00,-262.00,1033.84
-2.00,-262.00,1033.87
3.00,-262.00,1033.94
8.00,-262.00,1034.06
13.00,-262.00,1034.18
18.00,-262.00,1034.08
23.00,-262.00,1034.07
28.00,-262.00,1034.10
33.00,-262.00,1034.25
38.00,-262.00,1034.17
43.00,-262.00,1034.21
48.00,-262.00,1034.30
53.00,-262.00,1034.24
58.00,-262.00,1034.28
63.00,-262.00,1034.36
68.00,-262.00,1034.37
73.00,-262.00,1034.31
78.00,-262.00,1034.24
83.00,-262.00,1034.18
88.00,-262.00,1034.21
93.00,-262.00,1034.25
98.00,-262.00,1034.29
103.00,-262.00,1034.28
108.00,-262.00,1034.22
113.00,-262.00,1034.19
118.00,-262.00,1034.61
123.00,-262.00,1034.39
128.00,-262.00,1034.13
133.00,-262.00,1034.12
138.00,-262.00,1034.17
143.00,-262.00,1034.07
148.00,-262.00,1034.08
153.00,-262.00,1034.11
158.00,-262.00,1034.20
163.00,-262.00,1034.41
168.00,-262.00,1034.49
173.00,-262.00,1033.73
178.00,-262.00,1032.84
183.00,-262.00,1031.64
188.00,-262.00,1031.14
193.00,-262.00,1031.00
198.00,-262.00,1030.94
203.00,-262.00,1029.85
208.00,-262.00,1029.88
213.00,-262.00,1029.95
218.00,-262.00,1029.87
223.00,-262.00,1029.90
228.00,-262.00,1029.89
233.00,-262.00,1029.90
238.00,-262.00,1029.90
243.00,-262.00,1029.90
248.00,-262.00,1029.90
253.00,-262.00,1029.90
258.00,-262.00,1029.90
263.00,-262.00,1029.90
268.00,-262.00,1029.90
273.00,-262.00,1029.89
278.00,-262.00,1029.89
283.00,-262.00,1029.90
288.00,-262.00,1029.89
293.00,-262.00,1029.92
298.00,-262.00,1031.53
303.00,-262.00,1031.91
308.00,-262.00,1031.92
313.00,-262.00,1031.96
318.00,-262.00,1032.08
323.00,-262.00,1031.86
328.00,-262.00,1032.12
333.00,-262.00,1032.19
338.00,-262.00,1032.21
343.00,-262.00,1032.15
348.00,-262.00,1031.94
353.00,-262.00,1031.97
358.00,-262.00,1031.94
-242.00,-257.00,1035.70
-237.00,-257.00,1035.76
-232.00,-257.00,1035.73
-227.00,-257.00,1035.60
-222.00,-257.00,1035.58
-217.00,-257.00,1035.55
-212.00,-257.00,1035.50
-207.00,-257.00,1035.47
-202.00,-257.00,1035.55
-197.00,-257.00,1035.54
-192.00,-257.00,1035.40
-187.00,-257.00,1035.54
-182.00,-257.00,1035.19
-177.00,-257.00,1034.78
-172.00,-257.00,1035.21
-167.00,-257.00,1035.67
-162.00,-257.00,1036.08
-157.00,-257.00,1036.19
-152.00,-257.00,1036.24
-147.00,-257.00,1036.24
-142.00,-257.00,1036.11
-137.00,-257.00,1035.92
-132.00,-257.00,1035.81
-127.00,-257.00,1035.58
-122.00,-257.00,1035.55
-117.00,-257.00,1035.49
-112.00,-257.00,1035.42
-107.00,-257.00,1035.44
-102.00,-257.00,1035.38
-97.00,-257.00,1035.34
-92.00,-257.00,1035.40
-87.00,-257.00,1035.38
-82.00,-257.00,1035.22
-77.00,-257.00,1035.12
-72.00,-257.00,1034.13
-67.00,-257.00,1034.48
-62.00,-257.00,1034.66
-57.00,-257.00,1033.88
-52.00,-257.00,1033.37
-47.00,-257.00,1034.47
-42.00,-257.00,1034.82
-37.00,-257.00,1034.64
-32.00,-257.00,1034.53
-27.00,-257.00,1033.72
-22.00,-257.00,1033.85
-17.00,-257.00,1033.98
-12.00,-257.00,1033.99
-7.00,-257.00,1033.92
-2.00,-257.00,1033.98
3.00,-257.00,1034.05
8.00,-257.00,1034.13
13.00,-257.00,1034.15
18.00,-257.00,1034.10
23.00,-257.00,1034.08
28.00,-257.00,1034.20
33.00,-257.00,1034.20
38.00,-257.00,1034.22
43.00,-257.00,1034.21
48.00,-257.00,1034.25
53.00,-257.00,1034.35
58.00,-257.00,1034.28
63.00,-257.00,1034.31
68.00,-257.00,1034.32
73.00,-257.00,1034.29
78.00,-257.00,1034.20
83.00,-257.00,1034.31
88.00,-257.00,1034.35
93.00,-257.00,1034.39
98.00,-257.00,1034.34
103.00,-257.00,1034.31
108.00,-257.00,1034.26
113.00,-257.00,1034.20
118.00,-257.00,1034.52
123.00,-257.00,1034.28
128.00,-257.00,1034.16
133.00,-257.00,1034.11
138.00,-257.00,1034.13
143.00,-257.00,1034.21
148.00,-257.00,1034.08
153.00,-257.00,1034.12
158.00,-257.00,1034.11
163.00,-257.00,1034.39
168.00,-257.00,1034.53
173.00,-257.00,1034.47
178.00,-257.00,1033.46
183.00,-257.00,1032.33
188.00,-257.00,1031.99
193.00,-257.00,1031.98
198.00,-257.00,1031.14
203.00,-257.00,1030.64
208.00,-257.00,1029.91
213.00,-257.00,1030.25
218.00,-257.00,1029.92
223.00,-257.00,1029.87
228.00,-257.00,1029.92
233.00,-257.00,1029.89
238.00,-257.00,1029.90
243.00,-257.00,1029.90
248.00,-257.00,1029.90
253.00,-257.00,1029.91
258.00,-257.00,1030.03
263.00,-257.00,1029.90
268.00,-257.00,1029.89
273.00,-257.00,1029.90
278.00,-257.00,1029.87
283.00,-257.00,1029.89
288.00,-257.00,1029.87
293.00,-257.00,1029.88
298.00,-257.00,1029.87
303.00,-257.00,1031.52
308.00,-257.00,1032.25
313.00,-257.00,1032.21
318.00,-257.00,1032.00
323.00,-257.00,1031.91
328.00,-257.00,1031.91
333.00,-257.00,1032.12
338.00,-257.00,1032.09
343.00,-257.00,1032.37
348.00,-257.00,1032.39
353.00,-257.00,1032.16
358.00,-257.00,1032.08
-242.00,-252.00,1035.76
-237.00,-252.00,1035.77
-232.00,-252.00,1035.73
-227.00,-252.00,1035.62
-222.00,-252.00,1035.55
-217.00,-252.00,1035.60
-212.00,-252.00,1035.59
-207.00,-252.00,1035.51
-202.00,-252.00,1035.63
-197.00,-252.00,1035.63
-192.00,-252.00,1035.62
-187.00,-252.00,1035.57
-182.00,-252.00,1035.17
-177.00,-252.00,1034.78
-172.00,-252.00,1035.24
-167.00,-252.00,1035.65
-162.00,-252.00,1036.08
-157.00,-252.00,1036.23
-152.00,-252.00,1036.34
-147.00,-252.00,1036.37
-142.00,-252.00,1036.26
-137.00,-252.00,1036.16
-132.00,-252.00,1035.97
-127.00,-252.00,1035.81
-122.00,-252.00,1035.71
-117.00,-252.00,1035.63
-112.00,-252.00,1035.58
-107.00,-252.00,1035.56
-102.00,-252.00,1035.55
-97.00,-252.00,1035.51
-92.00,-252.00,1035.46
-87.00,-252.00,1035.35
-82.00,-252.00,1035.30
-77.00,-252.00,1035.04
-72.00,-252.00,1034.13
-67.00,-252.00,1034.47
-62.00,-252.00,1034.68
-57.00,-252.00,1033.94
-52.00,-252.00,1033.33
-47.00,-252.00,1034.27
-42.00,-252.00,1034.78
-37.00,-252.00,1034.55
-32.00,-252.00,1034.43
-27.00,-252.00,1033.75
-22.00,-252.00,1033.76
-17.00,-252.00,1034.00
-12.00,-252.00,1034.06
-7.00,-252.00,1034.07
-2.00,-252.00,1034.05
3.00,-252.00,1034.05
8.00,-252.00,1034.05
13.00,-252.00,1034.04
18.00,-252.00,1034.03
23.00,-252.00,1034.04
28.00,-252.00,1034.08
33.00,-252.00,1034.14
38.00,-252.00,1034.24
43.00,-252.00,1034.16
48.00,-252.00,1034.18
53.00,-252.00,1034.29
58.00,-252.00,1034.36
63.00,-252.00,1034.31
68.00,-252.00,1034.30
73.00,-252.00,1034.23
78.00,-252.00,1034.29
83.00,-252.00,1034.37
88.00,-252.00,1034.51
93.00,-252.00,1034.40
98.00,-252.00,1034.34
103.00,-252.00,1034.32
108.00,-252.00,1034.27
113.00,-252.00,1034.18
118.00,-252.00,1034.31
123.00,-252.00,1034.27
128.00,-252.00,1034.26
133.00,-252.00,1034.14
138.00,-252.00,1034.11
143.00,-252.00,1034.13
148.00,-252.00,1034.22
153.00,-252.00,1034.21
158.00,-252.00,1034.11
163.00,-252.00,1034.18
168.00,-252.00,1034.43
173.00,-252.00,1034.57
178.00,-252.00,1034.19
183.00,-252.00,1032.78
188.00,-252.00,1032.01
193.00,-252.00,1032.02
198.00,-252.00,1031.80
203.00,-252.00,1031.05
208.00,-252.00,1029.90
213.00,-252.00,1029.96
218.00,-252.00,1030.27
223.00,-252.00,1029.85
228.00,-252.00,1029.90
233.00,-252.00,1029.91
238.00,-252.00,1029.90
243.00,-252.00,1029.90
248.00,-252.00,1029.90
253.00,-252.00,1029.90
258.00,-252.00,1029.90
263.00,-252.00,1029.88
268.00,-252.00,1029.90
273.00,-252.00,1029.89
278.00,-252.00,1029.89
283.00,-252.00,1029.88
288.00,-252.00,1029.90
293.00,-252.00,1029.90
298.00,-252.00,1029.90
303.00,-252.00,1029.89
308.00,-252.00,1031.30
313.00,-252.00,1032.16
318.00,-252.00,1032.02
323.00,-252.00,1031.87
328.00,-252.00,1031.82
333.00,-252.00,1031.73
338.00,-252.00,1031.85
343.00,-252.00,1031.95
348.00,-252.00,1031.89
353.00,-252.00,1031.89
358.00,-252.00,1031.83
-242.00,-247.00,1035.72
-237.00,-247.00,1035.69
-232.00,-247.00,1035.70
-227.00,-247.00,1035.70
-222.00,-247.00,1035.70
-217.00,-247.00,1035.63
-212.00,-247.00,1035.63
-207.00,-247.00,1035.59
-202.00,-247.00,1035.81
-197.00,-247.00,1035.79
-192.00,-247.00,1035.72
-187.00,-247.00,1035.64
-182.00,-247.00,1035.15
-177.00,-247.00,1034.80
-172.00,-247.00,1035.26
-167.00,-247.00,1035.60
-162.00,-247.00,1035.99
-157.00,-247.00,1036.20
-152.00,-247.00,1036.29
-147.00,-247.00,1036.43
-142.00,-247.00,1036.44
-137.00,-247.00,1036.30
-132.00,-247.00,1036.18
-127.00,-247.00,1035.97
-122.00,-247.00,1035.83
-117.00,-247.00,1035.69
-112.00,-247.00,1035.61
-107.00,-247.00,1035.61
-102.00,-247.00,1035.58
-97.00,-247.00,1035.56
-92.00,-247.00,1035.57
-87.00,-247.00,1035.38
-82.00,-247.00,1035.28
-77.00,-247.00,1035.04
-72.00,-247.00,1034.14
-67.00,-247.00,1034.53
-62.00,-247.00,1034.70
-57.00,-247.00,1033.84
-52.00,-247.00,1033.30
-47.00,-247.00,1034.19
-42.00,-247.00,1034.66
-37.00,-247.00,1034.69
-32.00,-247.00,1034.74
-27.00,-247.00,1033.89
-22.00,-247.00,1033.87
-17.00,-247.00,1034.02
-12.00,-247.00,1034.09
-7.00,-247.00,1033.99
-2.00,-247.00,1033.98
3.00,-247.00,1034.01
8.00,-247.00,1034.03
13.00,-247.00,1034.07
18.00,-247.00,1033.88
23.00,-247.00,1033.92
28.00,-247.00,1033.95
33.00,-247.00,1034.15
38.00,-247.00,1034.16
43.00,-247.00,1034.15
48.00,-247.00,1034.21
53.00,-247.00,1034.14
58.00,-247.00,1034.29
63.00,-247.00,1034.30
68.00,-247.00,1034.24
73.00,-247.00,1034.19
78.00,-247.00,1034.32
83.00,-247.00,1034.45
88.00,-247.00,1034.52
93.00,-247.00,1034.44
98.00,-247.00,1034.35
103.00,-247.00,1034.35
108.00,-247.00,1034.23
113.00,-247.00,1034.12
118.00,-247.00,1034.24
123.00,-247.00,1034.27
128.00,-247.00,1034.23
133.00,-247.00,1034.08
138.00,-247.00,1034.11
143.00,-247.00,1034.09
148.00,-247.00,1034.19
153.00,-247.00,1034.20
158.00,-247.00,1034.17
163.00,-247.00,1034.22
168.00,-247.00,1034.24
173.00,-247.00,1034.47
178.00,-247.00,1034.59
183.00,-247.00,1033.52
188.00,-247.00,1032.16
193.00,-247.00,1031.87
198.00,-247.00,1031.87
203.00,-247.00,1031.64
208.00,-247.00,1031.06
213.00,-247.00,1030.81
218.00,-247.00,1031.42
223.00,-247.00,1031.09
228.00,-247.00,1030.41
233.00,-247.00,1030.57
238.00,-247.00,1030.20
243.00,-247.00,1030.26
248.00,-247.00,1031.02
253.00,-247.00,1031.15
258.00,-247.00,1030.28
263.00,-247.00,1030.07
268.00,-247.00,1029.89
273.00,-247.00,1029.89
278.00,-247.00,1029.90
283.00,-247.00,1029.89
288.00,-247.00,1029.85
293.00,-247.00,1029.89
298.00,-247.00,1029.91
303.00,-247.00,1029.90
308.00,-247.00,1029.90
313.00,-247.00,1031.06
318.00,-247.00,1031.84
323.00,-247.00,1031.81
328.00,-247.00,1031.68
333.00,-247.00,1031.77
338.00,-247.00,1031.73
343.00,-247.00,1031.73
348.00,-247.00,1031.84
353.00,-247.00,1031.88
358.00,-247.00,1031.94
-242.00,-242.00,1035.77
-237.00,-242.00,1035.75
-232.00,-242.00,1035.81
-227.00,-242.00,1035.77
-222.00,-242.00,1035.79
-217.00,-242.00,1035.69
-212.00,-242.00,1035.61
-207.00,-242.00,1035.66
-202.00,-242.00,1035.88
-197.00,-242.00,1035.90
-192.00,-242.00,1035.86
-187.00,-242.00,1035.61
-182.00,-242.00,1035.18
-177.00,-242.00,1034.79
-172.00,-242.00,1035.27
-167.00,-242.00,1035.56
-162.00,-242.00,1035.87
-157.00,-242.00,1036.07
-152.00,-242.00,1036.25
-147.00,-242.00,1036.39
-142.00,-242.00,1036.45
-137.00,-242.00,1036.57
-132.00,-242.00,1036.45
-127.00,-242.00,1036.31
-122.00,-242.00,1036.06
-117.00,-242.00,1035.93
-112.00,-242.00,1035.80
-107.00,-242.00,1035.78
-102.00,-242.00,1035.78
-97.00,-242.00,1035.69
-92.00,-242.00,1035.60
-87.00,-242.00,1035.43
-82.00,-242.00,1035.32
-77.00,-242.00,1035.07
-72.00,-242.00,1034.15
-67.00,-242.00,1034.52
-62.00,-242.00,1034.70
-57.00,-242.00,1033.88
-52.00,-242.00,1033.29
-47.00,-242.00,1034.00
-42.00,-242.00,1034.50
-37.00,-242.00,1034.71
-32.00,-242.00,1034.75
-27.00,-242.00,1033.82
-22.00,-242.00,1033.90
-17.00,-242.00,1033.95
-12.00,-242.00,1034.05
-7.00,-242.00,1034.08
-2.00,-242.00,1034.09
3.00,-242.00,1034.12
8.00,-242.00,1034.15
13.00,-242.00,1034.17
18.00,-242.00,1034.00
23.00,-242.00,1033.99
28.00,-242.00,1034.07
33.00,-242.00,1034.13
38.00,-242.00,1034.15
43.00,-242.00,1034.13
48.00,-242.00,1034.12
53.00,-242.00,1034.15
58.00,-242.00,1034.14
63.00,-242.00,1034.28
68.00,-242.00,1034.16
73.00,-242.00,1034.17
78.00,-242.00,1034.28
83.00,-242.00,1034.37
88.00,-242.00,1034.49
93.00,-242.00,1034.47
98.00,-242.00,1034.35
103.00,-242.00,1034.38
108.00,-242.00,1034.19
113.00,-242.00,1034.10
118.00,-242.00,1034.15
123.00,-242.00,1034.18
128.00,-242.00,1034.26
133.00,-242.00,1034.11
138.00,-242.00,1034.13
143.00,-242.00,1034.11
148.00,-242.00,1034.15
153.00,-242.00,1034.13
158.00,-242.00,1034.20
163.00,-242.00,1034.15
168.00,-242.00,1034.08
173.00,-242.00,1034.31
178.00,-242.00,1034.47
183.00,-242.00,1034.34
188.00,-242.00,1032.16
193.00,-242.00,1031.86
198.00,-242.00,1031.78
203.00,-242.00,1031.85
208.00,-242.00,1031.83
213.00,-242.00,1031.65
218.00,-242.00,1031.47
223.00,-242.00,1031.49
228.00,-242.00,1031.42
233.00,-242.00,1031.32
238.00,-242.00,1031.49
243.00,-242.00,1031.37
248.00,-242.00,1031.49
253.00,-242.00,1031.53
258.00,-242.00,1031.47
263.00,-242.00,1031.02
268.00,-242.00,1029.90
273.00,-242.00,1029.89
278.00,-242.00,1029.88
283.00,-242.00,1029.89
288.00,-242.00,1029.89
293.00,-242.00,1029.87
298.00,-242.00,1029.90
303.00,-242.00,1029.87
308.00,-242.00,1029.92
313.00,-242.00,1029.91
318.00,-242.00,1030.86
323.00,-242.00,1031.57
328.00,-242.00,1031.66
333.00,-242.00,1031.77
338.00,-242.00,1031.79
343.00,-242.00,1032.04
348.00,-242.00,1032.10
353.00,-242.00,1032.00
358.00,-242.00,1031.86
-242.00,-237.00,1035.80
-237.00,-237.00,1035.86
-232.00,-237.00,1035.85
-227.00,-237.00,1035.90
-222.00,-237.00,1035.88
-217.00,-237.00,1035.93
-212.00,-237.00,1035.82
-207.00,-237.00,1035.78
-202.00,-237.00,1035.89
-197.00,-237.00,1035.96
-192.00,-237.00,1035.90
-187.00,-237.00,1035.63
-182.00,-237.00,1035.17
-177.00,-237.00,1034.84
-172.00,-237.00,1035.22
-167.00,-237.00,1035.49
-162.00,-237.00,1035.71
-157.00,-237.00,1035.92
-152.00,-237.00,1036.14
-147.00,-237.00,1036.39
-142.00,-237.00,1036.56
-137.00,-237.00,1036.65
-132.00,-237.00,1036.63
-127.00,-237.00,1036.59
-122.00,-237.00,1036.47
-117.00,-237.00,1036.20
-112.00,-237.00,1035.99
-107.00,-237.00,1035.88
-102.00,-237.00,1035.82
-97.00,-237.00,1035.82
-92.00,-237.00,1035.70
-87.00,-237.00,1035.51
-82.00,-237.00,1035.34
-77.00,-237.00,1035.09
-72.00,-237.00,1034.19
-67.00,-237.00,1034.53
-62.00,-237.00,1034.71
-57.00,-237.00,1033.90
-52.00,-237.00,1033.27
-47.00,-237.00,1033.98
-42.00,-237.00,1034.37
-37.00,-237.00,1034.58
-32.00,-237.00,1034.65
-27.00,-237.00,1033.89
-22.00,-237.00,1033.92
-17.00,-237.00,1033.95
-12.00,-237.00,1034.02
-7.00,-237.00,1034.08
-2.00,-237.00,1034.09
3.00,-237.00,1034.11
8.00,-237.00,1034.10
13.00,-237.00,1034.05
18.00,-237.00,1034.04
23.00,-237.00,1033.97
28.00,-237.00,1033.97
33.00,-237.00,1034.06
38.00,-237.00,1034.11
43.00,-237.00,1034.06
48.00,-237.00,1034.10
53.00,-237.00,1034.14
58.00,-237.00,1034.19
63.00,-237.00,1034.22
68.00,-237.00,1034.21
73.00,-237.00,1034.24
78.00,-237.00,1034.31
83.00,-237.00,1034.30
88.00,-237.00,1034.40
93.00,-237.00,1034.36
98.00,-237.00,1034.40
103.00,-237.00,1034.38
108.00,-237.00,1034.25
113.00,-237.00,1034.21
118.00,-237.00,1034.15
123.00,-237.00,1034.07
128.00,-237.00,1034.16
133.00,-237.00,1034.18
138.00,-237.00,1034.18
143.00,-237.00,1034.11
148.00,-237.00,1034.15
153.00,-237.00,1034.18
158.00,-237.00,1034.09
163.00,-237.00,1034.15
168.00,-237.00,1034.16
173.00,-237.00,1034.15
178.00,-237.00,1034.32
183.00,-237.00,1034.40
188.00,-237.00,1032.35
193.00,-237.00,1031.89
198.00,-237.00,1031.83
203.00,-237.00,1031.72
208.00,-237.00,1031.84
213.00,-237.00,1031.81
218.00,-237.00,1031.44
223.00,-237.00,1031.61
228.00,-237.00,1031.53
233.00,-237.00,1031.71
238.00,-237.00,1031.60
243.00,-237.00,1031.54
248.00,-237.00,1031.64
253.00,-237.00,1031.90
258.00,-237.00,1031.75
263.00,-237.00,1031.54
268.00,-237.00,1030.60
273.00,-237.00,1029.88
278.00,-237.00,1029.89
283.00,-237.00,1029.91
288.00,-237.00,1029.87
293.00,-237.00,1029.86
298.00,-237.00,1029.88
303.00,-237.00,1029.88
308.00,-237.00,1029.92
313.00,-237.00,1029.90
318.00,-237.00,1029.90
323.00,-237.00,1030.32
328.00,-237.00,1031.47
333.00,-237.00,1031.71
338.00,-237.00,1031.78
343.00,-237.00,1031.97
348.00,-237.00,1032.00
353.00,-237.00,1032.02
358.00,-237.00,1032.26
-242.00,-232.00,1035.84
-237.00,-232.00,1035.85
-232.00,-232.00,1035.90
-227.00,-232.00,1035.98
-222.00,-232.00,1035.99
-217.00,-232.00,1036.03
-212.00,-232.00,1036.00
-207.00,-232.00,1035.99
-202.00,-232.00,1035.91
-197.00,-232.00,1035.98
-192.00,-232.00,1035.90
-187.00,-232.00,1035.55
-182.00,-232.00,1035.14
-177.00,-232.00,1035.02
-172.00,-232.00,1035.25
-167.00,-232.00,1035.31
-162.00,-232.00,1035.50
-157.00,-232.00,1035.68
-152.00,-232.00,1035.91
-147.00,-232.00,1036.17
-142.00,-232.00,1036.39
-137.00,-232.00,1036.59
-132.00,-232.00,1036.63
-127.00,-232.00,1036.62
-122.00,-232.00,1036.62
-117.00,-232.00,1036.55
-112.00,-232.00,1036.31
-107.00,-232.00,1036.13
-102.00,-232.00,1035.89
-97.00,-232.00,1035.94
-92.00,-232.00,1035.85
-87.00,-232.00,1035.54
-82.00,-232.00,1035.39
-77.00,-232.00,1035.14
-72.00,-232.00,1034.30
-67.00,-232.00,1034.57
-62.00,-232.00,1034.73
-57.00,-232.00,1034.14
-52.00,-232.00,1033.28
-47.00,-232.00,1033.88
-42.00,-232.00,1034.27
-37.00,-232.00,1034.63
-32.00,-232.00,1034.76
-27.00,-232.00,1034.15
-22.00,-232.00,1034.11
-17.00,-232.00,1034.08
-12.00,-232.00,1034.19
-7.00,-232.00,1034.21
-2.00,-232.00,1034.14
3.00,-232.00,1034.08
8.00,-232.00,1034.05
13.00,-232.00,1034.09
18.00,-232.00,1034.13
23.00,-232.00,1034.09
28.00,-232.00,1034.02
33.00,-232.00,1034.05
38.00,-232.00,1034.12
43.00,-232.00,1034.15
48.00,-232.00,1034.15
53.00,-232.00,1034.21
58.00,-232.00,1034.24
63.00,-232.00,1034.22
68.00,-232.00,1034.22
73.00,-232.00,1034.25
78.00,-232.00,1034.30
83.00,-232.00,1034.35
88.00,-232.00,1034.34
93.00,-232.00,1034.30
98.00,-232.00,1034.33
103.00,-232.00,1034.34
108.00,-232.00,1034.35
113.00,-232.00,1034.28
118.00,-232.00,1034.12
123.00,-232.00,1034.07
128.00,-232.00,1034.13
133.00,-232.00,1034.14
138.00,-232.00,1034.23
143.00,-232.00,1034.21
148.00,-232.00,1034.23
153.00,-232.00,1034.20
158.00,-232.00,1034.15
163.00,-232.00,1034.24
168.00,-232.00,1034.17
173.00,-232.00,1034.10
178.00,-232.00,1034.13
183.00,-232.00,1033.97
188.00,-232.00,1032.20
193.00,-232.00,1032.02
198.00,-232.00,1031.76
203.00,-232.00,1031.72
208.00,-232.00,1031.58
213.00,-232.00,1031.53
218.00,-232.00,1031.50
223.00,-232.00,1031.69
228.00,-232.00,1031.44
233.00,-232.00,1031.75
238.00,-232.00,1031.75
243.00,-232.00,1031.94
248.00,-232.00,1031.94
253.00,-232.00,1032.02
258.00,-232.00,1032.03
263.00,-232.00,1031.82
268.00,-232.00,1031.43
273.00,-232.00,1030.85
278.00,-232.00,1029.90
283.00,-232.00,1029.88
288.00,-232.00,1029.89
293.00,-232.00,1029.87
298.00,-232.00,1029.89
303.00,-232.00,1029.91
308.00,-232.00,1029.91
313.00,-232.00,1029.92
318.00,-232.00,1029.90
323.00,-232.00,1029.89
328.00,-232.00,1029.88
333.00,-232.00,1031.42
338.00,-232.00,1031.84
343.00,-232.00,1031.71
348.00,-232.00,1032.25
353.00,-232.00,1032.08
358.00,-232.00,1032.03
-242.00,-227.00,1035.85
-237.00,-227.00,1035.87
-232.00,-227.00,1035.94
-227.00,-227.00,1035.99
-222.00,-227.00,1036.06
-217.00,-227.00,1036.08
-212.00,-227.00,1036.06
-207.00,-227.00,1036.09
-202.00,-227.00,1036.06
-197.00,-227.00,1036.01
-192.00,-227.00,1035.87
-187.00,-227.00,1035.41
-182.00,-227.00,1034.90
-177.00,-227.00,1035.16
-172.00,-227.00,1035.32
-167.00,-227.00,1035.35
-162.00,-227.00,1035.33
-157.00,-227.00,1035.49
-152.00,-227.00,1035.68
-147.00,-227.00,1035.80
-142.00,-227.00,1036.04
-137.00,-227.00,1036.26
-132.00,-227.00,1036.45
-127.00,-227.00,1036.58
-122.00,-227.00,1036.57
-117.00,-227.00,1036.47
-112.00,-227.00,1036.33
-107.00,-227.00,1036.16
-102.00,-227.00,1036.09
-97.00,-227.00,1035.96
-92.00,-227.00,1035.89
-87.00,-227.00,1035.56
-82.00,-227.00,1035.42
-77.00,-227.00,1035.09
-72.00,-227.00,1034.34
-67.00,-227.00,1034.55
-62.00,-227.00,1034.78
-57.00,-227.00,1034.12
-52.00,-227.00,1033.31
-47.00,-227.00,1033.79
-42.00,-227.00,1034.18
-37.00,-227.00,1034.56
-32.00,-227.00,1034.86
-27.00,-227.00,1034.49
-22.00,-227.00,1034.40
-17.00,-227.00,1034.36
-12.00,-227.00,1034.38
-7.00,-227.00,1034.40
-2.00,-227.00,1034.39
3.00,-227.00,1034.34
8.00,-227.00,1034.29
13.00,-227.00,1034.35
18.00,-227.00,1034.39
23.00,-227.00,1034.40
28.00,-227.00,1034.31
33.00,-227.00,1034.22
38.00,-227.00,1034.24
43.00,-227.00,1034.29
48.00,-227.00,1034.27
53.00,-227.00,1034.32
58.00,-227.00,1034.31
63.00,-227.00,1034.28
68.00,-227.00,1034.17
73.00,-227.00,1034.14
78.00,-227.00,1034.15
83.00,-227.00,1034.15
88.00,-227.00,1034.15
93.00,-227.00,1034.18
98.00,-227.00,1034.18
103.00,-227.00,1034.32
108.00,-227.00,1034.27
113.00,-227.00,1034.17
118.00,-227.00,1034.04
123.00,-227.00,1034.02
128.00,-227.00,1034.12
133.00,-227.00,1034.22
138.00,-227.00,1034.28
143.00,-227.00,1034.24
148.00,-227.00,1034.21
153.00,-227.00,1034.18
158.00,-227.00,1034.21
163.00,-227.00,1034.16
168.00,-227.00,1034.15
173.00,-227.00,1034.13
178.00,-227.00,1034.05
183.00,-227.00,1033.71
188.00,-227.00,1032.25
193.00,-227.00,1032.09
198.00,-227.00,1031.80
203.00,-227.00,1031.65
208.00,-227.00,1031.60
213.00,-227.00,1031.54
218.00,-227.00,1031.56
223.00,-227.00,1031.41
228.00,-227.00,1031.68
233.00,-227.00,1032.17
238.00,-227.00,1032.15
243.00,-227.00,1032.05
248.00,-227.00,1032.06
253.00,-227.00,1032.04
258.00,-227.00,1032.04
263.00,-227.00,1031.96
268.00,-227.00,1031.90
273.00,-227.00,1031.48
278.00,-227.00,1031.23
283.00,-227.00,1029.94
288.00,-227.00,1029.90
293.00,-227.00,1029.89
298.00,-227.00,1029.90
303.00,-227.00,1029.89
308.00,-227.00,1029.84
313.00,-227.00,1029.88
318.00,-227.00,1029.90
323.00,-227.00,1029.89
328.00,-227.00,1029.89
333.00,-227.00,1029.90
338.00,-227.00,1031.45
343.00,-227.00,1031.63
348.00,-227.00,1032.01
353.00,-227.00,1031.85
358.00,-227.00,1032.08
-242.00,-222.00,1035.94
-237.00,-222.00,1035.95
-232.00,-222.00,1036.04
-227.00,-222.00,1035.98
-222.00,-222.00,1036.04
-217.00,-222.00,1036.12
-212.00,-222.00,1036.11
-207.00,-222.00,1036.09
-202.00,-222.00,1036.13
-197.00,-222.00,1036.09
-192.00,-222.00,1035.86
-187.00,-222.00,1035.43
-182.00,-222.00,1034.86
-177.00,-222.00,1035.19
-172.00,-222.00,1035.45
-167.00,-222.00,1035.51
-162.00,-222.00,1035.42
-157.00,-222.00,1035.31
-152.00,-222.00,1035.50
-147.00,-222.00,1035.62
-142.00,-222.00,1035.68
-137.00,-222.00,1035.79
-132.00,-222.00,1035.99
-127.00,-222.00,1036.22
-122.00,-222.00,1036.34
-117.00,-222.00,1036.38
-112.00,-222.00,1036.34
-107.00,-222.00,1036.27
-102.00,-222.00,1036.21
-97.00,-222.00,1036.03
-92.00,-222.00,1035.93
-87.00,-222.00,1035.58
-82.00,-222.00,1035.41
-77.00,-222.00,1035.08
-72.00,-222.00,1034.37
-67.00,-222.00,1034.58
-62.00,-222.00,1034.78
-57.00,-222.00,1034.00
-52.00,-222.00,1033.39
-47.00,-222.00,1033.78
-42.00,-222.00,1034.14
-37.00,-222.00,1034.55
-32.00,-222.00,1034.78
-27.00,-222.00,1034.73
-22.00,-222.00,1034.63
-17.00,-222.00,1034.54
-12.00,-222.00,1034.50
-7.00,-222.00,1034.50
-2.00,-222.00,1034.54
3.00,-222.00,1034.56
8.00,-222.00,1034.57
13.00,-222.00,1034.57
18.00,-222.00,1034.51
23.00,-222.00,1034.49
28.00,-222.00,1034.38
33.00,-222.00,1034.26
38.00,-222.00,1034.23
43.00,-222.00,1034.26
48.00,-222.00,1034.25
53.00,-222.00,1034.21
58.00,-222.00,1034.22
63.00,-222.00,1034.16
68.00,-222.00,1034.13
73.00,-222.00,1034.04
78.00,-222.00,1033.97
83.00,-222.00,1033.69
88.00,-222.00,1033.89
93.00,-222.00,1033.99
98.00,-222.00,1033.96
103.00,-222.00,1033.99
108.00,-222.00,1034.03
113.00,-222.00,1034.01
118.00,-222.00,1033.90
123.00,-222.00,1033.82
128.00,-222.00,1033.87
133.00,-222.00,1033.96
138.00,-222.00,1033.96
143.00,-222.00,1034.01
148.00,-222.00,1033.98
153.00,-222.00,1033.88
158.00,-222.00,1033.93
163.00,-222.00,1033.87
168.00,-222.00,1033.82
173.00,-222.00,1033.87
178.00,-222.00,1033.95
183.00,-222.00,1033.73
188.00,-222.00,1032.58
193.00,-222.00,1032.17
198.00,-222.00,1031.85
203.00,-222.00,1031.65
208.00,-222.00,1031.62
213.00,-222.00,1031.58
218.00,-222.00,1031.74
223.00,-222.00,1031.83
228.00,-222.00,1032.22
233.00,-222.00,1032.40
238.00,-222.00,1032.32
243.00,-222.00,1032.10
248.00,-222.00,1032.16
253.00,-222.00,1032.10
258.00,-222.00,1032.05
263.00,-222.00,1032.01
268.00,-222.00,1031.98
273.00,-222.00,1031.91
278.00,-222.00,1031.59
283.00,-222.00,1031.13
288.00,-222.00,1029.98
293.00,-222.00,1029.91
298.00,-222.00,1029.89
303.00,-222.00,1029.87
308.00,-222.00,1029.88
313.00,-222.00,1029.90
318.00,-222.00,1029.93
323.00,-222.00,1029.92
328.00,-222.00,1029.97
333.00,-222.00,1029.93
338.00,-222.00,1030.05
343.00,-222.00,1031.91
348.00,-222.00,1031.66
353.00,-222.00,1032.08
358.00,-222.00,1032.01
-242.00,-217.00,1035.96
-237.00,-217.00,1035.98
-232.00,-217.00,1035.97
-227.00,-217.00,1035.96
-222.00,-217.00,1036.02
-217.00,-217.00,1036.09
-212.00,-217.00,1036.16
-207.00,-217.00,1036.16
-202.00,-217.00,1036.14
-197.00,-217.00,1036.04
-192.00,-217.00,1035.77
-187.00,-217.00,1035.12
-182.00,-217.00,1035.18
-177.00,-217.00,1035.33
-172.00,-217.00,1035.50
-167.00,-217.00,1035.67
-162.00,-217.00,1035.54
-157.00,-217.00,1035.40
-152.00,-217.00,1035.41
-147.00,-217.00,1035.36
-142.00,-217.00,1035.51
-137.00,-217.00,1035.55
-132.00,-217.00,1035.70
-127.00,-217.00,1035.94
-122.00,-217.00,1036.09
-117.00,-217.00,1036.22
-112.00,-217.00,1036.32
-107.00,-217.00,1036.30
-102.00,-217.00,1036.16
-97.00,-217.00,1036.13
-92.00,-217.00,1035.93
-87.00,-217.00,1035.61
-82.00,-217.00,1035.38
-77.00,-217.00,1035.14
-72.00,-217.00,1034.40
-67.00,-217.00,1034.61
-62.00,-217.00,1034.79
-57.00,-217.00,1033.96
-52.00,-217.00,1033.53
-47.00,-217.00,1033.78
-42.00,-217.00,1034.13
-37.00,-217.00,1034.52
-32.00,-217.00,1034.77
-27.00,-217.00,1034.75
-22.00,-217.00,1034.66
-17.00,-217.00,1034.63
-12.00,-217.00,1034.57
-7.00,-217.00,1034.60
-2.00,-217.00,1034.61
3.00,-217.00,1034.60
8.00,-217.00,1034.70
13.00,-217.00,1034.74
18.00,-217.00,1034.68
23.00,-217.00,1034.54
28.00,-217.00,1034.41
33.00,-217.00,1034.33
38.00,-217.00,1034.26
43.00,-217.00,1034.25
48.00,-217.00,1034.24
53.00,-217.00,1034.23
58.00,-217.00,1034.22
63.00,-217.00,1034.10
68.00,-217.00,1034.12
73.00,-217.00,1034.04
78.00,-217.00,1033.97
83.00,-217.00,1033.61
88.00,-217.00,1033.77
93.00,-217.00,1033.97
98.00,-217.00,1033.93
103.00,-217.00,1033.91
108.00,-217.00,1033.89
113.00,-217.00,1033.98
118.00,-217.00,1033.84
123.00,-217.00,1033.75
128.00,-217.00,1033.78
133.00,-217.00,1033.70
138.00,-217.00,1033.79
143.00,-217.00,1033.95
148.00,-217.00,1033.88
153.00,-217.00,1033.87
158.00,-217.00,1033.84
163.00,-217.00,1033.83
168.00,-217.00,1033.89
173.00,-217.00,1033.89
178.00,-217.00,1034.05
183.00,-217.00,1033.98
188.00,-217.00,1033.23
193.00,-217.00,1032.12
198.00,-217.00,1031.94
203.00,-217.00,1031.76
208.00,-217.00,1031.71
213.00,-217.00,1031.67
218.00,-217.00,1031.88
223.00,-217.00,1032.34
228.00,-217.00,1032.42
233.00,-217.00,1032.41
238.00,-217.00,1032.26
243.00,-217.00,1032.19
248.00,-217.00,1032.20
253.00,-217.00,1032.11
258.00,-217.00,1032.11
263.00,-217.00,1032.04
268.00,-217.00,1031.99
273.00,-217.00,1031.98
278.00,-217.00,1031.90
283.00,-217.00,1031.86
288.00,-217.00,1031.16
293.00,-217.00,1029.91
298.00,-217.00,1029.91
303.00,-217.00,1029.85
308.00,-217.00,1029.89
313.00,-217.00,1029.90
318.00,-217.00,1029.90
323.00,-217.00,1029.84
328.00,-217.00,1029.93
333.00,-217.00,1029.90
338.00,-217.00,1030.04
343.00,-217.00,1031.27
348.00,-217.00,1031.60
353.00,-217.00,1031.81
358.00,-217.00,1031.77
-242.00,-212.00,1035.92
-237.00,-212.00,1035.98
-232.00,-212.00,1036.03
-227.00,-212.00,1036.06
-222.00,-212.00,1036.12
-217.00,-212.00,1036.12
-212.00,-212.00,1036.12
-207.00,-212.00,1036.08
-202.00,-212.00,1036.11
-197.00,-212.00,1036.01
-192.00,-212.00,1035.62
-187.00,-212.00,1034.84
-182.00,-212.00,1035.33
-177.00,-212.00,1035.49
-172.00,-212.00,1035.68
-167.00,-212.00,1035.72
-162.00,-212.00,1035.66
-157.00,-212.00,1035.53
-152.00,-212.00,1035.40
-147.00,-212.00,1035.35
-142.00,-212.00,1035.33
-137.00,-212.00,1035.48
-132.00,-212.00,1035.61
-127.00,-212.00,1035.75
-122.00,-212.00,1035.95
-117.00,-212.00,1035.97
-112.00,-212.00,1036.02
-107.00,-212.00,1036.11
-102.00,-212.00,1036.12
-97.00,-212.00,1036.00
-92.00,-212.00,1035.94
-87.00,-212.00,1035.56
-82.00,-212.00,1035.35
-77.00,-212.00,1035.20
-72.00,-212.00,1034.48
-67.00,-212.00,1034.67
-62.00,-212.00,1034.81
-57.00,-212.00,1034.16
-52.00,-212.00,1033.76
-47.00,-212.00,1033.84
-42.00,-212.00,1034.14
-37.00,-212.00,1034.57
-32.00,-212.00,1034.75
-27.00,-212.00,1034.72
-22.00,-212.00,1034.65
-17.00,-212.00,1034.63
-12.00,-212.00,1034.62
-7.00,-212.00,1034.75
-2.00,-212.00,1034.94
3.00,-212.00,1035.07
8.00,-212.00,1035.15
13.00,-212.00,1035.15
18.00,-212.00,1035.13
23.00,-212.00,1035.01
28.00,-212.00,1034.79
33.00,-212.00,1034.50
38.00,-212.00,1034.35
43.00,-212.00,1034.30
48.00,-212.00,1034.22
53.00,-212.00,1034.18
58.00,-212.00,1034.18
63.00,-212.00,1034.11
68.00,-212.00,1034.13
73.00,-212.00,1034.12
78.00,-212.00,1034.03
83.00,-212.00,1033.71
88.00,-212.00,1033.80
93.00,-212.00,1033.88
98.00,-212.00,1033.85
103.00,-212.00,1033.89
108.00,-212.00,1033.98
113.00,-212.00,1033.99
118.00,-212.00,1033.86
123.00,-212.00,1033.76
128.00,-212.00,1033.81
133.00,-212.00,1033.78
138.00,-212.00,1033.78
143.00,-212.00,1033.82
148.00,-212.00,1033.85
153.00,-212.00,1033.81
158.00,-212.00,1033.79
163.00,-212.00,1033.82
168.00,-212.00,1033.87
173.00,-212.00,1033.88
178.00,-212.00,1033.91
183.00,-212.00,1034.11
188.00,-212.00,1033.71
193.00,-212.00,1032.44
198.00,-212.00,1032.02
203.00,-212.00,1031.90
208.00,-212.00,1031.95
213.00,-212.00,1032.26
218.00,-212.00,1032.45
223.00,-212.00,1032.49
228.00,-212.00,1032.44
233.00,-212.00,1032.36
238.00,-212.00,1032.27
243.00,-212.00,1032.29
248.00,-212.00,1032.26
253.00,-212.00,1032.18
258.00,-212.00,1032.15
263.00,-212.00,1032.17
268.00,-212.00,1032.10
273.00,-212.00,1032.01
278.00,-212.00,1032.00
283.00,-212.00,1032.13
288.00,-212.00,1031.75
293.00,-212.00,1031.05
298.00,-212.00,1029.90
303.00,-212.00,1029.88
308.00,-212.00,1029.89
313.00,-212.00,1029.90
318.00,-212.00,1029.92
323.00,-212.00,1029.90
328.00,-212.00,1029.90
333.00,-212.00,1029.85
338.00,-212.00,1030.44
343.00,-212.00,1030.50
348.00,-212.00,1031.10
353.00,-212.00,1031.61
358.00,-212.00,1031.97
-242.00,-207.00,1035.77
-237.00,-207.00,1035.95
-232.00,-207.00,1035.99
-227.00,-207.00,1036.09
-222.00,-207.00,1036.16
-217.00,-207.00,1036.17
-212.00,-207.00,1036.14
-207.00,-207.00,1036.03
-202.00,-207.00,1036.09
-197.00,-207.00,1035.93
-192.00,-207.00,1035.31
-187.00,-207.00,1035.24
-182.00,-207.00,1035.45
-177.00,-207.00,1035.57
-172.00,-207.00,1035.74
-167.00,-207.00,1035.77
-162.00,-207.00,1035.64
-157.00,-207.00,1035.56
-152.00,-207.00,1035.53
-147.00,-207.00,1035.48
-142.00,-207.00,1035.44
-137.00,-207.00,1035.43
-132.00,-207.00,1035.50
-127.00,-207.00,1035.56
-122.00,-207.00,1035.68
-117.00,-207.00,1035.76
-112.00,-207.00,1035.88
-107.00,-207.00,1035.89
-102.00,-207.00,1035.92
-97.00,-207.00,1036.02
-92.00,-207.00,1035.81
-87.00,-207.00,1035.41
-82.00,-207.00,1035.32
-77.00,-207.00,1035.13
-72.00,-207.00,1034.67
-67.00,-207.00,1034.68
-62.00,-207.00,1034.83
-57.00,-207.00,1034.29
-52.00,-207.00,1033.99
-47.00,-207.00,1034.02
-42.00,-207.00,1034.16
-37.00,-207.00,1034.58
-32.00,-207.00,1034.87
-27.00,-207.00,1034.73
-22.00,-207.00,1034.67
-17.00,-207.00,1034.58
-12.00,-207.00,1034.64
-7.00,-207.00,1034.92
-2.00,-207.00,1035.10
3.00,-207.00,1035.05
8.00,-207.00,1034.98
13.00,-207.00,1034.93
18.00,-207.00,1034.96
23.00,-207.00,1034.96
28.00,-207.00,1035.03
33.00,-207.00,1035.00
38.00,-207.00,1034.82
43.00,-207.00,1034.52
48.00,-207.00,1034.38
53.00,-207.00,1034.28
58.00,-207.00,1034.23
63.00,-207.00,1034.13
68.00,-207.00,1034.09
73.00,-207.00,1034.16
78.00,-207.00,1034.10
83.00,-207.00,1033.93
88.00,-207.00,1033.84
93.00,-207.00,1033.92
98.00,-207.00,1034.02
103.00,-207.00,1034.02
108.00,-207.00,1034.11
113.00,-207.00,1034.07
118.00,-207.00,1033.96
123.00,-207.00,1033.93
128.00,-207.00,1033.86
133.00,-207.00,1033.86
138.00,-207.00,1033.79
143.00,-207.00,1033.84
148.00,-207.00,1033.83
153.00,-207.00,1033.80
158.00,-207.00,1033.81
163.00,-207.00,1033.86
168.00,-207.00,1033.83
173.00,-207.00,1033.86
178.00,-207.00,1033.88
183.00,-207.00,1034.04
188.00,-207.00,1034.13
193.00,-207.00,1033.11
198.00,-207.00,1032.35
203.00,-207.00,1032.24
208.00,-207.00,1032.46
213.00,-207.00,1032.55
218.00,-207.00,1032.51
223.00,-207.00,1032.53
228.00,-207.00,1032.39
233.00,-207.00,1032.37
238.00,-207.00,1032.36
243.00,-207.00,1032.37
248.00,-207.00,1032.31
253.00,-207.00,1032.31
258.00,-207.00,1032.20
263.00,-207.00,1032.08
268.00,-207.00,1032.02
273.00,-207.00,1032.07
278.00,-207.00,1032.03
283.00,-207.00,1032.10
288.00,-207.00,1032.27
293.00,-207.00,1031.84
298.00,-207.00,1031.17
303.00,-207.00,1029.94
308.00,-207.00,1029.89
313.00,-207.00,1029.87
318.00,-207.00,1029.90
323.00,-207.00,1029.89
328.00,-207.00,1029.89
333.00,-207.00,1029.87
338.00,-207.00,1030.34
343.00,-207.00,1030.39
348.00,-207.00,1031.04
353.00,-207.00,1031.36
358.00,-207.00,1031.68
-242.00,-202.00,1035.64
-237.00,-202.00,1035.80
-232.00,-202.00,1035.99
-227.00,-202.00,1036.04
-222.00,-202.00,1036.14
-217.00,-202.00,1036.14
-212.00,-202.00,1036.13
-207.00,-202.00,1036.05
-202.00,-202.00,1036.08
-197.00,-202.00,1035.78
-192.00,-202.00,1035.00
-187.00,-202.00,1035.39
-182.00,-202.00,1035.63
-177.00,-202.00,1035.66
-172.00,-202.00,1035.79
-167.00,-202.00,1035.83
-162.00,-202.00,1035.62
-157.00,-202.00,1035.52
-152.00,-202.00,1035.60
-147.00,-202.00,1035.55
-142.00,-202.00,1035.52
-137.00,-202.00,1035.48
-132.00,-202.00,1035.44
-127.00,-202.00,1035.48
-122.00,-202.00,1035.51
-117.00,-202.00,1035.59
-112.00,-202.00,1035.61
-107.00,-202.00,1035.67
-102.00,-202.00,1035.83
-97.00,-202.00,1035.85
-92.00,-202.00,1035.72
-87.00,-202.00,1035.35
-82.00,-202.00,1035.26
-77.00,-202.00,1035.02
-72.00,-202.00,1034.61
-67.00,-202.00,1034.78
-62.00,-202.00,1034.87
-57.00,-202.00,1034.51
-52.00,-202.00,1034.12
-47.00,-202.00,1034.15
-42.00,-202.00,1034.19
-37.00,-202.00,1034.60
-32.00,-202.00,1034.90
-27.00,-202.00,1034.77
-22.00,-202.00,1034.74
-17.00,-202.00,1034.64
-12.00,-202.00,1034.63
-7.00,-202.00,1034.71
-2.00,-202.00,1034.78
3.00,-202.00,1034.69
8.00,-202.00,1034.61
13.00,-202.00,1034.56
18.00,-202.00,1034.54
23.00,-202.00,1034.52
28.00,-202.00,1034.59
33.00,-202.00,1034.75
38.00,-202.00,1034.88
43.00,-202.00,1034.78
48.00,-202.00,1034.45
53.00,-202.00,1034.18
58.00,-202.00,1034.12
63.00,-202.00,1034.11
68.00,-202.00,1034.04
73.00,-202.00,1034.09
78.00,-202.00,1034.10
83.00,-202.00,1034.05
88.00,-202.00,1034.04
93.00,-202.00,1034.05
98.00,-202.00,1034.08
103.00,-202.00,1034.09
108.00,-202.00,1034.12
113.00,-202.00,1034.08
118.00,-202.00,1034.00
123.00,-202.00,1033.98
128.00,-202.00,1033.91
133.00,-202.00,1033.89
138.00,-202.00,1033.87
143.00,-202.00,1033.94
148.00,-202.00,1033.90
153.00,-202.00,1033.74
158.00,-202.00,1033.74
163.00,-202.00,1033.75
168.00,-202.00,1033.77
173.00,-202.00,1033.79
178.00,-202.00,1033.83
183.00,-202.00,1033.94
188.00,-202.00,1034.11
193.00,-202.00,1033.59
198.00,-202.00,1032.96
203.00,-202.00,1032.66
208.00,-202.00,1032.61
213.00,-202.00,1032.55
218.00,-202.00,1032.57
223.00,-202.00,1032.50
228.00,-202.00,1032.42
233.00,-202.00,1032.39
238.00,-202.00,1032.32
243.00,-202.00,1032.38
248.00,-202.00,1032.33
253.00,-202.00,1032.30
258.00,-202.00,1032.10
263.00,-202.00,1031.99
268.00,-202.00,1032.07
273.00,-202.00,1032.07
278.00,-202.00,1032.00
283.00,-202.00,1031.97
288.00,-202.00,1032.14
293.00,-202.00,1032.28
298.00,-202.00,1031.59
303.00,-202.00,1031.04
308.00,-202.00,1029.87
313.00,-202.00,1029.87
318.00,-202.00,1029.90
323.00,-202.00,1029.90
328.00,-202.00,1029.86
333.00,-202.00,1029.81
338.00,-202.00,1030.24
343.00,-202.00,1030.28
348.00,-202.00,1031.08
353.00,-202.00,1031.31
358.00,-202.00,1031.46
-242.00,-197.00,1035.39
-237.00,-197.00,1035.53
-232.00,-197.00,1035.65
-227.00,-197.00,1035.86
-222.00,-197.00,1036.07
-217.00,-197.00,1036.16
-212.00,-197.00,1036.16
-207.00,-197.00,1036.06
-202.00,-197.00,1035.97
-197.00,-197.00,1035.46
-192.00,-197.00,1035.19
-187.00,-197.00,1035.53
-182.00,-197.00,1035.77
-177.00,-197.00,1035.80
-172.00,-197.00,1035.82
-167.00,-197.00,1035.87
-162.00,-197.00,1035.67
-157.00,-197.00,1035.72
-152.00,-197.00,1035.68
-147.00,-197.00,1035.59
-142.00,-197.00,1035.52
-137.00,-197.00,1035.58
-132.00,-197.00,1035.56
-127.00,-197.00,1035.52
-122.00,-197.00,1035.46
-117.00,-197.00,1035.47
-112.00,-197.00,1035.54
-107.00,-197.00,1035.64
-102.00,-197.00,1035.76
-97.00,-197.00,1035.70
-92.00,-197.00,1035.56
-87.00,-197.00,1035.33
-82.00,-197.00,1035.08
-77.00,-197.00,1034.97
-72.00,-197.00,1034.68
-67.00,-197.00,1034.88
-62.00,-197.00,1034.88
-57.00,-197.00,1034.56
-52.00,-197.00,1034.21
-47.00,-197.00,1034.29
-42.00,-197.00,1034.22
-37.00,-197.00,1034.66
-32.00,-197.00,1034.87
-27.00,-197.00,1034.78
-22.00,-197.00,1034.65
-17.00,-197.00,1034.62
-12.00,-197.00,1034.58
-7.00,-197.00,1034.59
-2.00,-197.00,1034.58
3.00,-197.00,1034.59
8.00,-197.00,1034.58
13.00,-197.00,1034.53
18.00,-197.00,1034.49
23.00,-197.00,1034.46
28.00,-197.00,1034.46
33.00,-197.00,1034.48
38.00,-197.00,1034.50
43.00,-197.00,1034.47
48.00,-197.00,1034.34
53.00,-197.00,1034.20
58.00,-197.00,1034.13
63.00,-197.00,1034.08
68.00,-197.00,1034.01
73.00,-197.00,1033.99
78.00,-197.00,1034.03
83.00,-197.00,1034.04
88.00,-197.00,1034.08
93.00,-197.00,1034.08
98.00,-197.00,1034.05
103.00,-197.00,1034.11
108.00,-197.00,1034.10
113.00,-197.00,1034.06
118.00,-197.00,1033.95
123.00,-197.00,1033.97
128.00,-197.00,1034.01
133.00,-197.00,1033.98
138.00,-197.00,1033.93
143.00,-197.00,1034.00
148.00,-197.00,1034.17
153.00,-197.00,1033.77
158.00,-197.00,1033.75
163.00,-197.00,1033.76
168.00,-197.00,1033.72
173.00,-197.00,1033.71
178.00,-197.00,1033.80
183.00,-197.00,1033.82
188.00,-197.00,1034.10
193.00,-197.00,1033.42
198.00,-197.00,1033.10
203.00,-197.00,1032.90
208.00,-197.00,1032.76
213.00,-197.00,1032.66
218.00,-197.00,1032.58
223.00,-197.00,1032.46
228.00,-197.00,1032.45
233.00,-197.00,1032.41
238.00,-197.00,1032.37
243.00,-197.00,1032.33
248.00,-197.00,1032.24
253.00,-197.00,1032.13
258.00,-197.00,1032.03
263.00,-197.00,1031.97
268.00,-197.00,1031.96
273.00,-197.00,1031.92
278.00,-197.00,1031.85
283.00,-197.00,1031.96
288.00,-197.00,1032.03
293.00,-197.00,1032.30
298.00,-197.00,1032.43
303.00,-197.00,1031.67
308.00,-197.00,1030.96
313.00,-197.00,1030.03
318.00,-197.00,1029.91
323.00,-197.00,1029.91
328.00,-197.00,1029.89
333.00,-197.00,1029.90
338.00,-197.00,1029.93
343.00,-197.00,1029.97
348.00,-197.00,1030.93
353.00,-197.00,1031.17
358.00,-197.00,1031.50
-242.00,-192.00,1034.85
-237.00,-192.00,1034.97
-232.00,-192.00,1035.19
-227.00,-192.00,1035.56
-222.00,-192.00,1035.69
-217.00,-192.00,1035.87
-212.00,-192.00,1036.02
-207.00,-192.00,1035.98
-202.00,-192.00,1035.71
-197.00,-192.00,1035.16
-192.00,-192.00,1035.48
-187.00,-192.00,1035.70
-182.00,-192.00,1035.79
-177.00,-192.00,1035.85
-172.00,-192.00,1035.89
-167.00,-192.00,1035.90
-162.00,-192.00,1035.99
-157.00,-192.00,1036.04
-152.00,-192.00,1035.94
-147.00,-192.00,1035.91
-142.00,-192.00,1035.70
-137.00,-192.00,1035.60
-132.00,-192.00,1035.66
-127.00,-192.00,1035.63
-122.00,-192.00,1035.48
-117.00,-192.00,1035.46
-112.00,-192.00,1035.63
-107.00,-192.00,1035.64
-102.00,-192.00,1035.55
-97.00,-192.00,1035.49
-92.00,-192.00,1035.40
-87.00,-192.00,1035.34
-82.00,-192.00,1035.03
-77.00,-192.00,1035.02
-72.00,-192.00,1034.76
-67.00,-192.00,1034.85
-62.00,-192.00,1034.90
-57.00,-192.00,1034.58
-52.00,-192.00,1034.22
-47.00,-192.00,1034.34
-42.00,-192.00,1034.26
-37.00,-192.00,1034.69
-32.00,-192.00,1034.94
-27.00,-192.00,1034.76
-22.00,-192.00,1034.70
-17.00,-192.00,1034.71
-12.00,-192.00,1034.64
-7.00,-192.00,1034.63
-2.00,-192.00,1034.59
3.00,-192.00,1034.58
8.00,-192.00,1034.59
13.00,-192.00,1034.57
18.00,-192.00,1034.51
23.00,-192.00,1034.48
28.00,-192.00,1034.48
33.00,-192.00,1034.46
38.00,-192.00,1034.47
43.00,-192.00,1034.40
48.00,-192.00,1034.30
53.00,-192.00,1034.24
58.00,-192.00,1034.20
63.00,-192.00,1034.16
68.00,-192.00,1034.13
73.00,-192.00,1034.14
78.00,-192.00,1034.04
83.00,-192.00,1034.05
88.00,-192.00,1034.12
93.00,-192.00,1034.09
98.00,-192.00,1034.10
103.00,-192.00,1034.03
108.00,-192.00,1034.01
113.00,-192.00,1034.04
118.00,-192.00,1034.01
123.00,-192.00,1033.92
128.00,-192.00,1034.02
133.00,-192.00,1034.02
138.00,-192.00,1034.01
143.00,-192.00,1033.98
148.00,-192.00,1034.43
153.00,-192.00,1033.84
158.00,-192.00,1033.75
163.00,-192.00,1033.73
168.00,-192.00,1033.73
173.00,-192.00,1033.68
178.00,-192.00,1033.68
183.00,-192.00,1033.78
188.00,-192.00,1033.69
193.00,-192.00,1033.54
198.00,-192.00,1033.29
203.00,-192.00,1032.97
208.00,-192.00,1032.80
213.00,-192.00,1032.74
218.00,-192.00,1032.54
223.00,-192.00,1032.49
228.00,-192.00,1032.45
233.00,-192.00,1032.40
238.00,-192.00,1032.34
243.00,-192.00,1032.34
248.00,-192.00,1032.26
253.00,-192.00,1032.20
258.00,-192.00,1032.07
263.00,-192.00,1031.98
268.00,-192.00,1031.75
273.00,-192.00,1031.74
278.00,-192.00,1031.76
283.00,-192.00,1031.81
288.00,-192.00,1031.98
293.00,-192.00,1032.16
298.00,-192.00,1032.40
303.00,-192.00,1032.45
308.00,-192.00,1032.08
313.00,-192.00,1031.67
318.00,-192.00,1031.05
323.00,-192.00,1030.34
328.00,-192.00,1029.93
333.00,-192.00,1029.90
338.00,-192.00,1029.89
343.00,-192.00,1029.88
348.00,-192.00,1030.59
353.00,-192.00,1030.34
358.00,-192.00,1031.29
-242.00,-187.00,1034.52
-237.00,-187.00,1034.64
-232.00,-187.00,1034.73
-227.00,-187.00,1034.97
-222.00,-187.00,1035.37
-217.00,-187.00,1035.54
-212.00,-187.00,1035.64
-207.00,-187.00,1035.67
-202.00,-187.00,1035.46
-197.00,-187.00,1035.35
-192.00,-187.00,1035.73
-187.00,-187.00,1035.80
-182.00,-187.00,1035.85
-177.00,-187.00,1035.94
-172.00,-187.00,1036.00
-167.00,-187.00,1036.18
-162.00,-187.00,1036.43
-157.00,-187.00,1036.49
-152.00,-187.00,1036.53
-147.00,-187.00,1036.35
-142.00,-187.00,1036.10
-137.00,-187.00,1035.93
-132.00,-187.00,1035.81
-127.00,-187.00,1035.62
-122.00,-187.00,1035.51
-117.00,-187.00,1035.50
-112.00,-187.00,1035.49
-107.00,-187.00,1035.46
-102.00,-187.00,1035.37
-97.00,-187.00,1035.41
-92.00,-187.00,1035.35
-87.00,-187.00,1035.27
-82.00,-187.00,1035.07
-77.00,-187.00,1035.00
-72.00,-187.00,1034.69
-67.00,-187.00,1034.83
-62.00,-187.00,1034.91
-57.00,-187.00,1034.46
-52.00,-187.00,1034.25
-47.00,-187.00,1034.38
-42.00,-187.00,1034.30
-37.00,-187.00,1034.76
-32.00,-187.00,1034.83
-27.00,-187.00,1034.90
-22.00,-187.00,1034.98
-17.00,-187.00,1034.95
-12.00,-187.00,1034.84
-7.00,-187.00,1034.75
-2.00,-187.00,1034.68
3.00,-187.00,1034.65
8.00,-187.00,1034.63
13.00,-187.00,1034.59
18.00,-187.00,1034.54
23.00,-187.00,1034.56
28.00,-187.00,1034.56
33.00,-187.00,1034.53
38.00,-187.00,1034.52
43.00,-187.00,1034.49
48.00,-187.00,1034.38
53.00,-187.00,1034.33
58.00,-187.00,1034.30
63.00,-187.00,1034.26
68.00,-187.00,1034.27
73.00,-187.00,1034.23
78.00,-187.00,1034.11
83.00,-187.00,1034.01
88.00,-187.00,1034.08
93.00,-187.00,1034.10
98.00,-187.00,1034.04
103.00,-187.00,1034.04
108.00,-187.00,1034.09
113.00,-187.00,1034.10
118.00,-187.00,1034.16
123.00,-187.00,1034.01
128.00,-187.00,1034.05
133.00,-187.00,1034.06
138.00,-187.00,1034.02
143.00,-187.00,1034.04
148.00,-187.00,1034.47
153.00,-187.00,1033.95
158.00,-187.00,1033.79
163.00,-187.00,1033.77
168.00,-187.00,1033.73
173.00,-187.00,1033.71
178.00,-187.00,1033.71
183.00,-187.00,1033.53
188.00,-187.00,1033.90
193.00,-187.00,1033.56
198.00,-187.00,1033.38
203.00,-187.00,1033.06
208.00,-187.00,1032.83
213.00,-187.00,1032.65
218.00,-187.00,1032.53
223.00,-187.00,1032.52
228.00,-187.00,1032.39
233.00,-187.00,1032.31
238.00,-187.00,1032.28
243.00,-187.00,1032.37
248.00,-187.00,1032.30
253.00,-187.00,1032.18
258.00,-187.00,1031.99
263.00,-187.00,1031.83
268.00,-187.00,1031.69
273.00,-187.00,1031.56
278.00,-187.00,1031.70
283.00,-187.00,1031.80
288.00,-187.00,1031.89
293.00,-187.00,1032.06
298.00,-187.00,1032.23
303.00,-187.00,1032.32
308.00,-187.00,1032.35
313.00,-187.00,1032.30
318.00,-187.00,1032.13
323.00,-187.00,1031.37
328.00,-187.00,1030.22
333.00,-187.00,1029.89
338.00,-187.00,1029.88
343.00,-187.00,1029.86
348.00,-187.00,1030.24
353.00,-187.00,1029.93
358.00,-187.00,1030.23
-242.00,-182.00,1034.23
-237.00,-182.00,1034.33
-232.00,-182.00,1034.35
-227.00,-182.00,1034.52
-222.00,-182.00,1034.80
-217.00,-182.00,1035.20
-212.00,-182.00,1035.37
-207.00,-182.00,1035.40
-202.00,-182.00,1035.25
-197.00,-182.00,1035.72
-192.00,-182.00,1035.86
-187.00,-182.00,1035.84
-182.00,-182.00,1035.94
-177.00,-182.00,1036.00
-172.00,-182.00,1036.26
-167.00,-182.00,1036.64
-162.00,-182.00,1036.83
-157.00,-182.00,1036.98
-152.00,-182.00,1037.01
-147.00,-182.00,1036.85
-142.00,-182.00,1036.72
-137.00,-182.00,1036.52
-132.00,-182.00,1036.18
-127.00,-182.00,1035.83
-122.00,-182.00,1035.60
-117.00,-182.00,1035.49
-112.00,-182.00,1035.44
-107.00,-182.00,1035.32
-102.00,-182.00,1035.38
-97.00,-182.00,1035.38
-92.00,-182.00,1035.40
-87.00,-182.00,1035.13
-82.00,-182.00,1035.07
-77.00,-182.00,1035.10
-72.00,-182.00,1034.79
-67.00,-182.00,1034.83
-62.00,-182.00,1034.94
-57.00,-182.00,1034.45
-52.00,-182.00,1034.30
-47.00,-182.00,1034.40
-42.00,-182.00,1034.36
-37.00,-182.00,1034.85
-32.00,-182.00,1035.00
-27.00,-182.00,1035.12
-22.00,-182.00,1035.17
-17.00,-182.00,1035.03
-12.00,-182.00,1034.89
-7.00,-182.00,1034.78
-2.00,-182.00,1034.75
3.00,-182.00,1034.69
8.00,-182.00,1034.69
13.00,-182.00,1034.64
18.00,-182.00,1034.62
23.00,-182.00,1034.56
28.00,-182.00,1034.52
33.00,-182.00,1034.49
38.00,-182.00,1034.48
43.00,-182.00,1034.41
48.00,-182.00,1034.37
53.00,-182.00,1034.34
58.00,-182.00,1034.33
63.00,-182.00,1034.35
68.00,-182.00,1034.31
73.00,-182.00,1034.25
78.00,-182.00,1034.08
83.00,-182.00,1034.10
88.00,-182.00,1034.04
93.00,-182.00,1034.17
98.00,-182.00,1034.21
103.00,-182.00,1034.15
108.00,-182.00,1034.28
113.00,-182.00,1034.20
118.00,-182.00,1034.30
123.00,-182.00,1034.26
128.00,-182.00,1034.18
133.00,-182.00,1034.12
138.00,-182.00,1034.08
143.00,-182.00,1034.17
148.00,-182.00,1034.54
153.00,-182.00,1034.20
158.00,-182.00,1033.86
163.00,-182.00,1033.81
168.00,-182.00,1033.78
173.00,-182.00,1033.77
178.00,-182.00,1033.77
183.00,-182.00,1033.62
188.00,-182.00,1033.91
193.00,-182.00,1033.61
198.00,-182.00,1033.33
203.00,-182.00,1033.12
208.00,-182.00,1032.76
213.00,-182.00,1032.58
218.00,-182.00,1032.56
223.00,-182.00,1032.47
228.00,-182.00,1032.33
233.00,-182.00,1032.29
238.00,-182.00,1032.29
243.00,-182.00,1032.29
248.00,-182.00,1032.13
253.00,-182.00,1032.06
258.00,-182.00,1031.89
263.00,-182.00,1031.76
268.00,-182.00,1031.63
273.00,-182.00,1031.65
278.00,-182.00,1031.71
283.00,-182.00,1031.83
288.00,-182.00,1031.96
293.00,-182.00,1031.98
298.00,-182.00,1032.17
303.00,-182.00,1032.29
308.00,-182.00,1032.32
313.00,-182.00,1032.37
318.00,-182.00,1032.24
323.00,-182.00,1031.55
328.00,-182.00,1030.57
333.00,-182.00,1029.90
338.00,-182.00,1029.86
343.00,-182.00,1029.88
348.00,-182.00,1029.95
353.00,-182.00,1030.56
358.00,-182.00,1031.04
-242.00,-177.00,1034.12
-237.00,-177.00,1034.10
-232.00,-177.00,1034.20
-227.00,-177.00,1034.23
-222.00,-177.00,1034.43
-217.00,-177.00,1034.80
-212.00,-177.00,1035.08
-207.00,-177.00,1035.41
-202.00,-177.00,1035.49
-197.00,-177.00,1035.88
-192.00,-177.00,1035.93
-187.00,-177.00,1035.89
-182.00,-177.00,1035.94
-177.00,-177.00,1036.17
-172.00,-177.00,1036.68
-167.00,-177.00,1037.01
-162.00,-177.00,1037.20
-157.00,-177.00,1037.36
-152.00,-177.00,1037.46
-147.00,-177.00,1037.47
-142.00,-177.00,1037.34
-137.00,-177.00,1036.98
-132.00,-177.00,1036.62
-127.00,-177.00,1036.14
-122.00,-177.00,1035.85
-117.00,-177.00,1035.63
-112.00,-177.00,1035.45
-107.00,-177.00,1035.48
-102.00,-177.00,1035.41
-97.00,-177.00,1035.38
-92.00,-177.00,1035.37
-87.00,-177.00,1035.07
-82.00,-177.00,1035.07
-77.00,-177.00,1035.15
-72.00,-177.00,1034.81
-67.00,-177.00,1034.84
-62.00,-177.00,1034.92
-57.00,-177.00,1034.56
-52.00,-177.00,1034.40
-47.00,-177.00,1034.46
-42.00,-177.00,1034.44
-37.00,-177.00,1034.90
-32.00,-177.00,1035.09
-27.00,-177.00,1035.21
-22.00,-177.00,1035.11
-17.00,-177.00,1035.01
-12.00,-177.00,1034.89
-7.00,-177.00,1034.82
-2.00,-177.00,1034.76
3.00,-177.00,1034.80
8.00,-177.00,1034.87
13.00,-177.00,1034.73
18.00,-177.00,1034.57
23.00,-177.00,1034.56
28.00,-177.00,1034.48
33.00,-177.00,1034.46
38.00,-177.00,1034.48
43.00,-177.00,1034.46
48.00,-177.00,1034.42
53.00,-177.00,1034.38
58.00,-177.00,1034.41
63.00,-177.00,1034.37
68.00,-177.00,1034.31
73.00,-177.00,1034.27
78.00,-177.00,1034.11
83.00,-177.00,1034.27
88.00,-177.00,1034.07
93.00,-177.00,1034.22
98.00,-177.00,1034.32
103.00,-177.00,1034.30
108.00,-177.00,1034.34
113.00,-177.00,1034.26
118.00,-177.00,1034.37
123.00,-177.00,1034.30
128.00,-177.00,1034.25
133.00,-177.00,1034.21
138.00,-177.00,1034.23
143.00,-177.00,1034.43
148.00,-177.00,1034.71
153.00,-177.00,1034.21
158.00,-177.00,1033.94
163.00,-177.00,1033.88
168.00,-177.00,1033.93
173.00,-177.00,1033.90
178.00,-177.00,1033.85
183.00,-177.00,1033.70
188.00,-177.00,1033.90
193.00,-177.00,1033.53
198.00,-177.00,1033.20
203.00,-177.00,1033.11
208.00,-177.00,1032.95
213.00,-177.00,1032.76
218.00,-177.00,1032.65
223.00,-177.00,1032.49
228.00,-177.00,1032.33
233.00,-177.00,1032.30
238.00,-177.00,1032.23
243.00,-177.00,1032.09
248.00,-177.00,1031.98
253.00,-177.00,1031.85
258.00,-177.00,1031.77
263.00,-177.00,1031.60
268.00,-177.00,1031.60
273.00,-177.00,1031.66
278.00,-177.00,1031.76
283.00,-177.00,1031.75
288.00,-177.00,1031.86
293.00,-177.00,1032.08
298.00,-177.00,1032.17
303.00,-177.00,1032.29
308.00,-177.00,1032.31
313.00,-177.00,1032.36
318.00,-177.00,1032.34
323.00,-177.00,1031.91
328.00,-177.00,1031.45
333.00,-177.00,1030.00
338.00,-177.00,1029.90
343.00,-177.00,1029.85
348.00,-177.00,1029.87
353.00,-177.00,1030.07
358.00,-177.00,1031.11
-242.00,-172.00,1034.39
-237.00,-172.00,1034.08
-232.00,-172.00,1034.09
-227.00,-172.00,1034.12
-222.00,-172.00,1034.27
-217.00,-172.00,1034.63
-212.00,-172.00,1035.14
-207.00,-172.00,1035.50
-202.00,-172.00,1035.62
-197.00,-172.00,1035.87
-192.00,-172.00,1035.86
-187.00,-172.00,1035.92
-182.00,-172.00,1036.11
-177.00,-172.00,1036.53
-172.00,-172.00,1037.15
-167.00,-172.00,1037.45
-162.00,-172.00,1037.50
-157.00,-172.00,1037.69
-152.00,-172.00,1037.89
-147.00,-172.00,1037.94
-142.00,-172.00,1037.75
-137.00,-172.00,1037.50
-132.00,-172.00,1036.99
-127.00,-172.00,1036.59
-122.00,-172.00,1036.16
-117.00,-172.00,1035.76
-112.00,-172.00,1035.51
-107.00,-172.00,1035.42
-102.00,-172.00,1035.40
-97.00,-172.00,1035.38
-92.00,-172.00,1035.24
-87.00,-172.00,1035.03
-82.00,-172.00,1035.05
-77.00,-172.00,1035.17
-72.00,-172.00,1034.87
-67.00,-172.00,1034.84
-62.00,-172.00,1034.97
-57.00,-172.00,1034.63
-52.00,-172.00,1034.47
-47.00,-172.00,1034.50
-42.00,-172.00,1034.51
-37.00,-172.00,1034.98
-32.00,-172.00,1035.15
-27.00,-172.00,1035.19
-22.00,-172.00,1035.12
-17.00,-172.00,1035.00
-12.00,-172.00,1034.88
-7.00,-172.00,1034.89
-2.00,-172.00,1035.40
3.00,-172.00,1035.56
8.00,-172.00,1035.22
13.00,-172.00,1034.80
18.00,-172.00,1034.60
23.00,-172.00,1034.55
28.00,-172.00,1034.52
33.00,-172.00,1034.55
38.00,-172.00,1034.50
43.00,-172.00,1034.46
48.00,-172.00,1034.44
53.00,-172.00,1034.45
58.00,-172.00,1034.41
63.00,-172.00,1034.39
68.00,-172.00,1034.36
73.00,-172.00,1034.31
78.00,-172.00,1034.15
83.00,-172.00,1034.27
88.00,-172.00,1034.12
93.00,-172.00,1034.24
98.00,-172.00,1034.35
103.00,-172.00,1034.31
108.00,-172.00,1034.30
113.00,-172.00,1034.26
118.00,-172.00,1034.31
123.00,-172.00,1034.31
128.00,-172.00,1034.29
133.00,-172.00,1034.22
138.00,-172.00,1034.42
143.00,-172.00,1034.70
148.00,-172.00,1034.31
153.00,-172.00,1034.08
158.00,-172.00,1034.03
163.00,-172.00,1033.92
168.00,-172.00,1033.96
173.00,-172.00,1033.92
178.00,-172.00,1033.97
183.00,-172.00,1033.79
188.00,-172.00,1033.82
193.00,-172.00,1033.42
198.00,-172.00,1033.23
203.00,-172.00,1033.14
208.00,-172.00,1032.96
213.00,-172.00,1032.84
218.00,-172.00,1032.71
223.00,-172.00,1032.58
228.00,-172.00,1032.35
233.00,-172.00,1032.22
238.00,-172.00,1032.09
243.00,-172.00,1031.87
248.00,-172.00,1031.82
253.00,-172.00,1031.81
258.00,-172.00,1031.66
263.00,-172.00,1031.61
268.00,-172.00,1031.60
273.00,-172.00,1031.68
278.00,-172.00,1031.73
283.00,-172.00,1031.80
288.00,-172.00,1032.01
293.00,-172.00,1032.26
298.00,-172.00,1032.37
303.00,-172.00,1032.37
308.00,-172.00,1032.42
313.00,-172.00,1032.36
318.00,-172.00,1032.46
323.00,-172.00,1032.24
328.00,-172.00,1031.83
333.00,-172.00,1030.80
338.00,-172.00,1029.90
343.00,-172.00,1029.89
348.00,-172.00,1029.92
353.00,-172.00,1029.92
358.00,-172.00,1030.26
-242.00,-167.00,1034.56
-237.00,-167.00,1034.09
-232.00,-167.00,1033.97
-227.00,-167.00,1034.05
-222.00,-167.00,1034.27
-217.00,-167.00,1034.58
-212.00,-167.00,1035.10
-207.00,-167.00,1035.43
-202.00,-167.00,1035.69
-197.00,-167.00,1035.71
-192.00,-167.00,1035.79
-187.00,-167.00,1035.98
-182.00,-167.00,1036.36
-177.00,-167.00,1036.89
-172.00,-167.00,1037.52
-167.00,-167.00,1037.80
-162.00,-167.00,1037.74
-157.00,-167.00,1037.88
-152.00,-167.00,1038.14
-147.00,-167.00,1038.13
-142.00,-167.00,1037.97
-137.00,-167.00,1037.67
-132.00,-167.00,1037.36
-127.00,-167.00,1037.06
-122.00,-167.00,1036.48
-117.00,-167.00,1036.02
-112.00,-167.00,1035.53
-107.00,-167.00,1035.42
-102.00,-167.00,1035.39
-97.00,-167.00,1035.35
-92.00,-167.00,1035.16
-87.00,-167.00,1035.04
-82.00,-167.00,1035.07
-77.00,-167.00,1035.11
-72.00,-167.00,1034.84
-67.00,-167.00,1034.86
-62.00,-167.00,1035.00
-57.00,-167.00,1034.66
-52.00,-167.00,1034.50
-47.00,-167.00,1034.53
-42.00,-167.00,1034.58
-37.00,-167.00,1034.96
-32.00,-167.00,1035.10
-27.00,-167.00,1035.15
-22.00,-167.00,1035.06
-17.00,-167.00,1034.97
-12.00,-167.00,1035.01
-7.00,-167.00,1035.63
-2.00,-167.00,1035.72
3.00,-167.00,1035.13
8.00,-167.00,1034.71
13.00,-167.00,1034.57
18.00,-167.00,1034.59
23.00,-167.00,1034.59
28.00,-167.00,1034.55
33.00,-167.00,1034.55
38.00,-167.00,1034.52
43.00,-167.00,1034.50
48.00,-167.00,1034.47
53.00,-167.00,1034.47
58.00,-167.00,1034.47
63.00,-167.00,1034.46
68.00,-167.00,1034.41
73.00,-167.00,1034.39
78.00,-167.00,1034.32
83.00,-167.00,1034.22
88.00,-167.00,1034.26
93.00,-167.00,1034.18
98.00,-167.00,1034.28
103.00,-167.00,1034.30
108.00,-167.00,1034.26
113.00,-167.00,1034.29
118.00,-167.00,1034.25
123.00,-167.00,1034.26
128.00,-167.00,1034.22
133.00,-167.00,1034.20
138.00,-167.00,1034.67
143.00,-167.00,1034.19
148.00,-167.00,1034.13
153.00,-167.00,1034.13
158.00,-167.00,1034.08
163.00,-167.00,1034.02
168.00,-167.00,1033.96
173.00,-167.00,1033.92
178.00,-167.00,1034.04
183.00,-167.00,1033.92
188.00,-167.00,1033.81
193.00,-167.00,1033.45
198.00,-167.00,1033.41
203.00,-167.00,1033.29
208.00,-167.00,1033.01
213.00,-167.00,1032.88
218.00,-167.00,1032.73
223.00,-167.00,1032.60
228.00,-167.00,1032.27
233.00,-167.00,1032.04
238.00,-167.00,1031.87
243.00,-167.00,1031.79
248.00,-167.00,1031.71
253.00,-167.00,1031.70
258.00,-167.00,1031.74
263.00,-167.00,1031.75
268.00,-167.00,1031.71
273.00,-167.00,1031.80
278.00,-167.00,1031.91
283.00,-167.00,1031.96
288.00,-167.00,1032.15
293.00,-167.00,1032.41
298.00,-167.00,1032.45
303.00,-167.00,1032.50
308.00,-167.00,1032.45
313.00,-167.00,1032.48
318.00,-167.00,1032.47
323.00,-167.00,1032.40
328.00,-167.00,1032.01
333.00,-167.00,1031.40
338.00,-167.00,1030.26
343.00,-167.00,1029.89
348.00,-167.00,1029.91
353.00,-167.00,1029.86
358.00,-167.00,1030.04
-242.00,-162.00,1034.34
-237.00,-162.00,1034.00
-232.00,-162.00,1033.93
-227.00,-162.00,1034.11
-222.00,-162.00,1034.30
-217.00,-162.00,1034.66
-212.00,-162.00,1035.10
-207.00,-162.00,1035.50
-202.00,-162.00,1035.72
-197.00,-162.00,1035.74
-192.00,-162.00,1035.87
-187.00,-162.00,1036.18
-182.00,-162.00,1036.69
-177.00,-162.00,1037.32
-172.00,-162.00,1037.80
-167.00,-162.00,1038.10
-162.00,-162.00,1037.95
-157.00,-162.00,1037.98
-152.00,-162.00,1038.12
-147.00,-162.00,1038.14
-142.00,-162.00,1038.04
-137.00,-162.00,1037.76
-132.00,-162.00,1037.60
-127.00,-162.00,1037.30
-122.00,-162.00,1036.72
-117.00,-162.00,1036.13
-112.00,-162.00,1035.66
-107.00,-162.00,1035.39
-102.00,-162.00,1035.33
-97.00,-162.00,1035.30
-92.00,-162.00,1035.10
-87.00,-162.00,1035.06
-82.00,-162.00,1035.08
-77.00,-162.00,1035.11
-72.00,-162.00,1034.82
-67.00,-162.00,1034.86
-62.00,-162.00,1035.04
-57.00,-162.00,1034.65
-52.00,-162.00,1034.51
-47.00,-162.00,1034.56
-42.00,-162.00,1034.60
-37.00,-162.00,1034.95
-32.00,-162.00,1035.02
-27.00,-162.00,1035.12
-22.00,-162.00,1035.07
-17.00,-162.00,1035.01
-12.00,-162.00,1035.61
-7.00,-162.00,1035.80
-2.00,-162.00,1035.05
3.00,-162.00,1034.66
8.00,-162.00,1034.57
13.00,-162.00,1034.56
18.00,-162.00,1034.57
23.00,-162.00,1034.55
28.00,-162.00,1034.56
33.00,-162.00,1034.52
38.00,-162.00,1034.53
43.00,-162.00,1034.53
48.00,-162.00,1034.47
53.00,-162.00,1034.46
58.00,-162.00,1034.42
63.00,-162.00,1034.43
68.00,-162.00,1034.46
73.00,-162.00,1034.43
78.00,-162.00,1034.39
83.00,-162.00,1034.42
88.00,-162.00,1034.36
93.00,-162.00,1034.28
98.00,-162.00,1034.27
103.00,-162.00,1034.26
108.00,-162.00,1034.27
113.00,-162.00,1034.28
118.00,-162.00,1034.27
123.00,-162.00,1034.24
128.00,-162.00,1034.22
133.00,-162.00,1034.16
138.00,-162.00,1034.70
143.00,-162.00,1034.08
148.00,-162.00,1034.10
153.00,-162.00,1034.07
158.00,-162.00,1034.05
163.00,-162.00,1034.07
168.00,-162.00,1033.99
173.00,-162.00,1033.97
178.00,-162.00,1034.07
183.00,-162.00,1033.96
188.00,-162.00,1033.67
193.00,-162.00,1033.55
198.00,-162.00,1033.32
203.00,-162.00,1033.15
208.00,-162.00,1033.00
213.00,-162.00,1032.94
218.00,-162.00,1032.76
223.00,-162.00,1032.52
228.00,-162.00,1032.15
233.00,-162.00,1031.89
238.00,-162.00,1031.74
243.00,-162.00,1031.80
248.00,-162.00,1031.77
253.00,-162.00,1031.83
258.00,-162.00,1031.81
263.00,-162.00,1031.90
268.00,-162.00,1031.97
273.00,-162.00,1032.07
278.00,-162.00,1032.09
283.00,-162.00,1032.24
288.00,-162.00,1032.43
293.00,-162.00,1032.50
298.00,-162.00,1032.53
303.00,-162.00,1032.55
308.00,-162.00,1032.52
313.00,-162.00,1032.51
318.00,-162.00,1032.45
323.00,-162.00,1032.37
328.00,-162.00,1032.15
333.00,-162.00,1031.66
338.00,-162.00,1031.15
343.00,-162.00,1030.03
348.00,-162.00,1029.90
353.00,-162.00,1029.88
358.00,-162.00,1029.90
-242.00,-157.00,1034.08
-237.00,-157.00,1033.91
-232.00,-157.00,1033.99
-227.00,-157.00,1034.22
-222.00,-157.00,1034.45
-217.00,-157.00,1034.88
-212.00,-157.00,1035.28
-207.00,-157.00,1035.61
-202.00,-157.00,1035.79
-197.00,-157.00,1035.73
-192.00,-157.00,1035.96
-187.00,-157.00,1036.49
-182.00,-157.00,1037.06
-177.00,-157.00,1037.80
-172.00,-157.00,1038.10
-167.00,-157.00,1038.27
-162.00,-157.00,1038.16
-157.00,-157.00,1038.14
-152.00,-157.00,1038.16
-147.00,-157.00,1038.15
-142.00,-157.00,1038.04
-137.00,-157.00,1037.84
-132.00,-157.00,1037.78
-127.00,-157.00,1037.38
-122.00,-157.00,1036.80
-117.00,-157.00,1036.26
-112.00,-157.00,1035.59
-107.00,-157.00,1035.37
-102.00,-157.00,1035.29
-97.00,-157.00,1035.25
-92.00,-157.00,1035.09
-87.00,-157.00,1035.06
-82.00,-157.00,1035.10
-77.00,-157.00,1035.13
-72.00,-157.00,1034.91
-67.00,-157.00,1034.89
-62.00,-157.00,1035.06
-57.00,-157.00,1034.79
-52.00,-157.00,1034.57
-47.00,-157.00,1034.61
-42.00,-157.00,1034.65
-37.00,-157.00,1034.94
-32.00,-157.00,1035.05
-27.00,-157.00,1035.13
-22.00,-157.00,1035.04
-17.00,-157.00,1035.35
-12.00,-157.00,1035.97
-7.00,-157.00,1035.21
-2.00,-157.00,1034.71
3.00,-157.00,1034.65
8.00,-157.00,1034.57
13.00,-157.00,1034.57
18.00,-157.00,1034.58
23.00,-157.00,1034.55
28.00,-157.00,1034.57
33.00,-157.00,1034.50
38.00,-157.00,1034.51
43.00,-157.00,1034.53
48.00,-157.00,1034.49
53.00,-157.00,1034.46
58.00,-157.00,1034.44
63.00,-157.00,1034.43
68.00,-157.00,1034.47
73.00,-157.00,1034.30
78.00,-157.00,1034.28
83.00,-157.00,1034.35
88.00,-157.00,1034.39
93.00,-157.00,1034.33
98.00,-157.00,1034.30
103.00,-157.00,1034.30
108.00,-157.00,1034.28
113.00,-157.00,1034.23
118.00,-157.00,1034.23
123.00,-157.00,1034.21
128.00,-157.00,1034.21
133.00,-157.00,1034.26
138.00,-157.00,1034.74
143.00,-157.00,1034.13
148.00,-157.00,1034.05
153.00,-157.00,1034.03
158.00,-157.00,1034.05
163.00,-157.00,1034.04
168.00,-157.00,1034.05
173.00,-157.00,1034.04
178.00,-157.00,1034.07
183.00,-157.00,1033.93
188.00,-157.00,1033.72
193.00,-157.00,1033.52
198.00,-157.00,1033.30
203.00,-157.00,1033.10
208.00,-157.00,1032.99
213.00,-157.00,1032.90
218.00,-157.00,1032.72
223.00,-157.00,1032.53
228.00,-157.00,1032.24
233.00,-157.00,1031.91
238.00,-157.00,1031.81
243.00,-157.00,1031.87
248.00,-157.00,1031.87
253.00,-157.00,1031.96
258.00,-157.00,1032.10
263.00,-157.00,1032.14
268.00,-157.00,1032.28
273.00,-157.00,1032.40
278.00,-157.00,1032.42
283.00,-157.00,1032.50
288.00,-157.00,1032.54
293.00,-157.00,1032.49
298.00,-157.00,1032.51
303.00,-157.00,1032.55
308.00,-157.00,1032.54
313.00,-157.00,1032.54
318.00,-157.00,1032.44
323.00,-157.00,1032.32
328.00,-157.00,1032.27
333.00,-157.00,1032.13
338.00,-157.00,1031.90
343.00,-157.00,1031.46
348.00,-157.00,1030.85
353.00,-157.00,1029.93
358.00,-157.00,1029.91
-242.00,-152.00,1033.95
-237.00,-152.00,1033.91
-232.00,-152.00,1034.10
-227.00,-152.00,1034.37
-222.00,-152.00,1034.73
-217.00,-152.00,1035.11
-212.00,-152.00,1035.35
-207.00,-152.00,1035.74
-202.00,-152.00,1035.86
-197.00,-152.00,1035.87
-192.00,-152.00,1036.24
-187.00,-152.00,1036.82
-182.00,-152.00,1037.50
-177.00,-152.00,1038.18
-172.00,-152.00,1038.42
-167.00,-152.00,1038.48
-162.00,-152.00,1038.35
-157.00,-152.00,1038.34
-152.00,-152.00,1038.27
-147.00,-152.00,1038.17
-142.00,-152.00,1038.08
-137.00,-152.00,1037.97
-132.00,-152.00,1037.70
-127.00,-152.00,1037.28
-122.00,-152.00,1036.74
-117.00,-152.00,1036.14
-112.00,-152.00,1035.44
-107.00,-152.00,1035.30
-102.00,-152.00,1035.28
-97.00,-152.00,1035.23
-92.00,-152.00,1035.09
-87.00,-152.00,1035.09
-82.00,-152.00,1035.13
-77.00,-152.00,1035.10
-72.00,-152.00,1034.93
-67.00,-152.00,1034.91
-62.00,-152.00,1035.06
-57.00,-152.00,1034.87
-52.00,-152.00,1034.60
-47.00,-152.00,1034.63
-42.00,-152.00,1034.69
-37.00,-152.00,1034.95
-32.00,-152.00,1035.05
-27.00,-152.00,1035.10
-22.00,-152.00,1035.12
-17.00,-152.00,1035.84
-12.00,-152.00,1035.66
-7.00,-152.00,1034.86
-2.00,-152.00,1034.75
3.00,-152.00,1034.75
8.00,-152.00,1034.64
13.00,-152.00,1034.62
18.00,-152.00,1034.62
23.00,-152.00,1034.63
28.00,-152.00,1034.58
33.00,-152.00,1034.54
38.00,-152.00,1034.57
43.00,-152.00,1034.54
48.00,-152.00,1034.51
53.00,-152.00,1034.49
58.00,-152.00,1034.48
63.00,-152.00,1034.43
68.00,-152.00,1034.50
73.00,-152.00,1034.36
78.00,-152.00,1034.36
83.00,-152.00,1034.38
88.00,-152.00,1034.42
93.00,-152.00,1034.47
98.00,-152.00,1034.42
103.00,-152.00,1034.29
108.00,-152.00,1034.23
113.00,-152.00,1034.19
118.00,-152.00,1034.18
123.00,-152.00,1034.23
128.00,-152.00,1034.26
133.00,-152.00,1034.29
138.00,-152.00,1034.69
143.00,-152.00,1034.18
148.00,-152.00,1034.05
153.00,-152.00,1034.05
158.00,-152.00,1034.02
163.00,-152.00,1034.05
168.00,-152.00,1034.04
173.00,-152.00,1034.08
178.00,-152.00,1034.06
183.00,-152.00,1033.99
188.00,-152.00,1033.78
193.00,-152.00,1033.46
198.00,-152.00,1033.38
203.00,-152.00,1033.18
208.00,-152.00,1033.02
213.00,-152.00,1032.95
218.00,-152.00,1032.77
223.00,-152.00,1032.58
228.00,-152.00,1032.38
233.00,-152.00,1032.05
238.00,-152.00,1031.90
243.00,-152.00,1031.93
248.00,-152.00,1032.01
253.00,-152.00,1032.12
258.00,-152.00,1032.27
263.00,-152.00,1032.36
268.00,-152.00,1032.39
273.00,-152.00,1032.46
278.00,-152.00,1032.51
283.00,-152.00,1032.56
288.00,-152.00,1032.59
293.00,-152.00,1032.51
298.00,-152.00,1032.48
303.00,-152.00,1032.51
308.00,-152.00,1032.46
313.00,-152.00,1032.46
318.00,-152.00,1032.43
323.00,-152.00,1032.35
328.00,-152.00,1032.18
333.00,-152.00,1032.15
338.00,-152.00,1032.12
343.00,-152.00,1031.49
348.00,-152.00,1031.50
353.00,-152.00,1031.33
358.00,-152.00,1029.93
-242.00,-147.00,1033.93
-237.00,-147.00,1033.98
-232.00,-147.00,1034.24
-227.00,-147.00,1034.55
-222.00,-147.00,1034.94
-217.00,-147.00,1035.29
-212.00,-147.00,1035.57
-207.00,-147.00,1035.80
-202.00,-147.00,1035.88
-197.00,-147.00,1036.01
-192.00,-147.00,1036.60
-187.00,-147.00,1037.05
-182.00,-147.00,1037.85
-177.00,-147.00,1038.43
-172.00,-147.00,1038.61
-167.00,-147.00,1038.66
-162.00,-147.00,1038.57
-157.00,-147.00,1038.56
-152.00,-147.00,1038.33
-147.00,-147.00,1038.30
-142.00,-147.00,1038.15
-137.00,-147.00,1037.89
-132.00,-147.00,1037.60
-127.00,-147.00,1037.33
-122.00,-147.00,1036.58
-117.00,-147.00,1035.93
-112.00,-147.00,1035.27
-107.00,-147.00,1035.31
-102.00,-147.00,1035.29
-97.00,-147.00,1035.18
-92.00,-147.00,1035.11
-87.00,-147.00,1035.12
-82.00,-147.00,1035.14
-77.00,-147.00,1035.11
-72.00,-147.00,1034.95
-67.00,-147.00,1034.97
-62.00,-147.00,1035.09
-57.00,-147.00,1034.78
-52.00,-147.00,1034.62
-47.00,-147.00,1034.66
-42.00,-147.00,1034.72
-37.00,-147.00,1034.98
-32.00,-147.00,1035.06
-27.00,-147.00,1035.08
-22.00,-147.00,1035.33
-17.00,-147.00,1036.06
-12.00,-147.00,1035.27
-7.00,-147.00,1034.94
-2.00,-147.00,1034.87
3.00,-147.00,1034.78
8.00,-147.00,1034.71
13.00,-147.00,1034.68
18.00,-147.00,1034.66
23.00,-147.00,1034.67
28.00,-147.00,1034.61
33.00,-147.00,1034.60
38.00,-147.00,1034.59
43.00,-147.00,1034.59
48.00,-147.00,1034.57
53.00,-147.00,1034.60
58.00,-147.00,1034.53
63.00,-147.00,1034.45
68.00,-147.00,1034.41
73.00,-147.00,1034.38
78.00,-147.00,1034.34
83.00,-147.00,1034.45
88.00,-147.00,1034.47
93.00,-147.00,1034.49
98.00,-147.00,1034.48
103.00,-147.00,1034.28
108.00,-147.00,1034.19
113.00,-147.00,1034.18
118.00,-147.00,1034.18
123.00,-147.00,1034.16
128.00,-147.00,1034.17
133.00,-147.00,1034.37
138.00,-147.00,1034.59
143.00,-147.00,1034.15
148.00,-147.00,1034.02
153.00,-147.00,1034.07
158.00,-147.00,1034.09
163.00,-147.00,1034.03
168.00,-147.00,1033.99
173.00,-147.00,1034.06
178.00,-147.00,1034.12
183.00,-147.00,1034.05
188.00,-147.00,1033.80
193.00,-147.00,1033.46
198.00,-147.00,1033.32
203.00,-147.00,1033.21
208.00,-147.00,1033.06
213.00,-147.00,1033.05
218.00,-147.00,1032.92
223.00,-147.00,1032.68
228.00,-147.00,1032.43
233.00,-147.00,1032.30
238.00,-147.00,1032.09
243.00,-147.00,1032.09
248.00,-147.00,1032.20
253.00,-147.00,1032.28
258.00,-147.00,1032.35
263.00,-147.00,1032.46
268.00,-147.00,1032.47
273.00,-147.00,1032.45
278.00,-147.00,1032.45
283.00,-147.00,1032.51
288.00,-147.00,1032.52
293.00,-147.00,1032.55
298.00,-147.00,1032.43
303.00,-147.00,1032.37
308.00,-147.00,1032.41
313.00,-147.00,1032.40
318.00,-147.00,1032.37
323.00,-147.00,1032.24
328.00,-147.00,1032.20
333.00,-147.00,1032.14
338.00,-147.00,1032.12
343.00,-147.00,1031.48
348.00,-147.00,1031.52
353.00,-147.00,1031.70
358.00,-147.00,1031.53
-242.00,-142.00,1033.97
-237.00,-142.00,1034.12
-232.00,-142.00,1034.38
-227.00,-142.00,1034.81
-222.00,-142.00,1035.17
-217.00,-142.00,1035.40
-212.00,-142.00,1035.73
-207.00,-142.00,1035.91
-202.00,-142.00,1035.93
-197.00,-142.00,1036.28
-192.00,-142.00,1037.00
-187.00,-142.00,1037.43
-182.00,-142.00,1038.06
-177.00,-142.00,1038.64
-172.00,-142.00,1038.81
-167.00,-142.00,1038.91
-162.00,-142.00,1038.80
-157.00,-142.00,1038.71
-152.00,-142.00,1038.56
-147.00,-142.00,1038.34
-142.00,-142.00,1038.17
-137.00,-142.00,1037.84
-132.00,-142.00,1037.70
-127.00,-142.00,1037.20
-122.00,-142.00,1036.27
-117.00,-142.00,1035.63
-112.00,-142.00,1035.19
-107.00,-142.00,1035.32
-102.00,-142.00,1035.30
-97.00,-142.00,1035.10
-92.00,-142.00,1035.13
-87.00,-142.00,1035.13
-82.00,-142.00,1035.16
-77.00,-142.00,1035.09
-72.00,-142.00,1034.95
-67.00,-142.00,1034.99
-62.00,-142.00,1035.09
-57.00,-142.00,1034.76
-52.00,-142.00,1034.65
-47.00,-142.00,1034.68
-42.00,-142.00,1034.73
-37.00,-142.00,1035.01
-32.00,-142.00,1035.09
-27.00,-142.00,1035.05
-22.00,-142.00,1035.49
-17.00,-142.00,1035.91
-12.00,-142.00,1035.03
-7.00,-142.00,1034.89
-2.00,-142.00,1034.87
3.00,-142.00,1034.81
8.00,-142.00,1034.78
13.00,-142.00,1034.71
18.00,-142.00,1034.69
23.00,-142.00,1034.67
28.00,-142.00,1034.68
33.00,-142.00,1034.67
38.00,-142.00,1034.63
43.00,-142.00,1034.65
48.00,-142.00,1034.61
53.00,-142.00,1034.59
58.00,-142.00,1034.54
63.00,-142.00,1034.48
68.00,-142.00,1034.50
73.00,-142.00,1034.44
78.00,-142.00,1034.55
83.00,-142.00,1034.49
88.00,-142.00,1034.52
93.00,-142.00,1034.55
98.00,-142.00,1034.47
103.00,-142.00,1034.25
108.00,-142.00,1034.21
113.00,-142.00,1034.20
118.00,-142.00,1034.16
123.00,-142.00,1034.10
128.00,-142.00,1034.15
133.00,-142.00,1034.55
138.00,-142.00,1034.33
143.00,-142.00,1034.10
148.00,-142.00,1033.92
153.00,-142.00,1033.99
158.00,-142.00,1034.07
163.00,-142.00,1034.08
168.00,-142.00,1034.07
173.00,-142.00,1034.12
178.00,-142.00,1034.32
183.00,-142.00,1034.21
188.00,-142.00,1033.81
193.00,-142.00,1033.53
198.00,-142.00,1033.39
203.00,-142.00,1033.22
208.00,-142.00,1033.12
213.00,-142.00,1033.07
218.00,-142.00,1032.93
223.00,-142.00,1032.74
228.00,-142.00,1032.59
233.00,-142.00,1032.48
238.00,-142.00,1032.34
243.00,-142.00,1032.38
248.00,-142.00,1032.36
253.00,-142.00,1032.33
258.00,-142.00,1032.32
263.00,-142.00,1032.36
268.00,-142.00,1032.34
273.00,-142.00,1032.40
278.00,-142.00,1032.41
283.00,-142.00,1032.46
288.00,-142.00,1032.50
293.00,-142.00,1032.54
298.00,-142.00,1032.45
303.00,-142.00,1032.38
308.00,-142.00,1032.37
313.00,-142.00,1032.36
318.00,-142.00,1032.28
323.00,-142.00,1032.22
328.00,-142.00,1032.24
333.00,-142.00,1032.21
338.00,-142.00,1032.31
343.00,-142.00,1031.57
348.00,-142.00,1031.50
353.00,-142.00,1031.49
358.00,-142.00,1031.99
-242.00,-137.00,1034.02
-237.00,-137.00,1034.19
-232.00,-137.00,1034.52
-227.00,-137.00,1034.96
-222.00,-137.00,1035.34
-217.00,-137.00,1035.52
-212.00,-137.00,1035.82
-207.00,-137.00,1036.02
-202.00,-137.00,1036.04
-197.00,-137.00,1036.60
-192.00,-137.00,1037.37
-187.00,-137.00,1037.87
-182.00,-137.00,1038.24
-177.00,-137.00,1038.81
-172.00,-137.00,1038.98
-167.00,-137.00,1039.15
-162.00,-137.00,1038.98
-157.00,-137.00,1038.85
-152.00,-137.00,1038.61
-147.00,-137.00,1038.36
-142.00,-137.00,1038.19
-137.00,-137.00,1037.80
-132.00,-137.00,1037.65
-127.00,-137.00,1037.00
-122.00,-137.00,1036.03
-117.00,-137.00,1035.45
-112.00,-137.00,1035.19
-107.00,-137.00,1035.36
-102.00,-137.00,1035.30
-97.00,-137.00,1035.08
-92.00,-137.00,1035.13
-87.00,-137.00,1035.13
-82.00,-137.00,1035.18
-77.00,-137.00,1035.14
-72.00,-137.00,1034.96
-67.00,-137.00,1035.05
-62.00,-137.00,1035.09
-57.00,-137.00,1034.94
-52.00,-137.00,1034.69
-47.00,-137.00,1034.70
-42.00,-137.00,1034.76
-37.00,-137.00,1035.04
-32.00,-137.00,1035.08
-27.00,-137.00,1035.06
-22.00,-137.00,1035.69
-17.00,-137.00,1035.71
-12.00,-137.00,1034.91
-7.00,-137.00,1034.86
-2.00,-137.00,1034.85
3.00,-137.00,1034.86
8.00,-137.00,1034.85
13.00,-137.00,1034.77
18.00,-137.00,1034.73
23.00,-137.00,1034.74
28.00,-137.00,1034.74
33.00,-137.00,1034.67
38.00,-137.00,1034.67
43.00,-137.00,1034.58
48.00,-137.00,1034.59
53.00,-137.00,1034.72
58.00,-137.00,1034.77
63.00,-137.00,1034.88
68.00,-137.00,1034.72
73.00,-137.00,1034.54
78.00,-137.00,1034.85
83.00,-137.00,1034.89
88.00,-137.00,1034.81
93.00,-137.00,1034.63
98.00,-137.00,1034.48
103.00,-137.00,1034.28
108.00,-137.00,1034.22
113.00,-137.00,1034.18
118.00,-137.00,1034.15
123.00,-137.00,1034.11
128.00,-137.00,1034.28
133.00,-137.00,1034.62
138.00,-137.00,1034.32
143.00,-137.00,1033.99
148.00,-137.00,1033.95
153.00,-137.00,1034.02
158.00,-137.00,1034.11
163.00,-137.00,1034.13
168.00,-137.00,1034.11
173.00,-137.00,1034.05
178.00,-137.00,1034.70
183.00,-137.00,1034.37
188.00,-137.00,1033.81
193.00,-137.00,1033.61
198.00,-137.00,1033.48
203.00,-137.00,1033.31
208.00,-137.00,1033.21
213.00,-137.00,1033.04
218.00,-137.00,1032.92
223.00,-137.00,1032.69
228.00,-137.00,1032.74
233.00,-137.00,1032.67
238.00,-137.00,1032.61
243.00,-137.00,1032.53
248.00,-137.00,1032.47
253.00,-137.00,1032.43
258.00,-137.00,1032.41
263.00,-137.00,1032.36
268.00,-137.00,1032.42
273.00,-137.00,1032.43
278.00,-137.00,1032.47
283.00,-137.00,1032.49
288.00,-137.00,1032.49
293.00,-137.00,1032.44
298.00,-137.00,1032.43
303.00,-137.00,1032.48
308.00,-137.00,1032.45
313.00,-137.00,1032.35
318.00,-137.00,1032.20
323.00,-137.00,1032.31
328.00,-137.00,1032.38
333.00,-137.00,1032.32
338.00,-137.00,1032.01
343.00,-137.00,1031.73
348.00,-137.00,1031.74
353.00,-137.00,1031.96
358.00,-137.00,1031.99
-242.00,-132.00,1034.08
-237.00,-132.00,1034.29
-232.00,-132.00,1034.66
-227.00,-132.00,1035.04
-222.00,-132.00,1035.40
-217.00,-132.00,1035.69
-212.00,-132.00,1035.91
-207.00,-132.00,1036.09
-202.00,-132.00,1036.16
-197.00,-132.00,1036.97
-192.00,-132.00,1037.64
-187.00,-132.00,1038.19
-182.00,-132.00,1038.71
-177.00,-132.00,1039.00
-172.00,-132.00,1039.22
-167.00,-132.00,1039.37
-162.00,-132.00,1039.20
-157.00,-132.00,1038.96
-152.00,-132.00,1038.53
-147.00,-132.00,1038.42
-142.00,-132.00,1038.10
-137.00,-132.00,1037.81
-132.00,-132.00,1037.58
-127.00,-132.00,1036.81
-122.00,-132.00,1035.80
-117.00,-132.00,1035.43
-112.00,-132.00,1035.19
-107.00,-132.00,1035.40
-102.00,-132.00,1035.29
-97.00,-132.00,1035.10
-92.00,-132.00,1035.12
-87.00,-132.00,1035.10
-82.00,-132.00,1035.15
-77.00,-132.00,1035.16
-72.00,-132.00,1034.98
-67.00,-132.00,1035.04
-62.00,-132.00,1035.14
-57.00,-132.00,1034.88
-52.00,-132.00,1034.72
-47.00,-132.00,1034.75
-42.00,-132.00,1034.79
-37.00,-132.00,1035.07
-32.00,-132.00,1035.05
-27.00,-132.00,1035.05
-22.00,-132.00,1035.81
-17.00,-132.00,1035.53
-12.00,-132.00,1034.87
-7.00,-132.00,1034.89
-2.00,-132.00,1034.87
3.00,-132.00,1034.85
8.00,-132.00,1034.84
13.00,-132.00,1034.78
18.00,-132.00,1034.77
23.00,-132.00,1034.78
28.00,-132.00,1034.75
33.00,-132.00,1034.69
38.00,-132.00,1034.55
43.00,-132.00,1034.77
48.00,-132.00,1035.35
53.00,-132.00,1035.52
58.00,-132.00,1035.31
63.00,-132.00,1035.06
68.00,-132.00,1034.89
73.00,-132.00,1034.72
78.00,-132.00,1034.96
83.00,-132.00,1035.07
88.00,-132.00,1035.21
93.00,-132.00,1035.45
98.00,-132.00,1035.17
103.00,-132.00,1034.72
108.00,-132.00,1034.39
113.00,-132.00,1034.21
118.00,-132.00,1034.19
123.00,-132.00,1034.30
128.00,-132.00,1034.50
133.00,-132.00,1034.45
138.00,-132.00,1034.07
143.00,-132.00,1034.00
148.00,-132.00,1034.01
153.00,-132.00,1034.07
158.00,-132.00,1034.14
163.00,-132.00,1034.15
168.00,-132.00,1034.10
173.00,-132.00,1033.98
178.00,-132.00,1034.87
183.00,-132.00,1034.57
188.00,-132.00,1033.83
193.00,-132.00,1033.79
198.00,-132.00,1033.58
203.00,-132.00,1033.42
208.00,-132.00,1033.29
213.00,-132.00,1033.15
218.00,-132.00,1033.01
223.00,-132.00,1032.88
228.00,-132.00,1032.81
233.00,-132.00,1032.80
238.00,-132.00,1032.77
243.00,-132.00,1032.66
248.00,-132.00,1032.59
253.00,-132.00,1032.47
258.00,-132.00,1032.39
263.00,-132.00,1032.46
268.00,-132.00,1032.41
273.00,-132.00,1032.45
278.00,-132.00,1032.49
283.00,-132.00,1032.50
288.00,-132.00,1032.47
293.00,-132.00,1032.41
298.00,-132.00,1032.49
303.00,-132.00,1032.51
308.00,-132.00,1032.42
313.00,-132.00,1032.17
318.00,-132.00,1032.15
323.00,-132.00,1032.30
328.00,-132.00,1032.33
333.00,-132.00,1032.33
338.00,-132.00,1032.16
343.00,-132.00,1031.92
348.00,-132.00,1031.87
353.00,-132.00,1031.83
358.00,-132.00,1031.85
-242.00,-127.00,1034.18
-237.00,-127.00,1034.37
-232.00,-127.00,1034.80
-227.00,-127.00,1035.12
-222.00,-127.00,1035.47
-217.00,-127.00,1035.78
-212.00,-127.00,1035.98
-207.00,-127.00,1036.17
-202.00,-127.00,1036.33
-197.00,-127.00,1037.14
-192.00,-127.00,1037.71
-187.00,-127.00,1038.36
-182.00,-127.00,1039.06
-177.00,-127.00,1039.28
-172.00,-127.00,1039.42
-167.00,-127.00,1039.51
-162.00,-127.00,1039.27
-157.00,-127.00,1039.03
-152.00,-127.00,1038.67
-147.00,-127.00,1038.45
-142.00,-127.00,1038.12
-137.00,-127.00,1037.91
-132.00,-127.00,1037.35
-127.00,-127.00,1036.62
-122.00,-127.00,1035.68
-117.00,-127.00,1035.39
-112.00,-127.00,1035.26
-107.00,-127.00,1035.39
-102.00,-127.00,1035.24
-97.00,-127.00,1035.10
-92.00,-127.00,1035.12
-87.00,-127.00,1035.12
-82.00,-127.00,1035.15
-77.00,-127.00,1035.17
-72.00,-127.00,1035.05
-67.00,-127.00,1035.09
-62.00,-127.00,1035.16
-57.00,-127.00,1035.00
-52.00,-127.00,1034.77
-47.00,-127.00,1034.76
-42.00,-127.00,1034.80
-37.00,-127.00,1035.05
-32.00,-127.00,1035.03
-27.00,-127.00,1035.11
-22.00,-127.00,1035.90
-17.00,-127.00,1035.33
-12.00,-127.00,1034.89
-7.00,-127.00,1034.91
-2.00,-127.00,1034.86
3.00,-127.00,1034.83
8.00,-127.00,1034.87
13.00,-127.00,1034.87
18.00,-127.00,1034.83
23.00,-127.00,1034.77
28.00,-127.00,1034.83
33.00,-127.00,1035.02
38.00,-127.00,1035.25
43.00,-127.00,1035.50
48.00,-127.00,1035.33
53.00,-127.00,1035.00
58.00,-127.00,1034.67
63.00,-127.00,1034.49
68.00,-127.00,1034.52
73.00,-127.00,1034.79
78.00,-127.00,1034.45
83.00,-127.00,1034.54
88.00,-127.00,1034.63
93.00,-127.00,1034.76
98.00,-127.00,1035.03
103.00,-127.00,1035.10
108.00,-127.00,1034.87
113.00,-127.00,1034.71
118.00,-127.00,1034.68
123.00,-127.00,1034.51
128.00,-127.00,1034.31
133.00,-127.00,1034.17
138.00,-127.00,1034.01
143.00,-127.00,1033.98
148.00,-127.00,1034.04
153.00,-127.00,1034.12
158.00,-127.00,1034.11
163.00,-127.00,1034.12
168.00,-127.00,1034.03
173.00,-127.00,1033.99
178.00,-127.00,1035.02
183.00,-127.00,1034.38
188.00,-127.00,1033.79
193.00,-127.00,1033.82
198.00,-127.00,1033.76
203.00,-127.00,1033.59
208.00,-127.00,1033.44
213.00,-127.00,1033.36
218.00,-127.00,1033.16
223.00,-127.00,1033.00
228.00,-127.00,1032.89
233.00,-127.00,1032.72
238.00,-127.00,1032.77
243.00,-127.00,1032.73
248.00,-127.00,1032.59
253.00,-127.00,1032.48
258.00,-127.00,1032.44
263.00,-127.00,1032.45
268.00,-127.00,1032.51
273.00,-127.00,1032.56
278.00,-127.00,1032.54
283.00,-127.00,1032.48
288.00,-127.00,1032.52
293.00,-127.00,1032.57
298.00,-127.00,1032.62
303.00,-127.00,1032.51
308.00,-127.00,1032.20
313.00,-127.00,1032.06
318.00,-127.00,1032.19
323.00,-127.00,1032.25
328.00,-127.00,1032.26
333.00,-127.00,1032.31
338.00,-127.00,1032.23
343.00,-127.00,1032.00
348.00,-127.00,1032.07
353.00,-127.00,1031.88
358.00,-127.00,1031.96
-242.00,-122.00,1034.27
-237.00,-122.00,1034.45
-232.00,-122.00,1034.84
-227.00,-122.00,1035.10
-222.00,-122.00,1035.53
-217.00,-122.00,1035.83
-212.00,-122.00,1036.08
-207.00,-122.00,1036.24
-202.00,-122.00,1036.38
-197.00,-122.00,1037.17
-192.00,-122.00,1037.76
-187.00,-122.00,1038.35
-182.00,-122.00,1039.17
-177.00,-122.00,1039.60
-172.00,-122.00,1039.58
-167.00,-122.00,1039.64
-162.00,-122.00,1039.41
-157.00,-122.00,1039.24
-152.00,-122.00,1038.69
-147.00,-122.00,1038.55
-142.00,-122.00,1038.23
-137.00,-122.00,1037.81
-132.00,-122.00,1037.28
-127.00,-122.00,1036.47
-122.00,-122.00,1035.71
-117.00,-122.00,1035.39
-112.00,-122.00,1035.27
-107.00,-122.00,1035.36
-102.00,-122.00,1035.20
-97.00,-122.00,1035.10
-92.00,-122.00,1035.12
-87.00,-122.00,1035.10
-82.00,-122.00,1035.13
-77.00,-122.00,1035.21
-72.00,-122.00,1035.03
-67.00,-122.00,1035.05
-62.00,-122.00,1035.16
-57.00,-122.00,1035.07
-52.00,-122.00,1034.81
-47.00,-122.00,1034.79
-42.00,-122.00,1034.81
-37.00,-122.00,1035.04
-32.00,-122.00,1035.03
-27.00,-122.00,1035.32
-22.00,-122.00,1035.85
-17.00,-122.00,1035.09
-12.00,-122.00,1034.91
-7.00,-122.00,1034.82
-2.00,-122.00,1034.81
3.00,-122.00,1034.83
8.00,-122.00,1034.87
13.00,-122.00,1034.85
18.00,-122.00,1034.93
23.00,-122.00,1035.13
28.00,-122.00,1035.51
33.00,-122.00,1035.55
38.00,-122.00,1035.45
43.00,-122.00,1034.94
48.00,-122.00,1034.77
53.00,-122.00,1034.55
58.00,-122.00,1034.18
63.00,-122.00,1033.88
68.00,-122.00,1033.75
73.00,-122.00,1034.30
78.00,-122.00,1033.77
83.00,-122.00,1033.96
88.00,-122.00,1034.18
93.00,-122.00,1034.26
98.00,-122.00,1034.19
103.00,-122.00,1034.32
108.00,-122.00,1034.35
113.00,-122.00,1034.32
118.00,-122.00,1034.32
123.00,-122.00,1034.27
128.00,-122.00,1034.04
133.00,-122.00,1034.11
138.00,-122.00,1034.06
143.00,-122.00,1034.03
148.00,-122.00,1034.13
153.00,-122.00,1034.10
158.00,-122.00,1034.10
163.00,-122.00,1034.11
168.00,-122.00,1034.06
173.00,-122.00,1034.42
178.00,-122.00,1035.14
183.00,-122.00,1034.22
188.00,-122.00,1033.87
193.00,-122.00,1033.97
198.00,-122.00,1033.92
203.00,-122.00,1033.78
208.00,-122.00,1033.72
213.00,-122.00,1033.69
218.00,-122.00,1033.46
223.00,-122.00,1033.16
228.00,-122.00,1033.04
233.00,-122.00,1032.97
238.00,-122.00,1032.88
243.00,-122.00,1032.82
248.00,-122.00,1032.59
253.00,-122.00,1032.48
258.00,-122.00,1032.46
263.00,-122.00,1032.49
268.00,-122.00,1032.51
273.00,-122.00,1032.55
278.00,-122.00,1032.51
283.00,-122.00,1032.63
288.00,-122.00,1032.65
293.00,-122.00,1032.71
298.00,-122.00,1032.59
303.00,-122.00,1032.21
308.00,-122.00,1032.13
313.00,-122.00,1032.18
318.00,-122.00,1032.28
323.00,-122.00,1032.26
328.00,-122.00,1032.36
333.00,-122.00,1032.24
338.00,-122.00,1032.20
343.00,-122.00,1032.17
348.00,-122.00,1032.15
353.00,-122.00,1031.93
358.00,-122.00,1032.16
-242.00,-117.00,1034.36
-237.00,-117.00,1034.51
-232.00,-117.00,1034.77
-227.00,-117.00,1035.19
-222.00,-117.00,1035.56
-217.00,-117.00,1035.80
-212.00,-117.00,1036.14
-207.00,-117.00,1036.24
-202.00,-117.00,1036.36
-197.00,-117.00,1037.05
-192.00,-117.00,1037.70
-187.00,-117.00,1038.39
-182.00,-117.00,1039.16
-177.00,-117.00,1039.82
-172.00,-117.00,1039.86
-167.00,-117.00,1039.73
-162.00,-117.00,1039.59
-157.00,-117.00,1039.34
-152.00,-117.00,1038.87
-147.00,-117.00,1038.55
-142.00,-117.00,1038.28
-137.00,-117.00,1037.91
-132.00,-117.00,1037.35
-127.00,-117.00,1036.44
-122.00,-117.00,1035.68
-117.00,-117.00,1035.39
-112.00,-117.00,1035.33
-107.00,-117.00,1035.36
-102.00,-117.00,1035.21
-97.00,-117.00,1035.10
-92.00,-117.00,1035.15
-87.00,-117.00,1035.06
-82.00,-117.00,1035.11
-77.00,-117.00,1035.21
-72.00,-117.00,1035.07
-67.00,-117.00,1035.04
-62.00,-117.00,1035.19
-57.00,-117.00,1035.17
-52.00,-117.00,1034.83
-47.00,-117.00,1034.81
-42.00,-117.00,1034.82
-37.00,-117.00,1035.01
-32.00,-117.00,1035.04
-27.00,-117.00,1035.50
-22.00,-117.00,1035.50
-17.00,-117.00,1035.02
-12.00,-117.00,1034.93
-7.00,-117.00,1034.86
-2.00,-117.00,1034.87
3.00,-117.00,1034.88
8.00,-117.00,1035.04
13.00,-117.00,1035.29
18.00,-117.00,1035.43
23.00,-117.00,1035.54
28.00,-117.00,1035.22
33.00,-117.00,1034.94
38.00,-117.00,1034.77
43.00,-117.00,1034.61
48.00,-117.00,1034.16
53.00,-117.00,1033.72
58.00,-117.00,1033.74
63.00,-117.00,1033.92
68.00,-117.00,1034.03
73.00,-117.00,1034.61
78.00,-117.00,1033.95
83.00,-117.00,1033.66
88.00,-117.00,1033.56
93.00,-117.00,1033.45
98.00,-117.00,1033.51
103.00,-117.00,1033.58
108.00,-117.00,1033.77
113.00,-117.00,1033.79
118.00,-117.00,1033.92
123.00,-117.00,1034.16
128.00,-117.00,1034.10
133.00,-117.00,1034.11
138.00,-117.00,1034.11
143.00,-117.00,1034.06
148.00,-117.00,1034.01
153.00,-117.00,1034.06
158.00,-117.00,1034.05
163.00,-117.00,1034.10
168.00,-117.00,1034.51
173.00,-117.00,1035.26
178.00,-117.00,1034.88
183.00,-117.00,1033.98
188.00,-117.00,1033.88
193.00,-117.00,1033.94
198.00,-117.00,1033.97
203.00,-117.00,1033.87
208.00,-117.00,1033.84
213.00,-117.00,1033.97
218.00,-117.00,1033.71
223.00,-117.00,1033.32
228.00,-117.00,1033.17
233.00,-117.00,1033.20
238.00,-117.00,1033.10
243.00,-117.00,1032.90
248.00,-117.00,1032.64
253.00,-117.00,1032.50
258.00,-117.00,1032.51
263.00,-117.00,1032.50
268.00,-117.00,1032.48
273.00,-117.00,1032.56
278.00,-117.00,1032.61
283.00,-117.00,1032.65
288.00,-117.00,1032.72
293.00,-117.00,1032.52
298.00,-117.00,1032.27
303.00,-117.00,1032.21
308.00,-117.00,1032.21
313.00,-117.00,1032.28
318.00,-117.00,1032.21
323.00,-117.00,1032.34
328.00,-117.00,1032.39
333.00,-117.00,1032.34
338.00,-117.00,1032.33
343.00,-117.00,1032.30
348.00,-117.00,1032.13
353.00,-117.00,1031.66
358.00,-117.00,1032.21
-242.00,-112.00,1034.46
-237.00,-112.00,1034.58
-232.00,-112.00,1034.90
-227.00,-112.00,1035.22
-222.00,-112.00,1035.53
-217.00,-112.00,1035.83
-212.00,-112.00,1036.23
-207.00,-112.00,1036.21
-202.00,-112.00,1036.32
-197.00,-112.00,1036.93
-192.00,-112.00,1037.60
-187.00,-112.00,1038.30
-182.00,-112.00,1038.99
-177.00,-112.00,1039.93
-172.00,-112.00,1039.98
-167.00,-112.00,1039.81
-162.00,-112.00,1039.68
-157.00,-112.00,1039.44
-152.00,-112.00,1038.90
-147.00,-112.00,1038.62
-142.00,-112.00,1038.36
-137.00,-112.00,1037.95
-132.00,-112.00,1037.32
-127.00,-112.00,1036.37
-122.00,-112.00,1035.64
-117.00,-112.00,1035.38
-112.00,-112.00,1035.34
-107.00,-112.00,1035.36
-102.00,-112.00,1035.14
-97.00,-112.00,1035.11
-92.00,-112.00,1035.16
-87.00,-112.00,1035.09
-82.00,-112.00,1035.09
-77.00,-112.00,1035.14
-72.00,-112.00,1035.04
-67.00,-112.00,1035.08
-62.00,-112.00,1035.22
-57.00,-112.00,1035.06
-52.00,-112.00,1034.88
-47.00,-112.00,1034.81
-42.00,-112.00,1034.85
-37.00,-112.00,1035.01
-32.00,-112.00,1035.09
-27.00,-112.00,1035.18
-22.00,-112.00,1035.09
-17.00,-112.00,1035.00
-12.00,-112.00,1034.96
-7.00,-112.00,1034.95
-2.00,-112.00,1034.92
3.00,-112.00,1035.36
8.00,-112.00,1035.76
13.00,-112.00,1035.36
18.00,-112.00,1035.04
23.00,-112.00,1034.77
28.00,-112.00,1034.68
33.00,-112.00,1034.27
38.00,-112.00,1033.90
43.00,-112.00,1033.69
48.00,-112.00,1033.93
53.00,-112.00,1034.41
58.00,-112.00,1034.69
63.00,-112.00,1034.80
68.00,-112.00,1034.77
73.00,-112.00,1034.81
78.00,-112.00,1034.77
83.00,-112.00,1034.65
88.00,-112.00,1034.44
93.00,-112.00,1034.04
98.00,-112.00,1033.49
103.00,-112.00,1033.34
108.00,-112.00,1033.46
113.00,-112.00,1033.53
118.00,-112.00,1033.67
123.00,-112.00,1034.24
128.00,-112.00,1034.20
133.00,-112.00,1034.08
138.00,-112.00,1034.11
143.00,-112.00,1034.05
148.00,-112.00,1034.08
153.00,-112.00,1034.11
158.00,-112.00,1034.19
163.00,-112.00,1034.83
168.00,-112.00,1035.36
173.00,-112.00,1034.99
178.00,-112.00,1034.19
183.00,-112.00,1033.92
188.00,-112.00,1033.92
193.00,-112.00,1034.06
198.00,-112.00,1033.74
203.00,-112.00,1033.84
208.00,-112.00,1033.90
213.00,-112.00,1034.04
218.00,-112.00,1034.10
223.00,-112.00,1033.71
228.00,-112.00,1033.49
233.00,-112.00,1033.39
238.00,-112.00,1033.33
243.00,-112.00,1033.08
248.00,-112.00,1032.87
253.00,-112.00,1032.74
258.00,-112.00,1032.73
263.00,-112.00,1032.67
268.00,-112.00,1032.68
273.00,-112.00,1032.67
278.00,-112.00,1032.73
283.00,-112.00,1032.67
288.00,-112.00,1032.32
293.00,-112.00,1032.24
298.00,-112.00,1032.33
303.00,-112.00,1032.21
308.00,-112.00,1032.12
313.00,-112.00,1032.25
318.00,-112.00,1032.24
323.00,-112.00,1032.30
328.00,-112.00,1032.37
333.00,-112.00,1032.44
338.00,-112.00,1032.47
343.00,-112.00,1032.53
348.00,-112.00,1032.34
353.00,-112.00,1031.78
358.00,-112.00,1032.44
-242.00,-107.00,1034.57
-237.00,-107.00,1034.68
-232.00,-107.00,1034.95
-227.00,-107.00,1035.28
-222.00,-107.00,1035.62
-217.00,-107.00,1035.92
-212.00,-107.00,1036.23
-207.00,-107.00,1036.17
-202.00,-107.00,1036.27
-197.00,-107.00,1036.71
-192.00,-107.00,1037.34
-187.00,-107.00,1038.02
-182.00,-107.00,1038.73
-177.00,-107.00,1039.41
-172.00,-107.00,1039.94
-167.00,-107.00,1039.81
-162.00,-107.00,1039.76
-157.00,-107.00,1039.56
-152.00,-107.00,1039.02
-147.00,-107.00,1038.72
-142.00,-107.00,1038.44
-137.00,-107.00,1037.96
-132.00,-107.00,1037.28
-127.00,-107.00,1036.26
-122.00,-107.00,1035.61
-117.00,-107.00,1035.37
-112.00,-107.00,1035.37
-107.00,-107.00,1035.40
-102.00,-107.00,1035.20
-97.00,-107.00,1035.12
-92.00,-107.00,1035.13
-87.00,-107.00,1035.07
-82.00,-107.00,1035.11
-77.00,-107.00,1035.14
-72.00,-107.00,1035.06
-67.00,-107.00,1035.12
-62.00,-107.00,1035.25
-57.00,-107.00,1034.98
-52.00,-107.00,1034.90
-47.00,-107.00,1034.84
-42.00,-107.00,1034.86
-37.00,-107.00,1035.03
-32.00,-107.00,1035.03
-27.00,-107.00,1034.97
-22.00,-107.00,1034.95
-17.00,-107.00,1035.01
-12.00,-107.00,1034.96
-7.00,-107.00,1034.95
-2.00,-107.00,1035.35
3.00,-107.00,1035.53
8.00,-107.00,1035.12
13.00,-107.00,1034.81
18.00,-107.00,1034.44
23.00,-107.00,1034.04
28.00,-107.00,1033.89
33.00,-107.00,1033.98
38.00,-107.00,1034.44
43.00,-107.00,1034.78
48.00,-107.00,1034.86
53.00,-107.00,1034.85
58.00,-107.00,1034.87
63.00,-107.00,1034.85
68.00,-107.00,1034.84
73.00,-107.00,1034.80
78.00,-107.00,1034.82
83.00,-107.00,1034.71
88.00,-107.00,1034.67
93.00,-107.00,1034.44
98.00,-107.00,1034.02
103.00,-107.00,1033.68
108.00,-107.00,1033.55
113.00,-107.00,1033.47
118.00,-107.00,1033.74
123.00,-107.00,1034.51
128.00,-107.00,1034.41
133.00,-107.00,1034.16
138.00,-107.00,1034.18
143.00,-107.00,1034.14
148.00,-107.00,1034.08
153.00,-107.00,1034.17
158.00,-107.00,1034.83
163.00,-107.00,1035.43
168.00,-107.00,1034.84
173.00,-107.00,1034.17
178.00,-107.00,1033.96
183.00,-107.00,1033.94
188.00,-107.00,1034.03
193.00,-107.00,1034.00
198.00,-107.00,1033.93
203.00,-107.00,1033.97
208.00,-107.00,1033.96
213.00,-107.00,1034.06
218.00,-107.00,1034.24
223.00,-107.00,1034.05
228.00,-107.00,1033.65
233.00,-107.00,1033.56
238.00,-107.00,1033.45
243.00,-107.00,1033.38
248.00,-107.00,1033.14
253.00,-107.00,1033.10
258.00,-107.00,1033.04
263.00,-107.00,1032.94
268.00,-107.00,1032.88
273.00,-107.00,1032.71
278.00,-107.00,1032.70
283.00,-107.00,1032.23
288.00,-107.00,1032.25
293.00,-107.00,1032.20
298.00,-107.00,1032.29
303.00,-107.00,1032.23
308.00,-107.00,1032.02
313.00,-107.00,1032.12
318.00,-107.00,1032.25
323.00,-107.00,1032.25
328.00,-107.00,1032.22
333.00,-107.00,1032.37
338.00,-107.00,1032.36
343.00,-107.00,1032.45
348.00,-107.00,1032.49
353.00,-107.00,1032.42
358.00,-107.00,1032.88
-242.00,-102.00,1034.78
-237.00,-102.00,1034.81
-232.00,-102.00,1035.06
-227.00,-102.00,1035.40
-222.00,-102.00,1035.67
-217.00,-102.00,1035.94
-212.00,-102.00,1036.09
-207.00,-102.00,1036.17
-202.00,-102.00,1036.22
-197.00,-102.00,1036.51
-192.00,-102.00,1037.15
-187.00,-102.00,1037.75
-182.00,-102.00,1038.28
-177.00,-102.00,1038.94
-172.00,-102.00,1039.72
-167.00,-102.00,1039.79
-162.00,-102.00,1039.78
-157.00,-102.00,1039.62
-152.00,-102.00,1039.18
-147.00,-102.00,1038.85
-142.00,-102.00,1038.51
-137.00,-102.00,1038.03
-132.00,-102.00,1037.22
-127.00,-102.00,1036.14
-122.00,-102.00,1035.61
-117.00,-102.00,1035.36
-112.00,-102.00,1035.41
-107.00,-102.00,1035.41
-102.00,-102.00,1035.29
-97.00,-102.00,1035.14
-92.00,-102.00,1035.16
-87.00,-102.00,1035.08
-82.00,-102.00,1035.10
-77.00,-102.00,1035.16
-72.00,-102.00,1035.02
-67.00,-102.00,1035.16
-62.00,-102.00,1035.27
-57.00,-102.00,1034.91
-52.00,-102.00,1034.89
-47.00,-102.00,1034.86
-42.00,-102.00,1034.89
-37.00,-102.00,1034.99
-32.00,-102.00,1034.96
-27.00,-102.00,1034.89
-22.00,-102.00,1034.79
-17.00,-102.00,1034.88
-12.00,-102.00,1034.84
-7.00,-102.00,1035.15
-2.00,-102.00,1035.20
3.00,-102.00,1034.89
8.00,-102.00,1034.63
13.00,-102.00,1034.19
18.00,-102.00,1034.04
23.00,-102.00,1034.49
28.00,-102.00,1034.78
33.00,-102.00,1034.87
38.00,-102.00,1034.95
43.00,-102.00,1034.89
48.00,-102.00,1034.89
53.00,-102.00,1034.88
58.00,-102.00,1034.91
63.00,-102.00,1034.90
68.00,-102.00,1034.91
73.00,-102.00,1034.87
78.00,-102.00,1034.78
83.00,-102.00,1034.71
88.00,-102.00,1034.69
93.00,-102.00,1034.55
98.00,-102.00,1034.41
103.00,-102.00,1033.66
108.00,-102.00,1034.06
113.00,-102.00,1033.63
118.00,-102.00,1033.76
123.00,-102.00,1034.97
128.00,-102.00,1034.66
133.00,-102.00,1034.28
138.00,-102.00,1034.51
143.00,-102.00,1034.05
148.00,-102.00,1034.09
153.00,-102.00,1034.65
158.00,-102.00,1035.28
163.00,-102.00,1034.60
168.00,-102.00,1034.11
173.00,-102.00,1034.05
178.00,-102.00,1034.02
183.00,-102.00,1034.07
188.00,-102.00,1033.99
193.00,-102.00,1034.05
198.00,-102.00,1034.08
203.00,-102.00,1034.09
208.00,-102.00,1034.14
213.00,-102.00,1034.20
218.00,-102.00,1034.11
223.00,-102.00,1034.01
228.00,-102.00,1033.94
233.00,-102.00,1033.73
238.00,-102.00,1033.61
243.00,-102.00,1033.50
248.00,-102.00,1033.39
253.00,-102.00,1033.34
258.00,-102.00,1033.27
263.00,-102.00,1033.12
268.00,-102.00,1032.95
273.00,-102.00,1032.47
278.00,-102.00,1032.19
283.00,-102.00,1032.24
288.00,-102.00,1032.33
293.00,-102.00,1032.31
298.00,-102.00,1032.29
303.00,-102.00,1032.23
308.00,-102.00,1032.18
313.00,-102.00,1032.08
318.00,-102.00,1032.17
323.00,-102.00,1032.19
328.00,-102.00,1032.28
333.00,-102.00,1032.40
338.00,-102.00,1032.56
343.00,-102.00,1032.24
348.00,-102.00,1032.32
353.00,-102.00,1032.83
358.00,-102.00,1032.89
-242.00,-97.00,1035.17
-237.00,-97.00,1035.09
-232.00,-97.00,1035.25
-227.00,-97.00,1035.58
-222.00,-97.00,1035.81
-217.00,-97.00,1035.92
-212.00,-97.00,1035.99
-207.00,-97.00,1036.21
-202.00,-97.00,1036.24
-197.00,-97.00,1036.30
-192.00,-97.00,1036.85
-187.00,-97.00,1037.53
-182.00,-97.00,1038.00
-177.00,-97.00,1038.56
-172.00,-97.00,1039.31
-167.00,-97.00,1039.68
-162.00,-97.00,1039.65
-157.00,-97.00,1039.62
-152.00,-97.00,1039.38
-147.00,-97.00,1038.96
-142.00,-97.00,1038.60
-137.00,-97.00,1038.11
-132.00,-97.00,1037.30
-127.00,-97.00,1036.15
-122.00,-97.00,1035.62
-117.00,-97.00,1035.35
-112.00,-97.00,1035.41
-107.00,-97.00,1035.44
-102.00,-97.00,1035.31
-97.00,-97.00,1035.14
-92.00,-97.00,1035.03
-87.00,-97.00,1035.06
-82.00,-97.00,1035.13
-77.00,-97.00,1035.15
-72.00,-97.00,1035.08
-67.00,-97.00,1035.18
-62.00,-97.00,1035.30
-57.00,-97.00,1034.93
-52.00,-97.00,1034.85
-47.00,-97.00,1034.86
-42.00,-97.00,1034.90
-37.00,-97.00,1035.01
-32.00,-97.00,1034.98
-27.00,-97.00,1034.89
-22.00,-97.00,1034.84
-17.00,-97.00,1034.88
-12.00,-97.00,1034.86
-7.00,-97.00,1034.93
-2.00,-97.00,1034.91
3.00,-97.00,1034.74
8.00,-97.00,1034.11
13.00,-97.00,1033.92
18.00,-97.00,1034.56
23.00,-97.00,1034.88
28.00,-97.00,1034.96
33.00,-97.00,1035.02
38.00,-97.00,1034.98
43.00,-97.00,1035.02
48.00,-97.00,1034.99
53.00,-97.00,1034.94
58.00,-97.00,1034.96
63.00,-97.00,1035.00
68.00,-97.00,1034.98
73.00,-97.00,1034.87
78.00,-97.00,1034.74
83.00,-97.00,1034.66
88.00,-97.00,1034.65
93.00,-97.00,1034.55
98.00,-97.00,1034.29
103.00,-97.00,1033.82
108.00,-97.00,1034.29
113.00,-97.00,1033.97
118.00,-97.00,1033.90
123.00,-97.00,1035.03
128.00,-97.00,1034.62
133.00,-97.00,1034.55
138.00,-97.00,1034.83
143.00,-97.00,1034.29
148.00,-97.00,1034.85
153.00,-97.00,1035.33
158.00,-97.00,1034.58
163.00,-97.00,1034.16
168.00,-97.00,1034.12
173.00,-97.00,1034.08
178.00,-97.00,1034.07
183.00,-97.00,1033.98
188.00,-97.00,1034.14
193.00,-97.00,1034.13
198.00,-97.00,1034.13
203.00,-97.00,1034.16
208.00,-97.00,1034.23
213.00,-97.00,1034.29
218.00,-97.00,1034.25
223.00,-97.00,1034.11
228.00,-97.00,1034.10
233.00,-97.00,1034.09
238.00,-97.00,1033.72
243.00,-97.00,1033.72
248.00,-97.00,1033.49
253.00,-97.00,1033.41
258.00,-97.00,1033.31
263.00,-97.00,1033.16
268.00,-97.00,1032.53
273.00,-97.00,1032.24
278.00,-97.00,1032.23
283.00,-97.00,1032.24
288.00,-97.00,1032.51
293.00,-97.00,1032.39
298.00,-97.00,1032.40
303.00,-97.00,1032.35
308.00,-97.00,1032.27
313.00,-97.00,1032.24
318.00,-97.00,1032.12
323.00,-97.00,1032.22
328.00,-97.00,1032.32
333.00,-97.00,1032.65
338.00,-97.00,1032.71
343.00,-97.00,1032.34
348.00,-97.00,1032.51
353.00,-97.00,1032.89
358.00,-97.00,1032.77
-242.00,-92.00,1035.22
-237.00,-92.00,1035.35
-232.00,-92.00,1035.59
-227.00,-92.00,1035.87
-222.00,-92.00,1036.01
-217.00,-92.00,1035.91
-212.00,-92.00,1035.93
-207.00,-92.00,1036.19
-202.00,-92.00,1036.17
-197.00,-92.00,1036.21
-192.00,-92.00,1036.55
-187.00,-92.00,1037.17
-182.00,-92.00,1037.82
-177.00,-92.00,1038.27
-172.00,-92.00,1038.95
-167.00,-92.00,1039.42
-162.00,-92.00,1039.63
-157.00,-92.00,1039.58
-152.00,-92.00,1039.49
-147.00,-92.00,1039.09
-142.00,-92.00,1038.75
-137.00,-92.00,1038.16
-132.00,-92.00,1037.29
-127.00,-92.00,1036.18
-122.00,-92.00,1035.63
-117.00,-92.00,1035.34
-112.00,-92.00,1035.48
-107.00,-92.00,1035.43
-102.00,-92.00,1035.27
-97.00,-92.00,1035.16
-92.00,-92.00,1035.09
-87.00,-92.00,1035.08
-82.00,-92.00,1035.12
-77.00,-92.00,1035.15
-72.00,-92.00,1035.05
-67.00,-92.00,1035.21
-62.00,-92.00,1035.29
-57.00,-92.00,1035.02
-52.00,-92.00,1034.90
-47.00,-92.00,1034.90
-42.00,-92.00,1034.92
-37.00,-92.00,1034.93
-32.00,-92.00,1034.95
-27.00,-92.00,1034.92
-22.00,-92.00,1034.88
-17.00,-92.00,1034.83
-12.00,-92.00,1034.85
-7.00,-92.00,1034.89
-2.00,-92.00,1034.91
3.00,-92.00,1034.82
8.00,-92.00,1034.24
13.00,-92.00,1034.33
18.00,-92.00,1034.72
23.00,-92.00,1034.85
28.00,-92.00,1034.93
33.00,-92.00,1034.99
38.00,-92.00,1035.10
43.00,-92.00,1035.07
48.00,-92.00,1035.06
53.00,-92.00,1034.99
58.00,-92.00,1035.01
63.00,-92.00,1035.06
68.00,-92.00,1034.94
73.00,-92.00,1034.85
78.00,-92.00,1034.80
83.00,-92.00,1034.69
88.00,-92.00,1034.59
93.00,-92.00,1034.44
98.00,-92.00,1033.84
103.00,-92.00,1034.23
108.00,-92.00,1034.36
113.00,-92.00,1034.06
118.00,-92.00,1034.11
123.00,-92.00,1035.06
128.00,-92.00,1034.73
133.00,-92.00,1034.84
138.00,-92.00,1034.70
143.00,-92.00,1034.83
148.00,-92.00,1035.51
153.00,-92.00,1034.59
158.00,-92.00,1034.22
163.00,-92.00,1034.16
168.00,-92.00,1034.11
173.00,-92.00,1034.07
178.00,-92.00,1034.09
183.00,-92.00,1034.18
188.00,-92.00,1034.14
193.00,-92.00,1034.13
198.00,-92.00,1034.17
203.00,-92.00,1034.41
208.00,-92.00,1034.42
213.00,-92.00,1034.26
218.00,-92.00,1034.27
223.00,-92.00,1034.31
228.00,-92.00,1034.17
233.00,-92.00,1034.18
238.00,-92.00,1034.00
243.00,-92.00,1033.87
248.00,-92.00,1033.66
253.00,-92.00,1033.39
258.00,-92.00,1033.23
263.00,-92.00,1032.75
268.00,-92.00,1032.46
273.00,-92.00,1032.41
278.00,-92.00,1032.32
283.00,-92.00,1032.48
288.00,-92.00,1032.56
293.00,-92.00,1032.46
298.00,-92.00,1032.56
303.00,-92.00,1032.38
308.00,-92.00,1032.42
313.00,-92.00,1032.54
318.00,-92.00,1032.30
323.00,-92.00,1032.24
328.00,-92.00,1032.42
333.00,-92.00,1032.73
338.00,-92.00,1032.75
343.00,-92.00,1032.33
348.00,-92.00,1032.80
353.00,-92.00,1032.97
358.00,-92.00,1032.97
-242.00,-87.00,1035.75
-237.00,-87.00,1035.83
-232.00,-87.00,1035.98
-227.00,-87.00,1036.13
-222.00,-87.00,1036.21
-217.00,-87.00,1036.07
-212.00,-87.00,1035.91
-207.00,-87.00,1036.15
-202.00,-87.00,1036.15
-197.00,-87.00,1036.18
-192.00,-87.00,1036.31
-187.00,-87.00,1036.80
-182.00,-87.00,1037.54
-177.00,-87.00,1037.99
-172.00,-87.00,1038.62
-167.00,-87.00,1039.09
-162.00,-87.00,1039.39
-157.00,-87.00,1039.46
-152.00,-87.00,1039.44
-147.00,-87.00,1039.23
-142.00,-87.00,1038.76
-137.00,-87.00,1038.21
-132.00,-87.00,1037.40
-127.00,-87.00,1036.26
-122.00,-87.00,1035.62
-117.00,-87.00,1035.38
-112.00,-87.00,1035.45
-107.00,-87.00,1035.44
-102.00,-87.00,1035.30
-97.00,-87.00,1035.20
-92.00,-87.00,1035.12
-87.00,-87.00,1035.08
-82.00,-87.00,1035.12
-77.00,-87.00,1035.16
-72.00,-87.00,1035.11
-67.00,-87.00,1035.23
-62.00,-87.00,1035.33
-57.00,-87.00,1035.13
-52.00,-87.00,1034.95
-47.00,-87.00,1034.92
-42.00,-87.00,1034.91
-37.00,-87.00,1034.98
-32.00,-87.00,1034.96
-27.00,-87.00,1034.92
-22.00,-87.00,1034.88
-17.00,-87.00,1034.83
-12.00,-87.00,1034.85
-7.00,-87.00,1034.95
-2.00,-87.00,1034.90
3.00,-87.00,1034.31
8.00,-87.00,1034.63
13.00,-87.00,1034.72
18.00,-87.00,1034.74
23.00,-87.00,1034.75
28.00,-87.00,1034.81
33.00,-87.00,1034.88
38.00,-87.00,1035.21
43.00,-87.00,1035.17
48.00,-87.00,1035.03
53.00,-87.00,1035.20
58.00,-87.00,1035.04
63.00,-87.00,1035.02
68.00,-87.00,1034.96
73.00,-87.00,1034.87
78.00,-87.00,1034.82
83.00,-87.00,1034.66
88.00,-87.00,1034.54
93.00,-87.00,1034.29
98.00,-87.00,1033.72
103.00,-87.00,1034.43
108.00,-87.00,1034.52
113.00,-87.00,1034.68
118.00,-87.00,1034.92
123.00,-87.00,1035.06
128.00,-87.00,1034.79
133.00,-87.00,1035.15
138.00,-87.00,1034.56
143.00,-87.00,1034.59
148.00,-87.00,1034.58
153.00,-87.00,1034.22
158.00,-87.00,1034.26
163.00,-87.00,1034.06
168.00,-87.00,1034.05
173.00,-87.00,1034.12
178.00,-87.00,1034.16
183.00,-87.00,1034.11
188.00,-87.00,1034.16
193.00,-87.00,1034.26
198.00,-87.00,1034.33
203.00,-87.00,1034.52
208.00,-87.00,1034.47
213.00,-87.00,1034.29
218.00,-87.00,1034.29
223.00,-87.00,1034.18
228.00,-87.00,1034.22
233.00,-87.00,1034.26
238.00,-87.00,1034.24
243.00,-87.00,1034.15
248.00,-87.00,1033.91
253.00,-87.00,1033.42
258.00,-87.00,1032.90
263.00,-87.00,1032.87
268.00,-87.00,1032.48
273.00,-87.00,1032.28
278.00,-87.00,1032.32
283.00,-87.00,1032.60
288.00,-87.00,1032.44
293.00,-87.00,1032.26
298.00,-87.00,1032.26
303.00,-87.00,1032.24
308.00,-87.00,1032.44
313.00,-87.00,1032.59
318.00,-87.00,1032.69
323.00,-87.00,1032.32
328.00,-87.00,1032.56
333.00,-87.00,1032.82
338.00,-87.00,1032.90
343.00,-87.00,1032.54
348.00,-87.00,1032.56
353.00,-87.00,1033.00
358.00,-87.00,1032.97
-242.00,-82.00,1036.19
-237.00,-82.00,1036.25
-232.00,-82.00,1036.27
-227.00,-82.00,1036.25
-222.00,-82.00,1036.30
-217.00,-82.00,1036.21
-212.00,-82.00,1036.03
-207.00,-82.00,1036.14
-202.00,-82.00,1036.10
-197.00,-82.00,1036.14
-192.00,-82.00,1036.12
-187.00,-82.00,1036.47
-182.00,-82.00,1037.22
-177.00,-82.00,1037.75
-172.00,-82.00,1038.30
-167.00,-82.00,1038.66
-162.00,-82.00,1039.12
-157.00,-82.00,1039.32
-152.00,-82.00,1039.32
-147.00,-82.00,1039.23
-142.00,-82.00,1038.87
-137.00,-82.00,1038.21
-132.00,-82.00,1037.36
-127.00,-82.00,1036.37
-122.00,-82.00,1035.68
-117.00,-82.00,1035.38
-112.00,-82.00,1035.48
-107.00,-82.00,1035.44
-102.00,-82.00,1035.30
-97.00,-82.00,1035.25
-92.00,-82.00,1035.20
-87.00,-82.00,1035.05
-82.00,-82.00,1035.14
-77.00,-82.00,1035.17
-72.00,-82.00,1035.09
-67.00,-82.00,1035.25
-62.00,-82.00,1035.34
-57.00,-82.00,1035.14
-52.00,-82.00,1035.02
-47.00,-82.00,1034.94
-42.00,-82.00,1034.93
-37.00,-82.00,1035.00
-32.00,-82.00,1035.00
-27.00,-82.00,1034.94
-22.00,-82.00,1034.82
-17.00,-82.00,1034.85
-12.00,-82.00,1034.88
-7.00,-82.00,1034.94
-2.00,-82.00,1034.75
3.00,-82.00,1034.05
8.00,-82.00,1034.47
13.00,-82.00,1034.76
18.00,-82.00,1034.93
23.00,-82.00,1034.98
28.00,-82.00,1035.05
33.00,-82.00,1035.15
38.00,-82.00,1035.06
43.00,-82.00,1035.08
48.00,-82.00,1035.19
53.00,-82.00,1035.22
58.00,-82.00,1035.23
63.00,-82.00,1035.08
68.00,-82.00,1034.99
73.00,-82.00,1034.89
78.00,-82.00,1034.81
83.00,-82.00,1034.67
88.00,-82.00,1034.52
93.00,-82.00,1033.86
98.00,-82.00,1034.16
103.00,-82.00,1034.41
108.00,-82.00,1034.45
113.00,-82.00,1034.80
118.00,-82.00,1035.02
123.00,-82.00,1035.01
128.00,-82.00,1035.28
133.00,-82.00,1034.90
138.00,-82.00,1034.52
143.00,-82.00,1034.40
148.00,-82.00,1034.36
153.00,-82.00,1034.28
158.00,-82.00,1034.12
163.00,-82.00,1034.11
168.00,-82.00,1034.16
173.00,-82.00,1034.17
178.00,-82.00,1034.16
183.00,-82.00,1034.16
188.00,-82.00,1034.34
193.00,-82.00,1034.38
198.00,-82.00,1034.35
203.00,-82.00,1034.43
208.00,-82.00,1034.44
213.00,-82.00,1034.41
218.00,-82.00,1034.28
223.00,-82.00,1034.24
228.00,-82.00,1034.22
233.00,-82.00,1034.26
238.00,-82.00,1034.29
243.00,-82.00,1034.24
248.00,-82.00,1034.09
253.00,-82.00,1033.63
258.00,-82.00,1033.10
263.00,-82.00,1032.96
268.00,-82.00,1032.54
273.00,-82.00,1032.45
278.00,-82.00,1032.67
283.00,-82.00,1032.67
288.00,-82.00,1032.31
293.00,-82.00,1032.34
298.00,-82.00,1032.30
303.00,-82.00,1032.34
308.00,-82.00,1032.59
313.00,-82.00,1033.01
318.00,-82.00,1033.05
323.00,-82.00,1032.65
328.00,-82.00,1032.89
333.00,-82.00,1032.85
338.00,-82.00,1032.75
343.00,-82.00,1032.68
348.00,-82.00,1032.79
353.00,-82.00,1033.09
358.00,-82.00,1033.00
-242.00,-77.00,1036.34
-237.00,-77.00,1036.45
-232.00,-77.00,1036.42
-227.00,-77.00,1036.38
-222.00,-77.00,1036.28
-217.00,-77.00,1036.14
-212.00,-77.00,1036.08
-207.00,-77.00,1036.14
-202.00,-77.00,1036.13
-197.00,-77.00,1036.13
-192.00,-77.00,1036.11
-187.00,-77.00,1036.32
-182.00,-77.00,1036.89
-177.00,-77.00,1037.50
-172.00,-77.00,1038.10
-167.00,-77.00,1038.35
-162.00,-77.00,1038.85
-157.00,-77.00,1039.09
-152.00,-77.00,1039.14
-147.00,-77.00,1039.10
-142.00,-77.00,1038.84
-137.00,-77.00,1038.26
-132.00,-77.00,1037.49
-127.00,-77.00,1036.56
-122.00,-77.00,1035.73
-117.00,-77.00,1035.45
-112.00,-77.00,1035.46
-107.00,-77.00,1035.47
-102.00,-77.00,1035.32
-97.00,-77.00,1035.26
-92.00,-77.00,1035.31
-87.00,-77.00,1035.15
-82.00,-77.00,1035.15
-77.00,-77.00,1035.24
-72.00,-77.00,1035.13
-67.00,-77.00,1035.29
-62.00,-77.00,1035.36
-57.00,-77.00,1035.22
-52.00,-77.00,1035.09
-47.00,-77.00,1034.94
-42.00,-77.00,1034.96
-37.00,-77.00,1034.97
-32.00,-77.00,1034.98
-27.00,-77.00,1034.89
-22.00,-77.00,1034.83
-17.00,-77.00,1034.88
-12.00,-77.00,1034.89
-7.00,-77.00,1034.96
-2.00,-77.00,1034.50
3.00,-77.00,1034.00
8.00,-77.00,1034.73
13.00,-77.00,1034.93
18.00,-77.00,1034.92
23.00,-77.00,1035.06
28.00,-77.00,1035.09
33.00,-77.00,1035.26
38.00,-77.00,1035.29
43.00,-77.00,1035.14
48.00,-77.00,1035.10
53.00,-77.00,1035.21
58.00,-77.00,1035.09
63.00,-77.00,1035.09
68.00,-77.00,1035.09
73.00,-77.00,1034.92
78.00,-77.00,1034.79
83.00,-77.00,1034.64
88.00,-77.00,1034.33
93.00,-77.00,1033.73
98.00,-77.00,1034.35
103.00,-77.00,1034.43
108.00,-77.00,1034.68
113.00,-77.00,1035.18
118.00,-77.00,1035.42
123.00,-77.00,1035.36
128.00,-77.00,1034.78
133.00,-77.00,1034.59
138.00,-77.00,1034.54
143.00,-77.00,1034.50
148.00,-77.00,1034.32
153.00,-77.00,1034.14
158.00,-77.00,1034.18
163.00,-77.00,1034.19
168.00,-77.00,1034.18
173.00,-77.00,1034.17
178.00,-77.00,1034.24
183.00,-77.00,1034.27
188.00,-77.00,1034.28
193.00,-77.00,1034.35
198.00,-77.00,1034.49
203.00,-77.00,1034.47
208.00,-77.00,1034.51
213.00,-77.00,1034.39
218.00,-77.00,1034.32
223.00,-77.00,1034.32
228.00,-77.00,1034.28
233.00,-77.00,1034.24
238.00,-77.00,1034.30
243.00,-77.00,1034.26
248.00,-77.00,1034.17
253.00,-77.00,1034.05
258.00,-77.00,1033.57
263.00,-77.00,1033.02
268.00,-77.00,1032.68
273.00,-77.00,1032.91
278.00,-77.00,1032.62
283.00,-77.00,1032.41
288.00,-77.00,1032.43
293.00,-77.00,1032.65
298.00,-77.00,1032.47
303.00,-77.00,1032.60
308.00,-77.00,1032.92
313.00,-77.00,1033.18
318.00,-77.00,1033.30
323.00,-77.00,1032.96
328.00,-77.00,1032.83
333.00,-77.00,1032.68
338.00,-77.00,1032.40
343.00,-77.00,1032.27
348.00,-77.00,1032.31
353.00,-77.00,1032.79
358.00,-77.00,1032.89
-242.00,-72.00,1036.51
-237.00,-72.00,1036.49
-232.00,-72.00,1036.54
-227.00,-72.00,1036.44
-222.00,-72.00,1036.32
-217.00,-72.00,1036.20
-212.00,-72.00,1036.13
-207.00,-72.00,1036.15
-202.00,-72.00,1036.19
-197.00,-72.00,1036.14
-192.00,-72.00,1036.16
-187.00,-72.00,1036.23
-182.00,-72.00,1036.69
-177.00,-72.00,1037.22
-172.00,-72.00,1037.77
-167.00,-72.00,1038.09
-162.00,-72.00,1038.60
-157.00,-72.00,1038.90
-152.00,-72.00,1039.04
-147.00,-72.00,1038.96
-142.00,-72.00,1038.71
-137.00,-72.00,1038.32
-132.00,-72.00,1037.62
-127.00,-72.00,1036.81
-122.00,-72.00,1035.93
-117.00,-72.00,1035.46
-112.00,-72.00,1035.44
-107.00,-72.00,1035.48
-102.00,-72.00,1035.39
-97.00,-72.00,1035.33
-92.00,-72.00,1035.29
-87.00,-72.00,1035.13
-82.00,-72.00,1035.21
-77.00,-72.00,1035.23
-72.00,-72.00,1035.16
-67.00,-72.00,1035.32
-62.00,-72.00,1035.39
-57.00,-72.00,1035.22
-52.00,-72.00,1035.06
-47.00,-72.00,1034.95
-42.00,-72.00,1034.97
-37.00,-72.00,1034.97
-32.00,-72.00,1034.96
-27.00,-72.00,1034.90
-22.00,-72.00,1034.89
-17.00,-72.00,1034.92
-12.00,-72.00,1034.89
-7.00,-72.00,1034.84
-2.00,-72.00,1034.25
3.00,-72.00,1034.21
8.00,-72.00,1034.81
13.00,-72.00,1034.86
18.00,-72.00,1034.92
23.00,-72.00,1035.04
28.00,-72.00,1035.21
33.00,-72.00,1035.29
38.00,-72.00,1035.31
43.00,-72.00,1035.23
48.00,-72.00,1035.18
53.00,-72.00,1035.09
58.00,-72.00,1035.08
63.00,-72.00,1035.10
68.00,-72.00,1035.19
73.00,-72.00,1035.01
78.00,-72.00,1034.80
83.00,-72.00,1034.62
88.00,-72.00,1034.18
93.00,-72.00,1033.92
98.00,-72.00,1034.43
103.00,-72.00,1034.64
108.00,-72.00,1035.33
113.00,-72.00,1035.43
118.00,-72.00,1035.20
123.00,-72.00,1034.63
128.00,-72.00,1034.51
133.00,-72.00,1034.58
138.00,-72.00,1034.54
143.00,-72.00,1034.25
148.00,-72.00,1034.15
153.00,-72.00,1034.23
158.00,-72.00,1034.19
163.00,-72.00,1034.17
168.00,-72.00,1034.19
173.00,-72.00,1034.21
178.00,-72.00,1034.26
183.00,-72.00,1034.34
188.00,-72.00,1034.38
193.00,-72.00,1034.31
198.00,-72.00,1034.54
203.00,-72.00,1034.63
208.00,-72.00,1034.54
213.00,-72.00,1034.44
218.00,-72.00,1034.39
223.00,-72.00,1034.35
228.00,-72.00,1034.35
233.00,-72.00,1034.25
238.00,-72.00,1034.28
243.00,-72.00,1034.38
248.00,-72.00,1034.22
253.00,-72.00,1034.02
258.00,-72.00,1033.72
263.00,-72.00,1033.18
268.00,-72.00,1033.00
273.00,-72.00,1033.14
278.00,-72.00,1032.97
283.00,-72.00,1032.92
288.00,-72.00,1033.02
293.00,-72.00,1032.90
298.00,-72.00,1032.94
303.00,-72.00,1032.56
308.00,-72.00,1032.69
313.00,-72.00,1033.04
318.00,-72.00,1033.16
323.00,-72.00,1032.79
328.00,-72.00,1032.59
333.00,-72.00,1032.43
338.00,-72.00,1032.31
343.00,-72.00,1032.35
348.00,-72.00,1032.31
353.00,-72.00,1032.47
358.00,-72.00,1032.55
-242.00,-67.00,1036.50
-237.00,-67.00,1036.51
-232.00,-67.00,1036.52
-227.00,-67.00,1036.45
-222.00,-67.00,1036.36
-217.00,-67.00,1036.28
-212.00,-67.00,1036.21
-207.00,-67.00,1036.18
-202.00,-67.00,1036.16
-197.00,-67.00,1036.11
-192.00,-67.00,1036.10
-187.00,-67.00,1036.12
-182.00,-67.00,1036.50
-177.00,-67.00,1037.05
-172.00,-67.00,1037.51
-167.00,-67.00,1037.99
-162.00,-67.00,1038.42
-157.00,-67.00,1038.72
-152.00,-67.00,1038.88
-147.00,-67.00,1038.82
-142.00,-67.00,1038.61
-137.00,-67.00,1038.34
-132.00,-67.00,1037.72
-127.00,-67.00,1036.92
-122.00,-67.00,1036.04
-117.00,-67.00,1035.52
-112.00,-67.00,1035.44
-107.00,-67.00,1035.50
-102.00,-67.00,1035.41
-97.00,-67.00,1035.30
-92.00,-67.00,1035.27
-87.00,-67.00,1035.16
-82.00,-67.00,1035.21
-77.00,-67.00,1035.23
-72.00,-67.00,1035.18
-67.00,-67.00,1035.34
-62.00,-67.00,1035.41
-57.00,-67.00,1035.44
-52.00,-67.00,1035.12
-47.00,-67.00,1035.00
-42.00,-67.00,1034.97
-37.00,-67.00,1034.95
-32.00,-67.00,1034.94
-27.00,-67.00,1034.96
-22.00,-67.00,1034.91
-17.00,-67.00,1034.89
-12.00,-67.00,1034.83
-7.00,-67.00,1034.71
-2.00,-67.00,1034.17
3.00,-67.00,1034.58
8.00,-67.00,1034.81
13.00,-67.00,1034.73
18.00,-67.00,1034.89
23.00,-67.00,1035.01
28.00,-67.00,1035.18
33.00,-67.00,1035.28
38.00,-67.00,1035.34
43.00,-67.00,1035.38
48.00,-67.00,1035.26
53.00,-67.00,1035.15
58.00,-67.00,1035.10
63.00,-67.00,1035.11
68.00,-67.00,1035.27
73.00,-67.00,1035.11
78.00,-67.00,1034.89
83.00,-67.00,1034.67
88.00,-67.00,1034.18
93.00,-67.00,1034.11
98.00,-67.00,1034.47
103.00,-67.00,1034.96
108.00,-67.00,1035.43
113.00,-67.00,1035.00
118.00,-67.00,1034.50
123.00,-67.00,1034.46
128.00,-67.00,1034.51
133.00,-67.00,1034.54
138.00,-67.00,1034.22
143.00,-67.00,1034.20
148.00,-67.00,1034.24
153.00,-67.00,1034.20
158.00,-67.00,1034.12
163.00,-67.00,1034.16
168.00,-67.00,1034.21
173.00,-67.00,1034.26
178.00,-67.00,1034.31
183.00,-67.00,1034.41
188.00,-67.00,1034.47
193.00,-67.00,1034.41
198.00,-67.00,1034.55
203.00,-67.00,1034.62
208.00,-67.00,1034.56
213.00,-67.00,1034.48
218.00,-67.00,1034.41
223.00,-67.00,1034.38
228.00,-67.00,1034.42
233.00,-67.00,1034.28
238.00,-67.00,1034.28
243.00,-67.00,1034.36
248.00,-67.00,1034.30
253.00,-67.00,1034.02
258.00,-67.00,1033.79
263.00,-67.00,1033.47
268.00,-67.00,1033.17
273.00,-67.00,1033.07
278.00,-67.00,1033.04
283.00,-67.00,1032.99
288.00,-67.00,1033.12
293.00,-67.00,1032.74
298.00,-67.00,1033.06
303.00,-67.00,1033.11
308.00,-67.00,1033.09
313.00,-67.00,1033.08
318.00,-67.00,1032.69
323.00,-67.00,1032.49
328.00,-67.00,1032.43
333.00,-67.00,1032.46
338.00,-67.00,1032.48
343.00,-67.00,1032.49
348.00,-67.00,1032.39
353.00,-67.00,1032.50
358.00,-67.00,1032.60
-242.00,-62.00,1036.56
-237.00,-62.00,1036.57
-232.00,-62.00,1036.40
-227.00,-62.00,1036.46
-222.00,-62.00,1036.38
-217.00,-62.00,1036.39
-212.00,-62.00,1036.28
-207.00,-62.00,1036.16
-202.00,-62.00,1036.10
-197.00,-62.00,1036.00
-192.00,-62.00,1036.07
-187.00,-62.00,1036.13
-182.00,-62.00,1036.31
-177.00,-62.00,1036.76
-172.00,-62.00,1037.22
-167.00,-62.00,1037.78
-162.00,-62.00,1038.18
-157.00,-62.00,1038.51
-152.00,-62.00,1038.63
-147.00,-62.00,1038.68
-142.00,-62.00,1038.49
-137.00,-62.00,1038.32
-132.00,-62.00,1037.88
-127.00,-62.00,1037.17
-122.00,-62.00,1036.25
-117.00,-62.00,1035.64
-112.00,-62.00,1035.49
-107.00,-62.00,1035.48
-102.00,-62.00,1035.40
-97.00,-62.00,1035.27
-92.00,-62.00,1035.26
-87.00,-62.00,1035.16
-82.00,-62.00,1035.17
-77.00,-62.00,1035.24
-72.00,-62.00,1035.17
-67.00,-62.00,1035.38
-62.00,-62.00,1035.43
-57.00,-62.00,1035.52
-52.00,-62.00,1035.20
-47.00,-62.00,1035.02
-42.00,-62.00,1035.00
-37.00,-62.00,1034.99
-32.00,-62.00,1034.97
-27.00,-62.00,1034.90
-22.00,-62.00,1034.91
-17.00,-62.00,1034.90
-12.00,-62.00,1034.68
-7.00,-62.00,1034.37
-2.00,-62.00,1034.28
3.00,-62.00,1034.33
8.00,-62.00,1034.42
13.00,-62.00,1034.54
18.00,-62.00,1034.75
23.00,-62.00,1034.94
28.00,-62.00,1035.01
33.00,-62.00,1035.12
38.00,-62.00,1035.34
43.00,-62.00,1035.38
48.00,-62.00,1035.37
53.00,-62.00,1035.23
58.00,-62.00,1035.17
63.00,-62.00,1035.28
68.00,-62.00,1035.28
73.00,-62.00,1035.22
78.00,-62.00,1034.97
83.00,-62.00,1034.73
88.00,-62.00,1034.16
93.00,-62.00,1034.26
98.00,-62.00,1034.54
103.00,-62.00,1034.57
108.00,-62.00,1034.55
113.00,-62.00,1034.32
118.00,-62.00,1034.32
123.00,-62.00,1034.43
128.00,-62.00,1034.39
133.00,-62.00,1034.19
138.00,-62.00,1034.27
143.00,-62.00,1034.25
148.00,-62.00,1034.22
153.00,-62.00,1034.18
158.00,-62.00,1034.19
163.00,-62.00,1034.23
168.00,-62.00,1034.27
173.00,-62.00,1034.28
178.00,-62.00,1034.31
183.00,-62.00,1034.39
188.00,-62.00,1034.42
193.00,-62.00,1034.49
198.00,-62.00,1034.60
203.00,-62.00,1034.60
208.00,-62.00,1034.57
213.00,-62.00,1034.50
218.00,-62.00,1034.42
223.00,-62.00,1034.41
228.00,-62.00,1034.41
233.00,-62.00,1034.36
238.00,-62.00,1034.40
243.00,-62.00,1034.45
248.00,-62.00,1034.45
253.00,-62.00,1034.21
258.00,-62.00,1033.86
263.00,-62.00,1033.52
268.00,-62.00,1033.07
273.00,-62.00,1032.98
278.00,-62.00,1032.83
283.00,-62.00,1032.64
288.00,-62.00,1033.00
293.00,-62.00,1033.12
298.00,-62.00,1032.89
303.00,-62.00,1033.02
308.00,-62.00,1033.07
313.00,-62.00,1032.67
318.00,-62.00,1032.29
323.00,-62.00,1032.38
328.00,-62.00,1032.34
333.00,-62.00,1032.48
338.00,-62.00,1032.69
343.00,-62.00,1032.70
348.00,-62.00,1032.49
353.00,-62.00,1032.40
358.00,-62.00,1032.53
-242.00,-57.00,1036.49
-237.00,-57.00,1036.55
-232.00,-57.00,1036.37
-227.00,-57.00,1036.42
-222.00,-57.00,1036.35
-217.00,-57.00,1036.35
-212.00,-57.00,1036.32
-207.00,-57.00,1036.23
-202.00,-57.00,1036.13
-197.00,-57.00,1036.03
-192.00,-57.00,1035.97
-187.00,-57.00,1036.08
-182.00,-57.00,1036.13
-177.00,-57.00,1036.52
-172.00,-57.00,1036.93
-167.00,-57.00,1037.51
-162.00,-57.00,1037.93
-157.00,-57.00,1038.27
-152.00,-57.00,1038.44
-147.00,-57.00,1038.50
-142.00,-57.00,1038.38
-137.00,-57.00,1038.18
-132.00,-57.00,1037.89
-127.00,-57.00,1037.34
-122.00,-57.00,1036.54
-117.00,-57.00,1035.83
-112.00,-57.00,1035.58
-107.00,-57.00,1035.52
-102.00,-57.00,1035.49
-97.00,-57.00,1035.39
-92.00,-57.00,1035.36
-87.00,-57.00,1035.22
-82.00,-57.00,1035.19
-77.00,-57.00,1035.26
-72.00,-57.00,1035.24
-67.00,-57.00,1035.38
-62.00,-57.00,1035.54
-57.00,-57.00,1035.52
-52.00,-57.00,1035.22
-47.00,-57.00,1035.06
-42.00,-57.00,1035.01
-37.00,-57.00,1035.00
-32.00,-57.00,1034.97
-27.00,-57.00,1034.92
-22.00,-57.00,1034.92
-17.00,-57.00,1034.66
-12.00,-57.00,1034.38
-7.00,-57.00,1034.27
-2.00,-57.00,1034.28
3.00,-57.00,1034.32
8.00,-57.00,1034.42
13.00,-57.00,1034.57
18.00,-57.00,1034.72
23.00,-57.00,1034.83
28.00,-57.00,1034.93
33.00,-57.00,1035.18
38.00,-57.00,1035.32
43.00,-57.00,1035.37
48.00,-57.00,1035.42
53.00,-57.00,1035.36
58.00,-57.00,1035.29
63.00,-57.00,1035.34
68.00,-57.00,1035.30
73.00,-57.00,1035.04
78.00,-57.00,1034.96
83.00,-57.00,1034.70
88.00,-57.00,1034.34
93.00,-57.00,1034.43
98.00,-57.00,1034.39
103.00,-57.00,1034.39
108.00,-57.00,1034.41
113.00,-57.00,1034.42
118.00,-57.00,1034.44
123.00,-57.00,1034.29
128.00,-57.00,1034.30
133.00,-57.00,1034.34
138.00,-57.00,1034.29
143.00,-57.00,1034.21
148.00,-57.00,1034.22
153.00,-57.00,1034.24
158.00,-57.00,1034.25
163.00,-57.00,1034.28
168.00,-57.00,1034.30
173.00,-57.00,1034.32
178.00,-57.00,1034.39
183.00,-57.00,1034.38
188.00,-57.00,1034.49
193.00,-57.00,1034.52
198.00,-57.00,1034.59
203.00,-57.00,1034.66
208.00,-57.00,1034.70
213.00,-57.00,1034.54
218.00,-57.00,1034.44
223.00,-57.00,1034.44
228.00,-57.00,1034.49
233.00,-57.00,1034.66
238.00,-57.00,1034.70
243.00,-57.00,1034.76
248.00,-57.00,1034.73
253.00,-57.00,1034.28
258.00,-57.00,1034.03
263.00,-57.00,1033.60
268.00,-57.00,1032.96
273.00,-57.00,1032.87
278.00,-57.00,1032.80
283.00,-57.00,1032.62
288.00,-57.00,1032.81
293.00,-57.00,1033.06
298.00,-57.00,1033.16
303.00,-57.00,1033.29
308.00,-57.00,1033.41
313.00,-57.00,1032.87
318.00,-57.00,1032.32
323.00,-57.00,1032.31
328.00,-57.00,1032.37
333.00,-57.00,1032.62
338.00,-57.00,1032.67
343.00,-57.00,1032.43
348.00,-57.00,1032.51
353.00,-57.00,1032.33
358.00,-57.00,1032.44
-242.00,-52.00,1036.49
-237.00,-52.00,1036.46
-232.00,-52.00,1036.48
-227.00,-52.00,1036.46
-222.00,-52.00,1036.38
-217.00,-52.00,1036.37
-212.00,-52.00,1036.34
-207.00,-52.00,1036.29
-202.00,-52.00,1036.22
-197.00,-52.00,1036.18
-192.00,-52.00,1035.99
-187.00,-52.00,1035.97
-182.00,-52.00,1036.07
-177.00,-52.00,1036.17
-172.00,-52.00,1036.68
-167.00,-52.00,1037.25
-162.00,-52.00,1037.74
-157.00,-52.00,1038.06
-152.00,-52.00,1038.25
-147.00,-52.00,1038.33
-142.00,-52.00,1038.22
-137.00,-52.00,1038.04
-132.00,-52.00,1037.90
-127.00,-52.00,1037.48
-122.00,-52.00,1036.80
-117.00,-52.00,1036.12
-112.00,-52.00,1035.57
-107.00,-52.00,1035.58
-102.00,-52.00,1035.56
-97.00,-52.00,1035.44
-92.00,-52.00,1035.50
-87.00,-52.00,1035.25
-82.00,-52.00,1035.25
-77.00,-52.00,1035.27
-72.00,-52.00,1035.28
-67.00,-52.00,1035.42
-62.00,-52.00,1035.47
-57.00,-52.00,1035.54
-52.00,-52.00,1035.24
-47.00,-52.00,1035.10
-42.00,-52.00,1035.05
-37.00,-52.00,1035.04
-32.00,-52.00,1034.92
-27.00,-52.00,1034.90
-22.00,-52.00,1034.62
-17.00,-52.00,1034.41
-12.00,-52.00,1034.38
-7.00,-52.00,1034.33
-2.00,-52.00,1034.36
3.00,-52.00,1034.35
8.00,-52.00,1034.56
13.00,-52.00,1034.72
18.00,-52.00,1034.79
23.00,-52.00,1034.77
28.00,-52.00,1034.82
33.00,-52.00,1035.20
38.00,-52.00,1035.31
43.00,-52.00,1035.36
48.00,-52.00,1035.36
53.00,-52.00,1035.34
58.00,-52.00,1035.38
63.00,-52.00,1035.38
68.00,-52.00,1035.27
73.00,-52.00,1035.06
78.00,-52.00,1034.98
83.00,-52.00,1034.76
88.00,-52.00,1034.67
93.00,-52.00,1034.38
98.00,-52.00,1034.49
103.00,-52.00,1034.39
108.00,-52.00,1034.33
113.00,-52.00,1034.50
118.00,-52.00,1034.28
123.00,-52.00,1034.40
128.00,-52.00,1034.39
133.00,-52.00,1034.33
138.00,-52.00,1034.28
143.00,-52.00,1034.27
148.00,-52.00,1034.26
153.00,-52.00,1034.24
158.00,-52.00,1034.30
163.00,-52.00,1034.32
168.00,-52.00,1034.32
173.00,-52.00,1034.33
178.00,-52.00,1034.40
183.00,-52.00,1034.43
188.00,-52.00,1034.53
193.00,-52.00,1034.63
198.00,-52.00,1034.75
203.00,-52.00,1034.75
208.00,-52.00,1034.70
213.00,-52.00,1034.61
218.00,-52.00,1034.47
223.00,-52.00,1034.60
228.00,-52.00,1034.78
233.00,-52.00,1034.92
238.00,-52.00,1034.96
243.00,-52.00,1035.28
248.00,-52.00,1035.17
253.00,-52.00,1034.61
258.00,-52.00,1034.22
263.00,-52.00,1033.79
268.00,-52.00,1033.09
273.00,-52.00,1032.82
278.00,-52.00,1032.81
283.00,-52.00,1032.85
288.00,-52.00,1032.89
293.00,-52.00,1033.02
298.00,-52.00,1033.26
303.00,-52.00,1033.30
308.00,-52.00,1033.01
313.00,-52.00,1033.20
318.00,-52.00,1032.48
323.00,-52.00,1032.31
328.00,-52.00,1032.50
333.00,-52.00,1032.79
338.00,-52.00,1032.57
343.00,-52.00,1032.79
348.00,-52.00,1032.56
353.00,-52.00,1032.28
358.00,-52.00,1032.43
-242.00,-47.00,1036.51
-237.00,-47.00,1036.54
-232.00,-47.00,1036.52
-227.00,-47.00,1036.45
-222.00,-47.00,1036.42
-217.00,-47.00,1036.39
-212.00,-47.00,1036.37
-207.00,-47.00,1036.31
-202.00,-47.00,1036.22
-197.00,-47.00,1036.19
-192.00,-47.00,1036.14
-187.00,-47.00,1036.03
-182.00,-47.00,1035.99
-177.00,-47.00,1036.14
-172.00,-47.00,1036.46
-167.00,-47.00,1036.96
-162.00,-47.00,1037.52
-157.00,-47.00,1037.82
-152.00,-47.00,1038.09
-147.00,-47.00,1038.17
-142.00,-47.00,1038.12
-137.00,-47.00,1038.06
-132.00,-47.00,1037.87
-127.00,-47.00,1037.45
-122.00,-47.00,1037.05
-117.00,-47.00,1036.38
-112.00,-47.00,1035.62
-107.00,-47.00,1035.59
-102.00,-47.00,1035.61
-97.00,-47.00,1035.54
-92.00,-47.00,1035.53
-87.00,-47.00,1035.29
-82.00,-47.00,1035.31
-77.00,-47.00,1035.32
-72.00,-47.00,1035.34
-67.00,-47.00,1035.44
-62.00,-47.00,1035.47
-57.00,-47.00,1035.53
-52.00,-47.00,1035.30
-47.00,-47.00,1035.13
-42.00,-47.00,1035.11
-37.00,-47.00,1035.04
-32.00,-47.00,1034.94
-27.00,-47.00,1034.70
-22.00,-47.00,1034.50
-17.00,-47.00,1034.48
-12.00,-47.00,1034.44
-7.00,-47.00,1034.43
-2.00,-47.00,1034.44
3.00,-47.00,1034.46
8.00,-47.00,1034.50
13.00,-47.00,1034.67
18.00,-47.00,1034.93
23.00,-47.00,1034.80
28.00,-47.00,1034.73
33.00,-47.00,1034.99
38.00,-47.00,1035.33
43.00,-47.00,1035.33
48.00,-47.00,1035.35
53.00,-47.00,1035.34
58.00,-47.00,1035.37
63.00,-47.00,1035.31
68.00,-47.00,1035.24
73.00,-47.00,1035.11
78.00,-47.00,1034.91
83.00,-47.00,1034.79
88.00,-47.00,1034.72
93.00,-47.00,1034.58
98.00,-47.00,1034.45
103.00,-47.00,1034.45
108.00,-47.00,1034.58
113.00,-47.00,1034.52
118.00,-47.00,1034.52
123.00,-47.00,1034.48
128.00,-47.00,1034.41
133.00,-47.00,1034.42
138.00,-47.00,1034.37
143.00,-47.00,1034.34
148.00,-47.00,1034.31
153.00,-47.00,1034.29
158.00,-47.00,1034.33
163.00,-47.00,1034.35
168.00,-47.00,1034.32
173.00,-47.00,1034.39
178.00,-47.00,1034.49
183.00,-47.00,1034.52
188.00,-47.00,1034.57
193.00,-47.00,1034.63
198.00,-47.00,1034.70
203.00,-47.00,1034.72
208.00,-47.00,1034.66
213.00,-47.00,1034.55
218.00,-47.00,1034.71
223.00,-47.00,1034.89
228.00,-47.00,1034.90
233.00,-47.00,1035.14
238.00,-47.00,1035.56
243.00,-47.00,1035.58
248.00,-47.00,1035.17
253.00,-47.00,1034.67
258.00,-47.00,1034.28
263.00,-47.00,1034.12
268.00,-47.00,1033.45
273.00,-47.00,1032.90
278.00,-47.00,1032.85
283.00,-47.00,1032.98
288.00,-47.00,1033.03
293.00,-47.00,1032.82
298.00,-47.00,1033.06
303.00,-47.00,1033.21
308.00,-47.00,1032.68
313.00,-47.00,1032.79
318.00,-47.00,1032.60
323.00,-47.00,1032.28
328.00,-47.00,1032.76
333.00,-47.00,1032.73
338.00,-47.00,1032.64
343.00,-47.00,1032.87
348.00,-47.00,1032.75
353.00,-47.00,1032.31
358.00,-47.00,1032.43
-242.00,-42.00,1036.53
-237.00,-42.00,1036.63
-232.00,-42.00,1036.56
-227.00,-42.00,1036.48
-222.00,-42.00,1036.45
-217.00,-42.00,1036.45
-212.00,-42.00,1036.43
-207.00,-42.00,1036.33
-202.00,-42.00,1036.27
-197.00,-42.00,1036.19
-192.00,-42.00,1036.17
-187.00,-42.00,1036.13
-182.00,-42.00,1035.99
-177.00,-42.00,1036.11
-172.00,-42.00,1036.19
-167.00,-42.00,1036.67
-162.00,-42.00,1037.22
-157.00,-42.00,1037.56
-152.00,-42.00,1037.93
-147.00,-42.00,1037.99
-142.00,-42.00,1038.04
-137.00,-42.00,1038.02
-132.00,-42.00,1037.70
-127.00,-42.00,1037.43
-122.00,-42.00,1037.11
-117.00,-42.00,1036.62
-112.00,-42.00,1035.71
-107.00,-42.00,1035.61
-102.00,-42.00,1035.67
-97.00,-42.00,1035.54
-92.00,-42.00,1035.62
-87.00,-42.00,1035.35
-82.00,-42.00,1035.38
-77.00,-42.00,1035.41
-72.00,-42.00,1035.35
-67.00,-42.00,1035.44
-62.00,-42.00,1035.52
-57.00,-42.00,1035.47
-52.00,-42.00,1035.48
-47.00,-42.00,1035.16
-42.00,-42.00,1035.13
-37.00,-42.00,1035.06
-32.00,-42.00,1034.95
-27.00,-42.00,1034.63
-22.00,-42.00,1034.56
-17.00,-42.00,1034.53
-12.00,-42.00,1034.53
-7.00,-42.00,1034.53
-2.00,-42.00,1034.63
3.00,-42.00,1034.70
8.00,-42.00,1034.63
13.00,-42.00,1034.49
18.00,-42.00,1034.81
23.00,-42.00,1034.74
28.00,-42.00,1034.78
33.00,-42.00,1034.67
38.00,-42.00,1035.10
43.00,-42.00,1035.28
48.00,-42.00,1035.30
53.00,-42.00,1035.31
58.00,-42.00,1035.33
63.00,-42.00,1035.36
68.00,-42.00,1035.29
73.00,-42.00,1035.12
78.00,-42.00,1034.86
83.00,-42.00,1034.68
88.00,-42.00,1034.60
93.00,-42.00,1034.55
98.00,-42.00,1034.55
103.00,-42.00,1034.58
108.00,-42.00,1034.57
113.00,-42.00,1034.56
118.00,-42.00,1034.50
123.00,-42.00,1034.48
128.00,-42.00,1034.56
133.00,-42.00,1034.48
138.00,-42.00,1034.48
143.00,-42.00,1034.38
148.00,-42.00,1034.32
153.00,-42.00,1034.32
158.00,-42.00,1034.35
163.00,-42.00,1034.36
168.00,-42.00,1034.42
173.00,-42.00,1034.45
178.00,-42.00,1034.53
183.00,-42.00,1034.58
188.00,-42.00,1034.62
193.00,-42.00,1034.63
198.00,-42.00,1034.67
203.00,-42.00,1034.66
208.00,-42.00,1034.61
213.00,-42.00,1034.80
218.00,-42.00,1034.88
223.00,-42.00,1035.04
228.00,-42.00,1035.38
233.00,-42.00,1035.57
238.00,-42.00,1035.50
243.00,-42.00,1035.07
248.00,-42.00,1034.76
253.00,-42.00,1034.59
258.00,-42.00,1034.36
263.00,-42.00,1034.22
268.00,-42.00,1033.81
273.00,-42.00,1033.09
278.00,-42.00,1032.93
283.00,-42.00,1032.88
288.00,-42.00,1032.75
293.00,-42.00,1032.47
298.00,-42.00,1032.83
303.00,-42.00,1033.29
308.00,-42.00,1033.05
313.00,-42.00,1033.26
318.00,-42.00,1032.77
323.00,-42.00,1032.45
328.00,-42.00,1032.99
333.00,-42.00,1032.72
338.00,-42.00,1032.73
343.00,-42.00,1032.68
348.00,-42.00,1032.88
353.00,-42.00,1032.48
358.00,-42.00,1032.40
-242.00,-37.00,1036.61
-237.00,-37.00,1036.64
-232.00,-37.00,1036.60
-227.00,-37.00,1036.50
-222.00,-37.00,1036.53
-217.00,-37.00,1036.50
-212.00,-37.00,1036.42
-207.00,-37.00,1036.37
-202.00,-37.00,1036.31
-197.00,-37.00,1036.24
-192.00,-37.00,1036.20
-187.00,-37.00,1036.27
-182.00,-37.00,1036.27
-177.00,-37.00,1036.09
-172.00,-37.00,1036.09
-167.00,-37.00,1036.42
-162.00,-37.00,1036.90
-157.00,-37.00,1037.35
-152.00,-37.00,1037.68
-147.00,-37.00,1037.81
-142.00,-37.00,1037.88
-137.00,-37.00,1037.90
-132.00,-37.00,1037.66
-127.00,-37.00,1037.37
-122.00,-37.00,1037.03
-117.00,-37.00,1036.59
-112.00,-37.00,1035.72
-107.00,-37.00,1035.66
-102.00,-37.00,1035.77
-97.00,-37.00,1035.63
-92.00,-37.00,1035.55
-87.00,-37.00,1035.37
-82.00,-37.00,1035.35
-77.00,-37.00,1035.46
-72.00,-37.00,1035.37
-67.00,-37.00,1035.47
-62.00,-37.00,1035.53
-57.00,-37.00,1035.51
-52.00,-37.00,1035.45
-47.00,-37.00,1035.17
-42.00,-37.00,1035.14
-37.00,-37.00,1035.08
-32.00,-37.00,1034.85
-27.00,-37.00,1034.68
-22.00,-37.00,1034.60
-17.00,-37.00,1034.61
-12.00,-37.00,1034.61
-7.00,-37.00,1034.79
-2.00,-37.00,1034.81
3.00,-37.00,1034.65
8.00,-37.00,1034.55
13.00,-37.00,1034.56
18.00,-37.00,1034.61
23.00,-37.00,1034.70
28.00,-37.00,1034.75
33.00,-37.00,1034.73
38.00,-37.00,1034.66
43.00,-37.00,1035.11
48.00,-37.00,1035.13
53.00,-37.00,1035.20
58.00,-37.00,1035.40
63.00,-37.00,1035.35
68.00,-37.00,1035.18
73.00,-37.00,1035.11
78.00,-37.00,1034.87
83.00,-37.00,1034.64
88.00,-37.00,1034.59
93.00,-37.00,1034.54
98.00,-37.00,1034.52
103.00,-37.00,1034.58
108.00,-37.00,1034.56
113.00,-37.00,1034.50
118.00,-37.00,1034.60
123.00,-37.00,1034.65
128.00,-37.00,1034.76
133.00,-37.00,1034.69
138.00,-37.00,1034.53
143.00,-37.00,1034.43
148.00,-37.00,1034.39
153.00,-37.00,1034.35
158.00,-37.00,1034.37
163.00,-37.00,1034.47
168.00,-37.00,1034.49
173.00,-37.00,1034.51
178.00,-37.00,1034.61
183.00,-37.00,1034.66
188.00,-37.00,1034.63
193.00,-37.00,1034.66
198.00,-37.00,1034.65
203.00,-37.00,1034.65
208.00,-37.00,1034.80
213.00,-37.00,1034.95
218.00,-37.00,1035.14
223.00,-37.00,1035.62
228.00,-37.00,1035.72
233.00,-37.00,1035.34
238.00,-37.00,1035.03
243.00,-37.00,1034.77
248.00,-37.00,1034.66
253.00,-37.00,1034.52
258.00,-37.00,1034.49
263.00,-37.00,1034.34
268.00,-37.00,1034.22
273.00,-37.00,1033.60
278.00,-37.00,1033.02
283.00,-37.00,1032.78
288.00,-37.00,1032.61
293.00,-37.00,1032.45
298.00,-37.00,1032.68
303.00,-37.00,1033.25
308.00,-37.00,1033.36
313.00,-37.00,1033.38
318.00,-37.00,1033.02
323.00,-37.00,1032.69
328.00,-37.00,1033.08
333.00,-37.00,1032.72
338.00,-37.00,1032.69
343.00,-37.00,1032.69
348.00,-37.00,1032.96
353.00,-37.00,1032.57
358.00,-37.00,1032.39
-242.00,-32.00,1036.59
-237.00,-32.00,1036.56
-232.00,-32.00,1036.53
-227.00,-32.00,1036.48
-222.00,-32.00,1036.49
-217.00,-32.00,1036.45
-212.00,-32.00,1036.43
-207.00,-32.00,1036.45
-202.00,-32.00,1036.37
-197.00,-32.00,1036.27
-192.00,-32.00,1036.23
-187.00,-32.00,1036.39
-182.00,-32.00,1036.56
-177.00,-32.00,1036.53
-172.00,-32.00,1036.12
-167.00,-32.00,1036.21
-162.00,-32.00,1036.65
-157.00,-32.00,1037.11
-152.00,-32.00,1037.41
-147.00,-32.00,1037.66
-142.00,-32.00,1037.72
-137.00,-32.00,1037.66
-132.00,-32.00,1037.57
-127.00,-32.00,1037.27
-122.00,-32.00,1036.79
-117.00,-32.00,1036.40
-112.00,-32.00,1035.80
-107.00,-32.00,1035.73
-102.00,-32.00,1035.80
-97.00,-32.00,1035.59
-92.00,-32.00,1035.52
-87.00,-32.00,1035.34
-82.00,-32.00,1035.41
-77.00,-32.00,1035.42
-72.00,-32.00,1035.41
-67.00,-32.00,1035.49
-62.00,-32.00,1035.52
-57.00,-32.00,1035.50
-52.00,-32.00,1035.44
-47.00,-32.00,1035.18
-42.00,-32.00,1035.17
-37.00,-32.00,1035.10
-32.00,-32.00,1034.79
-27.00,-32.00,1034.73
-22.00,-32.00,1034.82
-17.00,-32.00,1034.76
-12.00,-32.00,1034.94
-7.00,-32.00,1034.91
-2.00,-32.00,1034.73
3.00,-32.00,1034.68
8.00,-32.00,1034.66
13.00,-32.00,1034.65
18.00,-32.00,1034.68
23.00,-32.00,1034.88
28.00,-32.00,1034.94
33.00,-32.00,1034.72
38.00,-32.00,1034.56
43.00,-32.00,1034.64
48.00,-32.00,1034.82
53.00,-32.00,1035.02
58.00,-32.00,1035.17
63.00,-32.00,1035.22
68.00,-32.00,1035.19
73.00,-32.00,1035.06
78.00,-32.00,1034.97
83.00,-32.00,1034.69
88.00,-32.00,1034.55
93.00,-32.00,1034.52
98.00,-32.00,1034.56
103.00,-32.00,1034.56
108.00,-32.00,1034.59
113.00,-32.00,1034.72
118.00,-32.00,1034.73
123.00,-32.00,1034.81
128.00,-32.00,1034.75
133.00,-32.00,1034.69
138.00,-32.00,1034.75
143.00,-32.00,1034.52
148.00,-32.00,1034.39
153.00,-32.00,1034.41
158.00,-32.00,1034.37
163.00,-32.00,1034.49
168.00,-32.00,1034.56
173.00,-32.00,1034.54
178.00,-32.00,1034.59
183.00,-32.00,1034.66
188.00,-32.00,1034.63
193.00,-32.00,1034.67
198.00,-32.00,1034.83
203.00,-32.00,1034.87
208.00,-32.00,1035.07
213.00,-32.00,1035.40
218.00,-32.00,1035.64
223.00,-32.00,1035.61
228.00,-32.00,1035.29
233.00,-32.00,1035.02
238.00,-32.00,1034.88
243.00,-32.00,1034.76
248.00,-32.00,1034.73
253.00,-32.00,1034.65
258.00,-32.00,1034.55
263.00,-32.00,1034.41
268.00,-32.00,1034.32
273.00,-32.00,1034.11
278.00,-32.00,1033.46
283.00,-32.00,1032.91
288.00,-32.00,1032.64
293.00,-32.00,1032.46
298.00,-32.00,1032.47
303.00,-32.00,1032.92
308.00,-32.00,1033.16
313.00,-32.00,1033.02
318.00,-32.00,1033.19
323.00,-32.00,1033.05
328.00,-32.00,1033.03
333.00,-32.00,1032.74
338.00,-32.00,1032.76
343.00,-32.00,1032.89
348.00,-32.00,1032.96
353.00,-32.00,1032.65
358.00,-32.00,1032.46
-242.00,-27.00,1036.54
-237.00,-27.00,1036.54
-232.00,-27.00,1036.52
-227.00,-27.00,1036.47
-222.00,-27.00,1036.45
-217.00,-27.00,1036.43
-212.00,-27.00,1036.45
-207.00,-27.00,1036.57
-202.00,-27.00,1036.65
-197.00,-27.00,1036.57
-192.00,-27.00,1036.28
-187.00,-27.00,1036.47
-182.00,-27.00,1036.73
-177.00,-27.00,1036.81
-172.00,-27.00,1036.46
-167.00,-27.00,1036.18
-162.00,-27.00,1036.37
-157.00,-27.00,1036.86
-152.00,-27.00,1037.18
-147.00,-27.00,1037.47
-142.00,-27.00,1037.52
-137.00,-27.00,1037.40
-132.00,-27.00,1037.42
-127.00,-27.00,1037.11
-122.00,-27.00,1036.60
-117.00,-27.00,1036.16
-112.00,-27.00,1035.81
-107.00,-27.00,1035.81
-102.00,-27.00,1035.86
-97.00,-27.00,1035.63
-92.00,-27.00,1035.51
-87.00,-27.00,1035.40
-82.00,-27.00,1035.46
-77.00,-27.00,1035.44
-72.00,-27.00,1035.42
-67.00,-27.00,1035.52
-62.00,-27.00,1035.56
-57.00,-27.00,1035.51
-52.00,-27.00,1035.45
-47.00,-27.00,1035.16
-42.00,-27.00,1035.19
-37.00,-27.00,1035.14
-32.00,-27.00,1034.93
-27.00,-27.00,1034.82
-22.00,-27.00,1034.99
-17.00,-27.00,1035.05
-12.00,-27.00,1034.98
-7.00,-27.00,1034.83
-2.00,-27.00,1034.77
3.00,-27.00,1034.75
8.00,-27.00,1034.74
13.00,-27.00,1034.75
18.00,-27.00,1034.75
23.00,-27.00,1034.79
28.00,-27.00,1034.84
33.00,-27.00,1034.86
38.00,-27.00,1034.50
43.00,-27.00,1034.35
48.00,-27.00,1034.50
53.00,-27.00,1034.74
58.00,-27.00,1034.96
63.00,-27.00,1035.04
68.00,-27.00,1035.11
73.00,-27.00,1035.14
78.00,-27.00,1034.12
83.00,-27.00,1034.56
88.00,-27.00,1034.55
93.00,-27.00,1034.57
98.00,-27.00,1034.54
103.00,-27.00,1034.69
108.00,-27.00,1034.74
113.00,-27.00,1034.84
118.00,-27.00,1034.79
123.00,-27.00,1034.79
128.00,-27.00,1034.71
133.00,-27.00,1034.76
138.00,-27.00,1034.65
143.00,-27.00,1034.58
148.00,-27.00,1034.47
153.00,-27.00,1034.49
158.00,-27.00,1034.41
163.00,-27.00,1034.45
168.00,-27.00,1034.58
173.00,-27.00,1034.53
178.00,-27.00,1034.56
183.00,-27.00,1034.56
188.00,-27.00,1034.67
193.00,-27.00,1034.78
198.00,-27.00,1034.91
203.00,-27.00,1035.16
208.00,-27.00,1035.61
213.00,-27.00,1035.59
218.00,-27.00,1035.39
223.00,-27.00,1035.25
228.00,-27.00,1035.09
233.00,-27.00,1034.95
238.00,-27.00,1034.90
243.00,-27.00,1034.80
248.00,-27.00,1034.70
253.00,-27.00,1034.61
258.00,-27.00,1034.58
263.00,-27.00,1034.50
268.00,-27.00,1034.48
273.00,-27.00,1034.40
278.00,-27.00,1033.99
283.00,-27.00,1033.27
288.00,-27.00,1032.86
293.00,-27.00,1032.55
298.00,-27.00,1032.48
303.00,-27.00,1032.75
308.00,-27.00,1032.93
313.00,-27.00,1032.97
318.00,-27.00,1033.28
323.00,-27.00,1033.26
328.00,-27.00,1032.78
333.00,-27.00,1032.80
338.00,-27.00,1032.99
343.00,-27.00,1033.02
348.00,-27.00,1032.98
353.00,-27.00,1032.78
358.00,-27.00,1032.73
-242.00,-22.00,1036.52
-237.00,-22.00,1036.57
-232.00,-22.00,1036.53
-227.00,-22.00,1036.44
-222.00,-22.00,1036.46
-217.00,-22.00,1036.45
-212.00,-22.00,1036.46
-207.00,-22.00,1036.69
-202.00,-22.00,1036.80
-197.00,-22.00,1036.90
-192.00,-22.00,1036.54
-187.00,-22.00,1036.43
-182.00,-22.00,1036.76
-177.00,-22.00,1036.91
-172.00,-22.00,1036.76
-167.00,-22.00,1036.32
-162.00,-22.00,1036.24
-157.00,-22.00,1036.52
-152.00,-22.00,1036.89
-147.00,-22.00,1037.24
-142.00,-22.00,1037.22
-137.00,-22.00,1037.16
-132.00,-22.00,1037.14
-127.00,-22.00,1036.86
-122.00,-22.00,1036.38
-117.00,-22.00,1036.06
-112.00,-22.00,1035.81
-107.00,-22.00,1035.90
-102.00,-22.00,1035.88
-97.00,-22.00,1035.61
-92.00,-22.00,1035.55
-87.00,-22.00,1035.44
-82.00,-22.00,1035.45
-77.00,-22.00,1035.45
-72.00,-22.00,1035.43
-67.00,-22.00,1035.54
-62.00,-22.00,1035.58
-57.00,-22.00,1035.53
-52.00,-22.00,1035.43
-47.00,-22.00,1035.17
-42.00,-22.00,1035.20
-37.00,-22.00,1035.19
-32.00,-22.00,1034.99
-27.00,-22.00,1034.92
-22.00,-22.00,1035.12
-17.00,-22.00,1035.03
-12.00,-22.00,1034.91
-7.00,-22.00,1034.86
-2.00,-22.00,1034.84
3.00,-22.00,1034.85
8.00,-22.00,1034.86
13.00,-22.00,1034.85
18.00,-22.00,1034.94
23.00,-22.00,1034.84
28.00,-22.00,1034.59
33.00,-22.00,1034.60
38.00,-22.00,1034.36
43.00,-22.00,1034.25
48.00,-22.00,1034.38
53.00,-22.00,1034.70
58.00,-22.00,1034.85
63.00,-22.00,1034.86
68.00,-22.00,1034.72
73.00,-22.00,1034.13
78.00,-22.00,1034.58
83.00,-22.00,1034.60
88.00,-22.00,1034.60
93.00,-22.00,1034.60
98.00,-22.00,1034.86
103.00,-22.00,1034.84
108.00,-22.00,1034.93
113.00,-22.00,1034.88
118.00,-22.00,1034.86
123.00,-22.00,1034.79
128.00,-22.00,1034.83
133.00,-22.00,1034.76
138.00,-22.00,1034.71
143.00,-22.00,1034.68
148.00,-22.00,1034.61
153.00,-22.00,1034.48
158.00,-22.00,1034.49
163.00,-22.00,1034.42
168.00,-22.00,1034.46
173.00,-22.00,1034.44
178.00,-22.00,1034.53
183.00,-22.00,1034.67
188.00,-22.00,1034.78
193.00,-22.00,1034.97
198.00,-22.00,1035.30
203.00,-22.00,1035.73
208.00,-22.00,1035.63
213.00,-22.00,1035.34
218.00,-22.00,1035.20
223.00,-22.00,1035.16
228.00,-22.00,1035.08
233.00,-22.00,1035.03
238.00,-22.00,1034.97
243.00,-22.00,1034.81
248.00,-22.00,1034.70
253.00,-22.00,1034.63
258.00,-22.00,1034.60
263.00,-22.00,1034.55
268.00,-22.00,1034.49
273.00,-22.00,1034.48
278.00,-22.00,1034.41
283.00,-22.00,1033.83
288.00,-22.00,1033.11
293.00,-22.00,1032.63
298.00,-22.00,1032.61
303.00,-22.00,1032.78
308.00,-22.00,1032.93
313.00,-22.00,1033.08
318.00,-22.00,1033.47
323.00,-22.00,1033.49
328.00,-22.00,1033.18
333.00,-22.00,1033.09
338.00,-22.00,1033.01
343.00,-22.00,1032.90
348.00,-22.00,1032.95
353.00,-22.00,1032.88
358.00,-22.00,1032.82
-242.00,-17.00,1036.62
-237.00,-17.00,1036.57
-232.00,-17.00,1036.56
-227.00,-17.00,1036.44
-222.00,-17.00,1036.46
-217.00,-17.00,1036.43
-212.00,-17.00,1036.56
-207.00,-17.00,1036.80
-202.00,-17.00,1037.00
-197.00,-17.00,1037.11
-192.00,-17.00,1036.96
-187.00,-17.00,1036.43
-182.00,-17.00,1036.70
-177.00,-17.00,1037.03
-172.00,-17.00,1036.95
-167.00,-17.00,1036.53
-162.00,-17.00,1036.33
-157.00,-17.00,1036.33
-152.00,-17.00,1036.51
-147.00,-17.00,1036.83
-142.00,-17.00,1036.93
-137.00,-17.00,1036.82
-132.00,-17.00,1036.80
-127.00,-17.00,1036.52
-122.00,-17.00,1036.16
-117.00,-17.00,1035.90
-112.00,-17.00,1035.90
-107.00,-17.00,1035.95
-102.00,-17.00,1035.93
-97.00,-17.00,1035.63
-92.00,-17.00,1035.67
-87.00,-17.00,1035.48
-82.00,-17.00,1035.45
-77.00,-17.00,1035.45
-72.00,-17.00,1035.53
-67.00,-17.00,1035.54
-62.00,-17.00,1035.64
-57.00,-17.00,1035.51
-52.00,-17.00,1035.39
-47.00,-17.00,1035.16
-42.00,-17.00,1035.23
-37.00,-17.00,1035.32
-32.00,-17.00,1035.03
-27.00,-17.00,1035.00
-22.00,-17.00,1035.03
-17.00,-17.00,1034.99
-12.00,-17.00,1034.95
-7.00,-17.00,1034.93
-2.00,-17.00,1034.96
3.00,-17.00,1034.98
8.00,-17.00,1034.98
13.00,-17.00,1035.07
18.00,-17.00,1034.92
23.00,-17.00,1034.59
28.00,-17.00,1034.38
33.00,-17.00,1034.34
38.00,-17.00,1034.31
43.00,-17.00,1034.16
48.00,-17.00,1034.36
53.00,-17.00,1034.72
58.00,-17.00,1034.50
63.00,-17.00,1034.40
68.00,-17.00,1034.59
73.00,-17.00,1034.66
78.00,-17.00,1034.65
83.00,-17.00,1034.63
88.00,-17.00,1034.76
93.00,-17.00,1034.90
98.00,-17.00,1035.01
103.00,-17.00,1035.02
108.00,-17.00,1034.96
113.00,-17.00,1034.90
118.00,-17.00,1034.90
123.00,-17.00,1034.83
128.00,-17.00,1034.86
133.00,-17.00,1034.81
138.00,-17.00,1034.76
143.00,-17.00,1034.61
148.00,-17.00,1034.64
153.00,-17.00,1034.62
158.00,-17.00,1034.51
163.00,-17.00,1034.44
168.00,-17.00,1034.44
173.00,-17.00,1034.54
178.00,-17.00,1034.68
183.00,-17.00,1034.80
188.00,-17.00,1034.96
193.00,-17.00,1035.38
198.00,-17.00,1035.68
203.00,-17.00,1035.59
208.00,-17.00,1035.26
213.00,-17.00,1035.17
218.00,-17.00,1035.14
223.00,-17.00,1035.13
228.00,-17.00,1035.13
233.00,-17.00,1035.07
238.00,-17.00,1034.99
243.00,-17.00,1034.87
248.00,-17.00,1034.74
253.00,-17.00,1034.70
258.00,-17.00,1034.63
263.00,-17.00,1034.56
268.00,-17.00,1034.55
273.00,-17.00,1034.51
278.00,-17.00,1034.57
283.00,-17.00,1034.40
288.00,-17.00,1033.77
293.00,-17.00,1033.27
298.00,-17.00,1033.14
303.00,-17.00,1033.26
308.00,-17.00,1033.17
313.00,-17.00,1033.11
318.00,-17.00,1033.74
323.00,-17.00,1033.84
328.00,-17.00,1033.58
333.00,-17.00,1033.25
338.00,-17.00,1033.02
343.00,-17.00,1032.85
348.00,-17.00,1032.96
353.00,-17.00,1032.85
358.00,-17.00,1032.91
-242.00,-12.00,1036.64
-237.00,-12.00,1036.56
-232.00,-12.00,1036.58
-227.00,-12.00,1036.45
-222.00,-12.00,1036.42
-217.00,-12.00,1036.41
-212.00,-12.00,1036.65
-207.00,-12.00,1036.91
-202.00,-12.00,1037.13
-197.00,-12.00,1037.24
-192.00,-12.00,1037.16
-187.00,-12.00,1036.65
-182.00,-12.00,1036.62
-177.00,-12.00,1036.88
-172.00,-12.00,1036.99
-167.00,-12.00,1036.71
-162.00,-12.00,1036.47
-157.00,-12.00,1036.41
-152.00,-12.00,1036.34
-147.00,-12.00,1036.40
-142.00,-12.00,1036.56
-137.00,-12.00,1036.46
-132.00,-12.00,1036.39
-127.00,-12.00,1036.13
-122.00,-12.00,1035.98
-117.00,-12.00,1035.98
-112.00,-12.00,1036.05
-107.00,-12.00,1036.01
-102.00,-12.00,1035.98
-97.00,-12.00,1035.73
-92.00,-12.00,1035.73
-87.00,-12.00,1035.51
-82.00,-12.00,1035.47
-77.00,-12.00,1035.48
-72.00,-12.00,1035.51
-67.00,-12.00,1035.59
-62.00,-12.00,1035.63
-57.00,-12.00,1035.52
-52.00,-12.00,1035.33
-47.00,-12.00,1035.15
-42.00,-12.00,1035.26
-37.00,-12.00,1035.29
-32.00,-12.00,1035.10
-27.00,-12.00,1035.07
-22.00,-12.00,1035.13
-17.00,-12.00,1035.04
-12.00,-12.00,1035.04
-7.00,-12.00,1035.06
-2.00,-12.00,1035.05
3.00,-12.00,1035.14
8.00,-12.00,1035.17
13.00,-12.00,1035.03
18.00,-12.00,1034.69
23.00,-12.00,1034.50
28.00,-12.00,1034.37
33.00,-12.00,1034.33
38.00,-12.00,1034.27
43.00,-12.00,1034.22
48.00,-12.00,1034.22
53.00,-12.00,1034.45
58.00,-12.00,1034.76
63.00,-12.00,1034.76
68.00,-12.00,1034.72
73.00,-12.00,1034.70
78.00,-12.00,1034.69
83.00,-12.00,1034.85
88.00,-12.00,1034.91
93.00,-12.00,1034.96
98.00,-12.00,1035.01
103.00,-12.00,1034.99
108.00,-12.00,1035.00
113.00,-12.00,1035.00
118.00,-12.00,1034.96
123.00,-12.00,1034.87
128.00,-12.00,1034.88
133.00,-12.00,1034.82
138.00,-12.00,1034.77
143.00,-12.00,1034.65
148.00,-12.00,1034.59
153.00,-12.00,1034.70
158.00,-12.00,1034.55
163.00,-12.00,1034.52
168.00,-12.00,1034.58
173.00,-12.00,1034.79
178.00,-12.00,1034.88
183.00,-12.00,1035.05
188.00,-12.00,1035.53
193.00,-12.00,1035.59
198.00,-12.00,1035.33
203.00,-12.00,1035.15
208.00,-12.00,1035.10
213.00,-12.00,1035.13
218.00,-12.00,1035.15
223.00,-12.00,1035.14
228.00,-12.00,1035.13
233.00,-12.00,1035.06
238.00,-12.00,1035.00
243.00,-12.00,1034.89
248.00,-12.00,1034.81
253.00,-12.00,1034.77
258.00,-12.00,1034.65
263.00,-12.00,1034.58
268.00,-12.00,1034.51
273.00,-12.00,1034.62
278.00,-12.00,1034.57
283.00,-12.00,1034.64
288.00,-12.00,1034.40
293.00,-12.00,1033.98
298.00,-12.00,1033.81
303.00,-12.00,1033.91
308.00,-12.00,1033.93
313.00,-12.00,1033.97
318.00,-12.00,1034.30
323.00,-12.00,1034.04
328.00,-12.00,1033.51
333.00,-12.00,1033.14
338.00,-12.00,1032.92
343.00,-12.00,1033.06
348.00,-12.00,1032.94
353.00,-12.00,1032.87
358.00,-12.00,1032.97
-242.00,-7.00,1036.57
-237.00,-7.00,1036.50
-232.00,-7.00,1036.47
-227.00,-7.00,1036.40
-222.00,-7.00,1036.37
-217.00,-7.00,1036.49
-212.00,-7.00,1036.75
-207.00,-7.00,1037.08
-202.00,-7.00,1037.28
-197.00,-7.00,1037.29
-192.00,-7.00,1037.32
-187.00,-7.00,1036.95
-182.00,-7.00,1036.64
-177.00,-7.00,1036.67
-172.00,-7.00,1036.83
-167.00,-7.00,1036.67
-162.00,-7.00,1036.55
-157.00,-7.00,1036.36
-152.00,-7.00,1036.28
-147.00,-7.00,1036.24
-142.00,-7.00,1036.25
-137.00,-7.00,1036.27
-132.00,-7.00,1036.23
-127.00,-7.00,1036.16
-122.00,-7.00,1036.16
-117.00,-7.00,1036.27
-112.00,-7.00,1036.25
-107.00,-7.00,1036.35
-102.00,-7.00,1035.99
-97.00,-7.00,1035.86
-92.00,-7.00,1035.79
-87.00,-7.00,1035.55
-82.00,-7.00,1035.48
-77.00,-7.00,1035.51
-72.00,-7.00,1035.55
-67.00,-7.00,1035.59
-62.00,-7.00,1035.67
-57.00,-7.00,1035.51
-52.00,-7.00,1035.28
-47.00,-7.00,1035.16
-42.00,-7.00,1035.30
-37.00,-7.00,1035.36
-32.00,-7.00,1035.14
-27.00,-7.00,1035.15
-22.00,-7.00,1035.12
-17.00,-7.00,1035.13
-12.00,-7.00,1035.13
-7.00,-7.00,1035.13
-2.00,-7.00,1035.28
3.00,-7.00,1035.22
8.00,-7.00,1034.99
13.00,-7.00,1034.82
18.00,-7.00,1034.62
23.00,-7.00,1034.44
28.00,-7.00,1034.38
33.00,-7.00,1034.34
38.00,-7.00,1034.36
43.00,-7.00,1034.59
48.00,-7.00,1034.89
53.00,-7.00,1034.71
58.00,-7.00,1034.74
63.00,-7.00,1034.71
68.00,-7.00,1034.71
73.00,-7.00,1034.74
78.00,-7.00,1034.95
83.00,-7.00,1035.01
88.00,-7.00,1034.94
93.00,-7.00,1035.01
98.00,-7.00,1034.92
103.00,-7.00,1035.01
108.00,-7.00,1035.03
113.00,-7.00,1035.09
118.00,-7.00,1034.98
123.00,-7.00,1034.93
128.00,-7.00,1034.82
133.00,-7.00,1034.80
138.00,-7.00,1034.72
143.00,-7.00,1034.68
148.00,-7.00,1034.63
153.00,-7.00,1034.57
158.00,-7.00,1034.74
163.00,-7.00,1034.73
168.00,-7.00,1034.84
173.00,-7.00,1034.86
178.00,-7.00,1035.12
183.00,-7.00,1035.61
188.00,-7.00,1035.58
193.00,-7.00,1035.17
198.00,-7.00,1034.97
203.00,-7.00,1034.93
208.00,-7.00,1034.94
213.00,-7.00,1034.99
218.00,-7.00,1035.06
223.00,-7.00,1035.14
228.00,-7.00,1035.09
233.00,-7.00,1035.10
238.00,-7.00,1035.01
243.00,-7.00,1034.98
248.00,-7.00,1034.91
253.00,-7.00,1034.82
258.00,-7.00,1034.68
263.00,-7.00,1034.55
268.00,-7.00,1034.49
273.00,-7.00,1034.69
278.00,-7.00,1034.64
283.00,-7.00,1034.64
288.00,-7.00,1034.65
293.00,-7.00,1034.49
298.00,-7.00,1034.33
303.00,-7.00,1034.40
308.00,-7.00,1034.52
313.00,-7.00,1034.65
318.00,-7.00,1034.53
323.00,-7.00,1033.67
328.00,-7.00,1033.36
333.00,-7.00,1033.29
338.00,-7.00,1033.03
343.00,-7.00,1033.09
348.00,-7.00,1033.03
353.00,-7.00,1033.17
358.00,-7.00,1033.28
-242.00,-2.00,1036.51
-237.00,-2.00,1036.43
-232.00,-2.00,1036.47
-227.00,-2.00,1036.38
-222.00,-2.00,1036.39
-217.00,-2.00,1036.55
-212.00,-2.00,1036.84
-207.00,-2.00,1037.19
-202.00,-2.00,1037.34
-197.00,-2.00,1037.29
-192.00,-2.00,1037.29
-187.00,-2.00,1037.01
-182.00,-2.00,1036.64
-177.00,-2.00,1036.59
-172.00,-2.00,1036.59
-167.00,-2.00,1036.56
-162.00,-2.00,1036.54
-157.00,-2.00,1036.45
-152.00,-2.00,1036.31
-147.00,-2.00,1036.22
-142.00,-2.00,1036.23
-137.00,-2.00,1036.23
-132.00,-2.00,1036.28
-127.00,-2.00,1036.21
-122.00,-2.00,1036.11
-117.00,-2.00,1036.13
-112.00,-2.00,1036.40
-107.00,-2.00,1036.37
-102.00,-2.00,1036.11
-97.00,-2.00,1035.94
-92.00,-2.00,1035.76
-87.00,-2.00,1035.53
-82.00,-2.00,1035.51
-77.00,-2.00,1035.45
-72.00,-2.00,1035.53
-67.00,-2.00,1035.59
-62.00,-2.00,1035.69
-57.00,-2.00,1035.42
-52.00,-2.00,1035.28
-47.00,-2.00,1035.17
-42.00,-2.00,1035.32
-37.00,-2.00,1035.33
-32.00,-2.00,1035.23
-27.00,-2.00,1035.22
-22.00,-2.00,1035.20
-17.00,-2.00,1035.32
-12.00,-2.00,1035.27
-7.00,-2.00,1035.36
-2.00,-2.00,1035.29
3.00,-2.00,1035.05
8.00,-2.00,1034.88
13.00,-2.00,1034.73
18.00,-2.00,1034.57
23.00,-2.00,1034.51
28.00,-2.00,1034.47
33.00,-2.00,1034.53
38.00,-2.00,1034.67
43.00,-2.00,1034.85
48.00,-2.00,1034.58
53.00,-2.00,1034.70
58.00,-2.00,1034.74
63.00,-2.00,1034.70
68.00,-2.00,1034.68
73.00,-2.00,1034.92
78.00,-2.00,1034.99
83.00,-2.00,1034.93
88.00,-2.00,1034.89
93.00,-2.00,1034.95
98.00,-2.00,1034.92
103.00,-2.00,1034.97
108.00,-2.00,1035.09
113.00,-2.00,1035.11
118.00,-2.00,1035.11
123.00,-2.00,1035.01
128.00,-2.00,1034.86
133.00,-2.00,1034.83
138.00,-2.00,1034.79
143.00,-2.00,1034.66
148.00,-2.00,1034.60
153.00,-2.00,1034.54
158.00,-2.00,1034.55
163.00,-2.00,1034.74
168.00,-2.00,1034.95
173.00,-2.00,1035.22
178.00,-2.00,1035.50
183.00,-2.00,1035.34
188.00,-2.00,1035.02
193.00,-2.00,1034.87
198.00,-2.00,1034.87
203.00,-2.00,1034.89
208.00,-2.00,1034.88
213.00,-2.00,1034.96
218.00,-2.00,1035.06
223.00,-2.00,1035.07
228.00,-2.00,1035.08
233.00,-2.00,1035.11
238.00,-2.00,1035.04
243.00,-2.00,1034.98
248.00,-2.00,1034.94
253.00,-2.00,1034.83
258.00,-2.00,1034.70
263.00,-2.00,1034.62
268.00,-2.00,1034.57
273.00,-2.00,1034.77
278.00,-2.00,1034.74
283.00,-2.00,1034.69
288.00,-2.00,1034.76
293.00,-2.00,1034.77
298.00,-2.00,1034.79
303.00,-2.00,1034.71
308.00,-2.00,1034.78
313.00,-2.00,1034.83
318.00,-2.00,1034.70
323.00,-2.00,1033.89
328.00,-2.00,1033.50
333.00,-2.00,1033.28
338.00,-2.00,1033.03
343.00,-2.00,1033.14
348.00,-2.00,1033.32
353.00,-2.00,1033.45
358.00,-2.00,1033.41
-242.00,3.00,1036.45
-237.00,3.00,1036.40
-232.00,3.00,1036.43
-227.00,3.00,1036.38
-222.00,3.00,1036.39
-217.00,3.00,1036.43
-212.00,3.00,1036.89
-207.00,3.00,1037.24
-202.00,3.00,1037.37
-197.00,3.00,1037.28
-192.00,3.00,1037.21
-187.00,3.00,1037.20
-182.00,3.00,1036.80
-177.00,3.00,1036.54
-172.00,3.00,1036.35
-167.00,3.00,1036.31
-162.00,3.00,1036.25
-157.00,3.00,1036.17
-152.00,3.00,1036.21
-147.00,3.00,1036.20
-142.00,3.00,1036.24
-137.00,3.00,1036.22
-132.00,3.00,1036.20
-127.00,3.00,1036.08
-122.00,3.00,1036.15
-117.00,3.00,1035.95
-112.00,3.00,1036.03
-107.00,3.00,1036.40
-102.00,3.00,1036.33
-97.00,3.00,1036.00
-92.00,3.00,1035.78
-87.00,3.00,1035.49
-82.00,3.00,1035.58
-77.00,3.00,1035.49
-72.00,3.00,1035.52
-67.00,3.00,1035.63
-62.00,3.00,1035.71
-57.00,3.00,1035.39
-52.00,3.00,1035.25
-47.00,3.00,1035.19
-42.00,3.00,1035.35
-37.00,3.00,1035.39
-32.00,3.00,1035.31
-27.00,3.00,1035.23
-22.00,3.00,1035.33
-17.00,3.00,1035.39
-12.00,3.00,1035.42
-7.00,3.00,1035.30
-2.00,3.00,1035.13
3.00,3.00,1035.00
8.00,3.00,1034.83
13.00,3.00,1034.74
18.00,3.00,1034.70
23.00,3.00,1034.66
28.00,3.00,1034.70
33.00,3.00,1034.81
38.00,3.00,1034.84
43.00,3.00,1034.61
48.00,3.00,1034.68
53.00,3.00,1034.75
58.00,3.00,1034.70
63.00,3.00,1034.68
68.00,3.00,1034.81
73.00,3.00,1034.96
78.00,3.00,1034.85
83.00,3.00,1034.86
88.00,3.00,1034.90
93.00,3.00,1034.98
98.00,3.00,1034.97
103.00,3.00,1034.95
108.00,3.00,1034.97
113.00,3.00,1035.12
118.00,3.00,1035.14
123.00,3.00,1035.11
128.00,3.00,1034.92
133.00,3.00,1034.85
138.00,3.00,1034.79
143.00,3.00,1034.72
148.00,3.00,1034.64
153.00,3.00,1034.54
158.00,3.00,1034.48
163.00,3.00,1034.53
168.00,3.00,1035.05
173.00,3.00,1035.34
178.00,3.00,1035.11
183.00,3.00,1034.85
188.00,3.00,1034.86
193.00,3.00,1034.89
198.00,3.00,1034.82
203.00,3.00,1034.84
208.00,3.00,1034.86
213.00,3.00,1034.98
218.00,3.00,1035.09
223.00,3.00,1035.11
228.00,3.00,1035.10
233.00,3.00,1035.03
238.00,3.00,1035.08
243.00,3.00,1035.05
248.00,3.00,1034.97
253.00,3.00,1034.87
258.00,3.00,1034.79
263.00,3.00,1034.71
268.00,3.00,1034.73
273.00,3.00,1034.77
278.00,3.00,1034.84
283.00,3.00,1034.83
288.00,3.00,1034.82
293.00,3.00,1034.90
298.00,3.00,1034.84
303.00,3.00,1034.88
308.00,3.00,1034.98
313.00,3.00,1035.02
318.00,3.00,1035.04
323.00,3.00,1034.58
328.00,3.00,1033.86
333.00,3.00,1033.20
338.00,3.00,1033.05
343.00,3.00,1033.19
348.00,3.00,1033.33
353.00,3.00,1033.46
358.00,3.00,1033.44
-242.00,8.00,1036.40
-237.00,8.00,1036.38
-232.00,8.00,1036.36
-227.00,8.00,1036.36
-222.00,8.00,1036.35
-217.00,8.00,1036.47
-212.00,8.00,1036.92
-207.00,8.00,1037.25
-202.00,8.00,1037.37
-197.00,8.00,1037.23
-192.00,8.00,1037.24
-187.00,8.00,1037.21
-182.00,8.00,1036.82
-177.00,8.00,1036.54
-172.00,8.00,1036.25
-167.00,8.00,1036.13
-162.00,8.00,1036.16
-157.00,8.00,1036.08
-152.00,8.00,1036.09
-147.00,8.00,1036.15
-142.00,8.00,1036.21
-137.00,8.00,1036.19
-132.00,8.00,1036.30
-127.00,8.00,1036.13
-122.00,8.00,1036.25
-117.00,8.00,1036.13
-112.00,8.00,1035.89
-107.00,8.00,1036.33
-102.00,8.00,1036.40
-97.00,8.00,1036.20
-92.00,8.00,1035.81
-87.00,8.00,1035.48
-82.00,8.00,1035.63
-77.00,8.00,1035.54
-72.00,8.00,1035.54
-67.00,8.00,1035.67
-62.00,8.00,1035.75
-57.00,8.00,1035.36
-52.00,8.00,1035.25
-47.00,8.00,1035.21
-42.00,8.00,1035.36
-37.00,8.00,1035.52
-32.00,8.00,1035.36
-27.00,8.00,1035.33
-22.00,8.00,1035.38
-17.00,8.00,1035.45
-12.00,8.00,1035.44
-7.00,8.00,1035.29
-2.00,8.00,1035.12
3.00,8.00,1034.98
8.00,8.00,1034.90
13.00,8.00,1034.89
18.00,8.00,1034.85
23.00,8.00,1034.86
28.00,8.00,1034.88
33.00,8.00,1034.73
38.00,8.00,1034.69
43.00,8.00,1034.68
48.00,8.00,1034.75
53.00,8.00,1034.74
58.00,8.00,1034.74
63.00,8.00,1034.82
68.00,8.00,1034.91
73.00,8.00,1034.89
78.00,8.00,1034.80
83.00,8.00,1034.84
88.00,8.00,1034.83
93.00,8.00,1034.92
98.00,8.00,1034.96
103.00,8.00,1034.96
108.00,8.00,1034.91
113.00,8.00,1035.02
118.00,8.00,1035.13
123.00,8.00,1035.14
128.00,8.00,1035.09
133.00,8.00,1034.86
138.00,8.00,1034.78
143.00,8.00,1034.73
148.00,8.00,1034.61
153.00,8.00,1034.56
158.00,8.00,1034.58
163.00,8.00,1034.54
168.00,8.00,1034.67
173.00,8.00,1034.89
178.00,8.00,1034.84
183.00,8.00,1034.78
188.00,8.00,1034.79
193.00,8.00,1034.79
198.00,8.00,1034.80
203.00,8.00,1034.82
208.00,8.00,1034.92
213.00,8.00,1035.04
218.00,8.00,1035.10
223.00,8.00,1035.10
228.00,8.00,1035.11
233.00,8.00,1035.09
238.00,8.00,1035.08
243.00,8.00,1035.05
248.00,8.00,1035.03
253.00,8.00,1034.99
258.00,8.00,1034.97
263.00,8.00,1034.89
268.00,8.00,1034.87
273.00,8.00,1034.89
278.00,8.00,1034.99
283.00,8.00,1035.04
288.00,8.00,1035.00
293.00,8.00,1035.03
298.00,8.00,1035.09
303.00,8.00,1035.04
308.00,8.00,1035.12
313.00,8.00,1035.32
318.00,8.00,1035.32
323.00,8.00,1035.08
328.00,8.00,1034.35
333.00,8.00,1033.58
338.00,8.00,1033.18
343.00,8.00,1033.13
348.00,8.00,1033.31
353.00,8.00,1033.39
358.00,8.00,1033.36
-242.00,13.00,1036.42
-237.00,13.00,1036.38
-232.00,13.00,1036.38
-227.00,13.00,1036.36
-222.00,13.00,1036.37
-217.00,13.00,1036.51
-212.00,13.00,1036.97
-207.00,13.00,1037.20
-202.00,13.00,1037.26
-197.00,13.00,1037.31
-192.00,13.00,1037.28
-187.00,13.00,1037.25
-182.00,13.00,1036.88
-177.00,13.00,1036.51
-172.00,13.00,1036.26
-167.00,13.00,1035.96
-162.00,13.00,1036.30
-157.00,13.00,1036.31
-152.00,13.00,1036.32
-147.00,13.00,1036.33
-142.00,13.00,1036.31
-137.00,13.00,1036.32
-132.00,13.00,1036.30
-127.00,13.00,1036.34
-122.00,13.00,1036.32
-117.00,13.00,1036.16
-112.00,13.00,1036.02
-107.00,13.00,1036.30
-102.00,13.00,1036.30
-97.00,13.00,1036.24
-92.00,13.00,1035.82
-87.00,13.00,1035.46
-82.00,13.00,1035.63
-77.00,13.00,1035.54
-72.00,13.00,1035.50
-67.00,13.00,1035.67
-62.00,13.00,1035.74
-57.00,13.00,1035.32
-52.00,13.00,1035.25
-47.00,13.00,1035.24
-42.00,13.00,1035.37
-37.00,13.00,1035.58
-32.00,13.00,1035.40
-27.00,13.00,1035.39
-22.00,13.00,1035.42
-17.00,13.00,1035.50
-12.00,13.00,1035.43
-7.00,13.00,1035.22
-2.00,13.00,1035.13
3.00,13.00,1035.04
8.00,13.00,1035.04
13.00,13.00,1035.01
18.00,13.00,1034.97
23.00,13.00,1034.90
28.00,13.00,1034.77
33.00,13.00,1034.72
38.00,13.00,1034.76
43.00,13.00,1034.77
48.00,13.00,1034.73
53.00,13.00,1034.75
58.00,13.00,1034.84
63.00,13.00,1034.95
68.00,13.00,1035.30
73.00,13.00,1035.12
78.00,13.00,1034.86
83.00,13.00,1034.83
88.00,13.00,1034.83
93.00,13.00,1034.88
98.00,13.00,1034.92
103.00,13.00,1034.98
108.00,13.00,1034.99
113.00,13.00,1035.00
118.00,13.00,1035.10
123.00,13.00,1035.13
128.00,13.00,1035.15
133.00,13.00,1035.07
138.00,13.00,1034.83
143.00,13.00,1034.71
148.00,13.00,1034.70
153.00,13.00,1034.68
158.00,13.00,1034.62
163.00,13.00,1034.56
168.00,13.00,1034.54
173.00,13.00,1034.76
178.00,13.00,1034.83
183.00,13.00,1034.84
188.00,13.00,1034.77
193.00,13.00,1034.77
198.00,13.00,1034.78
203.00,13.00,1034.88
208.00,13.00,1034.98
213.00,13.00,1035.08
218.00,13.00,1035.09
223.00,13.00,1035.07
228.00,13.00,1035.11
233.00,13.00,1035.11
238.00,13.00,1035.13
243.00,13.00,1035.13
248.00,13.00,1035.15
253.00,13.00,1035.10
258.00,13.00,1035.05
263.00,13.00,1035.05
268.00,13.00,1035.02
273.00,13.00,1035.06
278.00,13.00,1035.04
283.00,13.00,1035.05
288.00,13.00,1035.18
293.00,13.00,1035.25
298.00,13.00,1035.35
303.00,13.00,1035.35
308.00,13.00,1035.38
313.00,13.00,1035.39
318.00,13.00,1035.56
323.00,13.00,1035.38
328.00,13.00,1034.80
333.00,13.00,1034.04
338.00,13.00,1033.34
343.00,13.00,1033.23
348.00,13.00,1033.23
353.00,13.00,1033.32
358.00,13.00,1033.31
-242.00,18.00,1036.43
-237.00,18.00,1036.40
-232.00,18.00,1036.40
-227.00,18.00,1036.34
-222.00,18.00,1036.36
-217.00,18.00,1036.71
-212.00,18.00,1037.04
-207.00,18.00,1037.21
-202.00,18.00,1037.42
-197.00,18.00,1037.45
-192.00,18.00,1037.43
-187.00,18.00,1037.32
-182.00,18.00,1037.08
-177.00,18.00,1036.77
-172.00,18.00,1036.38
-167.00,18.00,1035.91
-162.00,18.00,1036.34
-157.00,18.00,1036.34
-152.00,18.00,1036.39
-147.00,18.00,1036.40
-142.00,18.00,1036.41
-137.00,18.00,1036.41
-132.00,18.00,1036.37
-127.00,18.00,1036.32
-122.00,18.00,1036.24
-117.00,18.00,1036.12
-112.00,18.00,1036.24
-107.00,18.00,1036.31
-102.00,18.00,1036.31
-97.00,18.00,1036.28
-92.00,18.00,1035.82
-87.00,18.00,1035.47
-82.00,18.00,1035.67
-77.00,18.00,1035.46
-72.00,18.00,1035.49
-67.00,18.00,1035.66
-62.00,18.00,1035.72
-57.00,18.00,1035.29
-52.00,18.00,1035.27
-47.00,18.00,1035.28
-42.00,18.00,1035.36
-37.00,18.00,1035.53
-32.00,18.00,1035.46
-27.00,18.00,1035.45
-22.00,18.00,1035.62
-17.00,18.00,1035.52
-12.00,18.00,1035.34
-7.00,18.00,1035.24
-2.00,18.00,1035.13
3.00,18.00,1035.13
8.00,18.00,1035.13
13.00,18.00,1035.10
18.00,18.00,1034.96
23.00,18.00,1034.77
28.00,18.00,1034.76
33.00,18.00,1034.79
38.00,18.00,1034.76
43.00,18.00,1034.71
48.00,18.00,1034.73
53.00,18.00,1034.90
58.00,18.00,1035.10
63.00,18.00,1035.37
68.00,18.00,1035.42
73.00,18.00,1035.35
78.00,18.00,1035.01
83.00,18.00,1034.83
88.00,18.00,1034.83
93.00,18.00,1034.87
98.00,18.00,1034.95
103.00,18.00,1035.01
108.00,18.00,1035.10
113.00,18.00,1035.09
118.00,18.00,1035.07
123.00,18.00,1035.08
128.00,18.00,1035.06
133.00,18.00,1034.88
138.00,18.00,1034.85
143.00,18.00,1034.83
148.00,18.00,1034.79
153.00,18.00,1034.69
158.00,18.00,1034.64
163.00,18.00,1034.60
168.00,18.00,1034.60
173.00,18.00,1034.66
178.00,18.00,1034.85
183.00,18.00,1034.79
188.00,18.00,1034.77
193.00,18.00,1034.78
198.00,18.00,1034.87
203.00,18.00,1034.93
208.00,18.00,1035.02
213.00,18.00,1035.06
218.00,18.00,1035.07
223.00,18.00,1035.10
228.00,18.00,1035.14
233.00,18.00,1035.20
238.00,18.00,1035.23
243.00,18.00,1035.27
248.00,18.00,1035.28
253.00,18.00,1035.18
258.00,18.00,1035.14
263.00,18.00,1035.16
268.00,18.00,1035.12
273.00,18.00,1035.15
278.00,18.00,1035.20
283.00,18.00,1035.19
288.00,18.00,1035.33
293.00,18.00,1035.42
298.00,18.00,1035.61
303.00,18.00,1035.54
308.00,18.00,1035.49
313.00,18.00,1035.50
318.00,18.00,1035.65
323.00,18.00,1035.60
328.00,18.00,1035.16
333.00,18.00,1034.37
338.00,18.00,1033.59
343.00,18.00,1033.28
348.00,18.00,1033.33
353.00,18.00,1033.33
358.00,18.00,1033.24
-242.00,23.00,1036.43
-237.00,23.00,1036.40
-232.00,23.00,1036.41
-227.00,23.00,1036.35
-222.00,23.00,1036.41
-217.00,23.00,1036.81
-212.00,23.00,1037.07
-207.00,23.00,1037.36
-202.00,23.00,1037.60
-197.00,23.00,1037.56
-192.00,23.00,1037.48
-187.00,23.00,1037.35
-182.00,23.00,1037.12
-177.00,23.00,1036.90
-172.00,23.00,1036.41
-167.00,23.00,1036.01
-162.00,23.00,1036.32
-157.00,23.00,1036.30
-152.00,23.00,1036.34
-147.00,23.00,1036.38
-142.00,23.00,1036.43
-137.00,23.00,1036.42
-132.00,23.00,1036.38
-127.00,23.00,1036.32
-122.00,23.00,1036.27
-117.00,23.00,1036.26
-112.00,23.00,1036.27
-107.00,23.00,1036.32
-102.00,23.00,1036.39
-97.00,23.00,1036.38
-92.00,23.00,1035.87
-87.00,23.00,1035.65
-82.00,23.00,1035.67
-77.00,23.00,1035.49
-72.00,23.00,1035.52
-67.00,23.00,1035.66
-62.00,23.00,1035.74
-57.00,23.00,1035.26
-52.00,23.00,1035.31
-47.00,23.00,1035.32
-42.00,23.00,1035.36
-37.00,23.00,1035.50
-32.00,23.00,1035.54
-27.00,23.00,1035.52
-22.00,23.00,1035.57
-17.00,23.00,1035.44
-12.00,23.00,1035.34
-7.00,23.00,1035.23
-2.00,23.00,1035.25
3.00,23.00,1035.17
8.00,23.00,1035.14
13.00,23.00,1035.01
18.00,23.00,1034.86
23.00,23.00,1034.83
28.00,23.00,1034.83
33.00,23.00,1034.79
38.00,23.00,1034.79
43.00,23.00,1034.83
48.00,23.00,1034.89
53.00,23.00,1035.22
58.00,23.00,1035.39
63.00,23.00,1035.48
68.00,23.00,1035.52
73.00,23.00,1035.47
78.00,23.00,1035.24
83.00,23.00,1034.90
88.00,23.00,1034.82
93.00,23.00,1034.98
98.00,23.00,1035.05
103.00,23.00,1035.02
108.00,23.00,1035.00
113.00,23.00,1035.05
118.00,23.00,1035.00
123.00,23.00,1034.96
128.00,23.00,1034.81
133.00,23.00,1034.83
138.00,23.00,1034.82
143.00,23.00,1034.81
148.00,23.00,1034.79
153.00,23.00,1034.73
158.00,23.00,1034.71
163.00,23.00,1034.65
168.00,23.00,1034.62
173.00,23.00,1034.62
178.00,23.00,1034.85
183.00,23.00,1034.81
188.00,23.00,1034.82
193.00,23.00,1034.83
198.00,23.00,1034.91
203.00,23.00,1034.91
208.00,23.00,1035.00
213.00,23.00,1035.08
218.00,23.00,1035.12
223.00,23.00,1035.15
228.00,23.00,1035.15
233.00,23.00,1035.21
238.00,23.00,1035.26
243.00,23.00,1035.31
248.00,23.00,1035.31
253.00,23.00,1035.34
258.00,23.00,1035.25
263.00,23.00,1035.29
268.00,23.00,1035.26
273.00,23.00,1035.19
278.00,23.00,1035.25
283.00,23.00,1035.29
288.00,23.00,1035.40
293.00,23.00,1035.55
298.00,23.00,1035.65
303.00,23.00,1035.62
308.00,23.00,1035.60
313.00,23.00,1035.57
318.00,23.00,1035.57
323.00,23.00,1035.64
328.00,23.00,1035.31
333.00,23.00,1034.54
338.00,23.00,1033.59
343.00,23.00,1033.39
348.00,23.00,1033.39
353.00,23.00,1033.36
358.00,23.00,1033.26
-242.00,28.00,1036.39
-237.00,28.00,1036.40
-232.00,28.00,1036.40
-227.00,28.00,1036.35
-222.00,28.00,1036.49
-217.00,28.00,1036.84
-212.00,28.00,1037.14
-207.00,28.00,1037.46
-202.00,28.00,1037.64
-197.00,28.00,1037.54
-192.00,28.00,1037.45
-187.00,28.00,1037.38
-182.00,28.00,1037.18
-177.00,28.00,1036.93
-172.00,28.00,1036.54
-167.00,28.00,1036.09
-162.00,28.00,1036.15
-157.00,28.00,1036.33
-152.00,28.00,1036.40
-147.00,28.00,1036.43
-142.00,28.00,1036.44
-137.00,28.00,1036.44
-132.00,28.00,1036.42
-127.00,28.00,1036.39
-122.00,28.00,1036.37
-117.00,28.00,1036.35
-112.00,28.00,1036.34
-107.00,28.00,1036.36
-102.00,28.00,1036.42
-97.00,28.00,1036.48
-92.00,28.00,1035.97
-87.00,28.00,1035.63
-82.00,28.00,1035.66
-77.00,28.00,1035.52
-72.00,28.00,1035.60
-67.00,28.00,1035.69
-62.00,28.00,1035.74
-57.00,28.00,1035.31
-52.00,28.00,1035.35
-47.00,28.00,1035.36
-42.00,28.00,1035.38
-37.00,28.00,1035.58
-32.00,28.00,1035.62
-27.00,28.00,1035.59
-22.00,28.00,1035.50
-17.00,28.00,1035.42
-12.00,28.00,1035.33
-7.00,28.00,1035.30
-2.00,28.00,1035.32
3.00,28.00,1035.17
8.00,28.00,1035.01
13.00,28.00,1034.96
18.00,28.00,1034.93
23.00,28.00,1034.84
28.00,28.00,1034.75
33.00,28.00,1034.87
38.00,28.00,1034.90
43.00,28.00,1034.94
48.00,28.00,1035.28
53.00,28.00,1035.37
58.00,28.00,1035.46
63.00,28.00,1035.56
68.00,28.00,1035.59
73.00,28.00,1035.58
78.00,28.00,1035.39
83.00,28.00,1034.97
88.00,28.00,1034.89
93.00,28.00,1034.90
98.00,28.00,1034.92
103.00,28.00,1035.00
108.00,28.00,1035.04
113.00,28.00,1035.05
118.00,28.00,1035.03
123.00,28.00,1035.02
128.00,28.00,1034.96
133.00,28.00,1034.87
138.00,28.00,1034.70
143.00,28.00,1034.69
148.00,28.00,1034.69
153.00,28.00,1034.70
158.00,28.00,1034.73
163.00,28.00,1034.73
168.00,28.00,1034.75
173.00,28.00,1034.78
178.00,28.00,1034.82
183.00,28.00,1034.87
188.00,28.00,1034.84
193.00,28.00,1034.88
198.00,28.00,1034.88
203.00,28.00,1034.96
208.00,28.00,1035.01
213.00,28.00,1035.08
218.00,28.00,1035.11
223.00,28.00,1035.18
228.00,28.00,1035.23
233.00,28.00,1035.25
238.00,28.00,1035.32
243.00,28.00,1035.38
248.00,28.00,1035.39
253.00,28.00,1035.42
258.00,28.00,1035.41
263.00,28.00,1035.35
268.00,28.00,1035.37
273.00,28.00,1035.30
278.00,28.00,1035.33
283.00,28.00,1035.38
288.00,28.00,1035.47
293.00,28.00,1035.48
298.00,28.00,1035.64
303.00,28.00,1035.58
308.00,28.00,1035.54
313.00,28.00,1035.46
318.00,28.00,1035.55
323.00,28.00,1035.53
328.00,28.00,1035.24
333.00,28.00,1034.62
338.00,28.00,1033.74
343.00,28.00,1033.44
348.00,28.00,1033.29
353.00,28.00,1033.33
358.00,28.00,1033.32
-242.00,33.00,1036.39
-237.00,33.00,1036.39
-232.00,33.00,1036.38
-227.00,33.00,1036.40
-222.00,33.00,1036.44
-217.00,33.00,1036.75
-212.00,33.00,1037.22
-207.00,33.00,1037.49
-202.00,33.00,1037.57
-197.00,33.00,1037.52
-192.00,33.00,1037.48
-187.00,33.00,1037.38
-182.00,33.00,1037.27
-177.00,33.00,1037.18
-172.00,33.00,1036.83
-167.00,33.00,1036.19
-162.00,33.00,1035.92
-157.00,33.00,1036.21
-152.00,33.00,1036.36
-147.00,33.00,1036.45
-142.00,33.00,1036.46
-137.00,33.00,1036.46
-132.00,33.00,1036.44
-127.00,33.00,1036.43
-122.00,33.00,1036.43
-117.00,33.00,1036.43
-112.00,33.00,1036.44
-107.00,33.00,1036.37
-102.00,33.00,1036.42
-97.00,33.00,1036.47
-92.00,33.00,1036.14
-87.00,33.00,1035.74
-82.00,33.00,1035.74
-77.00,33.00,1035.57
-72.00,33.00,1035.61
-67.00,33.00,1035.75
-62.00,33.00,1035.64
-57.00,33.00,1035.34
-52.00,33.00,1035.40
-47.00,33.00,1035.40
-42.00,33.00,1035.43
-37.00,33.00,1035.61
-32.00,33.00,1035.64
-27.00,33.00,1035.53
-22.00,33.00,1035.42
-17.00,33.00,1035.34
-12.00,33.00,1035.33
-7.00,33.00,1035.25
-2.00,33.00,1035.17
3.00,33.00,1035.03
8.00,33.00,1035.01
13.00,33.00,1034.99
18.00,33.00,1034.86
23.00,33.00,1034.82
28.00,33.00,1034.95
33.00,33.00,1034.99
38.00,33.00,1034.85
43.00,33.00,1035.19
48.00,33.00,1035.28
53.00,33.00,1035.42
58.00,33.00,1035.53
63.00,33.00,1035.60
68.00,33.00,1035.61
73.00,33.00,1035.61
78.00,33.00,1035.51
83.00,33.00,1035.10
88.00,33.00,1034.93
93.00,33.00,1034.94
98.00,33.00,1034.98
103.00,33.00,1035.02
108.00,33.00,1035.09
113.00,33.00,1035.11
118.00,33.00,1035.13
123.00,33.00,1035.11
128.00,33.00,1035.08
133.00,33.00,1035.04
138.00,33.00,1034.96
143.00,33.00,1034.92
148.00,33.00,1034.79
153.00,33.00,1034.72
158.00,33.00,1034.77
163.00,33.00,1034.82
168.00,33.00,1034.82
173.00,33.00,1034.87
178.00,33.00,1034.91
183.00,33.00,1034.87
188.00,33.00,1034.84
193.00,33.00,1034.94
198.00,33.00,1034.95
203.00,33.00,1035.00
208.00,33.00,1035.05
213.00,33.00,1035.12
218.00,33.00,1035.17
223.00,33.00,1035.23
228.00,33.00,1035.26
233.00,33.00,1035.29
238.00,33.00,1035.32
243.00,33.00,1035.44
248.00,33.00,1035.47
253.00,33.00,1035.49
258.00,33.00,1035.46
263.00,33.00,1035.44
268.00,33.00,1035.41
273.00,33.00,1035.41
278.00,33.00,1035.41
283.00,33.00,1035.50
288.00,33.00,1035.48
293.00,33.00,1035.51
298.00,33.00,1035.49
303.00,33.00,1035.49
308.00,33.00,1035.55
313.00,33.00,1035.61
318.00,33.00,1035.52
323.00,33.00,1035.46
328.00,33.00,1035.10
333.00,33.00,1034.46
338.00,33.00,1033.82
343.00,33.00,1033.56
348.00,33.00,1033.49
353.00,33.00,1033.43
358.00,33.00,1033.38
-242.00,38.00,1036.36
-237.00,38.00,1036.37
-232.00,38.00,1036.36
-227.00,38.00,1036.37
-222.00,38.00,1036.43
-217.00,38.00,1036.97
-212.00,38.00,1037.29
-207.00,38.00,1037.52
-202.00,38.00,1037.59
-197.00,38.00,1037.50
-192.00,38.00,1037.44
-187.00,38.00,1037.41
-182.00,38.00,1037.41
-177.00,38.00,1037.38
-172.00,38.00,1037.02
-167.00,38.00,1036.57
-162.00,38.00,1035.97
-157.00,38.00,1036.03
-152.00,38.00,1036.23
-147.00,38.00,1036.28
-142.00,38.00,1036.31
-137.00,38.00,1036.33
-132.00,38.00,1036.33
-127.00,38.00,1036.34
-122.00,38.00,1036.33
-117.00,38.00,1036.33
-112.00,38.00,1036.37
-107.00,38.00,1036.39
-102.00,38.00,1036.39
-97.00,38.00,1036.47
-92.00,38.00,1036.20
-87.00,38.00,1035.77
-82.00,38.00,1035.75
-77.00,38.00,1035.57
-72.00,38.00,1035.66
-67.00,38.00,1035.80
-62.00,38.00,1035.58
-57.00,38.00,1035.36
-52.00,38.00,1035.55
-47.00,38.00,1035.43
-42.00,38.00,1035.46
-37.00,38.00,1035.69
-32.00,38.00,1035.65
-27.00,38.00,1035.54
-22.00,38.00,1035.31
-17.00,38.00,1035.35
-12.00,38.00,1035.35
-7.00,38.00,1035.24
-2.00,38.00,1035.12
3.00,38.00,1035.08
8.00,38.00,1035.03
13.00,38.00,1034.91
18.00,38.00,1034.95
23.00,38.00,1035.01
28.00,38.00,1034.98
33.00,38.00,1034.90
38.00,38.00,1034.89
43.00,38.00,1035.06
48.00,38.00,1035.32
53.00,38.00,1035.44
58.00,38.00,1035.57
63.00,38.00,1035.60
68.00,38.00,1035.68
73.00,38.00,1035.63
78.00,38.00,1035.59
83.00,38.00,1035.24
88.00,38.00,1034.98
93.00,38.00,1034.96
98.00,38.00,1035.04
103.00,38.00,1035.07
108.00,38.00,1035.16
113.00,38.00,1035.17
118.00,38.00,1035.12
123.00,38.00,1035.05
128.00,38.00,1035.00
133.00,38.00,1034.92
138.00,38.00,1034.88
143.00,38.00,1034.88
148.00,38.00,1034.85
153.00,38.00,1034.85
158.00,38.00,1034.77
163.00,38.00,1034.68
168.00,38.00,1034.71
173.00,38.00,1034.85
178.00,38.00,1034.91
183.00,38.00,1034.85
188.00,38.00,1034.80
193.00,38.00,1034.91
198.00,38.00,1034.99
203.00,38.00,1035.05
208.00,38.00,1035.15
213.00,38.00,1035.17
218.00,38.00,1035.23
223.00,38.00,1035.27
228.00,38.00,1035.29
233.00,38.00,1035.29
238.00,38.00,1035.36
243.00,38.00,1035.47
248.00,38.00,1035.55
253.00,38.00,1035.53
258.00,38.00,1035.53
263.00,38.00,1035.52
268.00,38.00,1035.54
273.00,38.00,1035.50
278.00,38.00,1035.39
283.00,38.00,1035.36
288.00,38.00,1035.40
293.00,38.00,1035.40
298.00,38.00,1035.49
303.00,38.00,1035.52
308.00,38.00,1035.52
313.00,38.00,1035.53
318.00,38.00,1035.43
323.00,38.00,1035.26
328.00,38.00,1034.75
333.00,38.00,1034.10
338.00,38.00,1033.60
343.00,38.00,1033.53
348.00,38.00,1033.48
353.00,38.00,1033.40
358.00,38.00,1033.42
-242.00,43.00,1036.35
-237.00,43.00,1036.30
-232.00,43.00,1036.33
-227.00,43.00,1036.34
-222.00,43.00,1036.46
-217.00,43.00,1037.12
-212.00,43.00,1037.36
-207.00,43.00,1037.48
-202.00,43.00,1037.53
-197.00,43.00,1037.49
-192.00,43.00,1037.47
-187.00,43.00,1037.48
-182.00,43.00,1037.50
-177.00,43.00,1037.38
-172.00,43.00,1037.04
-167.00,43.00,1036.65
-162.00,43.00,1036.02
-157.00,43.00,1035.92
-152.00,43.00,1036.13
-147.00,43.00,1036.09
-142.00,43.00,1036.09
-137.00,43.00,1036.05
-132.00,43.00,1036.09
-127.00,43.00,1036.12
-122.00,43.00,1036.13
-117.00,43.00,1036.15
-112.00,43.00,1036.20
-107.00,43.00,1036.32
-102.00,43.00,1036.38
-97.00,43.00,1036.46
-92.00,43.00,1036.13
-87.00,43.00,1035.80
-82.00,43.00,1035.74
-77.00,43.00,1035.56
-72.00,43.00,1035.76
-67.00,43.00,1035.84
-62.00,43.00,1035.48
-57.00,43.00,1035.40
-52.00,43.00,1035.47
-47.00,43.00,1035.44
-42.00,43.00,1035.47
-37.00,43.00,1035.74
-32.00,43.00,1035.67
-27.00,43.00,1035.45
-22.00,43.00,1035.09
-17.00,43.00,1035.32
-12.00,43.00,1035.24
-7.00,43.00,1035.18
-2.00,43.00,1035.15
3.00,43.00,1035.06
8.00,43.00,1035.03
13.00,43.00,1035.12
18.00,43.00,1035.07
23.00,43.00,1034.97
28.00,43.00,1034.92
33.00,43.00,1034.93
38.00,43.00,1034.87
43.00,43.00,1034.93
48.00,43.00,1035.19
53.00,43.00,1035.40
58.00,43.00,1035.58
63.00,43.00,1035.65
68.00,43.00,1035.70
73.00,43.00,1035.65
78.00,43.00,1035.59
83.00,43.00,1035.37
88.00,43.00,1035.07
93.00,43.00,1035.05
98.00,43.00,1035.08
103.00,43.00,1035.17
108.00,43.00,1035.18
113.00,43.00,1035.15
118.00,43.00,1035.16
123.00,43.00,1035.11
128.00,43.00,1034.99
133.00,43.00,1034.93
138.00,43.00,1034.91
143.00,43.00,1034.85
148.00,43.00,1034.85
153.00,43.00,1034.85
158.00,43.00,1034.83
163.00,43.00,1034.80
168.00,43.00,1034.77
173.00,43.00,1034.72
178.00,43.00,1034.84
183.00,43.00,1034.85
188.00,43.00,1034.79
193.00,43.00,1034.88
198.00,43.00,1034.96
203.00,43.00,1035.13
208.00,43.00,1035.23
213.00,43.00,1035.28
218.00,43.00,1035.23
223.00,43.00,1035.29
228.00,43.00,1035.30
233.00,43.00,1035.34
238.00,43.00,1035.39
243.00,43.00,1035.47
248.00,43.00,1035.54
253.00,43.00,1035.54
258.00,43.00,1035.52
263.00,43.00,1035.50
268.00,43.00,1035.50
273.00,43.00,1035.50
278.00,43.00,1035.50
283.00,43.00,1035.45
288.00,43.00,1035.40
293.00,43.00,1035.42
298.00,43.00,1035.51
303.00,43.00,1035.54
308.00,43.00,1035.51
313.00,43.00,1035.44
318.00,43.00,1035.28
323.00,43.00,1035.04
328.00,43.00,1034.34
333.00,43.00,1033.54
338.00,43.00,1033.60
343.00,43.00,1033.57
348.00,43.00,1033.49
353.00,43.00,1033.39
358.00,43.00,1033.35
-242.00,48.00,1036.32
-237.00,48.00,1036.34
-232.00,48.00,1036.32
-227.00,48.00,1036.32
-222.00,48.00,1036.56
-217.00,48.00,1037.05
-212.00,48.00,1037.27
-207.00,48.00,1037.39
-202.00,48.00,1037.48
-197.00,48.00,1037.48
-192.00,48.00,1037.48
-187.00,48.00,1037.54
-182.00,48.00,1037.57
-177.00,48.00,1037.31
-172.00,48.00,1037.05
-167.00,48.00,1036.67
-162.00,48.00,1035.99
-157.00,48.00,1035.93
-152.00,48.00,1035.97
-147.00,48.00,1036.13
-142.00,48.00,1036.18
-137.00,48.00,1036.14
-132.00,48.00,1036.08
-127.00,48.00,1036.08
-122.00,48.00,1036.13
-117.00,48.00,1036.06
-112.00,48.00,1036.09
-107.00,48.00,1036.23
-102.00,48.00,1036.37
-97.00,48.00,1036.44
-92.00,48.00,1036.04
-87.00,48.00,1035.80
-82.00,48.00,1035.65
-77.00,48.00,1035.62
-72.00,48.00,1035.69
-67.00,48.00,1035.88
-62.00,48.00,1035.48
-57.00,48.00,1035.46
-52.00,48.00,1035.47
-47.00,48.00,1035.47
-42.00,48.00,1035.53
-37.00,48.00,1035.76
-32.00,48.00,1035.70
-27.00,48.00,1035.56
-22.00,48.00,1035.28
-17.00,48.00,1035.28
-12.00,48.00,1035.22
-7.00,48.00,1035.20
-2.00,48.00,1035.14
3.00,48.00,1035.17
8.00,48.00,1035.21
13.00,48.00,1035.13
18.00,48.00,1035.01
23.00,48.00,1034.97
28.00,48.00,1034.91
33.00,48.00,1034.87
38.00,48.00,1034.83
43.00,48.00,1034.87
48.00,48.00,1035.06
53.00,48.00,1035.38
58.00,48.00,1035.56
63.00,48.00,1035.65
68.00,48.00,1035.74
73.00,48.00,1035.73
78.00,48.00,1035.65
83.00,48.00,1035.47
88.00,48.00,1035.17
93.00,48.00,1035.12
98.00,48.00,1035.13
103.00,48.00,1035.11
108.00,48.00,1035.17
113.00,48.00,1035.20
118.00,48.00,1035.22
123.00,48.00,1035.12
128.00,48.00,1035.03
133.00,48.00,1035.01
138.00,48.00,1034.95
143.00,48.00,1034.92
148.00,48.00,1034.91
153.00,48.00,1034.89
158.00,48.00,1034.90
163.00,48.00,1034.88
168.00,48.00,1034.91
173.00,48.00,1034.83
178.00,48.00,1034.78
183.00,48.00,1034.83
188.00,48.00,1034.86
193.00,48.00,1034.76
198.00,48.00,1034.82
203.00,48.00,1035.07
208.00,48.00,1035.17
213.00,48.00,1035.22
218.00,48.00,1035.28
223.00,48.00,1035.26
228.00,48.00,1035.30
233.00,48.00,1035.35
238.00,48.00,1035.40
243.00,48.00,1035.44
248.00,48.00,1035.51
253.00,48.00,1035.57
258.00,48.00,1035.60
263.00,48.00,1035.58
268.00,48.00,1035.58
273.00,48.00,1035.55
278.00,48.00,1035.47
283.00,48.00,1035.43
288.00,48.00,1035.41
293.00,48.00,1035.42
298.00,48.00,1035.46
303.00,48.00,1035.47
308.00,48.00,1035.42
313.00,48.00,1035.32
318.00,48.00,1035.17
323.00,48.00,1034.88
328.00,48.00,1034.23
333.00,48.00,1033.63
338.00,48.00,1033.54
343.00,48.00,1033.54
348.00,48.00,1033.44
353.00,48.00,1033.38
358.00,48.00,1032.99
-242.00,53.00,1036.26
-237.00,53.00,1036.34
-232.00,53.00,1036.49
-227.00,53.00,1036.28
-222.00,53.00,1036.60
-217.00,53.00,1036.98
-212.00,53.00,1037.23
-207.00,53.00,1037.39
-202.00,53.00,1037.44
-197.00,53.00,1037.44
-192.00,53.00,1037.42
-187.00,53.00,1037.50
-182.00,53.00,1037.48
-177.00,53.00,1037.27
-172.00,53.00,1036.95
-167.00,53.00,1036.56
-162.00,53.00,1035.99
-157.00,53.00,1036.17
-152.00,53.00,1036.11
-147.00,53.00,1036.28
-142.00,53.00,1036.34
-137.00,53.00,1036.37
-132.00,53.00,1036.34
-127.00,53.00,1036.32
-122.00,53.00,1036.34
-117.00,53.00,1036.31
-112.00,53.00,1036.32
-107.00,53.00,1036.33
-102.00,53.00,1036.39
-97.00,53.00,1036.45
-92.00,53.00,1036.08
-87.00,53.00,1035.93
-82.00,53.00,1035.76
-77.00,53.00,1035.66
-72.00,53.00,1035.74
-67.00,53.00,1035.92
-62.00,53.00,1035.49
-57.00,53.00,1035.57
-52.00,53.00,1035.50
-47.00,53.00,1035.51
-42.00,53.00,1035.61
-37.00,53.00,1035.75
-32.00,53.00,1035.68
-27.00,53.00,1035.54
-22.00,53.00,1035.41
-17.00,53.00,1035.33
-12.00,53.00,1035.27
-7.00,53.00,1035.26
-2.00,53.00,1035.29
3.00,53.00,1035.36
8.00,53.00,1035.14
13.00,53.00,1035.01
18.00,53.00,1034.94
23.00,53.00,1034.87
28.00,53.00,1034.81
33.00,53.00,1034.78
38.00,53.00,1034.79
43.00,53.00,1034.84
48.00,53.00,1034.98
53.00,53.00,1035.27
58.00,53.00,1035.57
63.00,53.00,1035.70
68.00,53.00,1035.76
73.00,53.00,1035.74
78.00,53.00,1035.69
83.00,53.00,1035.52
88.00,53.00,1035.18
93.00,53.00,1035.10
98.00,53.00,1035.16
103.00,53.00,1035.13
108.00,53.00,1035.16
113.00,53.00,1035.23
118.00,53.00,1035.24
123.00,53.00,1035.17
128.00,53.00,1035.05
133.00,53.00,1035.02
138.00,53.00,1034.99
143.00,53.00,1034.91
148.00,53.00,1034.92
153.00,53.00,1034.93
158.00,53.00,1034.94
163.00,53.00,1034.93
168.00,53.00,1034.87
173.00,53.00,1034.93
178.00,53.00,1034.78
183.00,53.00,1034.78
188.00,53.00,1034.81
193.00,53.00,1034.88
198.00,53.00,1034.82
203.00,53.00,1034.88
208.00,53.00,1035.35
213.00,53.00,1035.31
218.00,53.00,1035.39
223.00,53.00,1035.41
228.00,53.00,1035.49
233.00,53.00,1035.53
238.00,53.00,1035.50
243.00,53.00,1035.50
248.00,53.00,1035.51
253.00,53.00,1035.56
258.00,53.00,1035.62
263.00,53.00,1035.57
268.00,53.00,1035.57
273.00,53.00,1035.58
278.00,53.00,1035.52
283.00,53.00,1035.43
288.00,53.00,1035.36
293.00,53.00,1035.34
298.00,53.00,1035.42
303.00,53.00,1035.34
308.00,53.00,1035.26
313.00,53.00,1035.13
318.00,53.00,1035.04
323.00,53.00,1034.74
328.00,53.00,1034.28
333.00,53.00,1033.77
338.00,53.00,1033.58
343.00,53.00,1033.41
348.00,53.00,1033.14
353.00,53.00,1032.15
358.00,53.00,1031.83
-242.00,58.00,1036.25
-237.00,58.00,1036.25
-232.00,58.00,1036.28
-227.00,58.00,1036.29
-222.00,58.00,1036.59
-217.00,58.00,1036.91
-212.00,58.00,1037.17
-207.00,58.00,1037.34
-202.00,58.00,1037.44
-197.00,58.00,1037.50
-192.00,58.00,1037.47
-187.00,58.00,1037.53
-182.00,58.00,1037.41
-177.00,58.00,1037.21
-172.00,58.00,1036.85
-167.00,58.00,1036.31
-162.00,58.00,1036.08
-157.00,58.00,1036.46
-152.00,58.00,1036.38
-147.00,58.00,1036.42
-142.00,58.00,1036.44
-137.00,58.00,1036.45
-132.00,58.00,1036.44
-127.00,58.00,1036.43
-122.00,58.00,1036.43
-117.00,58.00,1036.42
-112.00,58.00,1036.43
-107.00,58.00,1036.40
-102.00,58.00,1036.43
-97.00,58.00,1036.50
-92.00,58.00,1036.08
-87.00,58.00,1035.88
-82.00,58.00,1035.72
-77.00,58.00,1035.67
-72.00,58.00,1035.71
-67.00,58.00,1035.95
-62.00,58.00,1035.58
-57.00,58.00,1035.62
-52.00,58.00,1035.56
-47.00,58.00,1035.59
-42.00,58.00,1035.72
-37.00,58.00,1035.69
-32.00,58.00,1035.63
-27.00,58.00,1035.52
-22.00,58.00,1035.47
-17.00,58.00,1035.38
-12.00,58.00,1035.36
-7.00,58.00,1035.45
-2.00,58.00,1035.40
3.00,58.00,1035.13
8.00,58.00,1034.95
13.00,58.00,1034.85
18.00,58.00,1034.78
23.00,58.00,1034.78
28.00,58.00,1034.73
33.00,58.00,1034.72
38.00,58.00,1034.75
43.00,58.00,1034.80
48.00,58.00,1034.93
53.00,58.00,1035.21
58.00,58.00,1035.53
63.00,58.00,1035.72
68.00,58.00,1035.78
73.00,58.00,1035.78
78.00,58.00,1035.73
83.00,58.00,1035.54
88.00,58.00,1035.15
93.00,58.00,1035.11
98.00,58.00,1035.23
103.00,58.00,1035.15
108.00,58.00,1035.20
113.00,58.00,1035.21
118.00,58.00,1035.26
123.00,58.00,1035.22
128.00,58.00,1035.12
133.00,58.00,1035.01
138.00,58.00,1035.00
143.00,58.00,1035.00
148.00,58.00,1034.97
153.00,58.00,1034.97
158.00,58.00,1034.95
163.00,58.00,1034.90
168.00,58.00,1034.92
173.00,58.00,1034.99
178.00,58.00,1034.85
183.00,58.00,1034.82
188.00,58.00,1034.89
193.00,58.00,1034.94
198.00,58.00,1034.81
203.00,58.00,1034.71
208.00,58.00,1035.22
213.00,58.00,1035.40
218.00,58.00,1035.55
223.00,58.00,1035.57
228.00,58.00,1035.56
233.00,58.00,1035.53
238.00,58.00,1035.50
243.00,58.00,1035.49
248.00,58.00,1035.55
253.00,58.00,1035.58
258.00,58.00,1035.55
263.00,58.00,1035.51
268.00,58.00,1035.48
273.00,58.00,1035.43
278.00,58.00,1035.45
283.00,58.00,1035.39
288.00,58.00,1035.28
293.00,58.00,1035.15
298.00,58.00,1035.17
303.00,58.00,1035.10
308.00,58.00,1034.96
313.00,58.00,1034.81
318.00,58.00,1034.64
323.00,58.00,1034.41
328.00,58.00,1034.18
333.00,58.00,1033.73
338.00,58.00,1032.82
343.00,58.00,1032.07
348.00,58.00,1031.87
353.00,58.00,1031.81
358.00,58.00,1031.66
-242.00,63.00,1036.27
-237.00,63.00,1036.22
-232.00,63.00,1036.18
-227.00,63.00,1036.36
-222.00,63.00,1036.64
-217.00,63.00,1036.91
-212.00,63.00,1037.16
-207.00,63.00,1037.34
-202.00,63.00,1037.46
-197.00,63.00,1037.44
-192.00,63.00,1037.50
-187.00,63.00,1037.57
-182.00,63.00,1037.37
-177.00,63.00,1037.05
-172.00,63.00,1036.77
-167.00,63.00,1036.11
-162.00,63.00,1036.39
-157.00,63.00,1036.44
-152.00,63.00,1036.49
-147.00,63.00,1036.53
-142.00,63.00,1036.56
-137.00,63.00,1036.57
-132.00,63.00,1036.56
-127.00,63.00,1036.56
-122.00,63.00,1036.54
-117.00,63.00,1036.53
-112.00,63.00,1036.50
-107.00,63.00,1036.49
-102.00,63.00,1036.51
-97.00,63.00,1036.53
-92.00,63.00,1036.10
-87.00,63.00,1035.94
-82.00,63.00,1035.70
-77.00,63.00,1035.73
-72.00,63.00,1035.83
-67.00,63.00,1035.93
-62.00,63.00,1035.68
-57.00,63.00,1035.66
-52.00,63.00,1035.61
-47.00,63.00,1035.66
-42.00,63.00,1035.73
-37.00,63.00,1035.68
-32.00,63.00,1035.62
-27.00,63.00,1035.58
-22.00,63.00,1035.52
-17.00,63.00,1035.54
-12.00,63.00,1035.56
-7.00,63.00,1035.54
-2.00,63.00,1035.25
3.00,63.00,1034.94
8.00,63.00,1034.78
13.00,63.00,1034.77
18.00,63.00,1034.77
23.00,63.00,1034.72
28.00,63.00,1034.69
33.00,63.00,1034.68
38.00,63.00,1034.74
43.00,63.00,1034.77
48.00,63.00,1034.89
53.00,63.00,1035.21
58.00,63.00,1035.50
63.00,63.00,1035.72
68.00,63.00,1035.79
73.00,63.00,1035.82
78.00,63.00,1035.76
83.00,63.00,1035.60
88.00,63.00,1035.21
93.00,63.00,1035.16
98.00,63.00,1035.22
103.00,63.00,1035.22
108.00,63.00,1035.25
113.00,63.00,1035.26
118.00,63.00,1035.30
123.00,63.00,1035.27
128.00,63.00,1035.18
133.00,63.00,1035.07
138.00,63.00,1035.03
143.00,63.00,1035.02
148.00,63.00,1035.03
153.00,63.00,1035.01
158.00,63.00,1034.96
163.00,63.00,1034.94
168.00,63.00,1034.93
173.00,63.00,1035.04
178.00,63.00,1034.92
183.00,63.00,1034.81
188.00,63.00,1034.89
193.00,63.00,1034.91
198.00,63.00,1034.81
203.00,63.00,1034.70
208.00,63.00,1034.84
213.00,63.00,1035.29
218.00,63.00,1035.49
223.00,63.00,1035.56
228.00,63.00,1035.56
233.00,63.00,1035.52
238.00,63.00,1035.44
243.00,63.00,1035.25
248.00,63.00,1035.31
253.00,63.00,1034.73
258.00,63.00,1035.09
263.00,63.00,1034.49
268.00,63.00,1034.51
273.00,63.00,1034.25
278.00,63.00,1034.48
283.00,63.00,1034.91
288.00,63.00,1034.83
293.00,63.00,1035.04
298.00,63.00,1035.00
303.00,63.00,1034.88
308.00,63.00,1034.69
313.00,63.00,1034.49
318.00,63.00,1034.21
323.00,63.00,1033.97
328.00,63.00,1033.38
333.00,63.00,1032.28
338.00,63.00,1031.83
343.00,63.00,1031.76
348.00,63.00,1031.65
353.00,63.00,1031.51
358.00,63.00,1031.36
-242.00,68.00,1036.26
-237.00,68.00,1036.25
-232.00,68.00,1036.24
-227.00,68.00,1036.49
-222.00,68.00,1036.71
-217.00,68.00,1036.93
-212.00,68.00,1037.22
-207.00,68.00,1037.33
-202.00,68.00,1037.32
-197.00,68.00,1037.34
-192.00,68.00,1037.37
-187.00,68.00,1037.36
-182.00,68.00,1037.15
-177.00,68.00,1036.86
-172.00,68.00,1036.58
-167.00,68.00,1036.00
-162.00,68.00,1036.45
-157.00,68.00,1036.42
-152.00,68.00,1036.46
-147.00,68.00,1036.50
-142.00,68.00,1036.50
-137.00,68.00,1036.47
-132.00,68.00,1036.48
-127.00,68.00,1036.47
-122.00,68.00,1036.44
-117.00,68.00,1036.43
-112.00,68.00,1036.44
-107.00,68.00,1036.45
-102.00,68.00,1036.51
-97.00,68.00,1036.48
-92.00,68.00,1036.13
-87.00,68.00,1035.96
-82.00,68.00,1035.74
-77.00,68.00,1035.79
-72.00,68.00,1035.86
-67.00,68.00,1035.94
-62.00,68.00,1035.69
-57.00,68.00,1035.78
-52.00,68.00,1035.69
-47.00,68.00,1035.76
-42.00,68.00,1035.78
-37.00,68.00,1035.72
-32.00,68.00,1035.68
-27.00,68.00,1035.64
-22.00,68.00,1035.80
-17.00,68.00,1035.72
-12.00,68.00,1035.57
-7.00,68.00,1035.42
-2.00,68.00,1035.14
3.00,68.00,1034.88
8.00,68.00,1034.88
13.00,68.00,1034.87
18.00,68.00,1034.76
23.00,68.00,1034.70
28.00,68.00,1034.65
33.00,68.00,1034.62
38.00,68.00,1034.65
43.00,68.00,1034.75
48.00,68.00,1034.88
53.00,68.00,1035.15
58.00,68.00,1035.45
63.00,68.00,1035.68
68.00,68.00,1035.73
73.00,68.00,1035.79
78.00,68.00,1035.74
83.00,68.00,1035.65
88.00,68.00,1035.40
93.00,68.00,1035.21
98.00,68.00,1035.26
103.00,68.00,1035.26
108.00,68.00,1035.26
113.00,68.00,1035.26
118.00,68.00,1035.29
123.00,68.00,1035.26
128.00,68.00,1035.23
133.00,68.00,1035.17
138.00,68.00,1035.07
143.00,68.00,1035.10
148.00,68.00,1035.01
153.00,68.00,1035.01
158.00,68.00,1034.95
163.00,68.00,1034.94
168.00,68.00,1034.97
173.00,68.00,1035.02
178.00,68.00,1034.98
183.00,68.00,1034.83
188.00,68.00,1034.90
193.00,68.00,1034.93
198.00,68.00,1034.86
203.00,68.00,1034.71
208.00,68.00,1034.76
213.00,68.00,1034.92
218.00,68.00,1035.26
223.00,68.00,1034.57
228.00,68.00,1034.37
233.00,68.00,1034.33
238.00,68.00,1034.24
243.00,68.00,1034.18
248.00,68.00,1034.11
253.00,68.00,1033.98
258.00,68.00,1033.91
263.00,68.00,1034.01
268.00,68.00,1033.89
273.00,68.00,1033.76
278.00,68.00,1033.54
283.00,68.00,1033.37
288.00,68.00,1033.24
293.00,68.00,1033.03
298.00,68.00,1032.44
303.00,68.00,1032.04
308.00,68.00,1031.88
313.00,68.00,1031.96
318.00,68.00,1031.98
323.00,68.00,1031.69
328.00,68.00,1031.54
333.00,68.00,1031.64
338.00,68.00,1031.57
343.00,68.00,1031.45
348.00,68.00,1031.30
353.00,68.00,1031.14
358.00,68.00,1030.93
-242.00,73.00,1036.25
-237.00,73.00,1036.21
-232.00,73.00,1036.30
-227.00,73.00,1036.60
-222.00,73.00,1036.76
-217.00,73.00,1036.99
-212.00,73.00,1037.18
-207.00,73.00,1037.15
-202.00,73.00,1036.98
-197.00,73.00,1037.04
-192.00,73.00,1037.03
-187.00,73.00,1037.02
-182.00,73.00,1036.85
-177.00,73.00,1036.55
-172.00,73.00,1036.45
-167.00,73.00,1036.06
-162.00,73.00,1036.39
-157.00,73.00,1036.39
-152.00,73.00,1036.44
-147.00,73.00,1036.47
-142.00,73.00,1036.46
-137.00,73.00,1036.44
-132.00,73.00,1036.41
-127.00,73.00,1036.38
-122.00,73.00,1036.37
-117.00,73.00,1036.34
-112.00,73.00,1036.33
-107.00,73.00,1036.43
-102.00,73.00,1036.51
-97.00,73.00,1036.42
-92.00,73.00,1036.18
-87.00,73.00,1035.98
-82.00,73.00,1035.76
-77.00,73.00,1035.85
-72.00,73.00,1035.95
-67.00,73.00,1035.92
-62.00,73.00,1035.83
-57.00,73.00,1035.90
-52.00,73.00,1035.76
-47.00,73.00,1035.87
-42.00,73.00,1035.84
-37.00,73.00,1035.79
-32.00,73.00,1035.74
-27.00,73.00,1035.93
-22.00,73.00,1035.82
-17.00,73.00,1035.67
-12.00,73.00,1035.50
-7.00,73.00,1035.43
-2.00,73.00,1035.19
3.00,73.00,1035.14
8.00,73.00,1035.12
13.00,73.00,1035.05
18.00,73.00,1034.99
23.00,73.00,1034.81
28.00,73.00,1034.74
33.00,73.00,1034.64
38.00,73.00,1034.62
43.00,73.00,1034.73
48.00,73.00,1034.90
53.00,73.00,1035.16
58.00,73.00,1035.46
63.00,73.00,1035.65
68.00,73.00,1035.72
73.00,73.00,1035.74
78.00,73.00,1035.72
83.00,73.00,1035.67
88.00,73.00,1035.54
93.00,73.00,1035.28
98.00,73.00,1035.20
103.00,73.00,1035.25
108.00,73.00,1035.25
113.00,73.00,1035.27
118.00,73.00,1035.30
123.00,73.00,1035.29
128.00,73.00,1035.26
133.00,73.00,1035.18
138.00,73.00,1035.11
143.00,73.00,1035.10
148.00,73.00,1035.07
153.00,73.00,1035.03
158.00,73.00,1035.02
163.00,73.00,1034.99
168.00,73.00,1035.01
173.00,73.00,1035.08
178.00,73.00,1035.00
183.00,73.00,1034.85
188.00,73.00,1034.88
193.00,73.00,1034.84
198.00,73.00,1034.48
203.00,73.00,1034.35
208.00,73.00,1033.97
213.00,73.00,1034.03
218.00,73.00,1034.20
223.00,73.00,1034.20
228.00,73.00,1034.19
233.00,73.00,1034.21
238.00,73.00,1034.23
243.00,73.00,1034.09
248.00,73.00,1034.01
253.00,73.00,1034.01
258.00,73.00,1033.89
263.00,73.00,1033.89
268.00,73.00,1033.86
273.00,73.00,1033.73
278.00,73.00,1033.52
283.00,73.00,1033.26
288.00,73.00,1033.05
293.00,73.00,1032.71
298.00,73.00,1032.25
303.00,73.00,1031.64
308.00,73.00,1031.52
313.00,73.00,1031.39
318.00,73.00,1031.24
323.00,73.00,1031.17
328.00,73.00,1031.23
333.00,73.00,1031.22
338.00,73.00,1031.12
343.00,73.00,1031.02
348.00,73.00,1030.89
353.00,73.00,1030.72
358.00,73.00,1030.58
-242.00,78.00,1036.21
-237.00,78.00,1036.21
-232.00,78.00,1036.51
-227.00,78.00,1036.68
-222.00,78.00,1036.86
-217.00,78.00,1037.01
-212.00,78.00,1036.96
-207.00,78.00,1036.86
-202.00,78.00,1036.74
-197.00,78.00,1036.63
-192.00,78.00,1036.55
-187.00,78.00,1036.53
-182.00,78.00,1036.49
-177.00,78.00,1036.47
-172.00,78.00,1036.37
-167.00,78.00,1036.22
-162.00,78.00,1036.34
-157.00,78.00,1036.38
-152.00,78.00,1036.43
-147.00,78.00,1036.46
-142.00,78.00,1036.46
-137.00,78.00,1036.42
-132.00,78.00,1036.37
-127.00,78.00,1036.02
-122.00,78.00,1036.01
-117.00,78.00,1036.15
-112.00,78.00,1036.37
-107.00,78.00,1036.48
-102.00,78.00,1036.52
-97.00,78.00,1036.39
-92.00,78.00,1036.21
-87.00,78.00,1036.02
-82.00,78.00,1035.82
-77.00,78.00,1035.92
-72.00,78.00,1035.97
-67.00,78.00,1035.92
-62.00,78.00,1035.91
-57.00,78.00,1035.88
-52.00,78.00,1035.91
-47.00,78.00,1035.93
-42.00,78.00,1035.89
-37.00,78.00,1035.81
-32.00,78.00,1035.91
-27.00,78.00,1035.80
-22.00,78.00,1035.73
-17.00,78.00,1035.62
-12.00,78.00,1035.52
-7.00,78.00,1035.46
-2.00,78.00,1035.37
3.00,78.00,1035.40
8.00,78.00,1035.46
13.00,78.00,1035.45
18.00,78.00,1035.40
23.00,78.00,1035.21
28.00,78.00,1034.99
33.00,78.00,1034.82
38.00,78.00,1034.63
43.00,78.00,1034.65
48.00,78.00,1034.88
53.00,78.00,1035.13
58.00,78.00,1035.41
63.00,78.00,1035.64
68.00,78.00,1035.70
73.00,78.00,1035.75
78.00,78.00,1035.72
83.00,78.00,1035.73
88.00,78.00,1035.63
93.00,78.00,1035.40
98.00,78.00,1035.26
103.00,78.00,1035.25
108.00,78.00,1035.27
113.00,78.00,1035.28
118.00,78.00,1035.31
123.00,78.00,1035.30
128.00,78.00,1035.26
133.00,78.00,1035.21
138.00,78.00,1035.16
143.00,78.00,1035.08
148.00,78.00,1035.07
153.00,78.00,1035.03
158.00,78.00,1035.03
163.00,78.00,1035.01
168.00,78.00,1035.05
173.00,78.00,1035.04
178.00,78.00,1034.90
183.00,78.00,1034.25
188.00,78.00,1033.92
193.00,78.00,1033.82
198.00,78.00,1033.85
203.00,78.00,1033.82
208.00,78.00,1033.90
213.00,78.00,1033.97
218.00,78.00,1033.99
223.00,78.00,1034.01
228.00,78.00,1034.04
233.00,78.00,1034.07
238.00,78.00,1034.12
243.00,78.00,1033.97
248.00,78.00,1033.80
253.00,78.00,1033.87
258.00,78.00,1033.88
263.00,78.00,1033.87
268.00,78.00,1033.70
273.00,78.00,1033.59
278.00,78.00,1033.45
283.00,78.00,1033.18
288.00,78.00,1032.83
293.00,78.00,1032.48
298.00,78.00,1032.04
303.00,78.00,1031.56
308.00,78.00,1031.44
313.00,78.00,1031.37
318.00,78.00,1031.25
323.00,78.00,1031.19
328.00,78.00,1031.11
333.00,78.00,1031.04
338.00,78.00,1030.95
343.00,78.00,1030.80
348.00,78.00,1030.59
353.00,78.00,1030.36
358.00,78.00,1030.15
-242.00,83.00,1036.21
-237.00,83.00,1036.37
-232.00,83.00,1036.64
-227.00,83.00,1036.77
-222.00,83.00,1036.91
-217.00,83.00,1036.90
-212.00,83.00,1036.78
-207.00,83.00,1036.55
-202.00,83.00,1036.48
-197.00,83.00,1036.45
-192.00,83.00,1036.43
-187.00,83.00,1036.48
-182.00,83.00,1036.47
-177.00,83.00,1036.53
-172.00,83.00,1036.44
-167.00,83.00,1036.09
-162.00,83.00,1036.36
-157.00,83.00,1036.42
-152.00,83.00,1036.44
-147.00,83.00,1036.47
-142.00,83.00,1036.48
-137.00,83.00,1036.46
-132.00,83.00,1036.40
-127.00,83.00,1036.17
-122.00,83.00,1036.14
-117.00,83.00,1036.32
-112.00,83.00,1036.45
-107.00,83.00,1036.53
-102.00,83.00,1036.50
-97.00,83.00,1036.33
-92.00,83.00,1036.26
-87.00,83.00,1036.05
-82.00,83.00,1035.86
-77.00,83.00,1035.87
-72.00,83.00,1036.08
-67.00,83.00,1036.02
-62.00,83.00,1035.87
-57.00,83.00,1035.97
-52.00,83.00,1035.99
-47.00,83.00,1035.96
-42.00,83.00,1036.02
-37.00,83.00,1036.02
-32.00,83.00,1035.91
-27.00,83.00,1035.76
-22.00,83.00,1035.65
-17.00,83.00,1035.57
-12.00,83.00,1035.50
-7.00,83.00,1035.50
-2.00,83.00,1035.52
3.00,83.00,1035.64
8.00,83.00,1035.71
13.00,83.00,1035.72
18.00,83.00,1035.71
23.00,83.00,1035.57
28.00,83.00,1035.37
33.00,83.00,1035.02
38.00,83.00,1034.76
43.00,83.00,1034.57
48.00,83.00,1034.76
53.00,83.00,1035.06
58.00,83.00,1035.35
63.00,83.00,1035.63
68.00,83.00,1035.70
73.00,83.00,1035.73
78.00,83.00,1035.71
83.00,83.00,1035.71
88.00,83.00,1035.66
93.00,83.00,1035.42
98.00,83.00,1035.24
103.00,83.00,1035.23
108.00,83.00,1035.31
113.00,83.00,1035.30
118.00,83.00,1035.34
123.00,83.00,1035.29
128.00,83.00,1035.23
133.00,83.00,1035.20
138.00,83.00,1035.17
143.00,83.00,1035.13
148.00,83.00,1035.15
153.00,83.00,1035.12
158.00,83.00,1035.07
163.00,83.00,1035.04
168.00,83.00,1034.58
173.00,83.00,1034.10
178.00,83.00,1034.01
183.00,83.00,1033.90
188.00,83.00,1033.83
193.00,83.00,1033.83
198.00,83.00,1033.83
203.00,83.00,1033.86
208.00,83.00,1033.89
213.00,83.00,1033.93
218.00,83.00,1033.98
223.00,83.00,1033.99
228.00,83.00,1034.11
233.00,83.00,1034.15
238.00,83.00,1034.10
243.00,83.00,1034.00
248.00,83.00,1033.94
253.00,83.00,1033.92
258.00,83.00,1033.90
263.00,83.00,1033.83
268.00,83.00,1033.69
273.00,83.00,1033.53
278.00,83.00,1033.25
283.00,83.00,1033.12
288.00,83.00,1032.83
293.00,83.00,1032.27
298.00,83.00,1031.67
303.00,83.00,1031.30
308.00,83.00,1031.33
313.00,83.00,1031.32
318.00,83.00,1031.27
323.00,83.00,1031.18
328.00,83.00,1031.03
333.00,83.00,1030.88
338.00,83.00,1030.65
343.00,83.00,1030.37
348.00,83.00,1030.20
353.00,83.00,1030.16
358.00,83.00,1030.14
-242.00,88.00,1036.19
-237.00,88.00,1036.46
-232.00,88.00,1036.70
-227.00,88.00,1036.78
-222.00,88.00,1036.80
-217.00,88.00,1036.67
-212.00,88.00,1036.58
-207.00,88.00,1036.38
-202.00,88.00,1036.27
-197.00,88.00,1036.38
-192.00,88.00,1036.37
-187.00,88.00,1036.48
-182.00,88.00,1036.57
-177.00,88.00,1036.72
-172.00,88.00,1036.57
-167.00,88.00,1036.06
-162.00,88.00,1036.42
-157.00,88.00,1036.46
-152.00,88.00,1036.46
-147.00,88.00,1036.46
-142.00,88.00,1036.48
-137.00,88.00,1036.46
-132.00,88.00,1036.41
-127.00,88.00,1036.38
-122.00,88.00,1036.38
-117.00,88.00,1036.43
-112.00,88.00,1036.50
-107.00,88.00,1036.51
-102.00,88.00,1036.45
-97.00,88.00,1036.30
-92.00,88.00,1036.23
-87.00,88.00,1036.40
-82.00,88.00,1036.11
-77.00,88.00,1036.01
-72.00,88.00,1036.13
-67.00,88.00,1036.05
-62.00,88.00,1036.05
-57.00,88.00,1036.06
-52.00,88.00,1036.03
-47.00,88.00,1036.08
-42.00,88.00,1036.17
-37.00,88.00,1036.02
-32.00,88.00,1035.79
-27.00,88.00,1035.74
-22.00,88.00,1035.63
-17.00,88.00,1035.59
-12.00,88.00,1035.38
-7.00,88.00,1035.48
-2.00,88.00,1035.65
3.00,88.00,1035.84
8.00,88.00,1035.86
13.00,88.00,1035.87
18.00,88.00,1035.82
23.00,88.00,1035.76
28.00,88.00,1035.62
33.00,88.00,1035.29
38.00,88.00,1034.91
43.00,88.00,1034.62
48.00,88.00,1034.65
53.00,88.00,1034.93
58.00,88.00,1035.26
63.00,88.00,1035.60
68.00,88.00,1035.68
73.00,88.00,1035.71
78.00,88.00,1035.70
83.00,88.00,1035.70
88.00,88.00,1035.59
93.00,88.00,1035.32
98.00,88.00,1035.21
103.00,88.00,1035.18
108.00,88.00,1035.25
113.00,88.00,1035.24
118.00,88.00,1035.27
123.00,88.00,1035.20
128.00,88.00,1035.19
133.00,88.00,1035.24
138.00,88.00,1035.19
143.00,88.00,1035.16
148.00,88.00,1035.07
153.00,88.00,1035.06
158.00,88.00,1034.31
163.00,88.00,1034.08
168.00,88.00,1034.11
173.00,88.00,1034.07
178.00,88.00,1034.03
183.00,88.00,1033.95
188.00,88.00,1033.90
193.00,88.00,1033.87
198.00,88.00,1033.91
203.00,88.00,1033.92
208.00,88.00,1033.95
213.00,88.00,1033.92
218.00,88.00,1033.97
223.00,88.00,1034.00
228.00,88.00,1033.95
233.00,88.00,1034.01
238.00,88.00,1034.06
243.00,88.00,1034.05
248.00,88.00,1033.98
253.00,88.00,1033.87
258.00,88.00,1033.86
263.00,88.00,1033.81
268.00,88.00,1033.67
273.00,88.00,1033.52
278.00,88.00,1033.28
283.00,88.00,1032.90
288.00,88.00,1032.24
293.00,88.00,1031.67
298.00,88.00,1031.40
303.00,88.00,1031.32
308.00,88.00,1031.27
313.00,88.00,1031.27
318.00,88.00,1031.15
323.00,88.00,1030.89
328.00,88.00,1030.58
333.00,88.00,1030.34
338.00,88.00,1030.23
343.00,88.00,1030.22
348.00,88.00,1030.22
353.00,88.00,1030.19
358.00,88.00,1030.13
-242.00,93.00,1036.30
-237.00,93.00,1036.50
-232.00,93.00,1036.64
-227.00,93.00,1036.57
-222.00,93.00,1036.45
-217.00,93.00,1036.38
-212.00,93.00,1036.32
-207.00,93.00,1036.32
-202.00,93.00,1036.41
-197.00,93.00,1036.30
-192.00,93.00,1036.35
-187.00,93.00,1036.54
-182.00,93.00,1036.79
-177.00,93.00,1036.95
-172.00,93.00,1036.67
-167.00,93.00,1036.15
-162.00,93.00,1036.47
-157.00,93.00,1036.46
-152.00,93.00,1036.46
-147.00,93.00,1036.46
-142.00,93.00,1036.47
-137.00,93.00,1036.45
-132.00,93.00,1036.41
-127.00,93.00,1036.41
-122.00,93.00,1036.43
-117.00,93.00,1036.49
-112.00,93.00,1036.51
-107.00,93.00,1036.44
-102.00,93.00,1036.40
-97.00,93.00,1036.39
-92.00,93.00,1036.23
-87.00,93.00,1036.59
-82.00,93.00,1036.26
-77.00,93.00,1036.31
-72.00,93.00,1036.22
-67.00,93.00,1036.19
-62.00,93.00,1036.13
-57.00,93.00,1036.10
-52.00,93.00,1036.10
-47.00,93.00,1036.12
-42.00,93.00,1036.04
-37.00,93.00,1035.93
-32.00,93.00,1035.82
-27.00,93.00,1035.72
-22.00,93.00,1035.63
-17.00,93.00,1035.53
-12.00,93.00,1035.30
-7.00,93.00,1035.47
-2.00,93.00,1035.75
3.00,93.00,1035.89
8.00,93.00,1035.93
13.00,93.00,1035.94
18.00,93.00,1035.92
23.00,93.00,1035.83
28.00,93.00,1035.75
33.00,93.00,1035.55
38.00,93.00,1035.16
43.00,93.00,1034.74
48.00,93.00,1034.52
53.00,93.00,1034.68
58.00,93.00,1035.09
63.00,93.00,1035.44
68.00,93.00,1035.55
73.00,93.00,1035.62
78.00,93.00,1035.66
83.00,93.00,1035.64
88.00,93.00,1035.44
93.00,93.00,1035.22
98.00,93.00,1035.20
103.00,93.00,1035.20
108.00,93.00,1035.16
113.00,93.00,1035.24
118.00,93.00,1035.36
123.00,93.00,1035.24
128.00,93.00,1035.19
133.00,93.00,1035.17
138.00,93.00,1035.20
143.00,93.00,1034.86
148.00,93.00,1034.52
153.00,93.00,1034.27
158.00,93.00,1034.15
163.00,93.00,1034.10
168.00,93.00,1034.12
173.00,93.00,1034.06
178.00,93.00,1034.05
183.00,93.00,1033.98
188.00,93.00,1033.92
193.00,93.00,1033.89
198.00,93.00,1033.93
203.00,93.00,1033.92
208.00,93.00,1033.93
213.00,93.00,1033.94
218.00,93.00,1033.91
223.00,93.00,1033.95
228.00,93.00,1033.88
233.00,93.00,1033.88
238.00,93.00,1033.91
243.00,93.00,1033.89
248.00,93.00,1033.80
253.00,93.00,1033.76
258.00,93.00,1033.83
263.00,93.00,1033.77
268.00,93.00,1033.64
273.00,93.00,1033.18
278.00,93.00,1032.56
283.00,93.00,1031.93
288.00,93.00,1031.25
293.00,93.00,1031.01
298.00,93.00,1031.04
303.00,93.00,1031.00
308.00,93.00,1030.91
313.00,93.00,1030.68
318.00,93.00,1030.43
323.00,93.00,1030.32
328.00,93.00,1030.25
333.00,93.00,1030.26
338.00,93.00,1030.27
343.00,93.00,1030.24
348.00,93.00,1030.22
353.00,93.00,1030.16
358.00,93.00,1030.10
-242.00,98.00,1036.39
-237.00,98.00,1036.36
-232.00,98.00,1036.39
-227.00,98.00,1036.39
-222.00,98.00,1036.29
-217.00,98.00,1036.31
-212.00,98.00,1036.27
-207.00,98.00,1036.28
-202.00,98.00,1036.35
-197.00,98.00,1036.30
-192.00,98.00,1036.41
-187.00,98.00,1036.52
-182.00,98.00,1037.02
-177.00,98.00,1037.14
-172.00,98.00,1036.82
-167.00,98.00,1036.20
-162.00,98.00,1036.42
-157.00,98.00,1036.40
-152.00,98.00,1036.41
-147.00,98.00,1036.44
-142.00,98.00,1036.47
-137.00,98.00,1036.45
-132.00,98.00,1036.45
-127.00,98.00,1036.46
-122.00,98.00,1036.49
-117.00,98.00,1036.52
-112.00,98.00,1036.45
-107.00,98.00,1036.41
-102.00,98.00,1036.38
-97.00,98.00,1036.31
-92.00,98.00,1036.38
-87.00,98.00,1036.30
-82.00,98.00,1036.40
-77.00,98.00,1036.24
-72.00,98.00,1036.25
-67.00,98.00,1036.17
-62.00,98.00,1036.25
-57.00,98.00,1036.15
-52.00,98.00,1036.14
-47.00,98.00,1036.12
-42.00,98.00,1036.02
-37.00,98.00,1035.88
-32.00,98.00,1035.87
-27.00,98.00,1035.81
-22.00,98.00,1035.66
-17.00,98.00,1035.48
-12.00,98.00,1035.28
-7.00,98.00,1035.48
-2.00,98.00,1035.79
3.00,98.00,1035.93
8.00,98.00,1035.96
13.00,98.00,1035.97
18.00,98.00,1035.99
23.00,98.00,1035.94
28.00,98.00,1035.85
33.00,98.00,1035.74
38.00,98.00,1035.40
43.00,98.00,1034.93
48.00,98.00,1034.62
53.00,98.00,1034.54
58.00,98.00,1034.84
63.00,98.00,1035.15
68.00,98.00,1035.32
73.00,98.00,1035.43
78.00,98.00,1035.48
83.00,98.00,1035.40
88.00,98.00,1035.22
93.00,98.00,1035.11
98.00,98.00,1035.20
103.00,98.00,1035.25
108.00,98.00,1035.18
113.00,98.00,1035.27
118.00,98.00,1035.34
123.00,98.00,1035.25
128.00,98.00,1035.27
133.00,98.00,1034.62
138.00,98.00,1034.06
143.00,98.00,1034.18
148.00,98.00,1034.44
153.00,98.00,1034.32
158.00,98.00,1034.25
163.00,98.00,1034.18
168.00,98.00,1034.13
173.00,98.00,1034.16
178.00,98.00,1034.10
183.00,98.00,1034.03
188.00,98.00,1033.95
193.00,98.00,1033.88
198.00,98.00,1033.85
203.00,98.00,1033.87
208.00,98.00,1033.92
213.00,98.00,1033.85
218.00,98.00,1033.74
223.00,98.00,1033.77
228.00,98.00,1033.76
233.00,98.00,1033.76
238.00,98.00,1033.84
243.00,98.00,1033.84
248.00,98.00,1033.79
253.00,98.00,1033.80
258.00,98.00,1033.67
263.00,98.00,1033.22
268.00,98.00,1032.59
273.00,98.00,1032.28
278.00,98.00,1032.10
283.00,98.00,1031.88
288.00,98.00,1031.45
293.00,98.00,1030.92
298.00,98.00,1030.69
303.00,98.00,1030.43
308.00,98.00,1030.35
313.00,98.00,1030.35
318.00,98.00,1030.34
323.00,98.00,1030.32
328.00,98.00,1030.29
333.00,98.00,1030.28
338.00,98.00,1030.27
343.00,98.00,1030.25
348.00,98.00,1030.21
353.00,98.00,1030.17
358.00,98.00,1030.11
-242.00,103.00,1036.35
-237.00,103.00,1036.37
-232.00,103.00,1036.37
-227.00,103.00,1036.38
-222.00,103.00,1036.29
-217.00,103.00,1036.22
-212.00,103.00,1036.20
-207.00,103.00,1036.25
-202.00,103.00,1036.30
-197.00,103.00,1036.46
-192.00,103.00,1036.43
-187.00,103.00,1036.57
-182.00,103.00,1037.11
-177.00,103.00,1037.32
-172.00,103.00,1037.10
-167.00,103.00,1036.58
-162.00,103.00,1036.22
-157.00,103.00,1036.32
-152.00,103.00,1036.36
-147.00,103.00,1036.40
-142.00,103.00,1036.46
-137.00,103.00,1036.48
-132.00,103.00,1036.49
-127.00,103.00,1036.50
-122.00,103.00,1036.51
-117.00,103.00,1036.45
-112.00,103.00,1036.44
-107.00,103.00,1036.43
-102.00,103.00,1036.35
-97.00,103.00,1036.28
-92.00,103.00,1036.32
-87.00,103.00,1036.20
-82.00,103.00,1036.21
-77.00,103.00,1036.24
-72.00,103.00,1036.12
-67.00,103.00,1036.31
-62.00,103.00,1036.26
-57.00,103.00,1036.02
-52.00,103.00,1036.12
-47.00,103.00,1036.05
-42.00,103.00,1036.03
-37.00,103.00,1035.98
-32.00,103.00,1035.92
-27.00,103.00,1035.87
-22.00,103.00,1035.75
-17.00,103.00,1035.56
-12.00,103.00,1035.31
-7.00,103.00,1035.45
-2.00,103.00,1035.78
3.00,103.00,1035.89
8.00,103.00,1035.94
13.00,103.00,1035.93
18.00,103.00,1035.98
23.00,103.00,1035.96
28.00,103.00,1035.89
33.00,103.00,1035.80
38.00,103.00,1035.59
43.00,103.00,1035.10
48.00,103.00,1034.71
53.00,103.00,1034.49
58.00,103.00,1034.65
63.00,103.00,1034.88
68.00,103.00,1035.10
73.00,103.00,1035.21
78.00,103.00,1035.25
83.00,103.00,1035.23
88.00,103.00,1035.18
93.00,103.00,1035.18
98.00,103.00,1035.19
103.00,103.00,1035.26
108.00,103.00,1035.23
113.00,103.00,1035.31
118.00,103.00,1035.33
123.00,103.00,1034.79
128.00,103.00,1034.08
133.00,103.00,1034.00
138.00,103.00,1034.09
143.00,103.00,1034.08
148.00,103.00,1034.26
153.00,103.00,1034.27
158.00,103.00,1034.20
163.00,103.00,1034.12
168.00,103.00,1034.11
173.00,103.00,1034.10
178.00,103.00,1034.06
183.00,103.00,1034.02
188.00,103.00,1033.89
193.00,103.00,1033.76
198.00,103.00,1033.86
203.00,103.00,1033.80
208.00,103.00,1033.75
213.00,103.00,1033.73
218.00,103.00,1033.71
223.00,103.00,1033.72
228.00,103.00,1033.76
233.00,103.00,1033.79
238.00,103.00,1033.78
243.00,103.00,1033.64
248.00,103.00,1033.32
253.00,103.00,1032.86
258.00,103.00,1032.66
263.00,103.00,1032.45
268.00,103.00,1032.21
273.00,103.00,1031.75
278.00,103.00,1031.27
283.00,103.00,1030.82
288.00,103.00,1030.46
293.00,103.00,1030.37
298.00,103.00,1030.37
303.00,103.00,1030.36
308.00,103.00,1030.35
313.00,103.00,1030.35
318.00,103.00,1030.33
323.00,103.00,1030.32
328.00,103.00,1030.31
333.00,103.00,1030.28
338.00,103.00,1030.27
343.00,103.00,1030.25
348.00,103.00,1030.23
353.00,103.00,1030.16
358.00,103.00,1030.07
-242.00,108.00,1036.40
-237.00,108.00,1036.40
-232.00,108.00,1036.43
-227.00,108.00,1036.33
-222.00,108.00,1036.34
-217.00,108.00,1036.23
-212.00,108.00,1036.27
-207.00,108.00,1036.29
-202.00,108.00,1036.32
-197.00,108.00,1036.47
-192.00,108.00,1036.50
-187.00,108.00,1036.57
-182.00,108.00,1036.92
-177.00,108.00,1037.31
-172.00,108.00,1037.25
-167.00,108.00,1037.06
-162.00,108.00,1036.56
-157.00,108.00,1036.33
-152.00,108.00,1036.28
-147.00,108.00,1036.34
-142.00,108.00,1036.44
-137.00,108.00,1036.48
-132.00,108.00,1036.63
-127.00,108.00,1036.47
-122.00,108.00,1036.45
-117.00,108.00,1036.47
-112.00,108.00,1036.47
-107.00,108.00,1036.34
-102.00,108.00,1036.28
-97.00,108.00,1036.28
-92.00,108.00,1036.09
-87.00,108.00,1036.18
-82.00,108.00,1036.18
-77.00,108.00,1036.18
-72.00,108.00,1036.37
-67.00,108.00,1036.34
-62.00,108.00,1036.18
-57.00,108.00,1035.93
-52.00,108.00,1036.19
-47.00,108.00,1036.12
-42.00,108.00,1036.06
-37.00,108.00,1035.99
-32.00,108.00,1035.96
-27.00,108.00,1035.98
-22.00,108.00,1035.86
-17.00,108.00,1035.68
-12.00,108.00,1035.37
-7.00,108.00,1035.37
-2.00,108.00,1035.61
3.00,108.00,1035.84
8.00,108.00,1035.92
13.00,108.00,1035.96
18.00,108.00,1035.93
23.00,108.00,1035.92
28.00,108.00,1035.87
33.00,108.00,1035.77
38.00,108.00,1035.61
43.00,108.00,1035.28
48.00,108.00,1034.91
53.00,108.00,1034.52
58.00,108.00,1034.46
63.00,108.00,1034.74
68.00,108.00,1034.91
73.00,108.00,1035.09
78.00,108.00,1035.19
83.00,108.00,1035.24
88.00,108.00,1035.28
93.00,108.00,1035.22
98.00,108.00,1035.23
103.00,108.00,1035.29
108.00,108.00,1035.27
113.00,108.00,1034.94
118.00,108.00,1034.04
123.00,108.00,1034.05
128.00,108.00,1034.10
133.00,108.00,1034.14
138.00,108.00,1034.23
143.00,108.00,1034.21
148.00,108.00,1034.16
153.00,108.00,1034.18
158.00,108.00,1034.13
163.00,108.00,1034.09
168.00,108.00,1034.06
173.00,108.00,1034.06
178.00,108.00,1033.99
183.00,108.00,1033.87
188.00,108.00,1033.73
193.00,108.00,1033.73
198.00,108.00,1033.75
203.00,108.00,1033.73
208.00,108.00,1033.69
213.00,108.00,1033.74
218.00,108.00,1033.75
223.00,108.00,1033.70
228.00,108.00,1033.63
233.00,108.00,1033.29
238.00,108.00,1032.85
243.00,108.00,1032.72
248.00,108.00,1032.60
253.00,108.00,1032.56
258.00,108.00,1032.26
263.00,108.00,1031.42
268.00,108.00,1030.94
273.00,108.00,1030.59
278.00,108.00,1030.43
283.00,108.00,1030.40
288.00,108.00,1030.39
293.00,108.00,1030.38
298.00,108.00,1030.37
303.00,108.00,1030.37
308.00,108.00,1030.36
313.00,108.00,1030.35
318.00,108.00,1030.34
323.00,108.00,1030.33
328.00,108.00,1030.31
333.00,108.00,1030.30
338.00,108.00,1030.28
343.00,108.00,1030.25
348.00,108.00,1030.22
353.00,108.00,1030.18
358.00,108.00,1030.06
-242.00,113.00,1036.37
-237.00,113.00,1036.43
-232.00,113.00,1036.44
-227.00,113.00,1036.42
-222.00,113.00,1036.28
-217.00,113.00,1036.26
-212.00,113.00,1036.27
-207.00,113.00,1036.25
-202.00,113.00,1036.34
-197.00,113.00,1036.48
-192.00,113.00,1036.47
-187.00,113.00,1036.65
-182.00,113.00,1036.82
-177.00,113.00,1037.23
-172.00,113.00,1037.23
-167.00,113.00,1037.17
-162.00,113.00,1036.94
-157.00,113.00,1036.64
-152.00,113.00,1036.52
-147.00,113.00,1036.33
-142.00,113.00,1036.46
-137.00,113.00,1036.68
-132.00,113.00,1036.71
-127.00,113.00,1036.41
-122.00,113.00,1036.34
-117.00,113.00,1036.42
-112.00,113.00,1036.29
-107.00,113.00,1036.27
-102.00,113.00,1036.20
-97.00,113.00,1036.08
-92.00,113.00,1036.14
-87.00,113.00,1036.07
-82.00,113.00,1036.27
-77.00,113.00,1036.39
-72.00,113.00,1036.36
-67.00,113.00,1036.26
-62.00,113.00,1036.05
-57.00,113.00,1035.86
-52.00,113.00,1036.25
-47.00,113.00,1036.11
-42.00,113.00,1036.03
-37.00,113.00,1035.97
-32.00,113.00,1035.95
-27.00,113.00,1036.02
-22.00,113.00,1035.93
-17.00,113.00,1035.73
-12.00,113.00,1035.50
-7.00,113.00,1035.30
-2.00,113.00,1035.34
3.00,113.00,1035.59
8.00,113.00,1035.80
13.00,113.00,1035.89
18.00,113.00,1035.93
23.00,113.00,1035.89
28.00,113.00,1035.82
33.00,113.00,1035.71
38.00,113.00,1035.55
43.00,113.00,1035.32
48.00,113.00,1035.07
53.00,113.00,1034.68
58.00,113.00,1034.45
63.00,113.00,1034.57
68.00,113.00,1034.76
73.00,113.00,1034.88
78.00,113.00,1035.11
83.00,113.00,1035.21
88.00,113.00,1035.27
93.00,113.00,1035.31
98.00,113.00,1035.32
103.00,113.00,1035.23
108.00,113.00,1033.51
113.00,113.00,1033.44
118.00,113.00,1033.82
123.00,113.00,1034.03
128.00,113.00,1034.07
133.00,113.00,1034.07
138.00,113.00,1034.22
143.00,113.00,1034.18
148.00,113.00,1034.12
153.00,113.00,1034.10
158.00,113.00,1034.08
163.00,113.00,1034.06
168.00,113.00,1034.00
173.00,113.00,1033.91
178.00,113.00,1033.82
183.00,113.00,1033.79
188.00,113.00,1033.75
193.00,113.00,1033.77
198.00,113.00,1033.71
203.00,113.00,1033.72
208.00,113.00,1033.61
213.00,113.00,1033.52
218.00,113.00,1033.16
223.00,113.00,1032.77
228.00,113.00,1032.66
233.00,113.00,1032.64
238.00,113.00,1032.52
243.00,113.00,1032.17
248.00,113.00,1031.74
253.00,113.00,1031.13
258.00,113.00,1030.71
263.00,113.00,1030.45
268.00,113.00,1030.41
273.00,113.00,1030.41
278.00,113.00,1030.41
283.00,113.00,1030.40
288.00,113.00,1030.40
293.00,113.00,1030.39
298.00,113.00,1030.37
303.00,113.00,1030.37
308.00,113.00,1030.36
313.00,113.00,1030.35
318.00,113.00,1030.34
323.00,113.00,1030.33
328.00,113.00,1030.32
333.00,113.00,1030.30
338.00,113.00,1030.30
343.00,113.00,1030.26
348.00,113.00,1030.22
353.00,113.00,1030.19
358.00,113.00,1030.13
-242.00,118.00,1036.39
-237.00,118.00,1036.41
-232.00,118.00,1036.40
-227.00,118.00,1036.38
-222.00,118.00,1036.29
-217.00,118.00,1036.33
-212.00,118.00,1036.30
-207.00,118.00,1036.31
-202.00,118.00,1036.34
-197.00,118.00,1036.50
-192.00,118.00,1036.54
-187.00,118.00,1036.75
-182.00,118.00,1036.87
-177.00,118.00,1036.93
-172.00,118.00,1037.01
-167.00,118.00,1036.92
-162.00,118.00,1036.85
-157.00,118.00,1036.76
-152.00,118.00,1036.72
-147.00,118.00,1036.59
-142.00,118.00,1036.46
-137.00,118.00,1036.49
-132.00,118.00,1036.61
-127.00,118.00,1036.42
-122.00,118.00,1036.26
-117.00,118.00,1036.21
-112.00,118.00,1036.16
-107.00,118.00,1036.03
-102.00,118.00,1036.12
-97.00,118.00,1036.09
-92.00,118.00,1036.03
-87.00,118.00,1036.30
-82.00,118.00,1036.47
-77.00,118.00,1036.39
-72.00,118.00,1036.22
-67.00,118.00,1036.18
-62.00,118.00,1035.87
-57.00,118.00,1035.89
-52.00,118.00,1036.24
-47.00,118.00,1036.24
-42.00,118.00,1036.15
-37.00,118.00,1036.01
-32.00,118.00,1035.92
-27.00,118.00,1036.02
-22.00,118.00,1035.98
-17.00,118.00,1035.81
-12.00,118.00,1035.71
-7.00,118.00,1035.47
-2.00,118.00,1035.29
3.00,118.00,1035.29
8.00,118.00,1035.47
13.00,118.00,1035.62
18.00,118.00,1035.84
23.00,118.00,1035.86
28.00,118.00,1035.74
33.00,118.00,1035.60
38.00,118.00,1035.44
43.00,118.00,1035.34
48.00,118.00,1035.19
53.00,118.00,1034.93
58.00,118.00,1034.59
63.00,118.00,1034.45
68.00,118.00,1034.59
73.00,118.00,1034.79
78.00,118.00,1035.04
83.00,118.00,1035.16
88.00,118.00,1035.22
93.00,118.00,1035.28
98.00,118.00,1034.56
103.00,118.00,1032.65
108.00,118.00,1032.77
113.00,118.00,1033.06
118.00,118.00,1033.44
123.00,118.00,1033.77
128.00,118.00,1033.99
133.00,118.00,1033.97
138.00,118.00,1034.08
143.00,118.00,1034.20
148.00,118.00,1034.08
153.00,118.00,1034.01
158.00,118.00,1034.00
163.00,118.00,1033.97
168.00,118.00,1033.93
173.00,118.00,1033.95
178.00,118.00,1033.81
183.00,118.00,1033.77
188.00,118.00,1033.70
193.00,118.00,1033.61
198.00,118.00,1033.57
203.00,118.00,1033.15
208.00,118.00,1032.59
213.00,118.00,1032.53
218.00,118.00,1032.52
223.00,118.00,1032.51
228.00,118.00,1032.34
233.00,118.00,1031.84
238.00,118.00,1031.12
243.00,118.00,1030.77
248.00,118.00,1030.46
253.00,118.00,1030.42
258.00,118.00,1030.42
263.00,118.00,1030.42
268.00,118.00,1030.42
273.00,118.00,1030.41
278.00,118.00,1030.41
283.00,118.00,1030.40
288.00,118.00,1030.40
293.00,118.00,1030.39
298.00,118.00,1030.37
303.00,118.00,1030.37
308.00,118.00,1030.37
313.00,118.00,1030.35
318.00,118.00,1030.35
323.00,118.00,1030.34
328.00,118.00,1030.32
333.00,118.00,1030.31
338.00,118.00,1030.29
343.00,118.00,1030.28
348.00,118.00,1030.24
353.00,118.00,1030.20
358.00,118.00,1030.13
-242.00,123.00,1036.38
-237.00,123.00,1036.47
-232.00,123.00,1036.44
-227.00,123.00,1036.50
-222.00,123.00,1036.36
-217.00,123.00,1036.36
-212.00,123.00,1036.36
-207.00,123.00,1036.28
-202.00,123.00,1036.33
-197.00,123.00,1036.51
-192.00,123.00,1036.58
-187.00,123.00,1036.77
-182.00,123.00,1036.88
-177.00,123.00,1036.86
-172.00,123.00,1036.73
-167.00,123.00,1036.73
-162.00,123.00,1036.70
-157.00,123.00,1036.77
-152.00,123.00,1036.75
-147.00,123.00,1036.64
-142.00,123.00,1036.47
-137.00,123.00,1036.34
-132.00,123.00,1036.42
-127.00,123.00,1036.39
-122.00,123.00,1036.20
-117.00,123.00,1036.10
-112.00,123.00,1036.08
-107.00,123.00,1036.09
-102.00,123.00,1036.03
-97.00,123.00,1036.05
-92.00,123.00,1036.24
-87.00,123.00,1036.41
-82.00,123.00,1036.53
-77.00,123.00,1036.27
-72.00,123.00,1035.94
-67.00,123.00,1035.79
-62.00,123.00,1035.69
-57.00,123.00,1036.07
-52.00,123.00,1036.24
-47.00,123.00,1036.25
-42.00,123.00,1036.21
-37.00,123.00,1036.17
-32.00,123.00,1036.02
-27.00,123.00,1036.06
-22.00,123.00,1035.99
-17.00,123.00,1035.94
-12.00,123.00,1035.88
-7.00,123.00,1035.67
-2.00,123.00,1035.44
3.00,123.00,1035.31
8.00,123.00,1035.28
13.00,123.00,1035.37
18.00,123.00,1035.50
23.00,123.00,1035.58
28.00,123.00,1035.57
33.00,123.00,1035.51
38.00,123.00,1035.45
43.00,123.00,1035.37
48.00,123.00,1035.27
53.00,123.00,1035.08
58.00,123.00,1034.73
63.00,123.00,1034.45
68.00,123.00,1034.49
73.00,123.00,1034.62
78.00,123.00,1034.89
83.00,123.00,1035.01
88.00,123.00,1034.94
93.00,123.00,1032.81
98.00,123.00,1032.02
103.00,123.00,1032.08
108.00,123.00,1032.45
113.00,123.00,1032.65
118.00,123.00,1033.06
123.00,123.00,1033.36
128.00,123.00,1033.75
133.00,123.00,1033.94
138.00,123.00,1033.99
143.00,123.00,1033.96
148.00,123.00,1033.90
153.00,123.00,1033.92
158.00,123.00,1033.90
163.00,123.00,1033.84
168.00,123.00,1033.90
173.00,123.00,1033.83
178.00,123.00,1033.73
183.00,123.00,1033.53
188.00,123.00,1033.28
193.00,123.00,1032.75
198.00,123.00,1032.49
203.00,123.00,1032.48
208.00,123.00,1032.40
213.00,123.00,1032.20
218.00,123.00,1031.62
223.00,123.00,1031.12
228.00,123.00,1030.75
233.00,123.00,1030.48
238.00,123.00,1030.43
243.00,123.00,1030.43
248.00,123.00,1030.43
253.00,123.00,1030.42
258.00,123.00,1030.42
263.00,123.00,1030.42
268.00,123.00,1030.41
273.00,123.00,1030.41
278.00,123.00,1030.41
283.00,123.00,1030.41
288.00,123.00,1030.40
293.00,123.00,1030.39
298.00,123.00,1030.38
303.00,123.00,1030.37
308.00,123.00,1030.37
313.00,123.00,1030.36
318.00,123.00,1030.35
323.00,123.00,1030.34
328.00,123.00,1030.33
333.00,123.00,1030.32
338.00,123.00,1030.30
343.00,123.00,1030.28
348.00,123.00,1030.25
353.00,123.00,1030.21
358.00,123.00,1030.15
-242.00,128.00,1036.47
-237.00,128.00,1036.42
-232.00,128.00,1036.41
-227.00,128.00,1036.47
-222.00,128.00,1036.35
-217.00,128.00,1036.33
-212.00,128.00,1036.37
-207.00,128.00,1036.29
-202.00,128.00,1036.34
-197.00,128.00,1036.57
-192.00,128.00,1036.67
-187.00,128.00,1036.80
-182.00,128.00,1036.91
-177.00,128.00,1036.86
-172.00,128.00,1036.76
-167.00,128.00,1036.72
-162.00,128.00,1036.72
-157.00,128.00,1036.72
-152.00,128.00,1036.75
-147.00,128.00,1036.44
-142.00,128.00,1036.45
-137.00,128.00,1036.32
-132.00,128.00,1036.24
-127.00,128.00,1036.17
-122.00,128.00,1036.08
-117.00,128.00,1036.09
-112.00,128.00,1036.06
-107.00,128.00,1035.98
-102.00,128.00,1036.10
-97.00,128.00,1036.28
-92.00,128.00,1036.32
-87.00,128.00,1036.23
-82.00,128.00,1036.26
-77.00,128.00,1035.98
-72.00,128.00,1035.61
-67.00,128.00,1035.59
-62.00,128.00,1035.56
-57.00,128.00,1036.26
-52.00,128.00,1036.28
-47.00,128.00,1036.26
-42.00,128.00,1036.21
-37.00,128.00,1036.17
-32.00,128.00,1036.14
-27.00,128.00,1036.17
-22.00,128.00,1036.12
-17.00,128.00,1036.05
-12.00,128.00,1035.98
-7.00,128.00,1035.91
-2.00,128.00,1035.69
3.00,128.00,1035.50
8.00,128.00,1035.31
13.00,128.00,1035.22
18.00,128.00,1035.29
23.00,128.00,1035.40
28.00,128.00,1035.47
33.00,128.00,1035.49
38.00,128.00,1035.45
43.00,128.00,1035.40
48.00,128.00,1035.32
53.00,128.00,1035.20
58.00,128.00,1034.92
63.00,128.00,1034.66
68.00,128.00,1034.52
73.00,128.00,1034.55
78.00,128.00,1034.65
83.00,128.00,1033.99
88.00,128.00,1032.15
93.00,128.00,1031.69
98.00,128.00,1031.56
103.00,128.00,1031.86
108.00,128.00,1032.06
113.00,128.00,1032.40
118.00,128.00,1032.71
123.00,128.00,1033.12
128.00,128.00,1033.55
133.00,128.00,1033.75
138.00,128.00,1033.78
143.00,128.00,1033.85
148.00,128.00,1033.79
153.00,128.00,1033.76
158.00,128.00,1033.76
163.00,128.00,1033.73
168.00,128.00,1033.58
173.00,128.00,1033.20
178.00,128.00,1032.85
183.00,128.00,1032.54
188.00,128.00,1032.40
193.00,128.00,1032.49
198.00,128.00,1032.27
203.00,128.00,1031.73
208.00,128.00,1031.22
213.00,128.00,1030.80
218.00,128.00,1030.54
223.00,128.00,1030.47
228.00,128.00,1030.43
233.00,128.00,1030.43
238.00,128.00,1030.43
243.00,128.00,1030.44
248.00,128.00,1030.43
253.00,128.00,1030.43
258.00,128.00,1030.43
263.00,128.00,1030.42
268.00,128.00,1030.42
273.00,128.00,1030.41
278.00,128.00,1030.41
283.00,128.00,1030.40
288.00,128.00,1030.40
293.00,128.00,1030.39
298.00,128.00,1030.38
303.00,128.00,1030.38
308.00,128.00,1030.37
313.00,128.00,1030.36
318.00,128.00,1030.35
323.00,128.00,1030.34
328.00,128.00,1030.33
333.00,128.00,1030.32
338.00,128.00,1030.30
343.00,128.00,1030.27
348.00,128.00,1030.24
353.00,128.00,1030.22
358.00,128.00,1030.18
-242.00,133.00,1036.44
-237.00,133.00,1036.42
-232.00,133.00,1036.42
-227.00,133.00,1036.49
-222.00,133.00,1036.38
-217.00,133.00,1036.32
-212.00,133.00,1036.40
-207.00,133.00,1036.30
-202.00,133.00,1036.37
-197.00,133.00,1036.70
-192.00,133.00,1036.78
-187.00,133.00,1036.90
-182.00,133.00,1036.92
-177.00,133.00,1036.83
-172.00,133.00,1036.84
-167.00,133.00,1036.76
-162.00,133.00,1036.73
-157.00,133.00,1036.69
-152.00,133.00,1036.49
-147.00,133.00,1036.51
-142.00,133.00,1036.41
-137.00,133.00,1036.27
-132.00,133.00,1036.11
-127.00,133.00,1036.10
-122.00,133.00,1036.08
-117.00,133.00,1036.01
-112.00,133.00,1036.00
-107.00,133.00,1036.19
-102.00,133.00,1036.35
-97.00,133.00,1036.36
-92.00,133.00,1036.35
-87.00,133.00,1036.18
-82.00,133.00,1036.01
-77.00,133.00,1035.75
-72.00,133.00,1035.48
-67.00,133.00,1035.48
-62.00,133.00,1035.43
-57.00,133.00,1036.18
-52.00,133.00,1036.24
-47.00,133.00,1036.22
-42.00,133.00,1036.24
-37.00,133.00,1036.21
-32.00,133.00,1036.21
-27.00,133.00,1036.23
-22.00,133.00,1036.18
-17.00,133.00,1036.13
-12.00,133.00,1036.08
-7.00,133.00,1036.01
-2.00,133.00,1035.92
3.00,133.00,1035.70
8.00,133.00,1035.48
13.00,133.00,1035.32
18.00,133.00,1035.19
23.00,133.00,1035.33
28.00,133.00,1035.41
33.00,133.00,1035.49
38.00,133.00,1035.43
43.00,133.00,1035.41
48.00,133.00,1035.35
53.00,133.00,1035.38
58.00,133.00,1035.28
63.00,133.00,1034.92
68.00,133.00,1034.62
73.00,133.00,1033.59
78.00,133.00,1032.60
83.00,133.00,1031.91
88.00,133.00,1031.78
93.00,133.00,1031.66
98.00,133.00,1031.52
103.00,133.00,1031.45
108.00,133.00,1031.67
113.00,133.00,1032.01
118.00,133.00,1032.43
123.00,133.00,1032.84
128.00,133.00,1033.09
133.00,133.00,1033.20
138.00,133.00,1033.39
143.00,133.00,1033.60
148.00,133.00,1033.65
153.00,133.00,1033.58
158.00,133.00,1033.25
163.00,133.00,1032.75
168.00,133.00,1032.50
173.00,133.00,1032.29
178.00,133.00,1032.36
183.00,133.00,1032.17
188.00,133.00,1031.61
193.00,133.00,1031.18
198.00,133.00,1030.74
203.00,133.00,1030.53
208.00,133.00,1030.44
213.00,133.00,1030.45
218.00,133.00,1030.44
223.00,133.00,1030.43
228.00,133.00,1030.43
233.00,133.00,1030.43
238.00,133.00,1030.43
243.00,133.00,1030.43
248.00,133.00,1030.43
253.00,133.00,1030.42
258.00,133.00,1030.42
263.00,133.00,1030.42
268.00,133.00,1030.41
273.00,133.00,1030.41
278.00,133.00,1030.41
283.00,133.00,1030.41
288.00,133.00,1030.40
293.00,133.00,1030.40
298.00,133.00,1030.39
303.00,133.00,1030.39
308.00,133.00,1030.37
313.00,133.00,1030.37
318.00,133.00,1030.36
323.00,133.00,1030.35
328.00,133.00,1030.34
333.00,133.00,1030.32
338.00,133.00,1030.32
343.00,133.00,1030.28
348.00,133.00,1030.23
353.00,133.00,1030.20
358.00,133.00,1030.18
-242.00,138.00,1036.61
-237.00,138.00,1036.55
-232.00,138.00,1036.48
-227.00,138.00,1036.45
-222.00,138.00,1036.44
-217.00,138.00,1036.35
-212.00,138.00,1036.37
-207.00,138.00,1036.45
-202.00,138.00,1036.41
-197.00,138.00,1036.77
-192.00,138.00,1036.88
-187.00,138.00,1036.98
-182.00,138.00,1036.98
-177.00,138.00,1036.90
-172.00,138.00,1036.86
-167.00,138.00,1036.79
-162.00,138.00,1036.63
-157.00,138.00,1036.60
-152.00,138.00,1036.49
-147.00,138.00,1036.43
-142.00,138.00,1036.26
-137.00,138.00,1036.11
-132.00,138.00,1036.09
-127.00,138.00,1035.99
-122.00,138.00,1035.96
-117.00,138.00,1036.10
-112.00,138.00,1036.29
-107.00,138.00,1036.46
-102.00,138.00,1036.49
-97.00,138.00,1036.37
-92.00,138.00,1036.19
-87.00,138.00,1035.76
-82.00,138.00,1035.63
-77.00,138.00,1035.56
-72.00,138.00,1035.44
-67.00,138.00,1035.34
-62.00,138.00,1035.47
-57.00,138.00,1036.16
-52.00,138.00,1036.18
-47.00,138.00,1036.13
-42.00,138.00,1036.17
-37.00,138.00,1036.23
-32.00,138.00,1036.26
-27.00,138.00,1036.24
-22.00,138.00,1036.24
-17.00,138.00,1036.18
-12.00,138.00,1036.10
-7.00,138.00,1036.01
-2.00,138.00,1036.00
3.00,138.00,1035.87
8.00,138.00,1035.60
13.00,138.00,1035.43
18.00,138.00,1035.26
23.00,138.00,1035.17
28.00,138.00,1035.32
33.00,138.00,1035.41
38.00,138.00,1035.43
43.00,138.00,1035.41
48.00,138.00,1035.40
53.00,138.00,1035.39
58.00,138.00,1035.37
63.00,138.00,1034.35
68.00,138.00,1032.85
73.00,138.00,1032.12
78.00,138.00,1031.89
83.00,138.00,1031.78
88.00,138.00,1031.65
93.00,138.00,1031.28
98.00,138.00,1030.83
103.00,138.00,1030.81
108.00,138.00,1031.05
113.00,138.00,1031.60
118.00,138.00,1032.26
123.00,138.00,1032.63
128.00,138.00,1032.67
133.00,138.00,1032.81
138.00,138.00,1032.85
143.00,138.00,1032.78
148.00,138.00,1032.71
153.00,138.00,1032.39
158.00,138.00,1032.15
163.00,138.00,1032.18
168.00,138.00,1032.08
173.00,138.00,1031.60
178.00,138.00,1031.07
183.00,138.00,1030.78
188.00,138.00,1030.58
193.00,138.00,1030.54
198.00,138.00,1030.41
203.00,138.00,1030.45
208.00,138.00,1030.45
213.00,138.00,1030.45
218.00,138.00,1030.45
223.00,138.00,1030.44
228.00,138.00,1030.43
233.00,138.00,1030.43
238.00,138.00,1030.43
243.00,138.00,1030.43
248.00,138.00,1030.43
253.00,138.00,1030.43
258.00,138.00,1030.42
263.00,138.00,1030.42
268.00,138.00,1030.42
273.00,138.00,1030.41
278.00,138.00,1030.41
283.00,138.00,1030.40
288.00,138.00,1030.39
293.00,138.00,1030.39
298.00,138.00,1030.39
303.00,138.00,1030.38
308.00,138.00,1030.37
313.00,138.00,1030.38
318.00,138.00,1030.36
323.00,138.00,1030.36
328.00,138.00,1030.35
333.00,138.00,1030.33
338.00,138.00,1030.31
343.00,138.00,1030.28
348.00,138.00,1030.24
353.00,138.00,1030.20
358.00,138.00,1030.17
-242.00,143.00,1036.72
-237.00,143.00,1036.54
-232.00,143.00,1036.53
-227.00,143.00,1036.54
-222.00,143.00,1036.54
-217.00,143.00,1036.40
-212.00,143.00,1036.53
-207.00,143.00,1036.69
-202.00,143.00,1036.81
-197.00,143.00,1036.89
-192.00,143.00,1036.94
-187.00,143.00,1037.01
-182.00,143.00,1036.97
-177.00,143.00,1036.88
-172.00,143.00,1036.78
-167.00,143.00,1036.65
-162.00,143.00,1036.59
-157.00,143.00,1036.58
-152.00,143.00,1036.39
-147.00,143.00,1036.23
-142.00,143.00,1036.02
-137.00,143.00,1036.08
-132.00,143.00,1036.02
-127.00,143.00,1035.98
-122.00,143.00,1036.17
-117.00,143.00,1036.21
-112.00,143.00,1036.42
-107.00,143.00,1036.43
-102.00,143.00,1036.26
-97.00,143.00,1036.12
-92.00,143.00,1035.79
-87.00,143.00,1035.36
-82.00,143.00,1035.25
-77.00,143.00,1035.24
-72.00,143.00,1035.30
-67.00,143.00,1035.25
-62.00,143.00,1035.76
-57.00,143.00,1036.17
-52.00,143.00,1036.19
-47.00,143.00,1036.22
-42.00,143.00,1036.17
-37.00,143.00,1036.25
-32.00,143.00,1036.30
-27.00,143.00,1036.23
-22.00,143.00,1036.27
-17.00,143.00,1036.24
-12.00,143.00,1036.18
-7.00,143.00,1036.06
-2.00,143.00,1036.01
3.00,143.00,1035.95
8.00,143.00,1035.75
13.00,143.00,1035.55
18.00,143.00,1035.35
23.00,143.00,1035.14
28.00,143.00,1035.19
33.00,143.00,1035.29
38.00,143.00,1035.37
43.00,143.00,1035.40
48.00,143.00,1035.39
53.00,143.00,1035.25
58.00,143.00,1033.12
63.00,143.00,1032.35
68.00,143.00,1031.87
73.00,143.00,1031.65
78.00,143.00,1031.42
83.00,143.00,1031.10
88.00,143.00,1030.83
93.00,143.00,1030.74
98.00,143.00,1030.71
103.00,143.00,1030.73
108.00,143.00,1030.84
113.00,143.00,1031.39
118.00,143.00,1031.60
123.00,143.00,1031.99
128.00,143.00,1032.21
133.00,143.00,1032.27
138.00,143.00,1032.11
143.00,143.00,1032.05
148.00,143.00,1031.87
153.00,143.00,1031.49
158.00,143.00,1031.12
163.00,143.00,1030.89
168.00,143.00,1030.74
173.00,143.00,1030.59
178.00,143.00,1030.57
183.00,143.00,1030.48
188.00,143.00,1030.39
193.00,143.00,1030.45
198.00,143.00,1030.45
203.00,143.00,1030.45
208.00,143.00,1030.44
213.00,143.00,1030.44
218.00,143.00,1030.44
223.00,143.00,1030.43
228.00,143.00,1030.44
233.00,143.00,1030.43
238.00,143.00,1030.43
243.00,143.00,1030.43
248.00,143.00,1030.42
253.00,143.00,1030.42
258.00,143.00,1030.42
263.00,143.00,1030.42
268.00,143.00,1030.41
273.00,143.00,1030.41
278.00,143.00,1030.42
283.00,143.00,1030.41
288.00,143.00,1030.40
293.00,143.00,1030.39
298.00,143.00,1030.38
303.00,143.00,1030.39
308.00,143.00,1030.38
313.00,143.00,1030.38
318.00,143.00,1030.36
323.00,143.00,1030.35
328.00,143.00,1030.36
333.00,143.00,1030.33
338.00,143.00,1030.31
343.00,143.00,1030.28
348.00,143.00,1030.24
353.00,143.00,1030.22
358.00,143.00,1030.18
-242.00,148.00,1036.88
-237.00,148.00,1036.80
-232.00,148.00,1036.70
-227.00,148.00,1036.52
-222.00,148.00,1036.64
-217.00,148.00,1036.65
-212.00,148.00,1036.80
-207.00,148.00,1036.91
-202.00,148.00,1036.99
-197.00,148.00,1036.97
-192.00,148.00,1036.94
-187.00,148.00,1036.82
-182.00,148.00,1036.81
-177.00,148.00,1036.70
-172.00,148.00,1036.67
-167.00,148.00,1036.64
-162.00,148.00,1036.49
-157.00,148.00,1036.32
-152.00,148.00,1036.23
-147.00,148.00,1036.01
-142.00,148.00,1036.05
-137.00,148.00,1035.98
-132.00,148.00,1036.03
-127.00,148.00,1036.19
-122.00,148.00,1036.42
-117.00,148.00,1036.41
-112.00,148.00,1036.27
-107.00,148.00,1036.18
-102.00,148.00,1035.99
-97.00,148.00,1035.51
-92.00,148.00,1035.33
-87.00,148.00,1035.28
-82.00,148.00,1035.25
-77.00,148.00,1035.19
-72.00,148.00,1035.17
-67.00,148.00,1035.19
-62.00,148.00,1036.04
-57.00,148.00,1036.15
-52.00,148.00,1036.17
-47.00,148.00,1036.26
-42.00,148.00,1036.19
-37.00,148.00,1036.26
-32.00,148.00,1036.30
-27.00,148.00,1036.30
-22.00,148.00,1036.26
-17.00,148.00,1036.29
-12.00,148.00,1036.21
-7.00,148.00,1036.14
-2.00,148.00,1036.06
3.00,148.00,1036.03
8.00,148.00,1035.86
13.00,148.00,1035.67
18.00,148.00,1035.47
23.00,148.00,1035.27
28.00,148.00,1035.20
33.00,148.00,1035.23
38.00,148.00,1035.28
43.00,148.00,1035.21
48.00,148.00,1034.19
53.00,148.00,1032.32
58.00,148.00,1032.09
63.00,148.00,1031.68
68.00,148.00,1031.30
73.00,148.00,1030.94
78.00,148.00,1030.89
83.00,148.00,1030.75
88.00,148.00,1030.70
93.00,148.00,1030.68
98.00,148.00,1030.73
103.00,148.00,1030.68
108.00,148.00,1030.71
113.00,148.00,1030.99
118.00,148.00,1031.08
123.00,148.00,1031.04
128.00,148.00,1031.01
133.00,148.00,1031.00
138.00,148.00,1030.93
143.00,148.00,1030.71
148.00,148.00,1030.63
153.00,148.00,1030.59
158.00,148.00,1030.55
163.00,148.00,1030.46
168.00,148.00,1030.50
173.00,148.00,1030.49
178.00,148.00,1030.49
183.00,148.00,1030.48
188.00,148.00,1030.48
193.00,148.00,1030.46
198.00,148.00,1030.45
203.00,148.00,1030.45
208.00,148.00,1030.45
213.00,148.00,1030.44
218.00,148.00,1030.44
223.00,148.00,1030.43
228.00,148.00,1030.43
233.00,148.00,1030.42
238.00,148.00,1030.42
243.00,148.00,1030.42
248.00,148.00,1030.43
253.00,148.00,1030.42
258.00,148.00,1030.43
263.00,148.00,1030.42
268.00,148.00,1030.41
273.00,148.00,1030.41
278.00,148.00,1030.41
283.00,148.00,1030.40
288.00,148.00,1030.40
293.00,148.00,1030.40
298.00,148.00,1030.39
303.00,148.00,1030.39
308.00,148.00,1030.38
313.00,148.00,1030.37
318.00,148.00,1030.37
323.00,148.00,1030.36
328.00,148.00,1030.35
333.00,148.00,1030.33
338.00,148.00,1030.30
343.00,148.00,1030.28
348.00,148.00,1030.24
353.00,148.00,1030.22
358.00,148.00,1030.19
-242.00,153.00,1036.94
-237.00,153.00,1036.92
-232.00,153.00,1036.88
-227.00,153.00,1036.77
-222.00,153.00,1036.78
-217.00,153.00,1036.90
-212.00,153.00,1036.92
-207.00,153.00,1036.99
-202.00,153.00,1037.04
-197.00,153.00,1036.94
-192.00,153.00,1036.72
-187.00,153.00,1036.54
-182.00,153.00,1036.58
-177.00,153.00,1036.65
-172.00,153.00,1036.54
-167.00,153.00,1036.40
-162.00,153.00,1036.23
-157.00,153.00,1036.14
-152.00,153.00,1036.05
-147.00,153.00,1036.06
-142.00,153.00,1035.95
-137.00,153.00,1036.12
-132.00,153.00,1036.17
-127.00,153.00,1036.29
-122.00,153.00,1036.33
-117.00,153.00,1036.19
-112.00,153.00,1036.04
-107.00,153.00,1036.02
-102.00,153.00,1035.58
-97.00,153.00,1035.23
-92.00,153.00,1035.10
-87.00,153.00,1035.08
-82.00,153.00,1035.12
-77.00,153.00,1035.10
-72.00,153.00,1035.11
-67.00,153.00,1035.14
-62.00,153.00,1035.40
-57.00,153.00,1036.13
-52.00,153.00,1036.20
-47.00,153.00,1036.22
-42.00,153.00,1036.21
-37.00,153.00,1036.30
-32.00,153.00,1036.31
-27.00,153.00,1036.29
-22.00,153.00,1036.26
-17.00,153.00,1036.29
-12.00,153.00,1036.25
-7.00,153.00,1036.19
-2.00,153.00,1036.13
3.00,153.00,1036.08
8.00,153.00,1035.99
13.00,153.00,1035.93
18.00,153.00,1035.71
23.00,153.00,1035.44
28.00,153.00,1035.31
33.00,153.00,1035.12
38.00,153.00,1034.02
43.00,153.00,1032.36
48.00,153.00,1031.88
53.00,153.00,1031.75
58.00,153.00,1031.44
63.00,153.00,1030.93
68.00,153.00,1030.91
73.00,153.00,1030.84
78.00,153.00,1030.74
83.00,153.00,1030.70
88.00,153.00,1030.75
93.00,153.00,1030.72
98.00,153.00,1030.77
103.00,153.00,1030.64
108.00,153.00,1030.74
113.00,153.00,1030.71
118.00,153.00,1030.70
123.00,153.00,1030.68
128.00,153.00,1030.66
133.00,153.00,1030.65
138.00,153.00,1030.63
143.00,153.00,1030.61
148.00,153.00,1030.63
153.00,153.00,1030.54
158.00,153.00,1030.47
163.00,153.00,1030.48
168.00,153.00,1030.48
173.00,153.00,1030.49
178.00,153.00,1030.49
183.00,153.00,1030.49
188.00,153.00,1030.48
193.00,153.00,1030.47
198.00,153.00,1030.46
203.00,153.00,1030.46
208.00,153.00,1030.45
213.00,153.00,1030.45
218.00,153.00,1030.44
223.00,153.00,1030.44
228.00,153.00,1030.42
233.00,153.00,1030.43
238.00,153.00,1030.42
243.00,153.00,1030.42
248.00,153.00,1030.42
253.00,153.00,1030.42
258.00,153.00,1030.43
263.00,153.00,1030.42
268.00,153.00,1030.42
273.00,153.00,1030.41
278.00,153.00,1030.41
283.00,153.00,1030.40
288.00,153.00,1030.40
293.00,153.00,1030.40
298.00,153.00,1030.39
303.00,153.00,1030.39
308.00,153.00,1030.38
313.00,153.00,1030.37
318.00,153.00,1030.37
323.00,153.00,1030.36
328.00,153.00,1030.34
333.00,153.00,1030.33
338.00,153.00,1030.30
343.00,153.00,1030.27
348.00,153.00,1030.24
353.00,153.00,1030.21
358.00,153.00,1030.16
-242.00,158.00,1036.94
-237.00,158.00,1037.02
-232.00,158.00,1037.04
-227.00,158.00,1037.04
-222.00,158.00,1037.03
-217.00,158.00,1037.02
-212.00,158.00,1037.07
-207.00,158.00,1037.14
-202.00,158.00,1036.93
-197.00,158.00,1036.73
-192.00,158.00,1036.28
-187.00,158.00,1036.24
-182.00,158.00,1036.50
-177.00,158.00,1036.51
-172.00,158.00,1036.28
-167.00,158.00,1036.18
-162.00,158.00,1035.98
-157.00,158.00,1036.03
-152.00,158.00,1035.98
-147.00,158.00,1035.94
-142.00,158.00,1036.18
-137.00,158.00,1036.40
-132.00,158.00,1036.28
-127.00,158.00,1036.25
-122.00,158.00,1036.09
-117.00,158.00,1036.04
-112.00,158.00,1035.74
-107.00,158.00,1035.40
-102.00,158.00,1035.09
-97.00,158.00,1035.03
-92.00,158.00,1035.05
-87.00,158.00,1034.99
-82.00,158.00,1035.04
-77.00,158.00,1035.00
-72.00,158.00,1035.04
-67.00,158.00,1035.03
-62.00,158.00,1035.20
-57.00,158.00,1035.82
-52.00,158.00,1036.21
-47.00,158.00,1036.27
-42.00,158.00,1036.27
-37.00,158.00,1036.32
-32.00,158.00,1036.31
-27.00,158.00,1036.30
-22.00,158.00,1036.29
-17.00,158.00,1036.24
-12.00,158.00,1036.24
-7.00,158.00,1036.21
-2.00,158.00,1036.20
3.00,158.00,1036.15
8.00,158.00,1036.14
13.00,158.00,1036.08
18.00,158.00,1035.97
23.00,158.00,1035.72
28.00,158.00,1035.27
33.00,158.00,1033.04
38.00,158.00,1031.98
43.00,158.00,1031.71
48.00,158.00,1031.23
53.00,158.00,1031.00
58.00,158.00,1030.99
63.00,158.00,1031.07
68.00,158.00,1031.02
73.00,158.00,1030.93
78.00,158.00,1030.71
83.00,158.00,1030.76
88.00,158.00,1030.77
93.00,158.00,1030.75
98.00,158.00,1030.74
103.00,158.00,1030.72
108.00,158.00,1030.74
113.00,158.00,1030.75
118.00,158.00,1030.72
123.00,158.00,1030.70
128.00,158.00,1030.67
133.00,158.00,1030.66
138.00,158.00,1030.65
143.00,158.00,1030.54
148.00,158.00,1030.54
153.00,158.00,1030.45
158.00,158.00,1030.49
163.00,158.00,1030.49
168.00,158.00,1030.49
173.00,158.00,1030.49
178.00,158.00,1030.49
183.00,158.00,1030.49
188.00,158.00,1030.48
193.00,158.00,1030.47
198.00,158.00,1030.47
203.00,158.00,1030.45
208.00,158.00,1030.45
213.00,158.00,1030.45
218.00,158.00,1030.45
223.00,158.00,1030.43
228.00,158.00,1030.43
233.00,158.00,1030.42
238.00,158.00,1030.42
243.00,158.00,1030.42
248.00,158.00,1030.42
253.00,158.00,1030.42
258.00,158.00,1030.42
263.00,158.00,1030.42
268.00,158.00,1030.42
273.00,158.00,1030.42
278.00,158.00,1030.41
283.00,158.00,1030.41
288.00,158.00,1030.40
293.00,158.00,1030.39
298.00,158.00,1030.39
303.00,158.00,1030.39
308.00,158.00,1030.39
313.00,158.00,1030.37
318.00,158.00,1030.37
323.00,158.00,1030.35
328.00,158.00,1030.34
333.00,158.00,1030.32
338.00,158.00,1030.31
343.00,158.00,1030.30
348.00,158.00,1030.26
353.00,158.00,1030.20
358.00,158.00,1030.15
-242.00,163.00,1037.03
-237.00,163.00,1037.06
-232.00,163.00,1037.08
-227.00,163.00,1037.10
-222.00,163.00,1037.07
-217.00,163.00,1037.16
-212.00,163.00,1037.15
-207.00,163.00,1037.00
-202.00,163.00,1036.78
-197.00,163.00,1036.58
-192.00,163.00,1036.06
-187.00,163.00,1036.05
-182.00,163.00,1036.24
-177.00,163.00,1036.18
-172.00,163.00,1036.07
-167.00,163.00,1035.90
-162.00,163.00,1035.98
-157.00,163.00,1035.94
-152.00,163.00,1036.00
-147.00,163.00,1036.05
-142.00,163.00,1036.45
-137.00,163.00,1036.60
-132.00,163.00,1036.34
-127.00,163.00,1036.14
-122.00,163.00,1036.07
-117.00,163.00,1035.83
-112.00,163.00,1035.35
-107.00,163.00,1035.03
-102.00,163.00,1034.90
-97.00,163.00,1034.98
-92.00,163.00,1035.04
-87.00,163.00,1034.98
-82.00,163.00,1035.02
-77.00,163.00,1034.91
-72.00,163.00,1034.93
-67.00,163.00,1035.00
-62.00,163.00,1035.23
-57.00,163.00,1035.51
-52.00,163.00,1036.17
-47.00,163.00,1036.27
-42.00,163.00,1036.32
-37.00,163.00,1036.32
-32.00,163.00,1036.35
-27.00,163.00,1036.31
-22.00,163.00,1036.27
-17.00,163.00,1036.25
-12.00,163.00,1036.21
-7.00,163.00,1036.23
-2.00,163.00,1036.19
3.00,163.00,1036.21
8.00,163.00,1036.15
13.00,163.00,1036.12
18.00,163.00,1036.01
23.00,163.00,1034.54
28.00,163.00,1032.24
33.00,163.00,1031.74
38.00,163.00,1031.42
43.00,163.00,1030.91
48.00,163.00,1030.82
53.00,163.00,1030.79
58.00,163.00,1030.81
63.00,163.00,1030.80
68.00,163.00,1030.79
73.00,163.00,1030.79
78.00,163.00,1030.73
83.00,163.00,1030.72
88.00,163.00,1030.74
93.00,163.00,1030.74
98.00,163.00,1030.72
103.00,163.00,1030.73
108.00,163.00,1030.73
113.00,163.00,1030.72
118.00,163.00,1030.70
123.00,163.00,1030.69
128.00,163.00,1030.69
133.00,163.00,1030.58
138.00,163.00,1030.61
143.00,163.00,1030.51
148.00,163.00,1030.50
153.00,163.00,1030.51
158.00,163.00,1030.48
163.00,163.00,1030.48
168.00,163.00,1030.48
173.00,163.00,1030.50
178.00,163.00,1030.48
183.00,163.00,1030.48
188.00,163.00,1030.48
193.00,163.00,1030.46
198.00,163.00,1030.46
203.00,163.00,1030.45
208.00,163.00,1030.46
213.00,163.00,1030.44
218.00,163.00,1030.45
223.00,163.00,1030.42
228.00,163.00,1030.41
233.00,163.00,1030.42
238.00,163.00,1030.42
243.00,163.00,1030.42
248.00,163.00,1030.43
253.00,163.00,1030.41
258.00,163.00,1030.42
263.00,163.00,1030.42
268.00,163.00,1030.41
273.00,163.00,1030.41
278.00,163.00,1030.40
283.00,163.00,1030.41
288.00,163.00,1030.40
293.00,163.00,1030.40
298.00,163.00,1030.39
303.00,163.00,1030.39
308.00,163.00,1030.37
313.00,163.00,1030.37
318.00,163.00,1030.36
323.00,163.00,1030.34
328.00,163.00,1030.34
333.00,163.00,1030.33
338.00,163.00,1030.31
343.00,163.00,1030.30
348.00,163.00,1030.26
353.00,163.00,1030.20
358.00,163.00,1030.12
-242.00,168.00,1037.11
-237.00,168.00,1037.14
-232.00,168.00,1037.14
-227.00,168.00,1037.22
-222.00,168.00,1037.19
-217.00,168.00,1037.11
-212.00,168.00,1036.99
-207.00,168.00,1036.87
-202.00,168.00,1036.81
-197.00,168.00,1036.45
-192.00,168.00,1035.84
-187.00,168.00,1035.86
-182.00,168.00,1036.13
-177.00,168.00,1035.84
-172.00,168.00,1035.83
-167.00,168.00,1035.89
-162.00,168.00,1035.89
-157.00,168.00,1036.07
-152.00,168.00,1036.17
-147.00,168.00,1036.14
-142.00,168.00,1036.39
-137.00,168.00,1036.29
-132.00,168.00,1036.17
-127.00,168.00,1036.17
-122.00,168.00,1036.05
-117.00,168.00,1035.43
-112.00,168.00,1034.93
-107.00,168.00,1034.89
-102.00,168.00,1034.81
-97.00,168.00,1034.90
-92.00,168.00,1035.00
-87.00,168.00,1034.90
-82.00,168.00,1034.86
-77.00,168.00,1034.92
-72.00,168.00,1035.06
-67.00,168.00,1035.04
-62.00,168.00,1035.33
-57.00,168.00,1035.64
-52.00,168.00,1035.95
-47.00,168.00,1036.20
-42.00,168.00,1036.20
-37.00,168.00,1036.20
-32.00,168.00,1036.28
-27.00,168.00,1036.26
-22.00,168.00,1036.23
-17.00,168.00,1036.24
-12.00,168.00,1036.19
-7.00,168.00,1036.17
-2.00,168.00,1036.20
3.00,168.00,1036.15
8.00,168.00,1036.06
13.00,168.00,1036.07
18.00,168.00,1033.49
23.00,168.00,1031.76
28.00,168.00,1031.52
33.00,168.00,1031.18
38.00,168.00,1030.81
43.00,168.00,1030.86
48.00,168.00,1030.80
53.00,168.00,1030.80
58.00,168.00,1030.83
63.00,168.00,1030.88
68.00,168.00,1030.84
73.00,168.00,1030.78
78.00,168.00,1030.74
83.00,168.00,1030.75
88.00,168.00,1030.75
93.00,168.00,1030.71
98.00,168.00,1030.71
103.00,168.00,1030.73
108.00,168.00,1030.72
113.00,168.00,1030.72
118.00,168.00,1030.69
123.00,168.00,1030.66
128.00,168.00,1030.68
133.00,168.00,1030.57
138.00,168.00,1030.54
143.00,168.00,1030.53
148.00,168.00,1030.51
153.00,168.00,1030.51
158.00,168.00,1030.53
163.00,168.00,1030.50
168.00,168.00,1030.50
173.00,168.00,1030.50
178.00,168.00,1030.49
183.00,168.00,1030.49
188.00,168.00,1030.49
193.00,168.00,1030.47
198.00,168.00,1030.46
203.00,168.00,1030.46
208.00,168.00,1030.46
213.00,168.00,1030.45
218.00,168.00,1030.45
223.00,168.00,1030.43
228.00,168.00,1030.43
233.00,168.00,1030.42
238.00,168.00,1030.43
243.00,168.00,1030.42
248.00,168.00,1030.42
253.00,168.00,1030.42
258.00,168.00,1030.42
263.00,168.00,1030.42
268.00,168.00,1030.41
273.00,168.00,1030.41
278.00,168.00,1030.41
283.00,168.00,1030.41
288.00,168.00,1030.41
293.00,168.00,1030.40
298.00,168.00,1030.39
303.00,168.00,1030.38
308.00,168.00,1030.37
313.00,168.00,1030.36
318.00,168.00,1030.35
323.00,168.00,1030.34
328.00,168.00,1030.34
333.00,168.00,1030.34
338.00,168.00,1030.33
343.00,168.00,1030.32
348.00,168.00,1030.27
353.00,168.00,1030.13
358.00,168.00,1030.10
-242.00,173.00,1037.09
-237.00,173.00,1037.25
-232.00,173.00,1037.28
-227.00,173.00,1037.26
-222.00,173.00,1037.13
-217.00,173.00,1036.94
-212.00,173.00,1036.90
-207.00,173.00,1036.87
-202.00,173.00,1036.79
-197.00,173.00,1036.24
-192.00,173.00,1035.57
-187.00,173.00,1035.57
-182.00,173.00,1035.60
-177.00,173.00,1035.75
-172.00,173.00,1035.75
-167.00,173.00,1035.83
-162.00,173.00,1036.02
-157.00,173.00,1036.18
-152.00,173.00,1036.09
-147.00,173.00,1036.04
-142.00,173.00,1036.03
-137.00,173.00,1036.00
-132.00,173.00,1036.05
-127.00,173.00,1036.03
-122.00,173.00,1036.02
-117.00,173.00,1035.78
-112.00,173.00,1034.72
-107.00,173.00,1034.81
-102.00,173.00,1034.86
-97.00,173.00,1034.87
-92.00,173.00,1034.81
-87.00,173.00,1034.80
-82.00,173.00,1034.97
-77.00,173.00,1035.12
-72.00,173.00,1035.11
-67.00,173.00,1035.11
-62.00,173.00,1035.33
-57.00,173.00,1035.79
-52.00,173.00,1036.10
-47.00,173.00,1036.27
-42.00,173.00,1036.15
-37.00,173.00,1036.12
-32.00,173.00,1036.27
-27.00,173.00,1036.28
-22.00,173.00,1036.19
-17.00,173.00,1036.16
-12.00,173.00,1036.11
-7.00,173.00,1036.09
-2.00,173.00,1036.09
3.00,173.00,1036.17
8.00,173.00,1034.06
13.00,173.00,1032.29
18.00,173.00,1031.50
23.00,173.00,1031.38
28.00,173.00,1030.95
33.00,173.00,1030.88
38.00,173.00,1030.86
43.00,173.00,1030.84
48.00,173.00,1030.83
53.00,173.00,1030.87
58.00,173.00,1030.84
63.00,173.00,1030.85
68.00,173.00,1030.83
73.00,173.00,1030.81
78.00,173.00,1030.74
83.00,173.00,1030.71
88.00,173.00,1030.74
93.00,173.00,1030.73
98.00,173.00,1030.71
103.00,173.00,1030.71
108.00,173.00,1030.73
113.00,173.00,1030.71
118.00,173.00,1030.64
123.00,173.00,1030.66
128.00,173.00,1030.64
133.00,173.00,1030.59
138.00,173.00,1030.55
143.00,173.00,1030.55
148.00,173.00,1030.53
153.00,173.00,1030.54
158.00,173.00,1030.52
163.00,173.00,1030.51
168.00,173.00,1030.50
173.00,173.00,1030.50
178.00,173.00,1030.50
183.00,173.00,1030.49
188.00,173.00,1030.49
193.00,173.00,1030.48
198.00,173.00,1030.47
203.00,173.00,1030.47
208.00,173.00,1030.45
213.00,173.00,1030.45
218.00,173.00,1030.45
223.00,173.00,1030.43
228.00,173.00,1030.43
233.00,173.00,1030.42
238.00,173.00,1030.43
243.00,173.00,1030.42
248.00,173.00,1030.42
253.00,173.00,1030.42
258.00,173.00,1030.42
263.00,173.00,1030.42
268.00,173.00,1030.41
273.00,173.00,1030.42
278.00,173.00,1030.41
283.00,173.00,1030.41
288.00,173.00,1030.41
293.00,173.00,1030.39
298.00,173.00,1030.38
303.00,173.00,1030.37
308.00,173.00,1030.35
313.00,173.00,1030.35
318.00,173.00,1030.34
323.00,173.00,1030.34
328.00,173.00,1030.34
333.00,173.00,1030.33
338.00,173.00,1030.34
343.00,173.00,1030.34
348.00,173.00,1030.29
353.00,173.00,1030.24
358.00,173.00,1030.57
-242.00,178.00,1037.13
-237.00,178.00,1037.21
-232.00,178.00,1037.19
-227.00,178.00,1037.06
-222.00,178.00,1036.90
-217.00,178.00,1036.86
-212.00,178.00,1036.90
-207.00,178.00,1036.82
-202.00,178.00,1036.31
-197.00,178.00,1035.64
-192.00,178.00,1035.32
-187.00,178.00,1035.43
-182.00,178.00,1035.57
-177.00,178.00,1035.61
-172.00,178.00,1035.75
-167.00,178.00,1035.85
-162.00,178.00,1035.98
-157.00,178.00,1036.12
-152.00,178.00,1036.16
-147.00,178.00,1035.93
-142.00,178.00,1035.84
-137.00,178.00,1035.80
-132.00,178.00,1035.81
-127.00,178.00,1035.80
-122.00,178.00,1035.70
-117.00,178.00,1035.14
-112.00,178.00,1034.71
-107.00,178.00,1034.62
-102.00,178.00,1034.79
-97.00,178.00,1034.70
-92.00,178.00,1034.78
-87.00,178.00,1035.03
-82.00,178.00,1035.15
-77.00,178.00,1035.14
-72.00,178.00,1035.14
-67.00,178.00,1035.21
-62.00,178.00,1035.30
-57.00,178.00,1036.08
-52.00,178.00,1036.27
-47.00,178.00,1036.59
-42.00,178.00,1036.34
-37.00,178.00,1036.16
-32.00,178.00,1036.23
-27.00,178.00,1036.30
-22.00,178.00,1036.22
-17.00,178.00,1036.14
-12.00,178.00,1036.07
-7.00,178.00,1035.79
-2.00,178.00,1034.99
3.00,178.00,1033.75
8.00,178.00,1031.68
13.00,178.00,1031.40
18.00,178.00,1031.21
23.00,178.00,1030.92
28.00,178.00,1030.85
33.00,178.00,1030.90
38.00,178.00,1030.84
43.00,178.00,1030.84
48.00,178.00,1030.83
53.00,178.00,1030.88
58.00,178.00,1030.84
63.00,178.00,1030.86
68.00,178.00,1030.83
73.00,178.00,1030.79
78.00,178.00,1030.76
83.00,178.00,1030.73
88.00,178.00,1030.70
93.00,178.00,1030.72
98.00,178.00,1030.73
103.00,178.00,1030.72
108.00,178.00,1030.71
113.00,178.00,1030.72
118.00,178.00,1030.67
123.00,178.00,1030.66
128.00,178.00,1030.65
133.00,178.00,1030.61
138.00,178.00,1030.58
143.00,178.00,1030.55
148.00,178.00,1030.55
153.00,178.00,1030.56
158.00,178.00,1030.54
163.00,178.00,1030.52
168.00,178.00,1030.52
173.00,178.00,1030.51
178.00,178.00,1030.49
183.00,178.00,1030.48
188.00,178.00,1030.49
193.00,178.00,1030.48
198.00,178.00,1030.46
203.00,178.00,1030.47
208.00,178.00,1030.46
213.00,178.00,1030.44
218.00,178.00,1030.45
223.00,178.00,1030.43
228.00,178.00,1030.43
233.00,178.00,1030.43
238.00,178.00,1030.42
243.00,178.00,1030.42
248.00,178.00,1030.42
253.00,178.00,1030.43
258.00,178.00,1030.42
263.00,178.00,1030.43
268.00,178.00,1030.42
273.00,178.00,1030.42
278.00,178.00,1030.41
283.00,178.00,1030.40
288.00,178.00,1030.40
293.00,178.00,1030.41
298.00,178.00,1030.37
303.00,178.00,1030.35
308.00,178.00,1030.34
313.00,178.00,1030.33
318.00,178.00,1030.32
323.00,178.00,1030.34
328.00,178.00,1030.34
333.00,178.00,1030.33
338.00,178.00,1030.32
343.00,178.00,1030.31
348.00,178.00,1030.19
353.00,178.00,1030.17
358.00,178.00,1030.06
-242.00,183.00,1037.20
-237.00,183.00,1037.14
-232.00,183.00,1036.93
-227.00,183.00,1036.85
-222.00,183.00,1036.80
-217.00,183.00,1036.85
-212.00,183.00,1036.73
-207.00,183.00,1035.71
-202.00,183.00,1035.28
-197.00,183.00,1035.20
-192.00,183.00,1035.30
-187.00,183.00,1035.39
-182.00,183.00,1035.41
-177.00,183.00,1035.65
-172.00,183.00,1035.83
-167.00,183.00,1035.95
-162.00,183.00,1035.88
-157.00,183.00,1035.88
-152.00,183.00,1035.73
-147.00,183.00,1035.48
-142.00,183.00,1035.47
-137.00,183.00,1035.47
-132.00,183.00,1035.43
-127.00,183.00,1035.40
-122.00,183.00,1035.19
-117.00,183.00,1034.96
-112.00,183.00,1034.71
-107.00,183.00,1034.63
-102.00,183.00,1034.60
-97.00,183.00,1034.73
-92.00,183.00,1034.95
-87.00,183.00,1035.19
-82.00,183.00,1035.18
-77.00,183.00,1035.23
-72.00,183.00,1035.14
-67.00,183.00,1035.25
-62.00,183.00,1035.63
-57.00,183.00,1036.28
-52.00,183.00,1036.52
-47.00,183.00,1036.73
-42.00,183.00,1036.86
-37.00,183.00,1036.37
-32.00,183.00,1036.79
-27.00,183.00,1037.13
-22.00,183.00,1036.76
-17.00,183.00,1036.23
-12.00,183.00,1035.43
-7.00,183.00,1034.32
-2.00,183.00,1032.92
3.00,183.00,1031.59
8.00,183.00,1031.31
13.00,183.00,1030.93
18.00,183.00,1030.86
23.00,183.00,1030.86
28.00,183.00,1030.95
33.00,183.00,1030.99
38.00,183.00,1030.84
43.00,183.00,1030.87
48.00,183.00,1030.86
53.00,183.00,1030.85
58.00,183.00,1030.86
63.00,183.00,1030.84
68.00,183.00,1030.82
73.00,183.00,1030.80
78.00,183.00,1030.78
83.00,183.00,1030.72
88.00,183.00,1030.71
93.00,183.00,1030.72
98.00,183.00,1030.74
103.00,183.00,1030.72
108.00,183.00,1030.71
113.00,183.00,1030.70
118.00,183.00,1030.67
123.00,183.00,1030.67
128.00,183.00,1030.64
133.00,183.00,1030.62
138.00,183.00,1030.58
143.00,183.00,1030.56
148.00,183.00,1030.55
153.00,183.00,1030.56
158.00,183.00,1030.55
163.00,183.00,1030.52
168.00,183.00,1030.52
173.00,183.00,1030.50
178.00,183.00,1030.52
183.00,183.00,1030.50
188.00,183.00,1030.49
193.00,183.00,1030.46
198.00,183.00,1030.47
203.00,183.00,1030.47
208.00,183.00,1030.46
213.00,183.00,1030.45
218.00,183.00,1030.45
223.00,183.00,1030.44
228.00,183.00,1030.44
233.00,183.00,1030.42
238.00,183.00,1030.43
243.00,183.00,1030.42
248.00,183.00,1030.42
253.00,183.00,1030.42
258.00,183.00,1030.42
263.00,183.00,1030.42
268.00,183.00,1030.43
273.00,183.00,1030.51
278.00,183.00,1030.62
283.00,183.00,1030.83
288.00,183.00,1030.89
293.00,183.00,1030.90
298.00,183.00,1030.87
303.00,183.00,1030.51
308.00,183.00,1030.34
313.00,183.00,1030.32
318.00,183.00,1030.33
323.00,183.00,1030.33
328.00,183.00,1030.34
333.00,183.00,1030.32
338.00,183.00,1030.30
343.00,183.00,1030.26
348.00,183.00,1030.17
353.00,183.00,1030.11
358.00,183.00,1030.09
