-271.00,-185.00,1076.99
-266.00,-185.00,1076.65
-261.00,-185.00,1076.65
-256.00,-185.00,1076.67
-251.00,-185.00,1076.70
-246.00,-185.00,1076.65
-241.00,-185.00,1077.92
-236.00,-185.00,1078.77
-231.00,-185.00,1079.84
-226.00,-185.00,1081.02
-221.00,-185.00,1081.43
-216.00,-185.00,1081.36
-211.00,-185.00,1081.15
-206.00,-185.00,1081.07
-201.00,-185.00,1081.03
-196.00,-185.00,1080.88
-191.00,-185.00,1080.74
-186.00,-185.00,1080.44
-181.00,-185.00,1079.91
-176.00,-185.00,1079.39
-171.00,-185.00,1078.97
-166.00,-185.00,1078.52
-161.00,-185.00,1077.98
-156.00,-185.00,1077.36
-151.00,-185.00,1076.82
-146.00,-185.00,1076.34
-141.00,-185.00,1075.77
-136.00,-185.00,1074.45
-131.00,-185.00,1073.84
-126.00,-185.00,1073.61
-121.00,-185.00,1073.70
-116.00,-185.00,1073.70
-111.00,-185.00,1073.57
-106.00,-185.00,1073.35
-101.00,-185.00,1073.13
-96.00,-185.00,1072.91
-91.00,-185.00,1072.68
-86.00,-185.00,1072.55
-81.00,-185.00,1072.43
-76.00,-185.00,1072.30
-71.00,-185.00,1072.25
-66.00,-185.00,1071.91
-61.00,-185.00,1071.55
-56.00,-185.00,1071.33
-51.00,-185.00,1071.42
-46.00,-185.00,1071.53
-41.00,-185.00,1071.63
-36.00,-185.00,1071.71
-31.00,-185.00,1071.73
-26.00,-185.00,1071.87
-21.00,-185.00,1071.95
-16.00,-185.00,1071.92
-11.00,-185.00,1071.81
-6.00,-185.00,1071.72
-1.00,-185.00,1071.54
4.00,-185.00,1071.43
9.00,-185.00,1071.02
14.00,-185.00,1070.78
19.00,-185.00,1070.69
24.00,-185.00,1070.71
29.00,-185.00,1070.95
34.00,-185.00,1071.15
39.00,-185.00,1070.83
44.00,-185.00,1070.69
49.00,-185.00,1070.54
54.00,-185.00,1070.47
59.00,-185.00,1070.36
64.00,-185.00,1070.23
69.00,-185.00,1070.24
74.00,-185.00,1070.24
79.00,-185.00,1070.22
84.00,-185.00,1070.11
89.00,-185.00,1070.09
94.00,-185.00,1070.03
99.00,-185.00,1069.85
104.00,-185.00,1069.78
109.00,-185.00,1069.65
114.00,-185.00,1069.63
119.00,-185.00,1069.60
124.00,-185.00,1069.14
129.00,-185.00,1068.94
134.00,-185.00,1069.08
139.00,-185.00,1069.25
144.00,-185.00,1069.21
149.00,-185.00,1069.09
154.00,-185.00,1068.98
159.00,-185.00,1069.32
164.00,-185.00,1070.10
169.00,-185.00,1070.34
174.00,-185.00,1069.86
179.00,-185.00,1068.69
184.00,-185.00,1068.41
189.00,-185.00,1068.42
194.00,-185.00,1068.37
199.00,-185.00,1068.34
204.00,-185.00,1068.28
209.00,-185.00,1068.22
214.00,-185.00,1068.17
219.00,-185.00,1068.09
224.00,-185.00,1068.04
229.00,-185.00,1068.00
234.00,-185.00,1067.95
239.00,-185.00,1067.87
244.00,-185.00,1067.83
249.00,-185.00,1067.76
254.00,-185.00,1067.74
259.00,-185.00,1067.68
264.00,-185.00,1067.66
269.00,-185.00,1067.62
274.00,-185.00,1067.55
279.00,-185.00,1067.48
284.00,-185.00,1067.45
289.00,-185.00,1067.41
294.00,-185.00,1067.37
299.00,-185.00,1067.31
304.00,-185.00,1067.25
309.00,-185.00,1067.20
314.00,-185.00,1067.16
319.00,-185.00,1067.11
324.00,-185.00,1067.04
329.00,-185.00,1066.98
-271.00,-180.00,1076.91
-266.00,-180.00,1076.71
-261.00,-180.00,1076.65
-256.00,-180.00,1076.66
-251.00,-180.00,1076.65
-246.00,-180.00,1076.67
-241.00,-180.00,1076.89
-236.00,-180.00,1078.53
-231.00,-180.00,1079.19
-226.00,-180.00,1080.33
-221.00,-180.00,1081.41
-216.00,-180.00,1081.41
-211.00,-180.00,1081.37
-206.00,-180.00,1081.20
-201.00,-180.00,1081.17
-196.00,-180.00,1081.04
-191.00,-180.00,1080.84
-186.00,-180.00,1080.52
-181.00,-180.00,1080.06
-176.00,-180.00,1079.65
-171.00,-180.00,1079.26
-166.00,-180.00,1078.70
-161.00,-180.00,1078.14
-156.00,-180.00,1077.57
-151.00,-180.00,1077.06
-146.00,-180.00,1076.56
-141.00,-180.00,1075.99
-136.00,-180.00,1075.55
-131.00,-180.00,1075.05
-126.00,-180.00,1074.68
-121.00,-180.00,1074.37
-116.00,-180.00,1074.10
-111.00,-180.00,1073.82
-106.00,-180.00,1073.50
-101.00,-180.00,1073.31
-96.00,-180.00,1072.99
-91.00,-180.00,1072.73
-86.00,-180.00,1072.53
-81.00,-180.00,1072.47
-76.00,-180.00,1072.33
-71.00,-180.00,1072.17
-66.00,-180.00,1071.85
-61.00,-180.00,1071.25
-56.00,-180.00,1071.17
-51.00,-180.00,1071.27
-46.00,-180.00,1071.40
-41.00,-180.00,1071.53
-36.00,-180.00,1071.63
-31.00,-180.00,1071.61
-26.00,-180.00,1071.71
-21.00,-180.00,1071.85
-16.00,-180.00,1071.81
-11.00,-180.00,1071.86
-6.00,-180.00,1071.73
-1.00,-180.00,1071.54
4.00,-180.00,1071.31
9.00,-180.00,1071.03
14.00,-180.00,1070.86
19.00,-180.00,1070.48
24.00,-180.00,1070.24
29.00,-180.00,1070.14
34.00,-180.00,1070.14
39.00,-180.00,1070.20
44.00,-180.00,1070.24
49.00,-180.00,1070.22
54.00,-180.00,1070.18
59.00,-180.00,1070.20
64.00,-180.00,1070.13
69.00,-180.00,1070.06
74.00,-180.00,1070.14
79.00,-180.00,1070.12
84.00,-180.00,1070.03
89.00,-180.00,1070.06
94.00,-180.00,1070.01
99.00,-180.00,1069.88
104.00,-180.00,1069.77
109.00,-180.00,1069.64
114.00,-180.00,1069.58
119.00,-180.00,1069.69
124.00,-180.00,1069.25
129.00,-180.00,1068.98
134.00,-180.00,1069.12
139.00,-180.00,1069.25
144.00,-180.00,1069.23
149.00,-180.00,1069.12
154.00,-180.00,1068.99
159.00,-180.00,1069.35
164.00,-180.00,1070.07
169.00,-180.00,1070.43
174.00,-180.00,1069.96
179.00,-180.00,1068.66
184.00,-180.00,1068.39
189.00,-180.00,1068.36
194.00,-180.00,1068.37
199.00,-180.00,1068.33
204.00,-180.00,1068.31
209.00,-180.00,1068.25
214.00,-180.00,1068.22
219.00,-180.00,1068.16
224.00,-180.00,1068.14
229.00,-180.00,1068.04
234.00,-180.00,1068.04
239.00,-180.00,1067.97
244.00,-180.00,1067.96
249.00,-180.00,1067.90
254.00,-180.00,1067.84
259.00,-180.00,1067.87
264.00,-180.00,1067.86
269.00,-180.00,1067.85
274.00,-180.00,1067.78
279.00,-180.00,1067.79
284.00,-180.00,1067.55
289.00,-180.00,1067.60
294.00,-180.00,1067.68
299.00,-180.00,1067.67
304.00,-180.00,1067.58
309.00,-180.00,1067.52
314.00,-180.00,1067.45
319.00,-180.00,1067.42
324.00,-180.00,1067.20
329.00,-180.00,1067.25
-271.00,-175.00,1076.91
-266.00,-175.00,1076.82
-261.00,-175.00,1076.65
-256.00,-175.00,1076.67
-251.00,-175.00,1076.65
-246.00,-175.00,1076.63
-241.00,-175.00,1076.71
-236.00,-175.00,1077.75
-231.00,-175.00,1078.73
-226.00,-175.00,1079.89
-221.00,-175.00,1080.92
-216.00,-175.00,1081.40
-211.00,-175.00,1081.46
-206.00,-175.00,1081.34
-201.00,-175.00,1081.28
-196.00,-175.00,1081.15
-191.00,-175.00,1081.04
-186.00,-175.00,1080.68
-181.00,-175.00,1080.28
-176.00,-175.00,1079.74
-171.00,-175.00,1079.29
-166.00,-175.00,1078.81
-161.00,-175.00,1078.24
-156.00,-175.00,1077.72
-151.00,-175.00,1077.10
-146.00,-175.00,1076.72
-141.00,-175.00,1076.17
-136.00,-175.00,1075.62
-131.00,-175.00,1075.12
-126.00,-175.00,1074.71
-121.00,-175.00,1074.41
-116.00,-175.00,1074.15
-111.00,-175.00,1073.80
-106.00,-175.00,1073.50
-101.00,-175.00,1073.28
-96.00,-175.00,1072.98
-91.00,-175.00,1072.79
-86.00,-175.00,1072.56
-81.00,-175.00,1072.47
-76.00,-175.00,1072.32
-71.00,-175.00,1072.14
-66.00,-175.00,1071.82
-61.00,-175.00,1071.19
-56.00,-175.00,1071.19
-51.00,-175.00,1071.29
-46.00,-175.00,1071.42
-41.00,-175.00,1071.65
-36.00,-175.00,1071.65
-31.00,-175.00,1071.59
-26.00,-175.00,1071.65
-21.00,-175.00,1071.74
-16.00,-175.00,1071.75
-11.00,-175.00,1071.74
-6.00,-175.00,1071.68
-1.00,-175.00,1071.49
4.00,-175.00,1071.26
9.00,-175.00,1071.12
14.00,-175.00,1070.82
19.00,-175.00,1070.48
24.00,-175.00,1070.20
29.00,-175.00,1070.09
34.00,-175.00,1070.01
39.00,-175.00,1069.97
44.00,-175.00,1069.94
49.00,-175.00,1069.90
54.00,-175.00,1070.13
59.00,-175.00,1070.59
64.00,-175.00,1070.68
69.00,-175.00,1070.12
74.00,-175.00,1070.01
79.00,-175.00,1070.02
84.00,-175.00,1070.11
89.00,-175.00,1070.13
94.00,-175.00,1070.02
99.00,-175.00,1069.99
104.00,-175.00,1069.78
109.00,-175.00,1069.67
114.00,-175.00,1069.55
119.00,-175.00,1069.70
124.00,-175.00,1069.33
129.00,-175.00,1069.02
134.00,-175.00,1069.14
139.00,-175.00,1069.28
144.00,-175.00,1069.28
149.00,-175.00,1069.16
154.00,-175.00,1069.03
159.00,-175.00,1069.35
164.00,-175.00,1070.02
169.00,-175.00,1070.39
174.00,-175.00,1070.00
179.00,-175.00,1068.67
184.00,-175.00,1068.69
189.00,-175.00,1068.72
194.00,-175.00,1068.69
199.00,-175.00,1068.57
204.00,-175.00,1068.50
209.00,-175.00,1068.69
214.00,-175.00,1068.66
219.00,-175.00,1068.54
224.00,-175.00,1068.48
229.00,-175.00,1068.41
234.00,-175.00,1068.37
239.00,-175.00,1068.32
244.00,-175.00,1068.28
249.00,-175.00,1068.26
254.00,-175.00,1067.97
259.00,-175.00,1068.11
264.00,-175.00,1068.14
269.00,-175.00,1068.10
274.00,-175.00,1068.15
279.00,-175.00,1068.10
284.00,-175.00,1067.71
289.00,-175.00,1067.82
294.00,-175.00,1068.04
299.00,-175.00,1068.07
304.00,-175.00,1067.95
309.00,-175.00,1067.90
314.00,-175.00,1067.78
319.00,-175.00,1067.74
324.00,-175.00,1067.32
329.00,-175.00,1067.39
-271.00,-170.00,1076.98
-266.00,-170.00,1076.93
-261.00,-170.00,1076.70
-256.00,-170.00,1076.66
-251.00,-170.00,1076.64
-246.00,-170.00,1076.64
-241.00,-170.00,1076.66
-236.00,-170.00,1077.11
-231.00,-170.00,1078.35
-226.00,-170.00,1079.36
-221.00,-170.00,1080.31
-216.00,-170.00,1081.36
-211.00,-170.00,1081.47
-206.00,-170.00,1081.50
-201.00,-170.00,1081.38
-196.00,-170.00,1081.27
-191.00,-170.00,1081.07
-186.00,-170.00,1080.70
-181.00,-170.00,1080.31
-176.00,-170.00,1079.78
-171.00,-170.00,1079.30
-166.00,-170.00,1078.77
-161.00,-170.00,1078.23
-156.00,-170.00,1077.65
-151.00,-170.00,1077.12
-146.00,-170.00,1076.67
-141.00,-170.00,1076.29
-136.00,-170.00,1075.72
-131.00,-170.00,1075.25
-126.00,-170.00,1074.86
-121.00,-170.00,1074.58
-116.00,-170.00,1074.22
-111.00,-170.00,1073.88
-106.00,-170.00,1073.56
-101.00,-170.00,1073.34
-96.00,-170.00,1073.05
-91.00,-170.00,1072.81
-86.00,-170.00,1072.57
-81.00,-170.00,1072.39
-76.00,-170.00,1072.24
-71.00,-170.00,1072.07
-66.00,-170.00,1071.78
-61.00,-170.00,1071.24
-56.00,-170.00,1071.31
-51.00,-170.00,1071.41
-46.00,-170.00,1071.55
-41.00,-170.00,1071.71
-36.00,-170.00,1071.72
-31.00,-170.00,1071.61
-26.00,-170.00,1071.62
-21.00,-170.00,1071.61
-16.00,-170.00,1071.58
-11.00,-170.00,1071.46
-6.00,-170.00,1071.37
-1.00,-170.00,1071.28
4.00,-170.00,1071.16
9.00,-170.00,1071.03
14.00,-170.00,1070.73
19.00,-170.00,1070.41
24.00,-170.00,1070.13
29.00,-170.00,1069.90
34.00,-170.00,1069.86
39.00,-170.00,1069.73
44.00,-170.00,1069.68
49.00,-170.00,1069.66
54.00,-170.00,1069.62
59.00,-170.00,1069.70
64.00,-170.00,1070.47
69.00,-170.00,1070.33
74.00,-170.00,1070.26
79.00,-170.00,1070.31
84.00,-170.00,1070.43
89.00,-170.00,1070.20
94.00,-170.00,1070.09
99.00,-170.00,1070.04
104.00,-170.00,1069.81
109.00,-170.00,1069.66
114.00,-170.00,1069.51
119.00,-170.00,1069.70
124.00,-170.00,1069.36
129.00,-170.00,1069.05
134.00,-170.00,1069.17
139.00,-170.00,1069.30
144.00,-170.00,1069.32
149.00,-170.00,1069.18
154.00,-170.00,1069.06
159.00,-170.00,1069.35
164.00,-170.00,1070.02
169.00,-170.00,1070.43
174.00,-170.00,1070.00
179.00,-170.00,1068.78
184.00,-170.00,1068.78
189.00,-170.00,1068.83
194.00,-170.00,1068.79
199.00,-170.00,1068.68
204.00,-170.00,1068.54
209.00,-170.00,1068.75
214.00,-170.00,1068.71
219.00,-170.00,1068.61
224.00,-170.00,1068.52
229.00,-170.00,1068.51
234.00,-170.00,1068.37
239.00,-170.00,1068.31
244.00,-170.00,1068.29
249.00,-170.00,1068.25
254.00,-170.00,1068.01
259.00,-170.00,1068.05
264.00,-170.00,1068.01
269.00,-170.00,1068.00
274.00,-170.00,1068.10
279.00,-170.00,1067.99
284.00,-170.00,1067.79
289.00,-170.00,1067.91
294.00,-170.00,1067.97
299.00,-170.00,1067.99
304.00,-170.00,1067.85
309.00,-170.00,1067.83
314.00,-170.00,1067.78
319.00,-170.00,1067.68
324.00,-170.00,1067.48
329.00,-170.00,1067.36
-271.00,-165.00,1076.68
-266.00,-165.00,1076.99
-261.00,-165.00,1076.79
-256.00,-165.00,1076.68
-251.00,-165.00,1076.67
-246.00,-165.00,1076.61
-241.00,-165.00,1076.68
-236.00,-165.00,1076.88
-231.00,-165.00,1078.09
-226.00,-165.00,1078.74
-221.00,-165.00,1080.06
-216.00,-165.00,1080.88
-211.00,-165.00,1081.45
-206.00,-165.00,1081.55
-201.00,-165.00,1081.52
-196.00,-165.00,1081.45
-191.00,-165.00,1081.28
-186.00,-165.00,1080.94
-181.00,-165.00,1080.50
-176.00,-165.00,1079.97
-171.00,-165.00,1079.47
-166.00,-165.00,1078.85
-161.00,-165.00,1078.28
-156.00,-165.00,1077.72
-151.00,-165.00,1077.19
-146.00,-165.00,1076.84
-141.00,-165.00,1076.41
-136.00,-165.00,1075.87
-131.00,-165.00,1075.48
-126.00,-165.00,1075.04
-121.00,-165.00,1074.63
-116.00,-165.00,1074.27
-111.00,-165.00,1073.92
-106.00,-165.00,1073.54
-101.00,-165.00,1073.33
-96.00,-165.00,1073.06
-91.00,-165.00,1072.77
-86.00,-165.00,1072.57
-81.00,-165.00,1072.40
-76.00,-165.00,1072.26
-71.00,-165.00,1072.02
-66.00,-165.00,1071.63
-61.00,-165.00,1071.36
-56.00,-165.00,1071.44
-51.00,-165.00,1071.58
-46.00,-165.00,1071.66
-41.00,-165.00,1071.78
-36.00,-165.00,1071.73
-31.00,-165.00,1071.66
-26.00,-165.00,1071.56
-21.00,-165.00,1071.45
-16.00,-165.00,1071.31
-11.00,-165.00,1071.14
-6.00,-165.00,1071.09
-1.00,-165.00,1071.02
4.00,-165.00,1070.97
9.00,-165.00,1070.81
14.00,-165.00,1070.64
19.00,-165.00,1070.28
24.00,-165.00,1069.99
29.00,-165.00,1069.81
34.00,-165.00,1069.68
39.00,-165.00,1069.63
44.00,-165.00,1069.50
49.00,-165.00,1069.45
54.00,-165.00,1069.38
59.00,-165.00,1069.44
64.00,-165.00,1070.03
69.00,-165.00,1069.78
74.00,-165.00,1070.36
79.00,-165.00,1070.74
84.00,-165.00,1070.46
89.00,-165.00,1070.14
94.00,-165.00,1070.38
99.00,-165.00,1070.05
104.00,-165.00,1069.84
109.00,-165.00,1069.68
114.00,-165.00,1069.47
119.00,-165.00,1069.64
124.00,-165.00,1069.35
129.00,-165.00,1069.09
134.00,-165.00,1069.19
139.00,-165.00,1069.31
144.00,-165.00,1069.35
149.00,-165.00,1069.22
154.00,-165.00,1069.11
159.00,-165.00,1069.39
164.00,-165.00,1070.03
169.00,-165.00,1070.48
174.00,-165.00,1070.05
179.00,-165.00,1068.84
184.00,-165.00,1068.80
189.00,-165.00,1068.81
194.00,-165.00,1068.80
199.00,-165.00,1068.76
204.00,-165.00,1068.56
209.00,-165.00,1068.65
214.00,-165.00,1068.71
219.00,-165.00,1068.58
224.00,-165.00,1068.51
229.00,-165.00,1068.52
234.00,-165.00,1068.34
239.00,-165.00,1068.26
244.00,-165.00,1068.26
249.00,-165.00,1068.18
254.00,-165.00,1068.02
259.00,-165.00,1067.96
264.00,-165.00,1067.94
269.00,-165.00,1067.89
274.00,-165.00,1067.86
279.00,-165.00,1067.83
284.00,-165.00,1067.80
289.00,-165.00,1067.92
294.00,-165.00,1067.94
299.00,-165.00,1067.89
304.00,-165.00,1067.85
309.00,-165.00,1067.81
314.00,-165.00,1067.71
319.00,-165.00,1067.62
324.00,-165.00,1067.42
329.00,-165.00,1067.34
-271.00,-160.00,1076.70
-266.00,-160.00,1076.72
-261.00,-160.00,1076.81
-256.00,-160.00,1076.68
-251.00,-160.00,1076.67
-246.00,-160.00,1076.68
-241.00,-160.00,1076.66
-236.00,-160.00,1076.69
-231.00,-160.00,1077.74
-226.00,-160.00,1078.42
-221.00,-160.00,1079.54
-216.00,-160.00,1080.20
-211.00,-160.00,1081.38
-206.00,-160.00,1081.50
-201.00,-160.00,1081.55
-196.00,-160.00,1081.61
-191.00,-160.00,1081.45
-186.00,-160.00,1081.16
-181.00,-160.00,1080.65
-176.00,-160.00,1080.16
-171.00,-160.00,1079.54
-166.00,-160.00,1078.95
-161.00,-160.00,1078.42
-156.00,-160.00,1077.86
-151.00,-160.00,1077.35
-146.00,-160.00,1076.95
-141.00,-160.00,1076.50
-136.00,-160.00,1076.02
-131.00,-160.00,1075.57
-126.00,-160.00,1075.05
-121.00,-160.00,1074.60
-116.00,-160.00,1074.26
-111.00,-160.00,1073.93
-106.00,-160.00,1073.63
-101.00,-160.00,1073.21
-96.00,-160.00,1073.00
-91.00,-160.00,1072.73
-86.00,-160.00,1072.60
-81.00,-160.00,1072.43
-76.00,-160.00,1072.21
-71.00,-160.00,1072.04
-66.00,-160.00,1071.49
-61.00,-160.00,1071.47
-56.00,-160.00,1071.56
-51.00,-160.00,1071.67
-46.00,-160.00,1071.72
-41.00,-160.00,1071.76
-36.00,-160.00,1071.73
-31.00,-160.00,1071.60
-26.00,-160.00,1071.50
-21.00,-160.00,1071.39
-16.00,-160.00,1071.21
-11.00,-160.00,1070.99
-6.00,-160.00,1070.88
-1.00,-160.00,1070.83
4.00,-160.00,1070.82
9.00,-160.00,1070.71
14.00,-160.00,1070.48
19.00,-160.00,1070.13
24.00,-160.00,1069.99
29.00,-160.00,1069.78
34.00,-160.00,1069.65
39.00,-160.00,1069.64
44.00,-160.00,1069.45
49.00,-160.00,1069.36
54.00,-160.00,1069.23
59.00,-160.00,1069.30
64.00,-160.00,1069.30
69.00,-160.00,1069.73
74.00,-160.00,1070.31
79.00,-160.00,1070.37
84.00,-160.00,1070.73
89.00,-160.00,1070.51
94.00,-160.00,1070.51
99.00,-160.00,1069.98
104.00,-160.00,1069.75
109.00,-160.00,1069.69
114.00,-160.00,1069.44
119.00,-160.00,1069.58
124.00,-160.00,1069.38
129.00,-160.00,1069.12
134.00,-160.00,1069.23
139.00,-160.00,1069.33
144.00,-160.00,1069.37
149.00,-160.00,1069.24
154.00,-160.00,1069.14
159.00,-160.00,1069.42
164.00,-160.00,1070.07
169.00,-160.00,1070.44
174.00,-160.00,1070.03
179.00,-160.00,1068.85
184.00,-160.00,1068.79
189.00,-160.00,1068.86
194.00,-160.00,1068.87
199.00,-160.00,1068.76
204.00,-160.00,1068.66
209.00,-160.00,1068.71
214.00,-160.00,1068.64
219.00,-160.00,1068.52
224.00,-160.00,1068.51
229.00,-160.00,1068.48
234.00,-160.00,1068.39
239.00,-160.00,1068.30
244.00,-160.00,1068.26
249.00,-160.00,1068.21
254.00,-160.00,1067.89
259.00,-160.00,1067.93
264.00,-160.00,1067.96
269.00,-160.00,1067.87
274.00,-160.00,1067.82
279.00,-160.00,1067.85
284.00,-160.00,1067.88
289.00,-160.00,1067.95
294.00,-160.00,1068.10
299.00,-160.00,1067.95
304.00,-160.00,1067.82
309.00,-160.00,1067.72
314.00,-160.00,1067.71
319.00,-160.00,1067.61
324.00,-160.00,1067.38
329.00,-160.00,1067.35
-271.00,-155.00,1076.73
-266.00,-155.00,1076.68
-261.00,-155.00,1076.75
-256.00,-155.00,1076.69
-251.00,-155.00,1076.68
-246.00,-155.00,1076.67
-241.00,-155.00,1076.68
-236.00,-155.00,1076.67
-231.00,-155.00,1077.01
-226.00,-155.00,1078.31
-221.00,-155.00,1078.40
-216.00,-155.00,1079.92
-211.00,-155.00,1080.89
-206.00,-155.00,1081.50
-201.00,-155.00,1081.52
-196.00,-155.00,1081.63
-191.00,-155.00,1081.56
-186.00,-155.00,1081.28
-181.00,-155.00,1080.76
-176.00,-155.00,1080.28
-171.00,-155.00,1079.67
-166.00,-155.00,1079.05
-161.00,-155.00,1078.56
-156.00,-155.00,1078.21
-151.00,-155.00,1077.68
-146.00,-155.00,1077.13
-141.00,-155.00,1076.53
-136.00,-155.00,1076.06
-131.00,-155.00,1075.64
-126.00,-155.00,1075.15
-121.00,-155.00,1074.71
-116.00,-155.00,1074.33
-111.00,-155.00,1073.93
-106.00,-155.00,1073.63
-101.00,-155.00,1073.23
-96.00,-155.00,1072.90
-91.00,-155.00,1072.73
-86.00,-155.00,1072.59
-81.00,-155.00,1072.45
-76.00,-155.00,1072.17
-71.00,-155.00,1072.03
-66.00,-155.00,1071.65
-61.00,-155.00,1071.63
-56.00,-155.00,1071.71
-51.00,-155.00,1071.77
-46.00,-155.00,1071.74
-41.00,-155.00,1071.74
-36.00,-155.00,1071.65
-31.00,-155.00,1071.48
-26.00,-155.00,1071.34
-21.00,-155.00,1071.13
-16.00,-155.00,1071.01
-11.00,-155.00,1070.80
-6.00,-155.00,1070.69
-1.00,-155.00,1070.65
4.00,-155.00,1070.63
9.00,-155.00,1070.51
14.00,-155.00,1070.34
19.00,-155.00,1070.09
24.00,-155.00,1069.91
29.00,-155.00,1069.77
34.00,-155.00,1069.72
39.00,-155.00,1069.57
44.00,-155.00,1069.42
49.00,-155.00,1069.29
54.00,-155.00,1069.20
59.00,-155.00,1069.15
64.00,-155.00,1069.16
69.00,-155.00,1069.19
74.00,-155.00,1070.08
79.00,-155.00,1070.32
84.00,-155.00,1070.43
89.00,-155.00,1070.48
94.00,-155.00,1070.51
99.00,-155.00,1070.00
104.00,-155.00,1069.68
109.00,-155.00,1069.63
114.00,-155.00,1069.39
119.00,-155.00,1069.53
124.00,-155.00,1069.40
129.00,-155.00,1069.16
134.00,-155.00,1069.27
139.00,-155.00,1069.36
144.00,-155.00,1069.40
149.00,-155.00,1069.28
154.00,-155.00,1069.17
159.00,-155.00,1069.46
164.00,-155.00,1070.06
169.00,-155.00,1070.44
174.00,-155.00,1070.05
179.00,-155.00,1068.87
184.00,-155.00,1068.69
189.00,-155.00,1068.71
194.00,-155.00,1068.70
199.00,-155.00,1068.70
204.00,-155.00,1068.70
209.00,-155.00,1068.69
214.00,-155.00,1068.55
219.00,-155.00,1068.48
224.00,-155.00,1068.52
229.00,-155.00,1068.33
234.00,-155.00,1068.27
239.00,-155.00,1068.17
244.00,-155.00,1068.23
249.00,-155.00,1068.18
254.00,-155.00,1067.86
259.00,-155.00,1067.93
264.00,-155.00,1067.89
269.00,-155.00,1067.88
274.00,-155.00,1067.93
279.00,-155.00,1067.91
284.00,-155.00,1067.88
289.00,-155.00,1067.90
294.00,-155.00,1067.96
299.00,-155.00,1067.87
304.00,-155.00,1067.73
309.00,-155.00,1067.64
314.00,-155.00,1067.66
319.00,-155.00,1067.67
324.00,-155.00,1067.54
329.00,-155.00,1067.43
-271.00,-150.00,1076.66
-266.00,-150.00,1076.70
-261.00,-150.00,1076.71
-256.00,-150.00,1076.70
-251.00,-150.00,1076.67
-246.00,-150.00,1076.67
-241.00,-150.00,1076.66
-236.00,-150.00,1076.67
-231.00,-150.00,1076.69
-226.00,-150.00,1077.85
-221.00,-150.00,1078.35
-216.00,-150.00,1079.74
-211.00,-150.00,1080.35
-206.00,-150.00,1081.52
-201.00,-150.00,1081.55
-196.00,-150.00,1081.61
-191.00,-150.00,1081.67
-186.00,-150.00,1081.44
-181.00,-150.00,1080.93
-176.00,-150.00,1080.44
-171.00,-150.00,1079.78
-166.00,-150.00,1079.18
-161.00,-150.00,1078.73
-156.00,-150.00,1078.26
-151.00,-150.00,1077.63
-146.00,-150.00,1077.16
-141.00,-150.00,1076.57
-136.00,-150.00,1076.12
-131.00,-150.00,1075.63
-126.00,-150.00,1075.13
-121.00,-150.00,1074.72
-116.00,-150.00,1074.30
-111.00,-150.00,1073.89
-106.00,-150.00,1073.57
-101.00,-150.00,1073.18
-96.00,-150.00,1072.98
-91.00,-150.00,1072.69
-86.00,-150.00,1072.56
-81.00,-150.00,1072.39
-76.00,-150.00,1072.21
-71.00,-150.00,1072.01
-66.00,-150.00,1071.69
-61.00,-150.00,1071.72
-56.00,-150.00,1071.74
-51.00,-150.00,1071.77
-46.00,-150.00,1071.73
-41.00,-150.00,1071.71
-36.00,-150.00,1071.55
-31.00,-150.00,1071.32
-26.00,-150.00,1071.16
-21.00,-150.00,1071.02
-16.00,-150.00,1070.89
-11.00,-150.00,1070.71
-6.00,-150.00,1070.60
-1.00,-150.00,1070.56
4.00,-150.00,1070.45
9.00,-150.00,1070.34
14.00,-150.00,1070.18
19.00,-150.00,1069.92
24.00,-150.00,1069.84
29.00,-150.00,1069.75
34.00,-150.00,1069.67
39.00,-150.00,1069.57
44.00,-150.00,1069.45
49.00,-150.00,1069.35
54.00,-150.00,1069.21
59.00,-150.00,1069.13
64.00,-150.00,1069.11
69.00,-150.00,1069.07
74.00,-150.00,1069.11
79.00,-150.00,1069.54
84.00,-150.00,1069.49
89.00,-150.00,1069.64
94.00,-150.00,1069.45
99.00,-150.00,1069.50
104.00,-150.00,1069.53
109.00,-150.00,1069.56
114.00,-150.00,1069.36
119.00,-150.00,1069.46
124.00,-150.00,1069.46
129.00,-150.00,1069.21
134.00,-150.00,1069.28
139.00,-150.00,1069.37
144.00,-150.00,1069.45
149.00,-150.00,1069.28
154.00,-150.00,1069.20
159.00,-150.00,1069.51
164.00,-150.00,1070.07
169.00,-150.00,1070.43
174.00,-150.00,1070.01
179.00,-150.00,1068.86
184.00,-150.00,1068.65
189.00,-150.00,1068.54
194.00,-150.00,1068.49
199.00,-150.00,1068.50
204.00,-150.00,1068.58
209.00,-150.00,1068.56
214.00,-150.00,1068.39
219.00,-150.00,1068.32
224.00,-150.00,1068.35
229.00,-150.00,1068.08
234.00,-150.00,1068.06
239.00,-150.00,1067.96
244.00,-150.00,1068.08
249.00,-150.00,1068.04
254.00,-150.00,1067.81
259.00,-150.00,1067.82
264.00,-150.00,1067.82
269.00,-150.00,1067.95
274.00,-150.00,1067.91
279.00,-150.00,1067.90
284.00,-150.00,1067.84
289.00,-150.00,1067.83
294.00,-150.00,1067.82
299.00,-150.00,1067.76
304.00,-150.00,1067.69
309.00,-150.00,1067.62
314.00,-150.00,1067.63
319.00,-150.00,1067.61
324.00,-150.00,1067.59
329.00,-150.00,1067.58
-271.00,-145.00,1076.66
-266.00,-145.00,1076.68
-261.00,-145.00,1076.68
-256.00,-145.00,1076.68
-251.00,-145.00,1076.68
-246.00,-145.00,1076.67
-241.00,-145.00,1076.68
-236.00,-145.00,1076.67
-231.00,-145.00,1076.67
-226.00,-145.00,1076.98
-221.00,-145.00,1078.32
-216.00,-145.00,1079.26
-211.00,-145.00,1080.04
-206.00,-145.00,1081.23
-201.00,-145.00,1081.59
-196.00,-145.00,1081.56
-191.00,-145.00,1081.70
-186.00,-145.00,1081.57
-181.00,-145.00,1081.08
-176.00,-145.00,1080.54
-171.00,-145.00,1079.96
-166.00,-145.00,1079.29
-161.00,-145.00,1078.78
-156.00,-145.00,1078.23
-151.00,-145.00,1077.57
-146.00,-145.00,1077.09
-141.00,-145.00,1076.47
-136.00,-145.00,1076.16
-131.00,-145.00,1075.65
-126.00,-145.00,1075.20
-121.00,-145.00,1074.69
-116.00,-145.00,1074.23
-111.00,-145.00,1073.84
-106.00,-145.00,1073.55
-101.00,-145.00,1073.14
-96.00,-145.00,1072.86
-91.00,-145.00,1072.74
-86.00,-145.00,1072.57
-81.00,-145.00,1072.37
-76.00,-145.00,1072.26
-71.00,-145.00,1071.97
-66.00,-145.00,1071.62
-61.00,-145.00,1071.70
-56.00,-145.00,1071.72
-51.00,-145.00,1071.72
-46.00,-145.00,1071.61
-41.00,-145.00,1071.54
-36.00,-145.00,1071.35
-31.00,-145.00,1071.15
-26.00,-145.00,1070.97
-21.00,-145.00,1070.86
-16.00,-145.00,1070.76
-11.00,-145.00,1070.62
-6.00,-145.00,1070.49
-1.00,-145.00,1070.35
4.00,-145.00,1070.18
9.00,-145.00,1070.11
14.00,-145.00,1069.98
19.00,-145.00,1069.77
24.00,-145.00,1069.71
29.00,-145.00,1069.69
34.00,-145.00,1069.62
39.00,-145.00,1069.55
44.00,-145.00,1069.45
49.00,-145.00,1069.34
54.00,-145.00,1069.20
59.00,-145.00,1069.07
64.00,-145.00,1069.01
69.00,-145.00,1069.00
74.00,-145.00,1069.01
79.00,-145.00,1069.00
84.00,-145.00,1069.01
89.00,-145.00,1069.02
94.00,-145.00,1068.93
99.00,-145.00,1069.11
104.00,-145.00,1069.53
109.00,-145.00,1069.55
114.00,-145.00,1069.31
119.00,-145.00,1069.44
124.00,-145.00,1069.46
129.00,-145.00,1069.24
134.00,-145.00,1069.33
139.00,-145.00,1069.39
144.00,-145.00,1069.46
149.00,-145.00,1069.33
154.00,-145.00,1069.23
159.00,-145.00,1069.48
164.00,-145.00,1070.08
169.00,-145.00,1070.50
174.00,-145.00,1070.03
179.00,-145.00,1068.82
184.00,-145.00,1068.51
189.00,-145.00,1068.30
194.00,-145.00,1068.15
199.00,-145.00,1068.04
204.00,-145.00,1067.97
209.00,-145.00,1067.95
214.00,-145.00,1067.92
219.00,-145.00,1067.88
224.00,-145.00,1067.86
229.00,-145.00,1067.83
234.00,-145.00,1067.82
239.00,-145.00,1067.83
244.00,-145.00,1067.81
249.00,-145.00,1067.80
254.00,-145.00,1067.76
259.00,-145.00,1067.74
264.00,-145.00,1067.74
269.00,-145.00,1067.74
274.00,-145.00,1067.71
279.00,-145.00,1067.70
284.00,-145.00,1067.67
289.00,-145.00,1067.65
294.00,-145.00,1067.62
299.00,-145.00,1067.59
304.00,-145.00,1067.58
309.00,-145.00,1067.54
314.00,-145.00,1067.50
319.00,-145.00,1067.47
324.00,-145.00,1067.44
329.00,-145.00,1067.40
-271.00,-140.00,1076.65
-266.00,-140.00,1076.66
-261.00,-140.00,1076.68
-256.00,-140.00,1076.68
-251.00,-140.00,1076.68
-246.00,-140.00,1076.68
-241.00,-140.00,1076.68
-236.00,-140.00,1076.68
-231.00,-140.00,1076.66
-226.00,-140.00,1076.67
-221.00,-140.00,1078.02
-216.00,-140.00,1078.59
-211.00,-140.00,1079.86
-206.00,-140.00,1080.68
-201.00,-140.00,1081.57
-196.00,-140.00,1081.55
-191.00,-140.00,1081.69
-186.00,-140.00,1081.74
-181.00,-140.00,1081.28
-176.00,-140.00,1080.60
-171.00,-140.00,1080.05
-166.00,-140.00,1079.39
-161.00,-140.00,1078.73
-156.00,-140.00,1078.12
-151.00,-140.00,1077.47
-146.00,-140.00,1077.17
-141.00,-140.00,1076.63
-136.00,-140.00,1076.16
-131.00,-140.00,1075.70
-126.00,-140.00,1075.17
-121.00,-140.00,1074.65
-116.00,-140.00,1074.14
-111.00,-140.00,1073.81
-106.00,-140.00,1073.58
-101.00,-140.00,1073.16
-96.00,-140.00,1072.93
-91.00,-140.00,1072.71
-86.00,-140.00,1072.53
-81.00,-140.00,1072.37
-76.00,-140.00,1072.24
-71.00,-140.00,1071.82
-66.00,-140.00,1071.49
-61.00,-140.00,1071.64
-56.00,-140.00,1071.61
-51.00,-140.00,1071.59
-46.00,-140.00,1071.49
-41.00,-140.00,1071.37
-36.00,-140.00,1071.25
-31.00,-140.00,1071.04
-26.00,-140.00,1070.92
-21.00,-140.00,1070.79
-16.00,-140.00,1070.74
-11.00,-140.00,1070.61
-6.00,-140.00,1070.51
-1.00,-140.00,1070.34
4.00,-140.00,1070.18
9.00,-140.00,1070.03
14.00,-140.00,1069.93
19.00,-140.00,1069.83
24.00,-140.00,1069.69
29.00,-140.00,1069.63
34.00,-140.00,1069.67
39.00,-140.00,1069.65
44.00,-140.00,1069.55
49.00,-140.00,1069.48
54.00,-140.00,1069.30
59.00,-140.00,1069.13
64.00,-140.00,1069.06
69.00,-140.00,1069.01
74.00,-140.00,1068.98
79.00,-140.00,1068.94
84.00,-140.00,1068.91
89.00,-140.00,1068.86
94.00,-140.00,1068.83
99.00,-140.00,1069.21
104.00,-140.00,1069.71
109.00,-140.00,1069.63
114.00,-140.00,1069.28
119.00,-140.00,1069.39
124.00,-140.00,1069.53
129.00,-140.00,1069.28
134.00,-140.00,1069.35
139.00,-140.00,1069.44
144.00,-140.00,1069.49
149.00,-140.00,1069.35
154.00,-140.00,1069.24
159.00,-140.00,1069.49
164.00,-140.00,1070.14
169.00,-140.00,1070.55
174.00,-140.00,1070.07
179.00,-140.00,1068.89
184.00,-140.00,1068.47
189.00,-140.00,1068.27
194.00,-140.00,1068.23
199.00,-140.00,1068.17
204.00,-140.00,1068.16
209.00,-140.00,1068.15
214.00,-140.00,1068.29
219.00,-140.00,1068.25
224.00,-140.00,1068.15
229.00,-140.00,1067.92
234.00,-140.00,1067.98
239.00,-140.00,1067.95
244.00,-140.00,1068.00
249.00,-140.00,1068.00
254.00,-140.00,1067.86
259.00,-140.00,1067.84
264.00,-140.00,1067.86
269.00,-140.00,1067.85
274.00,-140.00,1067.80
279.00,-140.00,1067.80
284.00,-140.00,1067.78
289.00,-140.00,1067.76
294.00,-140.00,1067.77
299.00,-140.00,1067.70
304.00,-140.00,1067.73
309.00,-140.00,1067.71
314.00,-140.00,1067.53
319.00,-140.00,1067.49
324.00,-140.00,1067.82
329.00,-140.00,1067.78
-271.00,-135.00,1076.66
-266.00,-135.00,1076.67
-261.00,-135.00,1076.68
-256.00,-135.00,1076.68
-251.00,-135.00,1076.67
-246.00,-135.00,1076.66
-241.00,-135.00,1076.67
-236.00,-135.00,1076.68
-231.00,-135.00,1076.65
-226.00,-135.00,1076.66
-221.00,-135.00,1077.03
-216.00,-135.00,1078.40
-211.00,-135.00,1079.46
-206.00,-135.00,1080.35
-201.00,-135.00,1081.58
-196.00,-135.00,1081.58
-191.00,-135.00,1081.69
-186.00,-135.00,1081.81
-181.00,-135.00,1081.43
-176.00,-135.00,1080.77
-171.00,-135.00,1080.07
-166.00,-135.00,1079.47
-161.00,-135.00,1078.87
-156.00,-135.00,1078.21
-151.00,-135.00,1077.54
-146.00,-135.00,1077.21
-141.00,-135.00,1076.64
-136.00,-135.00,1076.15
-131.00,-135.00,1075.72
-126.00,-135.00,1075.21
-121.00,-135.00,1074.70
-116.00,-135.00,1074.23
-111.00,-135.00,1073.83
-106.00,-135.00,1073.63
-101.00,-135.00,1073.24
-96.00,-135.00,1072.97
-91.00,-135.00,1072.70
-86.00,-135.00,1072.50
-81.00,-135.00,1072.29
-76.00,-135.00,1072.18
-71.00,-135.00,1071.73
-66.00,-135.00,1071.62
-61.00,-135.00,1071.59
-56.00,-135.00,1071.57
-51.00,-135.00,1071.53
-46.00,-135.00,1071.38
-41.00,-135.00,1071.32
-36.00,-135.00,1071.22
-31.00,-135.00,1070.95
-26.00,-135.00,1070.91
-21.00,-135.00,1070.84
-16.00,-135.00,1070.78
-11.00,-135.00,1070.68
-6.00,-135.00,1070.54
-1.00,-135.00,1070.45
4.00,-135.00,1070.27
9.00,-135.00,1070.03
14.00,-135.00,1069.95
19.00,-135.00,1069.74
24.00,-135.00,1069.73
29.00,-135.00,1069.62
34.00,-135.00,1069.68
39.00,-135.00,1069.69
44.00,-135.00,1069.69
49.00,-135.00,1069.63
54.00,-135.00,1069.47
59.00,-135.00,1069.29
64.00,-135.00,1069.15
69.00,-135.00,1069.02
74.00,-135.00,1068.93
79.00,-135.00,1068.88
84.00,-135.00,1068.74
89.00,-135.00,1068.72
94.00,-135.00,1068.89
99.00,-135.00,1069.69
104.00,-135.00,1069.88
109.00,-135.00,1069.93
114.00,-135.00,1069.26
119.00,-135.00,1069.36
124.00,-135.00,1069.56
129.00,-135.00,1069.28
134.00,-135.00,1069.37
139.00,-135.00,1069.49
144.00,-135.00,1069.51
149.00,-135.00,1069.39
154.00,-135.00,1069.29
159.00,-135.00,1069.56
164.00,-135.00,1070.18
169.00,-135.00,1070.57
174.00,-135.00,1070.14
179.00,-135.00,1068.90
184.00,-135.00,1068.45
189.00,-135.00,1068.36
194.00,-135.00,1068.45
199.00,-135.00,1068.37
204.00,-135.00,1068.27
209.00,-135.00,1068.15
214.00,-135.00,1068.36
219.00,-135.00,1068.39
224.00,-135.00,1068.30
229.00,-135.00,1068.04
234.00,-135.00,1068.14
239.00,-135.00,1068.15
244.00,-135.00,1068.17
249.00,-135.00,1068.12
254.00,-135.00,1068.03
259.00,-135.00,1068.00
264.00,-135.00,1067.94
269.00,-135.00,1067.96
274.00,-135.00,1067.95
279.00,-135.00,1067.98
284.00,-135.00,1068.12
289.00,-135.00,1068.01
294.00,-135.00,1067.94
299.00,-135.00,1067.90
304.00,-135.00,1067.87
309.00,-135.00,1067.79
314.00,-135.00,1067.66
319.00,-135.00,1067.50
324.00,-135.00,1067.93
329.00,-135.00,1067.92
-271.00,-130.00,1076.66
-266.00,-130.00,1076.64
-261.00,-130.00,1076.67
-256.00,-130.00,1076.68
-251.00,-130.00,1076.68
-246.00,-130.00,1076.66
-241.00,-130.00,1076.67
-236.00,-130.00,1076.68
-231.00,-130.00,1076.66
-226.00,-130.00,1076.67
-221.00,-130.00,1076.76
-216.00,-130.00,1078.27
-211.00,-130.00,1078.87
-206.00,-130.00,1080.02
-201.00,-130.00,1081.25
-196.00,-130.00,1081.61
-191.00,-130.00,1081.63
-186.00,-130.00,1081.80
-181.00,-130.00,1081.69
-176.00,-130.00,1080.94
-171.00,-130.00,1080.22
-166.00,-130.00,1079.74
-161.00,-130.00,1079.02
-156.00,-130.00,1078.35
-151.00,-130.00,1077.76
-146.00,-130.00,1077.29
-141.00,-130.00,1076.76
-136.00,-130.00,1076.26
-131.00,-130.00,1075.72
-126.00,-130.00,1075.25
-121.00,-130.00,1074.74
-116.00,-130.00,1074.25
-111.00,-130.00,1073.94
-106.00,-130.00,1073.59
-101.00,-130.00,1073.14
-96.00,-130.00,1072.88
-91.00,-130.00,1072.70
-86.00,-130.00,1072.51
-81.00,-130.00,1072.34
-76.00,-130.00,1072.18
-71.00,-130.00,1071.75
-66.00,-130.00,1071.67
-61.00,-130.00,1071.63
-56.00,-130.00,1071.57
-51.00,-130.00,1071.50
-46.00,-130.00,1071.44
-41.00,-130.00,1071.30
-36.00,-130.00,1071.14
-31.00,-130.00,1070.97
-26.00,-130.00,1070.95
-21.00,-130.00,1070.90
-16.00,-130.00,1070.86
-11.00,-130.00,1070.72
-6.00,-130.00,1070.62
-1.00,-130.00,1070.54
4.00,-130.00,1070.32
9.00,-130.00,1070.13
14.00,-130.00,1069.96
19.00,-130.00,1069.74
24.00,-130.00,1069.69
29.00,-130.00,1069.63
34.00,-130.00,1069.75
39.00,-130.00,1069.84
44.00,-130.00,1069.81
49.00,-130.00,1069.70
54.00,-130.00,1069.56
59.00,-130.00,1069.37
64.00,-130.00,1069.20
69.00,-130.00,1069.03
74.00,-130.00,1068.95
79.00,-130.00,1068.89
84.00,-130.00,1068.90
89.00,-130.00,1069.37
94.00,-130.00,1069.99
99.00,-130.00,1070.01
104.00,-130.00,1070.10
109.00,-130.00,1070.14
114.00,-130.00,1069.25
119.00,-130.00,1069.31
124.00,-130.00,1069.56
129.00,-130.00,1069.31
134.00,-130.00,1069.41
139.00,-130.00,1069.53
144.00,-130.00,1069.56
149.00,-130.00,1069.42
154.00,-130.00,1069.31
159.00,-130.00,1069.57
164.00,-130.00,1070.17
169.00,-130.00,1070.60
174.00,-130.00,1070.17
179.00,-130.00,1068.93
184.00,-130.00,1068.47
189.00,-130.00,1068.39
194.00,-130.00,1068.54
199.00,-130.00,1068.52
204.00,-130.00,1068.43
209.00,-130.00,1068.29
214.00,-130.00,1068.25
219.00,-130.00,1068.17
224.00,-130.00,1068.11
229.00,-130.00,1068.12
234.00,-130.00,1068.20
239.00,-130.00,1068.24
244.00,-130.00,1068.25
249.00,-130.00,1068.22
254.00,-130.00,1068.06
259.00,-130.00,1068.09
264.00,-130.00,1068.03
269.00,-130.00,1067.95
274.00,-130.00,1067.94
279.00,-130.00,1068.11
284.00,-130.00,1068.14
289.00,-130.00,1068.12
294.00,-130.00,1068.09
299.00,-130.00,1067.94
304.00,-130.00,1067.89
309.00,-130.00,1067.95
314.00,-130.00,1067.74
319.00,-130.00,1067.58
324.00,-130.00,1067.83
329.00,-130.00,1067.91
-271.00,-125.00,1076.66
-266.00,-125.00,1076.64
-261.00,-125.00,1076.69
-256.00,-125.00,1076.68
-251.00,-125.00,1076.67
-246.00,-125.00,1076.67
-241.00,-125.00,1076.68
-236.00,-125.00,1076.68
-231.00,-125.00,1076.66
-226.00,-125.00,1076.68
-221.00,-125.00,1076.75
-216.00,-125.00,1077.95
-211.00,-125.00,1078.60
-206.00,-125.00,1079.90
-201.00,-125.00,1080.75
-196.00,-125.00,1081.60
-191.00,-125.00,1081.63
-186.00,-125.00,1081.78
-181.00,-125.00,1081.77
-176.00,-125.00,1081.36
-171.00,-125.00,1080.64
-166.00,-125.00,1079.91
-161.00,-125.00,1079.16
-156.00,-125.00,1078.53
-151.00,-125.00,1077.74
-146.00,-125.00,1077.27
-141.00,-125.00,1076.81
-136.00,-125.00,1076.34
-131.00,-125.00,1075.82
-126.00,-125.00,1075.34
-121.00,-125.00,1074.82
-116.00,-125.00,1074.35
-111.00,-125.00,1073.95
-106.00,-125.00,1073.51
-101.00,-125.00,1073.06
-96.00,-125.00,1072.87
-91.00,-125.00,1072.67
-86.00,-125.00,1072.48
-81.00,-125.00,1072.26
-76.00,-125.00,1071.98
-71.00,-125.00,1071.77
-66.00,-125.00,1071.82
-61.00,-125.00,1071.83
-56.00,-125.00,1071.72
-51.00,-125.00,1071.59
-46.00,-125.00,1071.53
-41.00,-125.00,1071.45
-36.00,-125.00,1071.30
-31.00,-125.00,1071.15
-26.00,-125.00,1071.12
-21.00,-125.00,1071.07
-16.00,-125.00,1071.10
-11.00,-125.00,1070.97
-6.00,-125.00,1070.81
-1.00,-125.00,1070.68
4.00,-125.00,1070.50
9.00,-125.00,1070.29
14.00,-125.00,1070.05
19.00,-125.00,1069.83
24.00,-125.00,1069.77
29.00,-125.00,1069.73
34.00,-125.00,1069.83
39.00,-125.00,1069.96
44.00,-125.00,1069.95
49.00,-125.00,1069.88
54.00,-125.00,1069.73
59.00,-125.00,1069.57
64.00,-125.00,1069.38
69.00,-125.00,1069.18
74.00,-125.00,1069.03
79.00,-125.00,1068.93
84.00,-125.00,1069.51
89.00,-125.00,1069.68
94.00,-125.00,1070.03
99.00,-125.00,1070.04
104.00,-125.00,1070.27
109.00,-125.00,1070.28
114.00,-125.00,1069.21
119.00,-125.00,1069.27
124.00,-125.00,1069.53
129.00,-125.00,1069.34
134.00,-125.00,1069.42
139.00,-125.00,1069.53
144.00,-125.00,1069.61
149.00,-125.00,1069.45
154.00,-125.00,1069.33
159.00,-125.00,1069.57
164.00,-125.00,1070.13
169.00,-125.00,1070.56
174.00,-125.00,1070.22
179.00,-125.00,1068.89
184.00,-125.00,1068.48
189.00,-125.00,1068.45
194.00,-125.00,1068.61
199.00,-125.00,1068.65
204.00,-125.00,1068.52
209.00,-125.00,1068.36
214.00,-125.00,1068.26
219.00,-125.00,1068.14
224.00,-125.00,1068.11
229.00,-125.00,1068.12
234.00,-125.00,1068.34
239.00,-125.00,1068.33
244.00,-125.00,1068.35
249.00,-125.00,1068.31
254.00,-125.00,1068.02
259.00,-125.00,1068.10
264.00,-125.00,1068.03
269.00,-125.00,1068.02
274.00,-125.00,1068.05
279.00,-125.00,1068.21
284.00,-125.00,1068.25
289.00,-125.00,1068.19
294.00,-125.00,1068.10
299.00,-125.00,1068.01
304.00,-125.00,1067.96
309.00,-125.00,1067.98
314.00,-125.00,1067.79
319.00,-125.00,1067.63
324.00,-125.00,1067.78
329.00,-125.00,1067.83
-271.00,-120.00,1076.66
-266.00,-120.00,1076.65
-261.00,-120.00,1076.67
-256.00,-120.00,1076.68
-251.00,-120.00,1076.68
-246.00,-120.00,1076.66
-241.00,-120.00,1076.67
-236.00,-120.00,1076.68
-231.00,-120.00,1076.66
-226.00,-120.00,1076.66
-221.00,-120.00,1076.66
-216.00,-120.00,1077.45
-211.00,-120.00,1078.44
-206.00,-120.00,1079.95
-201.00,-120.00,1080.40
-196.00,-120.00,1081.57
-191.00,-120.00,1081.66
-186.00,-120.00,1081.75
-181.00,-120.00,1081.84
-176.00,-120.00,1081.46
-171.00,-120.00,1080.89
-166.00,-120.00,1080.09
-161.00,-120.00,1079.35
-156.00,-120.00,1078.67
-151.00,-120.00,1077.87
-146.00,-120.00,1077.47
-141.00,-120.00,1076.91
-136.00,-120.00,1076.42
-131.00,-120.00,1075.91
-126.00,-120.00,1075.41
-121.00,-120.00,1074.89
-116.00,-120.00,1074.41
-111.00,-120.00,1073.85
-106.00,-120.00,1073.51
-101.00,-120.00,1073.03
-96.00,-120.00,1072.83
-91.00,-120.00,1072.63
-86.00,-120.00,1072.36
-81.00,-120.00,1072.19
-76.00,-120.00,1071.96
-71.00,-120.00,1071.82
-66.00,-120.00,1071.86
-61.00,-120.00,1071.84
-56.00,-120.00,1071.77
-51.00,-120.00,1071.67
-46.00,-120.00,1071.59
-41.00,-120.00,1071.48
-36.00,-120.00,1071.38
-31.00,-120.00,1071.25
-26.00,-120.00,1071.20
-21.00,-120.00,1071.17
-16.00,-120.00,1071.21
-11.00,-120.00,1071.04
-6.00,-120.00,1070.96
-1.00,-120.00,1070.77
4.00,-120.00,1070.57
9.00,-120.00,1070.34
14.00,-120.00,1070.10
19.00,-120.00,1069.82
24.00,-120.00,1069.73
29.00,-120.00,1069.68
34.00,-120.00,1069.83
39.00,-120.00,1069.87
44.00,-120.00,1069.86
49.00,-120.00,1069.95
54.00,-120.00,1069.73
59.00,-120.00,1069.56
64.00,-120.00,1069.40
69.00,-120.00,1069.19
74.00,-120.00,1069.07
79.00,-120.00,1069.02
84.00,-120.00,1069.82
89.00,-120.00,1069.95
94.00,-120.00,1070.21
99.00,-120.00,1070.16
104.00,-120.00,1070.48
109.00,-120.00,1070.42
114.00,-120.00,1069.24
119.00,-120.00,1069.22
124.00,-120.00,1069.56
129.00,-120.00,1069.36
134.00,-120.00,1069.45
139.00,-120.00,1069.56
144.00,-120.00,1069.62
149.00,-120.00,1069.49
154.00,-120.00,1069.37
159.00,-120.00,1069.59
164.00,-120.00,1070.06
169.00,-120.00,1070.57
174.00,-120.00,1070.24
179.00,-120.00,1068.88
184.00,-120.00,1068.53
189.00,-120.00,1068.49
194.00,-120.00,1068.78
199.00,-120.00,1068.83
204.00,-120.00,1068.64
209.00,-120.00,1068.50
214.00,-120.00,1068.52
219.00,-120.00,1068.46
224.00,-120.00,1068.31
229.00,-120.00,1068.35
234.00,-120.00,1068.47
239.00,-120.00,1068.65
244.00,-120.00,1068.60
249.00,-120.00,1068.40
254.00,-120.00,1068.11
259.00,-120.00,1068.17
264.00,-120.00,1068.09
269.00,-120.00,1068.02
274.00,-120.00,1068.12
279.00,-120.00,1068.46
284.00,-120.00,1068.38
289.00,-120.00,1068.26
294.00,-120.00,1068.21
299.00,-120.00,1068.15
304.00,-120.00,1068.04
309.00,-120.00,1067.96
314.00,-120.00,1067.79
319.00,-120.00,1067.65
324.00,-120.00,1067.87
329.00,-120.00,1067.93
-271.00,-115.00,1076.67
-266.00,-115.00,1076.66
-261.00,-115.00,1076.64
-256.00,-115.00,1076.67
-251.00,-115.00,1076.67
-246.00,-115.00,1076.68
-241.00,-115.00,1076.66
-236.00,-115.00,1076.67
-231.00,-115.00,1076.66
-226.00,-115.00,1076.65
-221.00,-115.00,1076.67
-216.00,-115.00,1076.91
-211.00,-115.00,1078.38
-206.00,-115.00,1079.62
-201.00,-115.00,1080.23
-196.00,-115.00,1081.48
-191.00,-115.00,1081.66
-186.00,-115.00,1081.74
-181.00,-115.00,1081.79
-176.00,-115.00,1081.63
-171.00,-115.00,1080.97
-166.00,-115.00,1080.31
-161.00,-115.00,1079.41
-156.00,-115.00,1078.80
-151.00,-115.00,1078.17
-146.00,-115.00,1077.61
-141.00,-115.00,1076.93
-136.00,-115.00,1076.52
-131.00,-115.00,1075.96
-126.00,-115.00,1075.49
-121.00,-115.00,1074.89
-116.00,-115.00,1074.30
-111.00,-115.00,1073.76
-106.00,-115.00,1073.32
-101.00,-115.00,1073.01
-96.00,-115.00,1072.87
-91.00,-115.00,1072.63
-86.00,-115.00,1072.36
-81.00,-115.00,1072.12
-76.00,-115.00,1071.91
-71.00,-115.00,1071.90
-66.00,-115.00,1071.90
-61.00,-115.00,1071.93
-56.00,-115.00,1071.88
-51.00,-115.00,1071.80
-46.00,-115.00,1071.76
-41.00,-115.00,1071.61
-36.00,-115.00,1071.52
-31.00,-115.00,1071.39
-26.00,-115.00,1071.35
-21.00,-115.00,1071.34
-16.00,-115.00,1071.34
-11.00,-115.00,1071.30
-6.00,-115.00,1071.11
-1.00,-115.00,1070.95
4.00,-115.00,1070.70
9.00,-115.00,1070.48
14.00,-115.00,1070.17
19.00,-115.00,1069.86
24.00,-115.00,1069.73
29.00,-115.00,1069.67
34.00,-115.00,1069.74
39.00,-115.00,1069.87
44.00,-115.00,1069.82
49.00,-115.00,1069.81
54.00,-115.00,1069.72
59.00,-115.00,1069.56
64.00,-115.00,1069.39
69.00,-115.00,1069.26
74.00,-115.00,1069.26
79.00,-115.00,1069.24
84.00,-115.00,1069.99
89.00,-115.00,1070.01
94.00,-115.00,1070.22
99.00,-115.00,1069.96
104.00,-115.00,1070.63
109.00,-115.00,1070.66
114.00,-115.00,1069.21
119.00,-115.00,1069.19
124.00,-115.00,1069.57
129.00,-115.00,1069.35
134.00,-115.00,1069.49
139.00,-115.00,1069.59
144.00,-115.00,1069.64
149.00,-115.00,1069.53
154.00,-115.00,1069.37
159.00,-115.00,1069.57
164.00,-115.00,1070.00
169.00,-115.00,1070.56
174.00,-115.00,1070.25
179.00,-115.00,1068.88
184.00,-115.00,1068.60
189.00,-115.00,1068.60
194.00,-115.00,1068.90
199.00,-115.00,1068.93
204.00,-115.00,1068.93
209.00,-115.00,1068.84
214.00,-115.00,1068.91
219.00,-115.00,1068.78
224.00,-115.00,1068.56
229.00,-115.00,1068.38
234.00,-115.00,1068.55
239.00,-115.00,1069.03
244.00,-115.00,1068.70
249.00,-115.00,1068.57
254.00,-115.00,1068.20
259.00,-115.00,1068.11
264.00,-115.00,1068.11
269.00,-115.00,1068.09
274.00,-115.00,1068.34
279.00,-115.00,1068.49
284.00,-115.00,1068.49
289.00,-115.00,1068.32
294.00,-115.00,1068.41
299.00,-115.00,1068.35
304.00,-115.00,1068.17
309.00,-115.00,1067.99
314.00,-115.00,1067.82
319.00,-115.00,1067.66
324.00,-115.00,1067.88
329.00,-115.00,1067.96
-271.00,-110.00,1076.67
-266.00,-110.00,1076.66
-261.00,-110.00,1076.65
-256.00,-110.00,1076.65
-251.00,-110.00,1076.67
-246.00,-110.00,1076.67
-241.00,-110.00,1076.67
-236.00,-110.00,1076.67
-231.00,-110.00,1076.69
-226.00,-110.00,1076.67
-221.00,-110.00,1076.68
-216.00,-110.00,1076.77
-211.00,-110.00,1078.25
-206.00,-110.00,1079.21
-201.00,-110.00,1080.20
-196.00,-110.00,1081.09
-191.00,-110.00,1081.65
-186.00,-110.00,1081.68
-181.00,-110.00,1081.78
-176.00,-110.00,1081.73
-171.00,-110.00,1081.12
-166.00,-110.00,1080.42
-161.00,-110.00,1079.68
-156.00,-110.00,1078.99
-151.00,-110.00,1078.24
-146.00,-110.00,1077.56
-141.00,-110.00,1077.08
-136.00,-110.00,1076.39
-131.00,-110.00,1076.04
-126.00,-110.00,1075.48
-121.00,-110.00,1074.91
-116.00,-110.00,1074.38
-111.00,-110.00,1073.78
-106.00,-110.00,1073.35
-101.00,-110.00,1073.14
-96.00,-110.00,1072.90
-91.00,-110.00,1072.64
-86.00,-110.00,1072.40
-81.00,-110.00,1071.97
-76.00,-110.00,1071.76
-71.00,-110.00,1071.80
-66.00,-110.00,1071.89
-61.00,-110.00,1071.97
-56.00,-110.00,1071.94
-51.00,-110.00,1071.90
-46.00,-110.00,1071.78
-41.00,-110.00,1071.67
-36.00,-110.00,1071.55
-31.00,-110.00,1071.41
-26.00,-110.00,1071.43
-21.00,-110.00,1071.41
-16.00,-110.00,1071.42
-11.00,-110.00,1071.36
-6.00,-110.00,1071.22
-1.00,-110.00,1071.00
4.00,-110.00,1070.73
9.00,-110.00,1070.39
14.00,-110.00,1070.15
19.00,-110.00,1069.89
24.00,-110.00,1069.72
29.00,-110.00,1069.63
34.00,-110.00,1069.65
39.00,-110.00,1069.65
44.00,-110.00,1069.70
49.00,-110.00,1069.61
54.00,-110.00,1069.58
59.00,-110.00,1069.42
64.00,-110.00,1069.35
69.00,-110.00,1069.30
74.00,-110.00,1069.36
79.00,-110.00,1069.37
84.00,-110.00,1069.58
89.00,-110.00,1069.99
94.00,-110.00,1070.18
99.00,-110.00,1070.31
104.00,-110.00,1070.67
109.00,-110.00,1070.77
114.00,-110.00,1069.20
119.00,-110.00,1069.18
124.00,-110.00,1069.54
129.00,-110.00,1069.39
134.00,-110.00,1069.52
139.00,-110.00,1069.62
144.00,-110.00,1069.70
149.00,-110.00,1069.57
154.00,-110.00,1069.42
159.00,-110.00,1069.57
164.00,-110.00,1069.94
169.00,-110.00,1070.56
174.00,-110.00,1070.26
179.00,-110.00,1068.91
184.00,-110.00,1068.60
189.00,-110.00,1068.63
194.00,-110.00,1068.74
199.00,-110.00,1068.72
204.00,-110.00,1068.66
209.00,-110.00,1068.61
214.00,-110.00,1068.71
219.00,-110.00,1068.68
224.00,-110.00,1068.45
229.00,-110.00,1068.28
234.00,-110.00,1068.37
239.00,-110.00,1068.65
244.00,-110.00,1068.47
249.00,-110.00,1068.39
254.00,-110.00,1068.19
259.00,-110.00,1068.08
264.00,-110.00,1068.12
269.00,-110.00,1068.05
274.00,-110.00,1068.00
279.00,-110.00,1068.11
284.00,-110.00,1068.21
289.00,-110.00,1068.43
294.00,-110.00,1068.50
299.00,-110.00,1068.25
304.00,-110.00,1068.12
309.00,-110.00,1068.02
314.00,-110.00,1067.86
319.00,-110.00,1067.69
324.00,-110.00,1067.94
329.00,-110.00,1067.97
-271.00,-105.00,1076.67
-266.00,-105.00,1076.67
-261.00,-105.00,1076.65
-256.00,-105.00,1076.67
-251.00,-105.00,1076.67
-246.00,-105.00,1076.67
-241.00,-105.00,1076.67
-236.00,-105.00,1076.65
-231.00,-105.00,1076.66
-226.00,-105.00,1076.66
-221.00,-105.00,1076.67
-216.00,-105.00,1076.73
-211.00,-105.00,1078.13
-206.00,-105.00,1078.79
-201.00,-105.00,1080.11
-196.00,-105.00,1080.69
-191.00,-105.00,1081.63
-186.00,-105.00,1081.66
-181.00,-105.00,1081.79
-176.00,-105.00,1081.80
-171.00,-105.00,1081.23
-166.00,-105.00,1080.44
-161.00,-105.00,1079.76
-156.00,-105.00,1079.11
-151.00,-105.00,1078.32
-146.00,-105.00,1077.85
-141.00,-105.00,1077.11
-136.00,-105.00,1076.48
-131.00,-105.00,1075.90
-126.00,-105.00,1075.37
-121.00,-105.00,1074.81
-116.00,-105.00,1074.30
-111.00,-105.00,1073.86
-106.00,-105.00,1073.57
-101.00,-105.00,1073.16
-96.00,-105.00,1072.84
-91.00,-105.00,1072.49
-86.00,-105.00,1072.28
-81.00,-105.00,1071.92
-76.00,-105.00,1071.70
-71.00,-105.00,1071.80
-66.00,-105.00,1071.91
-61.00,-105.00,1071.90
-56.00,-105.00,1071.88
-51.00,-105.00,1071.87
-46.00,-105.00,1071.75
-41.00,-105.00,1071.63
-36.00,-105.00,1071.62
-31.00,-105.00,1071.46
-26.00,-105.00,1071.54
-21.00,-105.00,1071.53
-16.00,-105.00,1071.53
-11.00,-105.00,1071.38
-6.00,-105.00,1071.28
-1.00,-105.00,1070.97
4.00,-105.00,1070.70
9.00,-105.00,1070.41
14.00,-105.00,1070.16
19.00,-105.00,1069.86
24.00,-105.00,1069.73
29.00,-105.00,1069.64
34.00,-105.00,1069.59
39.00,-105.00,1069.54
44.00,-105.00,1069.52
49.00,-105.00,1069.49
54.00,-105.00,1069.47
59.00,-105.00,1069.38
64.00,-105.00,1069.38
69.00,-105.00,1069.44
74.00,-105.00,1069.48
79.00,-105.00,1069.50
84.00,-105.00,1069.77
89.00,-105.00,1070.12
94.00,-105.00,1070.28
99.00,-105.00,1070.35
104.00,-105.00,1070.81
109.00,-105.00,1070.76
114.00,-105.00,1069.22
119.00,-105.00,1069.16
124.00,-105.00,1069.56
129.00,-105.00,1069.43
134.00,-105.00,1069.54
139.00,-105.00,1069.67
144.00,-105.00,1069.73
149.00,-105.00,1069.58
154.00,-105.00,1069.45
159.00,-105.00,1069.61
164.00,-105.00,1069.86
169.00,-105.00,1070.58
174.00,-105.00,1070.24
179.00,-105.00,1068.89
184.00,-105.00,1068.54
189.00,-105.00,1068.46
194.00,-105.00,1068.44
199.00,-105.00,1068.39
204.00,-105.00,1068.32
209.00,-105.00,1068.29
214.00,-105.00,1068.25
219.00,-105.00,1068.17
224.00,-105.00,1068.11
229.00,-105.00,1068.08
234.00,-105.00,1068.08
239.00,-105.00,1068.06
244.00,-105.00,1068.01
249.00,-105.00,1067.99
254.00,-105.00,1067.96
259.00,-105.00,1067.96
264.00,-105.00,1067.92
269.00,-105.00,1067.94
274.00,-105.00,1067.97
279.00,-105.00,1067.87
284.00,-105.00,1067.99
289.00,-105.00,1068.31
294.00,-105.00,1068.35
299.00,-105.00,1068.18
304.00,-105.00,1068.04
309.00,-105.00,1068.00
314.00,-105.00,1067.84
319.00,-105.00,1067.74
324.00,-105.00,1067.93
329.00,-105.00,1067.99
-271.00,-100.00,1076.67
-266.00,-100.00,1076.67
-261.00,-100.00,1076.67
-256.00,-100.00,1076.66
-251.00,-100.00,1076.67
-246.00,-100.00,1076.67
-241.00,-100.00,1076.68
-236.00,-100.00,1076.67
-231.00,-100.00,1076.66
-226.00,-100.00,1076.66
-221.00,-100.00,1076.66
-216.00,-100.00,1076.69
-211.00,-100.00,1077.78
-206.00,-100.00,1078.57
-201.00,-100.00,1079.99
-196.00,-100.00,1080.45
-191.00,-100.00,1081.61
-186.00,-100.00,1081.66
-181.00,-100.00,1081.76
-176.00,-100.00,1081.86
-171.00,-100.00,1081.36
-166.00,-100.00,1080.57
-161.00,-100.00,1079.89
-156.00,-100.00,1079.27
-151.00,-100.00,1078.51
-146.00,-100.00,1077.81
-141.00,-100.00,1077.00
-136.00,-100.00,1076.33
-131.00,-100.00,1075.86
-126.00,-100.00,1075.44
-121.00,-100.00,1074.87
-116.00,-100.00,1074.44
-111.00,-100.00,1073.98
-106.00,-100.00,1073.58
-101.00,-100.00,1073.23
-96.00,-100.00,1072.82
-91.00,-100.00,1072.50
-86.00,-100.00,1072.13
-81.00,-100.00,1071.79
-76.00,-100.00,1071.72
-71.00,-100.00,1071.74
-66.00,-100.00,1071.84
-61.00,-100.00,1071.84
-56.00,-100.00,1071.81
-51.00,-100.00,1071.78
-46.00,-100.00,1071.74
-41.00,-100.00,1071.66
-36.00,-100.00,1071.56
-31.00,-100.00,1071.47
-26.00,-100.00,1071.46
-21.00,-100.00,1071.47
-16.00,-100.00,1071.48
-11.00,-100.00,1071.42
-6.00,-100.00,1071.26
-1.00,-100.00,1070.97
4.00,-100.00,1070.63
9.00,-100.00,1070.36
14.00,-100.00,1070.15
19.00,-100.00,1069.90
24.00,-100.00,1069.78
29.00,-100.00,1069.60
34.00,-100.00,1069.58
39.00,-100.00,1069.57
44.00,-100.00,1069.53
49.00,-100.00,1069.53
54.00,-100.00,1069.55
59.00,-100.00,1069.55
64.00,-100.00,1069.55
69.00,-100.00,1069.63
74.00,-100.00,1069.66
79.00,-100.00,1069.67
84.00,-100.00,1069.65
89.00,-100.00,1070.19
94.00,-100.00,1070.34
99.00,-100.00,1070.50
104.00,-100.00,1070.82
109.00,-100.00,1070.86
114.00,-100.00,1069.22
119.00,-100.00,1069.15
124.00,-100.00,1069.55
129.00,-100.00,1069.45
134.00,-100.00,1069.56
139.00,-100.00,1069.70
144.00,-100.00,1069.77
149.00,-100.00,1069.62
154.00,-100.00,1069.48
159.00,-100.00,1069.64
164.00,-100.00,1069.96
169.00,-100.00,1070.58
174.00,-100.00,1070.28
179.00,-100.00,1068.93
184.00,-100.00,1068.50
189.00,-100.00,1068.57
194.00,-100.00,1068.54
199.00,-100.00,1068.48
204.00,-100.00,1068.43
209.00,-100.00,1068.38
214.00,-100.00,1068.33
219.00,-100.00,1068.28
224.00,-100.00,1068.22
229.00,-100.00,1068.17
234.00,-100.00,1068.15
239.00,-100.00,1068.14
244.00,-100.00,1068.11
249.00,-100.00,1068.10
254.00,-100.00,1068.09
259.00,-100.00,1068.05
264.00,-100.00,1068.03
269.00,-100.00,1068.04
274.00,-100.00,1068.03
279.00,-100.00,1067.92
284.00,-100.00,1067.90
289.00,-100.00,1068.15
294.00,-100.00,1068.20
299.00,-100.00,1068.14
304.00,-100.00,1068.15
309.00,-100.00,1068.06
314.00,-100.00,1067.91
319.00,-100.00,1067.79
324.00,-100.00,1067.94
329.00,-100.00,1068.01
-271.00,-95.00,1076.67
-266.00,-95.00,1076.68
-261.00,-95.00,1076.68
-256.00,-95.00,1076.66
-251.00,-95.00,1076.66
-246.00,-95.00,1076.67
-241.00,-95.00,1076.67
-236.00,-95.00,1076.67
-231.00,-95.00,1076.66
-226.00,-95.00,1076.66
-221.00,-95.00,1076.73
-216.00,-95.00,1076.68
-211.00,-95.00,1077.28
-206.00,-95.00,1078.47
-201.00,-95.00,1079.58
-196.00,-95.00,1080.31
-191.00,-95.00,1081.45
-186.00,-95.00,1081.67
-181.00,-95.00,1081.70
-176.00,-95.00,1081.80
-171.00,-95.00,1081.55
-166.00,-95.00,1080.88
-161.00,-95.00,1080.08
-156.00,-95.00,1079.28
-151.00,-95.00,1078.50
-146.00,-95.00,1077.94
-141.00,-95.00,1077.26
-136.00,-95.00,1076.58
-131.00,-95.00,1075.99
-126.00,-95.00,1075.41
-121.00,-95.00,1074.94
-116.00,-95.00,1074.38
-111.00,-95.00,1073.82
-106.00,-95.00,1073.34
-101.00,-95.00,1073.06
-96.00,-95.00,1072.75
-91.00,-95.00,1072.43
-86.00,-95.00,1072.19
-81.00,-95.00,1071.66
-76.00,-95.00,1071.68
-71.00,-95.00,1071.73
-66.00,-95.00,1071.75
-61.00,-95.00,1071.77
-56.00,-95.00,1071.79
-51.00,-95.00,1071.72
-46.00,-95.00,1071.69
-41.00,-95.00,1071.64
-36.00,-95.00,1071.58
-31.00,-95.00,1071.46
-26.00,-95.00,1071.43
-21.00,-95.00,1071.45
-16.00,-95.00,1071.42
-11.00,-95.00,1071.35
-6.00,-95.00,1071.18
-1.00,-95.00,1070.93
4.00,-95.00,1070.60
9.00,-95.00,1070.36
14.00,-95.00,1070.10
19.00,-95.00,1069.94
24.00,-95.00,1069.76
29.00,-95.00,1069.63
34.00,-95.00,1069.67
39.00,-95.00,1069.60
44.00,-95.00,1069.56
49.00,-95.00,1069.57
54.00,-95.00,1069.55
59.00,-95.00,1069.62
64.00,-95.00,1069.71
69.00,-95.00,1069.79
74.00,-95.00,1069.80
79.00,-95.00,1069.81
84.00,-95.00,1069.67
89.00,-95.00,1070.27
94.00,-95.00,1070.63
99.00,-95.00,1070.54
104.00,-95.00,1070.81
109.00,-95.00,1070.83
114.00,-95.00,1069.24
119.00,-95.00,1069.14
124.00,-95.00,1069.55
129.00,-95.00,1069.46
134.00,-95.00,1069.58
139.00,-95.00,1069.73
144.00,-95.00,1069.78
149.00,-95.00,1069.64
154.00,-95.00,1069.51
159.00,-95.00,1069.68
164.00,-95.00,1070.16
169.00,-95.00,1070.66
174.00,-95.00,1070.28
179.00,-95.00,1068.99
184.00,-95.00,1068.60
189.00,-95.00,1068.64
194.00,-95.00,1068.49
199.00,-95.00,1068.34
204.00,-95.00,1068.28
209.00,-95.00,1068.23
214.00,-95.00,1068.19
219.00,-95.00,1068.13
224.00,-95.00,1068.08
229.00,-95.00,1068.01
234.00,-95.00,1068.01
239.00,-95.00,1067.96
244.00,-95.00,1067.95
249.00,-95.00,1067.93
254.00,-95.00,1067.92
259.00,-95.00,1067.89
264.00,-95.00,1067.88
269.00,-95.00,1067.97
274.00,-95.00,1067.98
279.00,-95.00,1067.85
284.00,-95.00,1067.96
289.00,-95.00,1068.24
294.00,-95.00,1068.24
299.00,-95.00,1068.19
304.00,-95.00,1068.14
309.00,-95.00,1068.07
314.00,-95.00,1067.95
319.00,-95.00,1067.83
324.00,-95.00,1068.00
329.00,-95.00,1067.99
-271.00,-90.00,1076.67
-266.00,-90.00,1076.67
-261.00,-90.00,1076.69
-256.00,-90.00,1076.67
-251.00,-90.00,1076.67
-246.00,-90.00,1076.67
-241.00,-90.00,1076.67
-236.00,-90.00,1076.65
-231.00,-90.00,1076.67
-226.00,-90.00,1076.66
-221.00,-90.00,1076.66
-216.00,-90.00,1076.69
-211.00,-90.00,1076.89
-206.00,-90.00,1078.37
-201.00,-90.00,1079.21
-196.00,-90.00,1080.15
-191.00,-90.00,1081.08
-186.00,-90.00,1081.65
-181.00,-90.00,1081.67
-176.00,-90.00,1081.79
-171.00,-90.00,1081.70
-166.00,-90.00,1080.95
-161.00,-90.00,1080.25
-156.00,-90.00,1079.44
-151.00,-90.00,1078.72
-146.00,-90.00,1078.19
-141.00,-90.00,1077.45
-136.00,-90.00,1076.72
-131.00,-90.00,1076.12
-126.00,-90.00,1075.45
-121.00,-90.00,1074.94
-116.00,-90.00,1074.34
-111.00,-90.00,1073.92
-106.00,-90.00,1073.48
-101.00,-90.00,1073.04
-96.00,-90.00,1072.62
-91.00,-90.00,1072.36
-86.00,-90.00,1072.16
-81.00,-90.00,1071.72
-76.00,-90.00,1071.69
-71.00,-90.00,1071.70
-66.00,-90.00,1071.68
-61.00,-90.00,1071.70
-56.00,-90.00,1071.67
-51.00,-90.00,1071.69
-46.00,-90.00,1071.68
-41.00,-90.00,1071.63
-36.00,-90.00,1071.60
-31.00,-90.00,1071.46
-26.00,-90.00,1071.40
-21.00,-90.00,1071.38
-16.00,-90.00,1071.41
-11.00,-90.00,1071.30
-6.00,-90.00,1071.20
-1.00,-90.00,1070.94
4.00,-90.00,1070.63
9.00,-90.00,1070.36
14.00,-90.00,1070.18
19.00,-90.00,1069.94
24.00,-90.00,1069.74
29.00,-90.00,1069.63
34.00,-90.00,1069.61
39.00,-90.00,1069.59
44.00,-90.00,1069.61
49.00,-90.00,1069.66
54.00,-90.00,1069.70
59.00,-90.00,1069.82
64.00,-90.00,1069.89
69.00,-90.00,1069.98
74.00,-90.00,1069.97
79.00,-90.00,1069.95
84.00,-90.00,1069.79
89.00,-90.00,1070.33
94.00,-90.00,1070.43
99.00,-90.00,1070.63
104.00,-90.00,1070.80
109.00,-90.00,1070.77
114.00,-90.00,1069.21
119.00,-90.00,1069.14
124.00,-90.00,1069.57
129.00,-90.00,1069.51
134.00,-90.00,1069.63
139.00,-90.00,1069.75
144.00,-90.00,1069.80
149.00,-90.00,1069.67
154.00,-90.00,1069.55
159.00,-90.00,1069.78
164.00,-90.00,1070.29
169.00,-90.00,1070.68
174.00,-90.00,1070.35
179.00,-90.00,1069.12
184.00,-90.00,1068.63
189.00,-90.00,1068.63
194.00,-90.00,1068.62
199.00,-90.00,1068.70
204.00,-90.00,1068.59
209.00,-90.00,1068.61
214.00,-90.00,1068.48
219.00,-90.00,1068.41
224.00,-90.00,1068.37
229.00,-90.00,1068.11
234.00,-90.00,1068.27
239.00,-90.00,1068.20
244.00,-90.00,1068.19
249.00,-90.00,1068.20
254.00,-90.00,1068.17
259.00,-90.00,1068.17
264.00,-90.00,1068.00
269.00,-90.00,1067.81
274.00,-90.00,1067.92
279.00,-90.00,1067.78
284.00,-90.00,1068.00
289.00,-90.00,1068.35
294.00,-90.00,1068.33
299.00,-90.00,1068.19
304.00,-90.00,1068.16
309.00,-90.00,1068.09
314.00,-90.00,1067.96
319.00,-90.00,1067.86
324.00,-90.00,1068.00
329.00,-90.00,1067.98
-271.00,-85.00,1076.67
-266.00,-85.00,1076.68
-261.00,-85.00,1076.66
-256.00,-85.00,1076.65
-251.00,-85.00,1076.67
-246.00,-85.00,1076.67
-241.00,-85.00,1076.66
-236.00,-85.00,1076.66
-231.00,-85.00,1076.70
-226.00,-85.00,1076.66
-221.00,-85.00,1076.63
-216.00,-85.00,1076.67
-211.00,-85.00,1076.71
-206.00,-85.00,1078.17
-201.00,-85.00,1078.89
-196.00,-85.00,1080.03
-191.00,-85.00,1080.71
-186.00,-85.00,1081.62
-181.00,-85.00,1081.66
-176.00,-85.00,1081.79
-171.00,-85.00,1081.80
-166.00,-85.00,1081.22
-161.00,-85.00,1080.51
-156.00,-85.00,1079.70
-151.00,-85.00,1078.90
-146.00,-85.00,1078.34
-141.00,-85.00,1077.51
-136.00,-85.00,1076.79
-131.00,-85.00,1076.05
-126.00,-85.00,1075.43
-121.00,-85.00,1074.83
-116.00,-85.00,1074.37
-111.00,-85.00,1073.92
-106.00,-85.00,1073.32
-101.00,-85.00,1072.91
-96.00,-85.00,1072.60
-91.00,-85.00,1072.27
-86.00,-85.00,1072.03
-81.00,-85.00,1071.73
-76.00,-85.00,1071.76
-71.00,-85.00,1071.67
-66.00,-85.00,1071.61
-61.00,-85.00,1071.63
-56.00,-85.00,1071.63
-51.00,-85.00,1071.70
-46.00,-85.00,1071.67
-41.00,-85.00,1071.61
-36.00,-85.00,1071.52
-31.00,-85.00,1071.39
-26.00,-85.00,1071.34
-21.00,-85.00,1071.31
-16.00,-85.00,1071.35
-11.00,-85.00,1071.27
-6.00,-85.00,1071.14
-1.00,-85.00,1070.97
4.00,-85.00,1070.74
9.00,-85.00,1070.41
14.00,-85.00,1070.20
19.00,-85.00,1070.05
24.00,-85.00,1069.84
29.00,-85.00,1069.71
34.00,-85.00,1069.63
39.00,-85.00,1069.64
44.00,-85.00,1069.70
49.00,-85.00,1069.77
54.00,-85.00,1069.86
59.00,-85.00,1069.94
64.00,-85.00,1070.02
69.00,-85.00,1070.08
74.00,-85.00,1070.08
79.00,-85.00,1070.00
84.00,-85.00,1069.79
89.00,-85.00,1070.13
94.00,-85.00,1070.37
99.00,-85.00,1070.60
104.00,-85.00,1070.59
109.00,-85.00,1070.60
114.00,-85.00,1069.23
119.00,-85.00,1069.16
124.00,-85.00,1069.59
129.00,-85.00,1069.53
134.00,-85.00,1069.64
139.00,-85.00,1069.77
144.00,-85.00,1069.83
149.00,-85.00,1069.70
154.00,-85.00,1069.56
159.00,-85.00,1069.79
164.00,-85.00,1070.32
169.00,-85.00,1070.73
174.00,-85.00,1070.38
179.00,-85.00,1069.20
184.00,-85.00,1068.67
189.00,-85.00,1068.66
194.00,-85.00,1068.77
199.00,-85.00,1068.90
204.00,-85.00,1068.74
209.00,-85.00,1068.64
214.00,-85.00,1068.63
219.00,-85.00,1068.46
224.00,-85.00,1068.38
229.00,-85.00,1068.19
234.00,-85.00,1068.34
239.00,-85.00,1068.32
244.00,-85.00,1068.08
249.00,-85.00,1068.15
254.00,-85.00,1068.28
259.00,-85.00,1068.20
264.00,-85.00,1068.04
269.00,-85.00,1067.84
274.00,-85.00,1067.88
279.00,-85.00,1067.78
284.00,-85.00,1068.06
289.00,-85.00,1068.34
294.00,-85.00,1068.32
299.00,-85.00,1068.22
304.00,-85.00,1068.20
309.00,-85.00,1068.22
314.00,-85.00,1068.04
319.00,-85.00,1067.91
324.00,-85.00,1067.95
329.00,-85.00,1067.95
-271.00,-80.00,1076.68
-266.00,-80.00,1076.68
-261.00,-80.00,1076.69
-256.00,-80.00,1076.67
-251.00,-80.00,1076.67
-246.00,-80.00,1076.67
-241.00,-80.00,1076.67
-236.00,-80.00,1076.65
-231.00,-80.00,1076.69
-226.00,-80.00,1076.68
-221.00,-80.00,1076.65
-216.00,-80.00,1076.65
-211.00,-80.00,1076.66
-206.00,-80.00,1077.77
-201.00,-80.00,1078.47
-196.00,-80.00,1079.75
-191.00,-80.00,1080.46
-186.00,-80.00,1081.61
-181.00,-80.00,1081.64
-176.00,-80.00,1081.73
-171.00,-80.00,1081.82
-166.00,-80.00,1081.34
-161.00,-80.00,1080.60
-156.00,-80.00,1079.82
-151.00,-80.00,1079.06
-146.00,-80.00,1078.37
-141.00,-80.00,1077.60
-136.00,-80.00,1076.83
-131.00,-80.00,1076.11
-126.00,-80.00,1075.48
-121.00,-80.00,1074.94
-116.00,-80.00,1074.38
-111.00,-80.00,1073.90
-106.00,-80.00,1073.22
-101.00,-80.00,1072.92
-96.00,-80.00,1072.52
-91.00,-80.00,1072.18
-86.00,-80.00,1071.85
-81.00,-80.00,1071.69
-76.00,-80.00,1071.71
-71.00,-80.00,1071.69
-66.00,-80.00,1071.69
-61.00,-80.00,1071.72
-56.00,-80.00,1071.70
-51.00,-80.00,1071.71
-46.00,-80.00,1071.66
-41.00,-80.00,1071.61
-36.00,-80.00,1071.53
-31.00,-80.00,1071.40
-26.00,-80.00,1071.37
-21.00,-80.00,1071.34
-16.00,-80.00,1071.35
-11.00,-80.00,1071.28
-6.00,-80.00,1071.23
-1.00,-80.00,1071.03
4.00,-80.00,1070.80
9.00,-80.00,1070.57
14.00,-80.00,1070.34
19.00,-80.00,1070.05
24.00,-80.00,1069.93
29.00,-80.00,1069.81
34.00,-80.00,1069.73
39.00,-80.00,1069.78
44.00,-80.00,1069.86
49.00,-80.00,1069.97
54.00,-80.00,1070.08
59.00,-80.00,1070.18
64.00,-80.00,1070.24
69.00,-80.00,1070.20
74.00,-80.00,1070.18
79.00,-80.00,1070.11
84.00,-80.00,1069.97
89.00,-80.00,1070.14
94.00,-80.00,1070.63
99.00,-80.00,1070.63
104.00,-80.00,1070.52
109.00,-80.00,1070.37
114.00,-80.00,1069.23
119.00,-80.00,1069.17
124.00,-80.00,1069.59
129.00,-80.00,1069.54
134.00,-80.00,1069.67
139.00,-80.00,1069.80
144.00,-80.00,1069.88
149.00,-80.00,1069.72
154.00,-80.00,1069.58
159.00,-80.00,1069.84
164.00,-80.00,1070.35
169.00,-80.00,1070.79
174.00,-80.00,1070.41
179.00,-80.00,1069.22
184.00,-80.00,1068.73
189.00,-80.00,1068.74
194.00,-80.00,1068.82
199.00,-80.00,1068.96
204.00,-80.00,1068.91
209.00,-80.00,1068.69
214.00,-80.00,1068.62
219.00,-80.00,1068.51
224.00,-80.00,1068.41
229.00,-80.00,1068.25
234.00,-80.00,1068.27
239.00,-80.00,1068.14
244.00,-80.00,1068.08
249.00,-80.00,1068.13
254.00,-80.00,1068.16
259.00,-80.00,1068.15
264.00,-80.00,1068.03
269.00,-80.00,1067.75
274.00,-80.00,1067.85
279.00,-80.00,1067.75
284.00,-80.00,1068.27
289.00,-80.00,1068.36
294.00,-80.00,1068.19
299.00,-80.00,1068.18
304.00,-80.00,1068.23
309.00,-80.00,1068.24
314.00,-80.00,1068.07
319.00,-80.00,1067.94
324.00,-80.00,1068.03
329.00,-80.00,1068.01
-271.00,-75.00,1076.68
-266.00,-75.00,1076.67
-261.00,-75.00,1076.66
-256.00,-75.00,1076.66
-251.00,-75.00,1076.67
-246.00,-75.00,1076.67
-241.00,-75.00,1076.67
-236.00,-75.00,1076.66
-231.00,-75.00,1076.70
-226.00,-75.00,1076.68
-221.00,-75.00,1076.70
-216.00,-75.00,1076.68
-211.00,-75.00,1076.67
-206.00,-75.00,1077.18
-201.00,-75.00,1078.30
-196.00,-75.00,1079.32
-191.00,-75.00,1080.35
-186.00,-75.00,1081.51
-181.00,-75.00,1081.64
-176.00,-75.00,1081.67
-171.00,-75.00,1081.76
-166.00,-75.00,1081.59
-161.00,-75.00,1080.78
-156.00,-75.00,1079.92
-151.00,-75.00,1079.15
-146.00,-75.00,1078.46
-141.00,-75.00,1077.70
-136.00,-75.00,1076.84
-131.00,-75.00,1076.15
-126.00,-75.00,1075.58
-121.00,-75.00,1075.02
-116.00,-75.00,1074.52
-111.00,-75.00,1073.91
-106.00,-75.00,1073.36
-101.00,-75.00,1072.94
-96.00,-75.00,1072.43
-91.00,-75.00,1072.04
-86.00,-75.00,1071.65
-81.00,-75.00,1071.51
-76.00,-75.00,1071.59
-71.00,-75.00,1071.68
-66.00,-75.00,1071.71
-61.00,-75.00,1071.78
-56.00,-75.00,1071.71
-51.00,-75.00,1071.73
-46.00,-75.00,1071.69
-41.00,-75.00,1071.60
-36.00,-75.00,1071.47
-31.00,-75.00,1071.36
-26.00,-75.00,1071.36
-21.00,-75.00,1071.33
-16.00,-75.00,1071.30
-11.00,-75.00,1071.21
-6.00,-75.00,1071.17
-1.00,-75.00,1071.01
4.00,-75.00,1070.85
9.00,-75.00,1070.57
14.00,-75.00,1070.35
19.00,-75.00,1070.14
24.00,-75.00,1069.94
29.00,-75.00,1069.83
34.00,-75.00,1069.83
39.00,-75.00,1069.80
44.00,-75.00,1069.96
49.00,-75.00,1070.16
54.00,-75.00,1070.23
59.00,-75.00,1070.29
64.00,-75.00,1070.34
69.00,-75.00,1070.23
74.00,-75.00,1070.19
79.00,-75.00,1070.10
84.00,-75.00,1069.94
89.00,-75.00,1070.58
94.00,-75.00,1070.65
99.00,-75.00,1070.72
104.00,-75.00,1070.47
109.00,-75.00,1070.35
114.00,-75.00,1069.26
119.00,-75.00,1069.18
124.00,-75.00,1069.61
129.00,-75.00,1069.58
134.00,-75.00,1069.69
139.00,-75.00,1069.80
144.00,-75.00,1069.90
149.00,-75.00,1069.76
154.00,-75.00,1069.62
159.00,-75.00,1069.82
164.00,-75.00,1070.34
169.00,-75.00,1070.81
174.00,-75.00,1070.46
179.00,-75.00,1069.30
184.00,-75.00,1068.79
189.00,-75.00,1068.79
194.00,-75.00,1068.89
199.00,-75.00,1069.00
204.00,-75.00,1069.00
209.00,-75.00,1068.78
214.00,-75.00,1068.53
219.00,-75.00,1068.52
224.00,-75.00,1068.52
229.00,-75.00,1068.30
234.00,-75.00,1068.34
239.00,-75.00,1068.14
244.00,-75.00,1068.07
249.00,-75.00,1068.05
254.00,-75.00,1068.10
259.00,-75.00,1068.11
264.00,-75.00,1068.07
269.00,-75.00,1067.73
274.00,-75.00,1067.83
279.00,-75.00,1067.72
284.00,-75.00,1068.43
289.00,-75.00,1068.51
294.00,-75.00,1068.31
299.00,-75.00,1068.21
304.00,-75.00,1068.21
309.00,-75.00,1068.21
314.00,-75.00,1068.05
319.00,-75.00,1067.92
324.00,-75.00,1068.11
329.00,-75.00,1068.06
-271.00,-70.00,1076.68
-266.00,-70.00,1076.67
-261.00,-70.00,1076.66
-256.00,-70.00,1076.66
-251.00,-70.00,1076.68
-246.00,-70.00,1076.67
-241.00,-70.00,1076.67
-236.00,-70.00,1076.65
-231.00,-70.00,1076.69
-226.00,-70.00,1076.73
-221.00,-70.00,1076.67
-216.00,-70.00,1076.66
-211.00,-70.00,1076.66
-206.00,-70.00,1076.82
-201.00,-70.00,1078.30
-196.00,-70.00,1078.74
-191.00,-70.00,1080.25
-186.00,-70.00,1081.16
-181.00,-70.00,1081.62
-176.00,-70.00,1081.62
-171.00,-70.00,1081.75
-166.00,-70.00,1081.74
-161.00,-70.00,1080.92
-156.00,-70.00,1080.18
-151.00,-70.00,1079.33
-146.00,-70.00,1078.63
-141.00,-70.00,1077.89
-136.00,-70.00,1076.98
-131.00,-70.00,1076.26
-126.00,-70.00,1075.73
-121.00,-70.00,1075.09
-116.00,-70.00,1074.55
-111.00,-70.00,1073.82
-106.00,-70.00,1073.48
-101.00,-70.00,1072.91
-96.00,-70.00,1072.27
-91.00,-70.00,1071.81
-86.00,-70.00,1071.47
-81.00,-70.00,1071.43
-76.00,-70.00,1071.58
-71.00,-70.00,1071.68
-66.00,-70.00,1071.79
-61.00,-70.00,1071.85
-56.00,-70.00,1071.74
-51.00,-70.00,1071.66
-46.00,-70.00,1071.65
-41.00,-70.00,1071.50
-36.00,-70.00,1071.48
-31.00,-70.00,1071.34
-26.00,-70.00,1071.36
-21.00,-70.00,1071.31
-16.00,-70.00,1071.32
-11.00,-70.00,1071.21
-6.00,-70.00,1071.08
-1.00,-70.00,1070.95
4.00,-70.00,1070.79
9.00,-70.00,1070.60
14.00,-70.00,1070.36
19.00,-70.00,1070.20
24.00,-70.00,1069.94
29.00,-70.00,1069.84
34.00,-70.00,1069.79
39.00,-70.00,1069.81
44.00,-70.00,1069.88
49.00,-70.00,1070.11
54.00,-70.00,1070.22
59.00,-70.00,1070.29
64.00,-70.00,1070.37
69.00,-70.00,1070.21
74.00,-70.00,1070.13
79.00,-70.00,1070.05
84.00,-70.00,1069.91
89.00,-70.00,1069.87
94.00,-70.00,1070.77
99.00,-70.00,1070.50
104.00,-70.00,1070.43
109.00,-70.00,1070.30
114.00,-70.00,1069.27
119.00,-70.00,1069.20
124.00,-70.00,1069.61
129.00,-70.00,1069.63
134.00,-70.00,1069.72
139.00,-70.00,1069.84
144.00,-70.00,1069.93
149.00,-70.00,1069.79
154.00,-70.00,1069.65
159.00,-70.00,1069.87
164.00,-70.00,1070.33
169.00,-70.00,1070.77
174.00,-70.00,1070.48
179.00,-70.00,1069.30
184.00,-70.00,1068.84
189.00,-70.00,1068.85
194.00,-70.00,1069.02
199.00,-70.00,1069.14
204.00,-70.00,1069.20
209.00,-70.00,1069.12
214.00,-70.00,1068.90
219.00,-70.00,1069.16
224.00,-70.00,1068.80
229.00,-70.00,1068.33
234.00,-70.00,1068.49
239.00,-70.00,1068.15
244.00,-70.00,1068.14
249.00,-70.00,1068.09
254.00,-70.00,1068.06
259.00,-70.00,1068.06
264.00,-70.00,1067.98
269.00,-70.00,1067.69
274.00,-70.00,1067.82
279.00,-70.00,1067.72
284.00,-70.00,1068.49
289.00,-70.00,1068.53
294.00,-70.00,1068.38
299.00,-70.00,1068.27
304.00,-70.00,1068.39
309.00,-70.00,1068.23
314.00,-70.00,1068.13
319.00,-70.00,1067.99
324.00,-70.00,1067.91
329.00,-70.00,1067.87
-271.00,-65.00,1076.68
-266.00,-65.00,1076.68
-261.00,-65.00,1076.67
-256.00,-65.00,1076.67
-251.00,-65.00,1076.67
-246.00,-65.00,1076.66
-241.00,-65.00,1076.67
-236.00,-65.00,1076.66
-231.00,-65.00,1076.66
-226.00,-65.00,1076.74
-221.00,-65.00,1076.71
-216.00,-65.00,1076.67
-211.00,-65.00,1076.69
-206.00,-65.00,1076.71
-201.00,-65.00,1078.08
-196.00,-65.00,1078.43
-191.00,-65.00,1080.02
-186.00,-65.00,1080.75
-181.00,-65.00,1081.59
-176.00,-65.00,1081.67
-171.00,-65.00,1081.71
-166.00,-65.00,1081.75
-161.00,-65.00,1081.12
-156.00,-65.00,1080.36
-151.00,-65.00,1079.46
-146.00,-65.00,1078.77
-141.00,-65.00,1077.91
-136.00,-65.00,1076.96
-131.00,-65.00,1076.35
-126.00,-65.00,1075.80
-121.00,-65.00,1075.13
-116.00,-65.00,1074.25
-111.00,-65.00,1073.72
-106.00,-65.00,1073.41
-101.00,-65.00,1072.81
-96.00,-65.00,1072.20
-91.00,-65.00,1071.80
-86.00,-65.00,1071.50
-81.00,-65.00,1071.48
-76.00,-65.00,1071.65
-71.00,-65.00,1071.74
-66.00,-65.00,1071.76
-61.00,-65.00,1071.83
-56.00,-65.00,1071.71
-51.00,-65.00,1071.67
-46.00,-65.00,1071.59
-41.00,-65.00,1071.51
-36.00,-65.00,1071.44
-31.00,-65.00,1071.34
-26.00,-65.00,1071.39
-21.00,-65.00,1071.36
-16.00,-65.00,1071.28
-11.00,-65.00,1071.19
-6.00,-65.00,1071.02
-1.00,-65.00,1070.87
4.00,-65.00,1070.74
9.00,-65.00,1070.53
14.00,-65.00,1070.34
19.00,-65.00,1070.15
24.00,-65.00,1069.96
29.00,-65.00,1069.85
34.00,-65.00,1070.08
39.00,-65.00,1070.25
44.00,-65.00,1070.03
49.00,-65.00,1070.04
54.00,-65.00,1070.16
59.00,-65.00,1070.22
64.00,-65.00,1070.26
69.00,-65.00,1070.18
74.00,-65.00,1070.08
79.00,-65.00,1070.05
84.00,-65.00,1069.90
89.00,-65.00,1069.83
94.00,-65.00,1070.63
99.00,-65.00,1070.55
104.00,-65.00,1070.44
109.00,-65.00,1070.33
114.00,-65.00,1069.31
119.00,-65.00,1069.24
124.00,-65.00,1069.63
129.00,-65.00,1069.64
134.00,-65.00,1069.77
139.00,-65.00,1069.87
144.00,-65.00,1069.96
149.00,-65.00,1069.83
154.00,-65.00,1069.68
159.00,-65.00,1069.91
164.00,-65.00,1070.36
169.00,-65.00,1070.74
174.00,-65.00,1070.51
179.00,-65.00,1069.36
184.00,-65.00,1068.87
189.00,-65.00,1068.88
194.00,-65.00,1069.05
199.00,-65.00,1069.29
204.00,-65.00,1069.37
209.00,-65.00,1069.42
214.00,-65.00,1069.34
219.00,-65.00,1069.31
224.00,-65.00,1069.30
229.00,-65.00,1068.36
234.00,-65.00,1068.40
239.00,-65.00,1068.20
244.00,-65.00,1068.08
249.00,-65.00,1068.11
254.00,-65.00,1068.29
259.00,-65.00,1068.48
264.00,-65.00,1068.19
269.00,-65.00,1067.71
274.00,-65.00,1067.80
279.00,-65.00,1067.68
284.00,-65.00,1068.48
289.00,-65.00,1068.52
294.00,-65.00,1068.16
299.00,-65.00,1068.13
304.00,-65.00,1068.02
309.00,-65.00,1068.00
314.00,-65.00,1067.90
319.00,-65.00,1068.11
324.00,-65.00,1067.99
329.00,-65.00,1067.82
-271.00,-60.00,1076.67
-266.00,-60.00,1076.67
-261.00,-60.00,1076.63
-256.00,-60.00,1076.65
-251.00,-60.00,1076.67
-246.00,-60.00,1076.67
-241.00,-60.00,1076.67
-236.00,-60.00,1076.65
-231.00,-60.00,1076.68
-226.00,-60.00,1076.70
-221.00,-60.00,1076.73
-216.00,-60.00,1076.64
-211.00,-60.00,1076.64
-206.00,-60.00,1076.66
-201.00,-60.00,1077.44
-196.00,-60.00,1078.47
-191.00,-60.00,1079.66
-186.00,-60.00,1080.49
-181.00,-60.00,1081.52
-176.00,-60.00,1081.65
-171.00,-60.00,1081.68
-166.00,-60.00,1081.70
-161.00,-60.00,1081.32
-156.00,-60.00,1080.43
-151.00,-60.00,1079.70
-146.00,-60.00,1078.97
-141.00,-60.00,1078.03
-136.00,-60.00,1077.15
-131.00,-60.00,1076.46
-126.00,-60.00,1075.85
-121.00,-60.00,1074.72
-116.00,-60.00,1074.11
-111.00,-60.00,1073.65
-106.00,-60.00,1073.30
-101.00,-60.00,1072.72
-96.00,-60.00,1072.02
-91.00,-60.00,1071.78
-86.00,-60.00,1071.67
-81.00,-60.00,1071.67
-76.00,-60.00,1071.73
-71.00,-60.00,1071.83
-66.00,-60.00,1071.92
-61.00,-60.00,1071.84
-56.00,-60.00,1071.81
-51.00,-60.00,1071.68
-46.00,-60.00,1071.70
-41.00,-60.00,1071.62
-36.00,-60.00,1071.53
-31.00,-60.00,1071.40
-26.00,-60.00,1071.39
-21.00,-60.00,1071.36
-16.00,-60.00,1071.33
-11.00,-60.00,1071.21
-6.00,-60.00,1071.01
-1.00,-60.00,1070.78
4.00,-60.00,1070.60
9.00,-60.00,1070.47
14.00,-60.00,1070.32
19.00,-60.00,1070.21
24.00,-60.00,1070.04
29.00,-60.00,1069.89
34.00,-60.00,1069.91
39.00,-60.00,1070.09
44.00,-60.00,1070.49
49.00,-60.00,1070.12
54.00,-60.00,1070.17
59.00,-60.00,1070.21
64.00,-60.00,1070.20
69.00,-60.00,1070.11
74.00,-60.00,1070.10
79.00,-60.00,1070.01
84.00,-60.00,1069.93
89.00,-60.00,1069.85
94.00,-60.00,1070.38
99.00,-60.00,1070.69
104.00,-60.00,1070.71
109.00,-60.00,1070.47
114.00,-60.00,1069.33
119.00,-60.00,1069.25
124.00,-60.00,1069.68
129.00,-60.00,1069.70
134.00,-60.00,1069.79
139.00,-60.00,1069.94
144.00,-60.00,1070.03
149.00,-60.00,1069.88
154.00,-60.00,1069.72
159.00,-60.00,1069.95
164.00,-60.00,1070.38
169.00,-60.00,1070.72
174.00,-60.00,1070.53
179.00,-60.00,1069.36
184.00,-60.00,1068.93
189.00,-60.00,1068.94
194.00,-60.00,1069.09
199.00,-60.00,1069.36
204.00,-60.00,1069.38
209.00,-60.00,1069.41
214.00,-60.00,1069.37
219.00,-60.00,1069.34
224.00,-60.00,1069.17
229.00,-60.00,1068.40
234.00,-60.00,1068.38
239.00,-60.00,1068.28
244.00,-60.00,1068.31
249.00,-60.00,1068.38
254.00,-60.00,1068.62
259.00,-60.00,1068.64
264.00,-60.00,1068.30
269.00,-60.00,1067.68
274.00,-60.00,1067.75
279.00,-60.00,1067.65
284.00,-60.00,1068.04
289.00,-60.00,1068.15
294.00,-60.00,1067.95
299.00,-60.00,1067.95
304.00,-60.00,1067.95
309.00,-60.00,1067.98
314.00,-60.00,1067.91
319.00,-60.00,1068.06
324.00,-60.00,1067.93
329.00,-60.00,1067.78
-271.00,-55.00,1076.67
-266.00,-55.00,1076.67
-261.00,-55.00,1076.65
-256.00,-55.00,1076.67
-251.00,-55.00,1076.67
-246.00,-55.00,1076.67
-241.00,-55.00,1076.67
-236.00,-55.00,1076.67
-231.00,-55.00,1076.64
-226.00,-55.00,1076.63
-221.00,-55.00,1076.67
-216.00,-55.00,1076.65
-211.00,-55.00,1076.64
-206.00,-55.00,1076.65
-201.00,-55.00,1076.89
-196.00,-55.00,1078.33
-191.00,-55.00,1079.16
-186.00,-55.00,1080.39
-181.00,-55.00,1081.34
-176.00,-55.00,1081.64
-171.00,-55.00,1081.67
-166.00,-55.00,1081.74
-161.00,-55.00,1081.49
-156.00,-55.00,1080.66
-151.00,-55.00,1079.85
-146.00,-55.00,1079.10
-141.00,-55.00,1078.28
-136.00,-55.00,1077.41
-131.00,-55.00,1076.60
-126.00,-55.00,1075.76
-121.00,-55.00,1074.50
-116.00,-55.00,1074.11
-111.00,-55.00,1073.58
-106.00,-55.00,1073.09
-101.00,-55.00,1072.62
-96.00,-55.00,1072.26
-91.00,-55.00,1071.96
-86.00,-55.00,1071.73
-81.00,-55.00,1071.71
-76.00,-55.00,1071.82
-71.00,-55.00,1071.88
-66.00,-55.00,1071.90
-61.00,-55.00,1071.93
-56.00,-55.00,1071.83
-51.00,-55.00,1071.77
-46.00,-55.00,1071.71
-41.00,-55.00,1071.71
-36.00,-55.00,1071.57
-31.00,-55.00,1071.44
-26.00,-55.00,1071.42
-21.00,-55.00,1071.31
-16.00,-55.00,1071.22
-11.00,-55.00,1071.04
-6.00,-55.00,1070.82
-1.00,-55.00,1070.64
4.00,-55.00,1070.52
9.00,-55.00,1070.41
14.00,-55.00,1070.29
19.00,-55.00,1070.25
24.00,-55.00,1070.10
29.00,-55.00,1069.96
34.00,-55.00,1069.83
39.00,-55.00,1069.84
44.00,-55.00,1070.18
49.00,-55.00,1069.98
54.00,-55.00,1070.08
59.00,-55.00,1070.10
64.00,-55.00,1070.11
69.00,-55.00,1070.06
74.00,-55.00,1070.00
79.00,-55.00,1070.00
84.00,-55.00,1069.91
89.00,-55.00,1069.89
94.00,-55.00,1070.32
99.00,-55.00,1070.71
104.00,-55.00,1070.68
109.00,-55.00,1070.51
114.00,-55.00,1069.36
119.00,-55.00,1069.28
124.00,-55.00,1069.73
129.00,-55.00,1069.73
134.00,-55.00,1069.83
139.00,-55.00,1069.94
144.00,-55.00,1070.03
149.00,-55.00,1069.90
154.00,-55.00,1069.75
159.00,-55.00,1069.94
164.00,-55.00,1070.43
169.00,-55.00,1070.73
174.00,-55.00,1070.55
179.00,-55.00,1069.45
184.00,-55.00,1068.98
189.00,-55.00,1069.00
194.00,-55.00,1069.15
199.00,-55.00,1069.39
204.00,-55.00,1069.39
209.00,-55.00,1069.44
214.00,-55.00,1069.43
219.00,-55.00,1069.26
224.00,-55.00,1068.78
229.00,-55.00,1068.41
234.00,-55.00,1068.27
239.00,-55.00,1068.18
244.00,-55.00,1068.50
249.00,-55.00,1068.58
254.00,-55.00,1068.59
259.00,-55.00,1068.57
264.00,-55.00,1068.19
269.00,-55.00,1067.64
274.00,-55.00,1067.74
279.00,-55.00,1067.61
284.00,-55.00,1067.96
289.00,-55.00,1068.18
294.00,-55.00,1068.26
299.00,-55.00,1068.04
304.00,-55.00,1067.95
309.00,-55.00,1067.89
314.00,-55.00,1067.86
319.00,-55.00,1067.87
324.00,-55.00,1067.91
329.00,-55.00,1067.86
-271.00,-50.00,1076.67
-266.00,-50.00,1076.66
-261.00,-50.00,1076.67
-256.00,-50.00,1076.67
-251.00,-50.00,1076.67
-246.00,-50.00,1076.67
-241.00,-50.00,1076.67
-236.00,-50.00,1076.64
-231.00,-50.00,1076.62
-226.00,-50.00,1076.69
-221.00,-50.00,1076.74
-216.00,-50.00,1076.70
-211.00,-50.00,1076.63
-206.00,-50.00,1076.64
-201.00,-50.00,1076.66
-196.00,-50.00,1078.20
-191.00,-50.00,1078.90
-186.00,-50.00,1080.16
-181.00,-50.00,1081.00
-176.00,-50.00,1081.62
-171.00,-50.00,1081.65
-166.00,-50.00,1081.77
-161.00,-50.00,1081.66
-156.00,-50.00,1080.98
-151.00,-50.00,1080.12
-146.00,-50.00,1079.38
-141.00,-50.00,1078.44
-136.00,-50.00,1077.54
-131.00,-50.00,1076.58
-126.00,-50.00,1075.72
-121.00,-50.00,1074.74
-116.00,-50.00,1074.03
-111.00,-50.00,1073.20
-106.00,-50.00,1072.86
-101.00,-50.00,1072.55
-96.00,-50.00,1072.36
-91.00,-50.00,1072.04
-86.00,-50.00,1071.76
-81.00,-50.00,1071.89
-76.00,-50.00,1071.99
-71.00,-50.00,1072.01
-66.00,-50.00,1072.08
-61.00,-50.00,1072.11
-56.00,-50.00,1072.01
-51.00,-50.00,1071.93
-46.00,-50.00,1071.85
-41.00,-50.00,1071.81
-36.00,-50.00,1071.70
-31.00,-50.00,1071.64
-26.00,-50.00,1071.54
-21.00,-50.00,1071.39
-16.00,-50.00,1071.23
-11.00,-50.00,1071.00
-6.00,-50.00,1070.79
-1.00,-50.00,1070.73
4.00,-50.00,1070.59
9.00,-50.00,1070.59
14.00,-50.00,1070.54
19.00,-50.00,1070.46
24.00,-50.00,1070.34
29.00,-50.00,1070.21
34.00,-50.00,1070.05
39.00,-50.00,1070.01
44.00,-50.00,1070.01
49.00,-50.00,1070.05
54.00,-50.00,1070.15
59.00,-50.00,1070.13
64.00,-50.00,1070.17
69.00,-50.00,1070.09
74.00,-50.00,1070.11
79.00,-50.00,1070.04
84.00,-50.00,1070.01
89.00,-50.00,1069.98
94.00,-50.00,1070.00
99.00,-50.00,1070.96
104.00,-50.00,1070.84
109.00,-50.00,1070.50
114.00,-50.00,1069.40
119.00,-50.00,1069.32
124.00,-50.00,1069.72
129.00,-50.00,1069.75
134.00,-50.00,1069.85
139.00,-50.00,1069.96
144.00,-50.00,1070.08
149.00,-50.00,1069.92
154.00,-50.00,1069.76
159.00,-50.00,1070.00
164.00,-50.00,1070.52
169.00,-50.00,1070.82
174.00,-50.00,1070.59
179.00,-50.00,1069.45
184.00,-50.00,1069.03
189.00,-50.00,1069.05
194.00,-50.00,1069.22
199.00,-50.00,1069.48
204.00,-50.00,1069.65
209.00,-50.00,1069.57
214.00,-50.00,1069.47
219.00,-50.00,1069.41
224.00,-50.00,1069.14
229.00,-50.00,1068.45
234.00,-50.00,1068.58
239.00,-50.00,1068.29
244.00,-50.00,1067.97
249.00,-50.00,1068.02
254.00,-50.00,1068.12
259.00,-50.00,1068.31
264.00,-50.00,1068.11
269.00,-50.00,1067.59
274.00,-50.00,1067.70
279.00,-50.00,1067.59
284.00,-50.00,1068.00
289.00,-50.00,1068.27
294.00,-50.00,1068.28
299.00,-50.00,1068.14
304.00,-50.00,1068.00
309.00,-50.00,1067.86
314.00,-50.00,1067.92
319.00,-50.00,1067.96
324.00,-50.00,1067.89
329.00,-50.00,1067.85
-271.00,-45.00,1076.67
-266.00,-45.00,1076.68
-261.00,-45.00,1076.65
-256.00,-45.00,1076.66
-251.00,-45.00,1076.67
-246.00,-45.00,1076.67
-241.00,-45.00,1076.67
-236.00,-45.00,1076.66
-231.00,-45.00,1076.66
-226.00,-45.00,1076.67
-221.00,-45.00,1076.72
-216.00,-45.00,1076.74
-211.00,-45.00,1076.65
-206.00,-45.00,1076.63
-201.00,-45.00,1076.63
-196.00,-45.00,1077.67
-191.00,-45.00,1078.65
-186.00,-45.00,1080.00
-181.00,-45.00,1080.73
-176.00,-45.00,1081.59
-171.00,-45.00,1081.67
-166.00,-45.00,1081.76
-161.00,-45.00,1081.76
-156.00,-45.00,1081.14
-151.00,-45.00,1080.38
-146.00,-45.00,1079.65
-141.00,-45.00,1078.65
-136.00,-45.00,1077.68
-131.00,-45.00,1076.73
-126.00,-45.00,1075.64
-121.00,-45.00,1074.84
-116.00,-45.00,1073.93
-111.00,-45.00,1073.35
-106.00,-45.00,1073.04
-101.00,-45.00,1072.58
-96.00,-45.00,1072.03
-91.00,-45.00,1072.03
-86.00,-45.00,1071.84
-81.00,-45.00,1071.89
-76.00,-45.00,1072.13
-71.00,-45.00,1072.10
-66.00,-45.00,1072.20
-61.00,-45.00,1072.17
-56.00,-45.00,1072.10
-51.00,-45.00,1072.08
-46.00,-45.00,1072.06
-41.00,-45.00,1072.01
-36.00,-45.00,1071.91
-31.00,-45.00,1071.69
-26.00,-45.00,1071.62
-21.00,-45.00,1071.46
-16.00,-45.00,1071.27
-11.00,-45.00,1070.99
-6.00,-45.00,1070.87
-1.00,-45.00,1070.79
4.00,-45.00,1070.85
9.00,-45.00,1070.84
14.00,-45.00,1070.81
19.00,-45.00,1070.71
24.00,-45.00,1070.56
29.00,-45.00,1070.37
34.00,-45.00,1070.25
39.00,-45.00,1070.15
44.00,-45.00,1070.17
49.00,-45.00,1070.23
54.00,-45.00,1070.27
59.00,-45.00,1070.23
64.00,-45.00,1070.28
69.00,-45.00,1070.23
74.00,-45.00,1070.21
79.00,-45.00,1070.22
84.00,-45.00,1070.17
89.00,-45.00,1070.17
94.00,-45.00,1070.81
99.00,-45.00,1071.03
104.00,-45.00,1070.64
109.00,-45.00,1070.48
114.00,-45.00,1069.41
119.00,-45.00,1069.36
124.00,-45.00,1069.80
129.00,-45.00,1069.79
134.00,-45.00,1069.89
139.00,-45.00,1070.01
144.00,-45.00,1070.10
149.00,-45.00,1069.97
154.00,-45.00,1069.82
159.00,-45.00,1070.05
164.00,-45.00,1070.56
169.00,-45.00,1070.86
174.00,-45.00,1070.65
179.00,-45.00,1069.50
184.00,-45.00,1069.09
189.00,-45.00,1069.09
194.00,-45.00,1069.27
199.00,-45.00,1069.55
204.00,-45.00,1069.58
209.00,-45.00,1069.57
214.00,-45.00,1069.48
219.00,-45.00,1069.45
224.00,-45.00,1069.31
229.00,-45.00,1068.49
234.00,-45.00,1068.54
239.00,-45.00,1068.15
244.00,-45.00,1067.93
249.00,-45.00,1067.93
254.00,-45.00,1068.11
259.00,-45.00,1068.30
264.00,-45.00,1068.09
269.00,-45.00,1067.56
274.00,-45.00,1067.68
279.00,-45.00,1067.57
284.00,-45.00,1067.93
289.00,-45.00,1068.24
294.00,-45.00,1068.27
299.00,-45.00,1068.20
304.00,-45.00,1067.89
309.00,-45.00,1067.93
314.00,-45.00,1068.02
319.00,-45.00,1068.14
324.00,-45.00,1068.01
329.00,-45.00,1067.85
-271.00,-40.00,1076.67
-266.00,-40.00,1076.68
-261.00,-40.00,1076.67
-256.00,-40.00,1076.67
-251.00,-40.00,1076.67
-246.00,-40.00,1076.67
-241.00,-40.00,1076.67
-236.00,-40.00,1076.67
-231.00,-40.00,1076.68
-226.00,-40.00,1076.66
-221.00,-40.00,1076.75
-216.00,-40.00,1076.69
-211.00,-40.00,1076.65
-206.00,-40.00,1076.70
-201.00,-40.00,1076.65
-196.00,-40.00,1077.06
-191.00,-40.00,1078.49
-186.00,-40.00,1079.64
-181.00,-40.00,1080.51
-176.00,-40.00,1081.51
-171.00,-40.00,1081.67
-166.00,-40.00,1081.74
-161.00,-40.00,1081.77
-156.00,-40.00,1081.33
-151.00,-40.00,1080.54
-146.00,-40.00,1079.78
-141.00,-40.00,1078.84
-136.00,-40.00,1077.79
-131.00,-40.00,1076.86
-126.00,-40.00,1075.75
-121.00,-40.00,1075.01
-116.00,-40.00,1074.06
-111.00,-40.00,1073.40
-106.00,-40.00,1072.96
-101.00,-40.00,1072.31
-96.00,-40.00,1072.06
-91.00,-40.00,1072.00
-86.00,-40.00,1072.09
-81.00,-40.00,1072.02
-76.00,-40.00,1072.10
-71.00,-40.00,1072.09
-66.00,-40.00,1072.17
-61.00,-40.00,1072.19
-56.00,-40.00,1072.20
-51.00,-40.00,1072.22
-46.00,-40.00,1072.23
-41.00,-40.00,1072.13
-36.00,-40.00,1072.06
-31.00,-40.00,1071.82
-26.00,-40.00,1071.64
-21.00,-40.00,1071.44
-16.00,-40.00,1071.25
-11.00,-40.00,1071.03
-6.00,-40.00,1070.92
-1.00,-40.00,1070.88
4.00,-40.00,1070.97
9.00,-40.00,1071.08
14.00,-40.00,1071.00
19.00,-40.00,1070.88
24.00,-40.00,1070.71
29.00,-40.00,1070.52
34.00,-40.00,1070.34
39.00,-40.00,1070.24
44.00,-40.00,1070.23
49.00,-40.00,1070.29
54.00,-40.00,1070.31
59.00,-40.00,1070.26
64.00,-40.00,1070.22
69.00,-40.00,1070.23
74.00,-40.00,1070.24
79.00,-40.00,1070.28
84.00,-40.00,1070.35
89.00,-40.00,1070.38
94.00,-40.00,1070.13
99.00,-40.00,1070.60
104.00,-40.00,1070.74
109.00,-40.00,1070.51
114.00,-40.00,1069.48
119.00,-40.00,1069.38
124.00,-40.00,1069.83
129.00,-40.00,1069.81
134.00,-40.00,1069.92
139.00,-40.00,1070.05
144.00,-40.00,1070.14
149.00,-40.00,1069.98
154.00,-40.00,1069.84
159.00,-40.00,1070.09
164.00,-40.00,1070.57
169.00,-40.00,1070.87
174.00,-40.00,1070.65
179.00,-40.00,1069.53
184.00,-40.00,1069.13
189.00,-40.00,1069.13
194.00,-40.00,1069.34
199.00,-40.00,1069.51
204.00,-40.00,1069.54
209.00,-40.00,1069.52
214.00,-40.00,1069.45
219.00,-40.00,1069.43
224.00,-40.00,1069.21
229.00,-40.00,1068.52
234.00,-40.00,1068.28
239.00,-40.00,1067.97
244.00,-40.00,1067.97
249.00,-40.00,1067.94
254.00,-40.00,1068.11
259.00,-40.00,1068.28
264.00,-40.00,1068.09
269.00,-40.00,1067.56
274.00,-40.00,1067.68
279.00,-40.00,1067.64
284.00,-40.00,1067.64
289.00,-40.00,1068.01
294.00,-40.00,1068.13
299.00,-40.00,1068.19
304.00,-40.00,1067.85
309.00,-40.00,1067.99
314.00,-40.00,1068.18
319.00,-40.00,1068.28
324.00,-40.00,1068.24
329.00,-40.00,1068.01
-271.00,-35.00,1076.67
-266.00,-35.00,1076.67
-261.00,-35.00,1076.66
-256.00,-35.00,1076.67
-251.00,-35.00,1076.67
-246.00,-35.00,1076.67
-241.00,-35.00,1076.67
-236.00,-35.00,1076.67
-231.00,-35.00,1076.66
-226.00,-35.00,1076.64
-221.00,-35.00,1076.64
-216.00,-35.00,1076.68
-211.00,-35.00,1076.66
-206.00,-35.00,1076.66
-201.00,-35.00,1076.64
-196.00,-35.00,1076.68
-191.00,-35.00,1078.16
-186.00,-35.00,1079.05
-181.00,-35.00,1080.38
-176.00,-35.00,1081.19
-171.00,-35.00,1081.65
-166.00,-35.00,1081.70
-161.00,-35.00,1081.80
-156.00,-35.00,1081.50
-151.00,-35.00,1080.60
-146.00,-35.00,1079.83
-141.00,-35.00,1078.97
-136.00,-35.00,1078.01
-131.00,-35.00,1076.97
-126.00,-35.00,1075.94
-121.00,-35.00,1075.00
-116.00,-35.00,1074.00
-111.00,-35.00,1073.38
-106.00,-35.00,1072.93
-101.00,-35.00,1072.49
-96.00,-35.00,1072.10
-91.00,-35.00,1072.01
-86.00,-35.00,1072.01
-81.00,-35.00,1072.05
-76.00,-35.00,1072.05
-71.00,-35.00,1072.15
-66.00,-35.00,1072.11
-61.00,-35.00,1072.18
-56.00,-35.00,1072.23
-51.00,-35.00,1072.26
-46.00,-35.00,1072.31
-41.00,-35.00,1072.27
-36.00,-35.00,1072.15
-31.00,-35.00,1071.98
-26.00,-35.00,1071.70
-21.00,-35.00,1071.44
-16.00,-35.00,1071.25
-11.00,-35.00,1071.09
-6.00,-35.00,1070.97
-1.00,-35.00,1071.06
4.00,-35.00,1071.22
9.00,-35.00,1071.29
14.00,-35.00,1071.23
19.00,-35.00,1070.98
24.00,-35.00,1070.79
29.00,-35.00,1070.61
34.00,-35.00,1070.39
39.00,-35.00,1070.28
44.00,-35.00,1070.28
49.00,-35.00,1070.34
54.00,-35.00,1070.35
59.00,-35.00,1070.31
64.00,-35.00,1070.25
69.00,-35.00,1070.27
74.00,-35.00,1070.29
79.00,-35.00,1070.97
84.00,-35.00,1071.32
89.00,-35.00,1071.05
94.00,-35.00,1071.03
99.00,-35.00,1070.41
104.00,-35.00,1070.27
109.00,-35.00,1070.50
114.00,-35.00,1069.50
119.00,-35.00,1069.46
124.00,-35.00,1069.87
129.00,-35.00,1069.84
134.00,-35.00,1069.95
139.00,-35.00,1070.08
144.00,-35.00,1070.18
149.00,-35.00,1070.01
154.00,-35.00,1069.87
159.00,-35.00,1070.16
164.00,-35.00,1070.64
169.00,-35.00,1070.92
174.00,-35.00,1070.70
179.00,-35.00,1069.70
184.00,-35.00,1069.18
189.00,-35.00,1069.17
194.00,-35.00,1069.34
199.00,-35.00,1069.52
204.00,-35.00,1069.54
209.00,-35.00,1069.54
214.00,-35.00,1069.50
219.00,-35.00,1069.51
224.00,-35.00,1069.38
229.00,-35.00,1068.55
234.00,-35.00,1068.24
239.00,-35.00,1067.98
244.00,-35.00,1067.95
249.00,-35.00,1067.97
254.00,-35.00,1068.02
259.00,-35.00,1068.00
264.00,-35.00,1067.87
269.00,-35.00,1067.56
274.00,-35.00,1067.70
279.00,-35.00,1067.70
284.00,-35.00,1067.55
289.00,-35.00,1067.61
294.00,-35.00,1067.75
299.00,-35.00,1067.80
304.00,-35.00,1067.69
309.00,-35.00,1067.80
314.00,-35.00,1067.88
319.00,-35.00,1067.88
324.00,-35.00,1067.84
329.00,-35.00,1067.63
-271.00,-30.00,1076.67
-266.00,-30.00,1076.67
-261.00,-30.00,1076.67
-256.00,-30.00,1076.67
-251.00,-30.00,1076.67
-246.00,-30.00,1076.67
-241.00,-30.00,1076.68
-236.00,-30.00,1076.67
-231.00,-30.00,1076.67
-226.00,-30.00,1076.67
-221.00,-30.00,1076.65
-216.00,-30.00,1076.67
-211.00,-30.00,1076.67
-206.00,-30.00,1076.64
-201.00,-30.00,1076.64
-196.00,-30.00,1076.69
-191.00,-30.00,1077.49
-186.00,-30.00,1078.69
-181.00,-30.00,1080.17
-176.00,-30.00,1080.86
-171.00,-30.00,1081.62
-166.00,-30.00,1081.70
-161.00,-30.00,1081.81
-156.00,-30.00,1081.69
-151.00,-30.00,1080.78
-146.00,-30.00,1080.05
-141.00,-30.00,1079.11
-136.00,-30.00,1078.20
-131.00,-30.00,1077.14
-126.00,-30.00,1076.15
-121.00,-30.00,1074.99
-116.00,-30.00,1074.14
-111.00,-30.00,1073.50
-106.00,-30.00,1072.69
-101.00,-30.00,1072.41
-96.00,-30.00,1072.16
-91.00,-30.00,1072.04
-86.00,-30.00,1072.05
-81.00,-30.00,1072.03
-76.00,-30.00,1072.04
-71.00,-30.00,1072.08
-66.00,-30.00,1072.09
-61.00,-30.00,1072.12
-56.00,-30.00,1072.21
-51.00,-30.00,1072.25
-46.00,-30.00,1072.25
-41.00,-30.00,1072.28
-36.00,-30.00,1072.18
-31.00,-30.00,1072.05
-26.00,-30.00,1071.83
-21.00,-30.00,1071.53
-16.00,-30.00,1071.31
-11.00,-30.00,1071.19
-6.00,-30.00,1071.17
-1.00,-30.00,1071.25
4.00,-30.00,1071.37
9.00,-30.00,1071.40
14.00,-30.00,1071.28
19.00,-30.00,1071.12
24.00,-30.00,1070.92
29.00,-30.00,1070.68
34.00,-30.00,1070.44
39.00,-30.00,1070.37
44.00,-30.00,1070.38
49.00,-30.00,1070.39
54.00,-30.00,1070.38
59.00,-30.00,1070.37
64.00,-30.00,1070.36
69.00,-30.00,1070.40
74.00,-30.00,1070.49
79.00,-30.00,1071.35
84.00,-30.00,1071.28
89.00,-30.00,1071.30
94.00,-30.00,1071.34
99.00,-30.00,1070.87
104.00,-30.00,1070.58
109.00,-30.00,1070.57
114.00,-30.00,1069.58
119.00,-30.00,1069.49
124.00,-30.00,1069.90
129.00,-30.00,1069.87
134.00,-30.00,1069.99
139.00,-30.00,1070.07
144.00,-30.00,1070.23
149.00,-30.00,1070.05
154.00,-30.00,1069.92
159.00,-30.00,1070.19
164.00,-30.00,1070.65
169.00,-30.00,1070.96
174.00,-30.00,1070.76
179.00,-30.00,1069.74
184.00,-30.00,1069.21
189.00,-30.00,1069.22
194.00,-30.00,1069.38
199.00,-30.00,1069.66
204.00,-30.00,1069.65
209.00,-30.00,1069.59
214.00,-30.00,1069.53
219.00,-30.00,1069.55
224.00,-30.00,1069.46
229.00,-30.00,1068.59
234.00,-30.00,1068.68
239.00,-30.00,1068.16
244.00,-30.00,1068.07
249.00,-30.00,1068.08
254.00,-30.00,1068.22
259.00,-30.00,1068.32
264.00,-30.00,1068.04
269.00,-30.00,1067.59
274.00,-30.00,1067.73
279.00,-30.00,1067.73
284.00,-30.00,1067.68
289.00,-30.00,1067.64
294.00,-30.00,1067.59
299.00,-30.00,1067.53
304.00,-30.00,1067.50
309.00,-30.00,1067.49
314.00,-30.00,1067.46
319.00,-30.00,1067.45
324.00,-30.00,1067.42
329.00,-30.00,1067.42
-271.00,-25.00,1076.69
-266.00,-25.00,1076.67
-261.00,-25.00,1076.65
-256.00,-25.00,1076.67
-251.00,-25.00,1076.67
-246.00,-25.00,1076.67
-241.00,-25.00,1076.67
-236.00,-25.00,1076.67
-231.00,-25.00,1076.66
-226.00,-25.00,1076.67
-221.00,-25.00,1076.61
-216.00,-25.00,1076.64
-211.00,-25.00,1076.67
-206.00,-25.00,1076.69
-201.00,-25.00,1076.69
-196.00,-25.00,1076.67
-191.00,-25.00,1077.11
-186.00,-25.00,1078.56
-181.00,-25.00,1079.72
-176.00,-25.00,1080.57
-171.00,-25.00,1081.63
-166.00,-25.00,1081.69
-161.00,-25.00,1081.75
-156.00,-25.00,1081.71
-151.00,-25.00,1081.03
-146.00,-25.00,1080.33
-141.00,-25.00,1079.28
-136.00,-25.00,1078.35
-131.00,-25.00,1077.29
-126.00,-25.00,1076.22
-121.00,-25.00,1074.96
-116.00,-25.00,1074.04
-111.00,-25.00,1073.46
-106.00,-25.00,1072.95
-101.00,-25.00,1072.49
-96.00,-25.00,1072.28
-91.00,-25.00,1072.30
-86.00,-25.00,1072.25
-81.00,-25.00,1072.20
-76.00,-25.00,1072.19
-71.00,-25.00,1072.20
-66.00,-25.00,1072.17
-61.00,-25.00,1072.15
-56.00,-25.00,1072.24
-51.00,-25.00,1072.28
-46.00,-25.00,1072.33
-41.00,-25.00,1072.36
-36.00,-25.00,1072.29
-31.00,-25.00,1072.17
-26.00,-25.00,1071.94
-21.00,-25.00,1071.66
-16.00,-25.00,1071.42
-11.00,-25.00,1071.30
-6.00,-25.00,1071.38
-1.00,-25.00,1071.45
4.00,-25.00,1071.59
9.00,-25.00,1071.53
14.00,-25.00,1071.36
19.00,-25.00,1071.17
24.00,-25.00,1070.98
29.00,-25.00,1070.76
34.00,-25.00,1070.64
39.00,-25.00,1070.52
44.00,-25.00,1070.58
49.00,-25.00,1070.57
54.00,-25.00,1070.59
59.00,-25.00,1070.53
64.00,-25.00,1070.54
69.00,-25.00,1070.56
74.00,-25.00,1070.65
79.00,-25.00,1071.31
84.00,-25.00,1071.71
89.00,-25.00,1071.39
94.00,-25.00,1071.34
99.00,-25.00,1071.09
104.00,-25.00,1070.95
109.00,-25.00,1070.57
114.00,-25.00,1069.63
119.00,-25.00,1069.56
124.00,-25.00,1069.94
129.00,-25.00,1069.94
134.00,-25.00,1070.01
139.00,-25.00,1070.10
144.00,-25.00,1070.25
149.00,-25.00,1070.08
154.00,-25.00,1069.94
159.00,-25.00,1070.20
164.00,-25.00,1070.69
169.00,-25.00,1071.01
174.00,-25.00,1070.78
179.00,-25.00,1069.77
184.00,-25.00,1069.28
189.00,-25.00,1069.27
194.00,-25.00,1069.49
199.00,-25.00,1069.79
204.00,-25.00,1069.78
209.00,-25.00,1069.66
214.00,-25.00,1069.54
219.00,-25.00,1069.52
224.00,-25.00,1069.43
229.00,-25.00,1068.61
234.00,-25.00,1068.68
239.00,-25.00,1068.18
244.00,-25.00,1068.06
249.00,-25.00,1068.17
254.00,-25.00,1068.35
259.00,-25.00,1068.41
264.00,-25.00,1068.10
269.00,-25.00,1067.63
274.00,-25.00,1067.78
279.00,-25.00,1067.78
284.00,-25.00,1067.70
289.00,-25.00,1067.65
294.00,-25.00,1067.61
299.00,-25.00,1067.57
304.00,-25.00,1067.54
309.00,-25.00,1067.53
314.00,-25.00,1067.50
319.00,-25.00,1067.49
324.00,-25.00,1067.47
329.00,-25.00,1067.46
-271.00,-20.00,1076.69
-266.00,-20.00,1076.66
-261.00,-20.00,1076.66
-256.00,-20.00,1076.67
-251.00,-20.00,1076.67
-246.00,-20.00,1076.67
-241.00,-20.00,1076.67
-236.00,-20.00,1076.67
-231.00,-20.00,1076.68
-226.00,-20.00,1076.65
-221.00,-20.00,1076.63
-216.00,-20.00,1076.66
-211.00,-20.00,1076.68
-206.00,-20.00,1076.69
-201.00,-20.00,1076.67
-196.00,-20.00,1076.67
-191.00,-20.00,1076.90
-186.00,-20.00,1078.47
-181.00,-20.00,1079.08
-176.00,-20.00,1080.36
-171.00,-20.00,1081.48
-166.00,-20.00,1081.66
-161.00,-20.00,1081.72
-156.00,-20.00,1081.76
-151.00,-20.00,1081.16
-146.00,-20.00,1080.44
-141.00,-20.00,1079.55
-136.00,-20.00,1078.63
-131.00,-20.00,1077.40
-126.00,-20.00,1076.16
-121.00,-20.00,1075.02
-116.00,-20.00,1074.19
-111.00,-20.00,1073.35
-106.00,-20.00,1072.61
-101.00,-20.00,1072.45
-96.00,-20.00,1072.41
-91.00,-20.00,1072.34
-86.00,-20.00,1072.40
-81.00,-20.00,1072.35
-76.00,-20.00,1072.27
-71.00,-20.00,1072.23
-66.00,-20.00,1072.15
-61.00,-20.00,1072.13
-56.00,-20.00,1072.21
-51.00,-20.00,1072.26
-46.00,-20.00,1072.26
-41.00,-20.00,1072.33
-36.00,-20.00,1072.25
-31.00,-20.00,1072.12
-26.00,-20.00,1071.97
-21.00,-20.00,1071.67
-16.00,-20.00,1071.46
-11.00,-20.00,1071.40
-6.00,-20.00,1071.46
-1.00,-20.00,1071.51
4.00,-20.00,1071.55
9.00,-20.00,1071.45
14.00,-20.00,1071.29
19.00,-20.00,1071.12
24.00,-20.00,1070.93
29.00,-20.00,1070.78
34.00,-20.00,1070.68
39.00,-20.00,1070.65
44.00,-20.00,1070.66
49.00,-20.00,1070.65
54.00,-20.00,1070.68
59.00,-20.00,1070.64
64.00,-20.00,1070.63
69.00,-20.00,1070.64
74.00,-20.00,1070.74
79.00,-20.00,1071.27
84.00,-20.00,1071.63
89.00,-20.00,1071.64
94.00,-20.00,1071.39
99.00,-20.00,1070.93
104.00,-20.00,1070.74
109.00,-20.00,1070.49
114.00,-20.00,1069.72
119.00,-20.00,1069.62
124.00,-20.00,1070.01
129.00,-20.00,1069.96
134.00,-20.00,1070.06
139.00,-20.00,1070.13
144.00,-20.00,1070.26
149.00,-20.00,1070.10
154.00,-20.00,1069.96
159.00,-20.00,1070.22
164.00,-20.00,1070.72
169.00,-20.00,1071.01
174.00,-20.00,1070.79
179.00,-20.00,1069.86
184.00,-20.00,1069.32
189.00,-20.00,1069.31
194.00,-20.00,1069.51
199.00,-20.00,1069.79
204.00,-20.00,1069.82
209.00,-20.00,1069.70
214.00,-20.00,1069.58
219.00,-20.00,1069.52
224.00,-20.00,1069.36
229.00,-20.00,1068.62
234.00,-20.00,1068.39
239.00,-20.00,1068.12
244.00,-20.00,1068.14
249.00,-20.00,1068.23
254.00,-20.00,1068.36
259.00,-20.00,1068.41
264.00,-20.00,1068.17
269.00,-20.00,1067.69
274.00,-20.00,1067.83
279.00,-20.00,1067.83
284.00,-20.00,1067.70
289.00,-20.00,1067.61
294.00,-20.00,1067.70
299.00,-20.00,1067.70
304.00,-20.00,1067.60
309.00,-20.00,1067.57
314.00,-20.00,1067.53
319.00,-20.00,1067.59
324.00,-20.00,1067.59
329.00,-20.00,1067.51
-271.00,-15.00,1076.65
-266.00,-15.00,1076.67
-261.00,-15.00,1076.67
-256.00,-15.00,1076.67
-251.00,-15.00,1076.67
-246.00,-15.00,1076.67
-241.00,-15.00,1076.67
-236.00,-15.00,1076.67
-231.00,-15.00,1076.67
-226.00,-15.00,1076.66
-221.00,-15.00,1076.66
-216.00,-15.00,1076.65
-211.00,-15.00,1076.64
-206.00,-15.00,1076.62
-201.00,-15.00,1076.62
-196.00,-15.00,1076.63
-191.00,-15.00,1076.62
-186.00,-15.00,1077.98
-181.00,-15.00,1078.72
-176.00,-15.00,1080.04
-171.00,-15.00,1081.06
-166.00,-15.00,1081.64
-161.00,-15.00,1081.70
-156.00,-15.00,1081.80
-151.00,-15.00,1081.52
-146.00,-15.00,1080.75
-141.00,-15.00,1079.83
-136.00,-15.00,1078.75
-131.00,-15.00,1077.51
-126.00,-15.00,1076.23
-121.00,-15.00,1074.93
-116.00,-15.00,1074.23
-111.00,-15.00,1073.19
-106.00,-15.00,1072.66
-101.00,-15.00,1072.56
-96.00,-15.00,1072.62
-91.00,-15.00,1072.59
-86.00,-15.00,1072.59
-81.00,-15.00,1072.52
-76.00,-15.00,1072.43
-71.00,-15.00,1072.43
-66.00,-15.00,1072.29
-61.00,-15.00,1072.25
-56.00,-15.00,1072.25
-51.00,-15.00,1072.24
-46.00,-15.00,1072.27
-41.00,-15.00,1072.29
-36.00,-15.00,1072.26
-31.00,-15.00,1072.13
-26.00,-15.00,1071.89
-21.00,-15.00,1071.66
-16.00,-15.00,1071.56
-11.00,-15.00,1071.53
-6.00,-15.00,1071.63
-1.00,-15.00,1071.67
4.00,-15.00,1071.65
9.00,-15.00,1071.56
14.00,-15.00,1071.35
19.00,-15.00,1071.12
24.00,-15.00,1070.96
29.00,-15.00,1070.90
34.00,-15.00,1070.80
39.00,-15.00,1070.79
44.00,-15.00,1070.79
49.00,-15.00,1070.83
54.00,-15.00,1070.81
59.00,-15.00,1070.79
64.00,-15.00,1070.71
69.00,-15.00,1070.72
74.00,-15.00,1070.79
79.00,-15.00,1070.79
84.00,-15.00,1071.73
89.00,-15.00,1071.54
94.00,-15.00,1071.22
99.00,-15.00,1071.12
104.00,-15.00,1070.70
109.00,-15.00,1070.69
114.00,-15.00,1069.80
119.00,-15.00,1069.70
124.00,-15.00,1070.05
129.00,-15.00,1069.99
134.00,-15.00,1070.10
139.00,-15.00,1070.19
144.00,-15.00,1070.30
149.00,-15.00,1070.14
154.00,-15.00,1069.97
159.00,-15.00,1070.24
164.00,-15.00,1070.72
169.00,-15.00,1071.04
174.00,-15.00,1070.79
179.00,-15.00,1069.97
184.00,-15.00,1069.38
189.00,-15.00,1069.37
194.00,-15.00,1069.55
199.00,-15.00,1069.76
204.00,-15.00,1069.74
209.00,-15.00,1069.70
214.00,-15.00,1069.64
219.00,-15.00,1069.49
224.00,-15.00,1069.35
229.00,-15.00,1068.64
234.00,-15.00,1068.40
239.00,-15.00,1068.19
244.00,-15.00,1068.17
249.00,-15.00,1068.16
254.00,-15.00,1068.20
259.00,-15.00,1068.23
264.00,-15.00,1068.10
269.00,-15.00,1067.76
274.00,-15.00,1067.89
279.00,-15.00,1067.86
284.00,-15.00,1067.71
289.00,-15.00,1068.02
294.00,-15.00,1068.28
299.00,-15.00,1068.42
304.00,-15.00,1068.03
309.00,-15.00,1067.72
314.00,-15.00,1067.83
319.00,-15.00,1068.15
324.00,-15.00,1068.17
329.00,-15.00,1067.72
-271.00,-10.00,1076.67
-266.00,-10.00,1076.67
-261.00,-10.00,1076.67
-256.00,-10.00,1076.67
-251.00,-10.00,1076.67
-246.00,-10.00,1076.67
-241.00,-10.00,1076.67
-236.00,-10.00,1076.67
-231.00,-10.00,1076.68
-226.00,-10.00,1076.68
-221.00,-10.00,1076.67
-216.00,-10.00,1076.67
-211.00,-10.00,1076.68
-206.00,-10.00,1076.68
-201.00,-10.00,1076.68
-196.00,-10.00,1076.67
-191.00,-10.00,1076.66
-186.00,-10.00,1077.31
-181.00,-10.00,1078.59
-176.00,-10.00,1079.75
-171.00,-10.00,1080.71
-166.00,-10.00,1081.68
-161.00,-10.00,1081.75
-156.00,-10.00,1081.78
-151.00,-10.00,1081.74
-146.00,-10.00,1081.01
-141.00,-10.00,1080.04
-136.00,-10.00,1078.76
-131.00,-10.00,1077.47
-126.00,-10.00,1076.17
-121.00,-10.00,1074.92
-116.00,-10.00,1074.14
-111.00,-10.00,1073.21
-106.00,-10.00,1072.75
-101.00,-10.00,1072.70
-96.00,-10.00,1072.70
-91.00,-10.00,1072.80
-86.00,-10.00,1072.83
-81.00,-10.00,1072.76
-76.00,-10.00,1072.66
-71.00,-10.00,1072.62
-66.00,-10.00,1072.41
-61.00,-10.00,1072.33
-56.00,-10.00,1072.30
-51.00,-10.00,1072.26
-46.00,-10.00,1072.22
-41.00,-10.00,1072.29
-36.00,-10.00,1072.19
-31.00,-10.00,1072.02
-26.00,-10.00,1071.86
-21.00,-10.00,1071.72
-16.00,-10.00,1071.68
-11.00,-10.00,1071.74
-6.00,-10.00,1071.85
-1.00,-10.00,1071.82
4.00,-10.00,1071.75
9.00,-10.00,1071.65
14.00,-10.00,1071.42
19.00,-10.00,1071.20
24.00,-10.00,1071.09
29.00,-10.00,1070.95
34.00,-10.00,1070.90
39.00,-10.00,1070.89
44.00,-10.00,1070.93
49.00,-10.00,1070.99
54.00,-10.00,1070.98
59.00,-10.00,1070.99
64.00,-10.00,1070.89
69.00,-10.00,1070.81
74.00,-10.00,1070.78
79.00,-10.00,1070.77
84.00,-10.00,1070.79
89.00,-10.00,1070.87
94.00,-10.00,1070.60
99.00,-10.00,1070.51
104.00,-10.00,1070.42
109.00,-10.00,1070.58
114.00,-10.00,1069.88
119.00,-10.00,1069.78
124.00,-10.00,1070.14
129.00,-10.00,1070.03
134.00,-10.00,1070.13
139.00,-10.00,1070.22
144.00,-10.00,1070.36
149.00,-10.00,1070.16
154.00,-10.00,1070.01
159.00,-10.00,1070.25
164.00,-10.00,1070.79
169.00,-10.00,1071.12
174.00,-10.00,1070.91
179.00,-10.00,1070.03
184.00,-10.00,1069.42
189.00,-10.00,1069.42
194.00,-10.00,1069.62
199.00,-10.00,1069.81
204.00,-10.00,1069.77
209.00,-10.00,1069.75
214.00,-10.00,1069.78
219.00,-10.00,1069.54
224.00,-10.00,1069.07
229.00,-10.00,1068.67
234.00,-10.00,1068.67
239.00,-10.00,1068.14
244.00,-10.00,1068.25
249.00,-10.00,1068.17
254.00,-10.00,1068.11
259.00,-10.00,1068.09
264.00,-10.00,1068.03
269.00,-10.00,1067.84
274.00,-10.00,1067.96
279.00,-10.00,1067.86
284.00,-10.00,1068.04
289.00,-10.00,1068.34
294.00,-10.00,1068.45
299.00,-10.00,1068.39
304.00,-10.00,1068.01
309.00,-10.00,1067.82
314.00,-10.00,1067.88
319.00,-10.00,1068.22
324.00,-10.00,1068.18
329.00,-10.00,1067.72
-271.00,-5.00,1076.67
-266.00,-5.00,1076.67
-261.00,-5.00,1076.67
-256.00,-5.00,1076.67
-251.00,-5.00,1076.67
-246.00,-5.00,1076.67
-241.00,-5.00,1076.67
-236.00,-5.00,1076.67
-231.00,-5.00,1076.68
-226.00,-5.00,1076.67
-221.00,-5.00,1076.66
-216.00,-5.00,1076.67
-211.00,-5.00,1076.67
-206.00,-5.00,1076.67
-201.00,-5.00,1076.62
-196.00,-5.00,1076.57
-191.00,-5.00,1076.66
-186.00,-5.00,1077.41
-181.00,-5.00,1078.57
-176.00,-5.00,1079.45
-171.00,-5.00,1080.52
-166.00,-5.00,1081.66
-161.00,-5.00,1081.73
-156.00,-5.00,1081.77
-151.00,-5.00,1081.80
-146.00,-5.00,1081.27
-141.00,-5.00,1080.08
-136.00,-5.00,1078.81
-131.00,-5.00,1077.53
-126.00,-5.00,1076.29
-121.00,-5.00,1075.01
-116.00,-5.00,1074.12
-111.00,-5.00,1073.03
-106.00,-5.00,1072.71
-101.00,-5.00,1072.75
-96.00,-5.00,1072.80
-91.00,-5.00,1072.90
-86.00,-5.00,1073.04
-81.00,-5.00,1073.05
-76.00,-5.00,1073.01
-71.00,-5.00,1072.92
-66.00,-5.00,1072.65
-61.00,-5.00,1072.49
-56.00,-5.00,1072.45
-51.00,-5.00,1072.36
-46.00,-5.00,1072.34
-41.00,-5.00,1072.30
-36.00,-5.00,1072.18
-31.00,-5.00,1071.96
-26.00,-5.00,1071.86
-21.00,-5.00,1071.76
-16.00,-5.00,1071.81
-11.00,-5.00,1071.86
-6.00,-5.00,1071.95
-1.00,-5.00,1071.95
4.00,-5.00,1071.86
9.00,-5.00,1071.70
14.00,-5.00,1071.55
19.00,-5.00,1071.36
24.00,-5.00,1071.26
29.00,-5.00,1071.11
34.00,-5.00,1071.00
39.00,-5.00,1071.01
44.00,-5.00,1071.05
49.00,-5.00,1071.09
54.00,-5.00,1071.08
59.00,-5.00,1071.04
64.00,-5.00,1070.96
69.00,-5.00,1070.91
74.00,-5.00,1070.85
79.00,-5.00,1070.74
84.00,-5.00,1070.69
89.00,-5.00,1070.62
94.00,-5.00,1070.58
99.00,-5.00,1070.54
104.00,-5.00,1070.56
109.00,-5.00,1070.47
114.00,-5.00,1069.95
119.00,-5.00,1069.88
124.00,-5.00,1070.21
129.00,-5.00,1070.09
134.00,-5.00,1070.19
139.00,-5.00,1070.25
144.00,-5.00,1070.40
149.00,-5.00,1070.19
154.00,-5.00,1070.04
159.00,-5.00,1070.33
164.00,-5.00,1070.78
169.00,-5.00,1071.17
174.00,-5.00,1071.00
179.00,-5.00,1070.06
184.00,-5.00,1069.48
189.00,-5.00,1069.48
194.00,-5.00,1069.63
199.00,-5.00,1069.85
204.00,-5.00,1069.89
209.00,-5.00,1069.93
214.00,-5.00,1069.74
219.00,-5.00,1069.53
224.00,-5.00,1069.12
229.00,-5.00,1068.70
234.00,-5.00,1068.80
239.00,-5.00,1068.15
244.00,-5.00,1068.23
249.00,-5.00,1068.20
254.00,-5.00,1068.27
259.00,-5.00,1068.30
264.00,-5.00,1068.19
269.00,-5.00,1067.95
274.00,-5.00,1068.06
279.00,-5.00,1067.93
284.00,-5.00,1068.29
289.00,-5.00,1068.45
294.00,-5.00,1068.30
299.00,-5.00,1068.24
304.00,-5.00,1068.04
309.00,-5.00,1067.95
314.00,-5.00,1067.86
319.00,-5.00,1068.02
324.00,-5.00,1067.90
329.00,-5.00,1067.71
-271.00,0.00,1076.67
-266.00,0.00,1076.67
-261.00,0.00,1076.67
-256.00,0.00,1076.67
-251.00,0.00,1076.67
-246.00,0.00,1076.67
-241.00,0.00,1076.67
-236.00,0.00,1076.67
-231.00,0.00,1076.67
-226.00,0.00,1076.68
-221.00,0.00,1076.67
-216.00,0.00,1076.66
-211.00,0.00,1076.63
-206.00,0.00,1076.62
-201.00,0.00,1076.61
-196.00,0.00,1076.60
-191.00,0.00,1076.64
-186.00,0.00,1076.83
-181.00,0.00,1078.61
-176.00,0.00,1078.89
-171.00,0.00,1080.85
-166.00,0.00,1081.56
-161.00,0.00,1081.72
-156.00,0.00,1081.77
-151.00,0.00,1081.81
-146.00,0.00,1081.59
-141.00,0.00,1080.41
-136.00,0.00,1079.09
-131.00,0.00,1077.74
-126.00,0.00,1076.43
-121.00,0.00,1075.20
-116.00,0.00,1074.06
-111.00,0.00,1073.13
-106.00,0.00,1072.80
-101.00,0.00,1072.81
-96.00,0.00,1072.90
-91.00,0.00,1073.00
-86.00,0.00,1073.23
-81.00,0.00,1073.23
-76.00,0.00,1073.24
-71.00,0.00,1073.15
-66.00,0.00,1072.98
-61.00,0.00,1072.80
-56.00,0.00,1072.69
-51.00,0.00,1072.53
-46.00,0.00,1072.47
-41.00,0.00,1072.36
-36.00,0.00,1072.22
-31.00,0.00,1072.01
-26.00,0.00,1071.93
-21.00,0.00,1071.88
-16.00,0.00,1071.92
-11.00,0.00,1071.97
-6.00,0.00,1072.05
-1.00,0.00,1072.06
4.00,0.00,1071.98
9.00,0.00,1071.85
14.00,0.00,1071.73
19.00,0.00,1071.57
24.00,0.00,1071.44
29.00,0.00,1071.30
34.00,0.00,1071.18
39.00,0.00,1071.17
44.00,0.00,1071.21
49.00,0.00,1071.22
54.00,0.00,1071.25
59.00,0.00,1071.19
64.00,0.00,1071.14
69.00,0.00,1071.01
74.00,0.00,1070.92
79.00,0.00,1070.77
84.00,0.00,1070.67
89.00,0.00,1070.61
94.00,0.00,1070.57
99.00,0.00,1070.55
104.00,0.00,1070.53
109.00,0.00,1070.62
114.00,0.00,1070.09
119.00,0.00,1069.97
124.00,0.00,1070.30
129.00,0.00,1070.15
134.00,0.00,1070.22
139.00,0.00,1070.26
144.00,0.00,1070.39
149.00,0.00,1070.22
154.00,0.00,1070.08
159.00,0.00,1070.35
164.00,0.00,1070.81
169.00,0.00,1071.22
174.00,0.00,1071.08
179.00,0.00,1070.16
184.00,0.00,1069.53
189.00,0.00,1069.53
194.00,0.00,1069.68
199.00,0.00,1069.85
204.00,0.00,1069.90
209.00,0.00,1069.92
214.00,0.00,1069.69
219.00,0.00,1069.47
224.00,0.00,1069.05
229.00,0.00,1068.74
234.00,0.00,1068.77
239.00,0.00,1068.15
244.00,0.00,1068.11
249.00,0.00,1068.23
254.00,0.00,1068.35
259.00,0.00,1068.33
264.00,0.00,1068.30
269.00,0.00,1068.08
274.00,0.00,1068.15
279.00,0.00,1068.07
284.00,0.00,1068.36
289.00,0.00,1068.46
294.00,0.00,1068.14
299.00,0.00,1068.03
304.00,0.00,1068.01
309.00,0.00,1067.95
314.00,0.00,1067.89
319.00,0.00,1067.96
324.00,0.00,1067.81
329.00,0.00,1067.76
-271.00,5.00,1076.67
-266.00,5.00,1076.67
-261.00,5.00,1076.67
-256.00,5.00,1076.67
-251.00,5.00,1076.67
-246.00,5.00,1076.67
-241.00,5.00,1076.67
-236.00,5.00,1076.67
-231.00,5.00,1076.67
-226.00,5.00,1076.67
-221.00,5.00,1076.65
-216.00,5.00,1076.65
-211.00,5.00,1076.65
-206.00,5.00,1076.65
-201.00,5.00,1076.64
-196.00,5.00,1076.63
-191.00,5.00,1076.64
-186.00,5.00,1076.64
-181.00,5.00,1077.97
-176.00,5.00,1078.80
-171.00,5.00,1079.45
-166.00,5.00,1080.99
-161.00,5.00,1081.75
-156.00,5.00,1081.77
-151.00,5.00,1081.81
-146.00,5.00,1081.78
-141.00,5.00,1080.71
-136.00,5.00,1079.48
-131.00,5.00,1078.05
-126.00,5.00,1076.58
-121.00,5.00,1075.25
-116.00,5.00,1073.95
-111.00,5.00,1073.25
-106.00,5.00,1072.91
-101.00,5.00,1072.95
-96.00,5.00,1073.02
-91.00,5.00,1073.15
-86.00,5.00,1073.32
-81.00,5.00,1073.31
-76.00,5.00,1073.35
-71.00,5.00,1073.31
-66.00,5.00,1073.17
-61.00,5.00,1073.05
-56.00,5.00,1072.99
-51.00,5.00,1072.76
-46.00,5.00,1072.61
-41.00,5.00,1072.48
-36.00,5.00,1072.29
-31.00,5.00,1072.10
-26.00,5.00,1072.05
-21.00,5.00,1072.01
-16.00,5.00,1072.05
-11.00,5.00,1072.10
-6.00,5.00,1072.13
-1.00,5.00,1072.14
4.00,5.00,1072.07
9.00,5.00,1071.98
14.00,5.00,1071.90
19.00,5.00,1071.76
24.00,5.00,1071.59
29.00,5.00,1071.44
34.00,5.00,1071.34
39.00,5.00,1071.30
44.00,5.00,1071.33
49.00,5.00,1071.37
54.00,5.00,1071.33
59.00,5.00,1071.32
64.00,5.00,1071.28
69.00,5.00,1071.08
74.00,5.00,1070.99
79.00,5.00,1070.83
84.00,5.00,1070.68
89.00,5.00,1070.59
94.00,5.00,1070.58
99.00,5.00,1070.51
104.00,5.00,1070.53
109.00,5.00,1070.88
114.00,5.00,1070.19
119.00,5.00,1070.09
124.00,5.00,1070.38
129.00,5.00,1070.20
134.00,5.00,1070.26
139.00,5.00,1070.31
144.00,5.00,1070.42
149.00,5.00,1070.24
154.00,5.00,1070.07
159.00,5.00,1070.36
164.00,5.00,1070.85
169.00,5.00,1071.26
174.00,5.00,1071.12
179.00,5.00,1070.19
184.00,5.00,1069.57
189.00,5.00,1069.58
194.00,5.00,1069.75
199.00,5.00,1069.92
204.00,5.00,1069.94
209.00,5.00,1069.94
214.00,5.00,1069.83
219.00,5.00,1069.75
224.00,5.00,1069.26
229.00,5.00,1068.78
234.00,5.00,1068.84
239.00,5.00,1068.21
244.00,5.00,1068.23
249.00,5.00,1068.32
254.00,5.00,1068.57
259.00,5.00,1068.50
264.00,5.00,1068.43
269.00,5.00,1068.18
274.00,5.00,1068.26
279.00,5.00,1068.18
284.00,5.00,1068.54
289.00,5.00,1068.55
294.00,5.00,1068.17
299.00,5.00,1068.02
304.00,5.00,1067.99
309.00,5.00,1067.92
314.00,5.00,1067.84
319.00,5.00,1067.80
324.00,5.00,1067.83
329.00,5.00,1067.84
-271.00,10.00,1076.67
-266.00,10.00,1076.67
-261.00,10.00,1076.67
-256.00,10.00,1076.67
-251.00,10.00,1076.67
-246.00,10.00,1076.67
-241.00,10.00,1076.67
-236.00,10.00,1076.67
-231.00,10.00,1076.66
-226.00,10.00,1076.70
-221.00,10.00,1076.68
-216.00,10.00,1076.67
-211.00,10.00,1076.67
-206.00,10.00,1076.66
-201.00,10.00,1076.66
-196.00,10.00,1076.65
-191.00,10.00,1076.65
-186.00,10.00,1076.65
-181.00,10.00,1077.05
-176.00,10.00,1078.54
-171.00,10.00,1079.71
-166.00,10.00,1080.84
-161.00,10.00,1081.61
-156.00,10.00,1081.76
-151.00,10.00,1081.78
-146.00,10.00,1081.80
-141.00,10.00,1081.00
-136.00,10.00,1079.66
-131.00,10.00,1078.19
-126.00,10.00,1076.73
-121.00,10.00,1075.53
-116.00,10.00,1074.12
-111.00,10.00,1073.07
-106.00,10.00,1073.06
-101.00,10.00,1073.04
-96.00,10.00,1073.11
-91.00,10.00,1073.26
-86.00,10.00,1073.35
-81.00,10.00,1073.33
-76.00,10.00,1073.37
-71.00,10.00,1073.38
-66.00,10.00,1073.31
-61.00,10.00,1073.24
-56.00,10.00,1073.15
-51.00,10.00,1073.03
-46.00,10.00,1072.80
-41.00,10.00,1072.69
-36.00,10.00,1072.52
-31.00,10.00,1072.29
-26.00,10.00,1072.24
-21.00,10.00,1072.18
-16.00,10.00,1072.20
-11.00,10.00,1072.19
-6.00,10.00,1072.23
-1.00,10.00,1072.23
4.00,10.00,1072.20
9.00,10.00,1072.16
14.00,10.00,1071.99
19.00,10.00,1071.86
24.00,10.00,1071.72
29.00,10.00,1071.60
34.00,10.00,1071.49
39.00,10.00,1071.50
44.00,10.00,1071.49
49.00,10.00,1071.55
54.00,10.00,1071.51
59.00,10.00,1071.53
64.00,10.00,1071.42
69.00,10.00,1071.31
74.00,10.00,1071.13
79.00,10.00,1070.89
84.00,10.00,1070.71
89.00,10.00,1070.64
94.00,10.00,1070.60
99.00,10.00,1070.58
104.00,10.00,1070.64
109.00,10.00,1071.16
114.00,10.00,1070.31
119.00,10.00,1070.18
124.00,10.00,1070.51
129.00,10.00,1070.26
134.00,10.00,1070.32
139.00,10.00,1070.33
144.00,10.00,1070.45
149.00,10.00,1070.27
154.00,10.00,1070.11
159.00,10.00,1070.35
164.00,10.00,1070.90
169.00,10.00,1071.35
174.00,10.00,1071.18
179.00,10.00,1070.24
184.00,10.00,1069.64
189.00,10.00,1069.66
194.00,10.00,1069.81
199.00,10.00,1069.95
204.00,10.00,1069.95
209.00,10.00,1069.87
214.00,10.00,1069.83
219.00,10.00,1069.72
224.00,10.00,1069.36
229.00,10.00,1068.83
234.00,10.00,1068.77
239.00,10.00,1068.28
244.00,10.00,1068.39
249.00,10.00,1068.56
254.00,10.00,1068.80
259.00,10.00,1068.81
264.00,10.00,1068.67
269.00,10.00,1068.31
274.00,10.00,1068.36
279.00,10.00,1068.28
284.00,10.00,1068.80
289.00,10.00,1068.81
294.00,10.00,1068.49
299.00,10.00,1068.45
304.00,10.00,1068.22
309.00,10.00,1068.02
314.00,10.00,1067.96
319.00,10.00,1067.90
324.00,10.00,1067.92
329.00,10.00,1067.89
-271.00,15.00,1076.67
-266.00,15.00,1076.67
-261.00,15.00,1076.67
-256.00,15.00,1076.67
-251.00,15.00,1076.67
-246.00,15.00,1076.67
-241.00,15.00,1076.67
-236.00,15.00,1076.67
-231.00,15.00,1076.65
-226.00,15.00,1076.64
-221.00,15.00,1076.63
-216.00,15.00,1076.67
-211.00,15.00,1076.69
-206.00,15.00,1076.68
-201.00,15.00,1076.68
-196.00,15.00,1076.65
-191.00,15.00,1076.64
-186.00,15.00,1076.65
-181.00,15.00,1076.65
-176.00,15.00,1078.19
-171.00,15.00,1079.19
-166.00,15.00,1080.67
-161.00,15.00,1081.68
-156.00,15.00,1081.77
-151.00,15.00,1081.78
-146.00,15.00,1081.82
-141.00,15.00,1081.41
-136.00,15.00,1080.01
-131.00,15.00,1078.55
-126.00,15.00,1077.13
-121.00,15.00,1075.74
-116.00,15.00,1074.40
-111.00,15.00,1073.28
-106.00,15.00,1073.09
-101.00,15.00,1073.05
-96.00,15.00,1073.17
-91.00,15.00,1073.27
-86.00,15.00,1073.35
-81.00,15.00,1073.34
-76.00,15.00,1073.34
-71.00,15.00,1073.42
-66.00,15.00,1073.33
-61.00,15.00,1073.27
-56.00,15.00,1073.27
-51.00,15.00,1073.15
-46.00,15.00,1072.97
-41.00,15.00,1072.89
-36.00,15.00,1072.66
-31.00,15.00,1072.49
-26.00,15.00,1072.38
-21.00,15.00,1072.27
-16.00,15.00,1072.27
-11.00,15.00,1072.20
-6.00,15.00,1072.27
-1.00,15.00,1072.24
4.00,15.00,1072.22
9.00,15.00,1072.14
14.00,15.00,1072.05
19.00,15.00,1071.96
24.00,15.00,1071.81
29.00,15.00,1071.70
34.00,15.00,1071.59
39.00,15.00,1071.55
44.00,15.00,1071.58
49.00,15.00,1071.62
54.00,15.00,1071.65
59.00,15.00,1071.63
64.00,15.00,1071.44
69.00,15.00,1071.40
74.00,15.00,1071.22
79.00,15.00,1070.92
84.00,15.00,1070.74
89.00,15.00,1070.66
94.00,15.00,1070.58
99.00,15.00,1070.56
104.00,15.00,1070.62
109.00,15.00,1071.02
114.00,15.00,1070.43
119.00,15.00,1070.29
124.00,15.00,1070.58
129.00,15.00,1070.32
134.00,15.00,1070.39
139.00,15.00,1070.38
144.00,15.00,1070.49
149.00,15.00,1070.29
154.00,15.00,1070.14
159.00,15.00,1070.33
164.00,15.00,1070.90
169.00,15.00,1071.44
174.00,15.00,1071.25
179.00,15.00,1070.25
184.00,15.00,1069.71
189.00,15.00,1069.71
194.00,15.00,1069.81
199.00,15.00,1069.98
204.00,15.00,1070.02
209.00,15.00,1070.02
214.00,15.00,1070.06
219.00,15.00,1069.76
224.00,15.00,1069.67
229.00,15.00,1068.84
234.00,15.00,1068.70
239.00,15.00,1068.35
244.00,15.00,1068.52
249.00,15.00,1068.71
254.00,15.00,1068.83
259.00,15.00,1068.84
264.00,15.00,1068.73
269.00,15.00,1068.38
274.00,15.00,1068.43
279.00,15.00,1068.35
284.00,15.00,1068.82
289.00,15.00,1069.00
294.00,15.00,1068.93
299.00,15.00,1068.77
304.00,15.00,1068.61
309.00,15.00,1068.46
314.00,15.00,1068.38
319.00,15.00,1068.46
324.00,15.00,1068.30
329.00,15.00,1068.21
-271.00,20.00,1076.67
-266.00,20.00,1076.67
-261.00,20.00,1076.67
-256.00,20.00,1076.67
-251.00,20.00,1076.67
-246.00,20.00,1076.67
-241.00,20.00,1076.67
-236.00,20.00,1076.67
-231.00,20.00,1076.67
-226.00,20.00,1076.66
-221.00,20.00,1076.66
-216.00,20.00,1076.66
-211.00,20.00,1076.67
-206.00,20.00,1076.69
-201.00,20.00,1076.71
-196.00,20.00,1076.65
-191.00,20.00,1076.65
-186.00,20.00,1076.63
-181.00,20.00,1076.64
-176.00,20.00,1077.96
-171.00,20.00,1078.90
-166.00,20.00,1080.28
-161.00,20.00,1081.28
-156.00,20.00,1081.75
-151.00,20.00,1081.79
-146.00,20.00,1081.85
-141.00,20.00,1081.77
-136.00,20.00,1080.45
-131.00,20.00,1078.99
-126.00,20.00,1077.58
-121.00,20.00,1076.04
-116.00,20.00,1074.77
-111.00,20.00,1073.46
-106.00,20.00,1073.30
-101.00,20.00,1073.11
-96.00,20.00,1073.16
-91.00,20.00,1073.26
-86.00,20.00,1073.49
-81.00,20.00,1073.35
-76.00,20.00,1073.34
-71.00,20.00,1073.31
-66.00,20.00,1073.24
-61.00,20.00,1073.22
-56.00,20.00,1073.22
-51.00,20.00,1073.17
-46.00,20.00,1073.09
-41.00,20.00,1073.01
-36.00,20.00,1072.77
-31.00,20.00,1072.53
-26.00,20.00,1072.43
-21.00,20.00,1072.30
-16.00,20.00,1072.35
-11.00,20.00,1072.23
-6.00,20.00,1072.19
-1.00,20.00,1072.16
4.00,20.00,1072.10
9.00,20.00,1072.16
14.00,20.00,1072.11
19.00,20.00,1072.01
24.00,20.00,1071.89
29.00,20.00,1071.76
34.00,20.00,1071.68
39.00,20.00,1071.67
44.00,20.00,1071.66
49.00,20.00,1071.71
54.00,20.00,1071.76
59.00,20.00,1071.66
64.00,20.00,1071.55
69.00,20.00,1071.40
74.00,20.00,1071.22
79.00,20.00,1071.01
84.00,20.00,1070.80
89.00,20.00,1070.66
94.00,20.00,1070.63
99.00,20.00,1070.61
104.00,20.00,1070.59
109.00,20.00,1070.84
114.00,20.00,1070.53
119.00,20.00,1070.39
124.00,20.00,1070.67
129.00,20.00,1070.41
134.00,20.00,1070.41
139.00,20.00,1070.40
144.00,20.00,1070.51
149.00,20.00,1070.31
154.00,20.00,1070.17
159.00,20.00,1070.41
164.00,20.00,1070.98
169.00,20.00,1071.51
174.00,20.00,1071.36
179.00,20.00,1070.36
184.00,20.00,1069.75
189.00,20.00,1069.75
194.00,20.00,1069.86
199.00,20.00,1069.98
204.00,20.00,1070.05
209.00,20.00,1069.93
214.00,20.00,1069.91
219.00,20.00,1069.79
224.00,20.00,1069.63
229.00,20.00,1068.85
234.00,20.00,1068.89
239.00,20.00,1068.47
244.00,20.00,1068.57
249.00,20.00,1068.74
254.00,20.00,1068.77
259.00,20.00,1068.71
264.00,20.00,1068.65
269.00,20.00,1068.46
274.00,20.00,1068.50
279.00,20.00,1068.43
284.00,20.00,1068.85
289.00,20.00,1069.03
294.00,20.00,1068.97
299.00,20.00,1068.84
304.00,20.00,1068.70
309.00,20.00,1068.68
314.00,20.00,1068.61
319.00,20.00,1068.35
324.00,20.00,1068.44
329.00,20.00,1068.29
-271.00,25.00,1076.67
-266.00,25.00,1076.67
-261.00,25.00,1076.67
-256.00,25.00,1076.67
-251.00,25.00,1076.67
-246.00,25.00,1076.67
-241.00,25.00,1076.67
-236.00,25.00,1076.67
-231.00,25.00,1076.67
-226.00,25.00,1076.68
-221.00,25.00,1076.70
-216.00,25.00,1076.71
-211.00,25.00,1076.72
-206.00,25.00,1076.72
-201.00,25.00,1076.72
-196.00,25.00,1076.64
-191.00,25.00,1076.65
-186.00,25.00,1076.70
-181.00,25.00,1076.63
-176.00,25.00,1077.26
-171.00,25.00,1078.70
-166.00,25.00,1079.75
-161.00,25.00,1080.84
-156.00,25.00,1081.75
-151.00,25.00,1081.75
-146.00,25.00,1081.85
-141.00,25.00,1081.82
-136.00,25.00,1080.81
-131.00,25.00,1079.51
-126.00,25.00,1077.90
-121.00,25.00,1076.44
-116.00,25.00,1075.08
-111.00,25.00,1073.61
-106.00,25.00,1073.18
-101.00,25.00,1073.13
-96.00,25.00,1073.10
-91.00,25.00,1073.19
-86.00,25.00,1073.33
-81.00,25.00,1073.32
-76.00,25.00,1073.30
-71.00,25.00,1073.23
-66.00,25.00,1073.10
-61.00,25.00,1073.11
-56.00,25.00,1073.15
-51.00,25.00,1073.11
-46.00,25.00,1073.09
-41.00,25.00,1072.97
-36.00,25.00,1072.81
-31.00,25.00,1072.49
-26.00,25.00,1072.40
-21.00,25.00,1072.31
-16.00,25.00,1072.35
-11.00,25.00,1072.22
-6.00,25.00,1072.20
-1.00,25.00,1072.16
4.00,25.00,1072.13
9.00,25.00,1072.18
14.00,25.00,1072.12
19.00,25.00,1072.08
24.00,25.00,1071.97
29.00,25.00,1071.87
34.00,25.00,1071.76
39.00,25.00,1071.75
44.00,25.00,1071.75
49.00,25.00,1071.78
54.00,25.00,1071.84
59.00,25.00,1071.75
64.00,25.00,1071.67
69.00,25.00,1071.53
74.00,25.00,1071.30
79.00,25.00,1071.08
84.00,25.00,1070.82
89.00,25.00,1070.73
94.00,25.00,1070.62
99.00,25.00,1070.59
104.00,25.00,1070.54
109.00,25.00,1070.90
114.00,25.00,1070.58
119.00,25.00,1070.49
124.00,25.00,1070.74
129.00,25.00,1070.45
134.00,25.00,1070.48
139.00,25.00,1070.45
144.00,25.00,1070.56
149.00,25.00,1070.36
154.00,25.00,1070.18
159.00,25.00,1070.40
164.00,25.00,1071.02
169.00,25.00,1071.59
174.00,25.00,1071.43
179.00,25.00,1070.40
184.00,25.00,1069.81
189.00,25.00,1069.81
194.00,25.00,1069.89
199.00,25.00,1069.95
204.00,25.00,1069.93
209.00,25.00,1069.89
214.00,25.00,1069.87
219.00,25.00,1069.83
224.00,25.00,1069.64
229.00,25.00,1068.87
234.00,25.00,1068.91
239.00,25.00,1068.63
244.00,25.00,1068.79
249.00,25.00,1068.87
254.00,25.00,1068.81
259.00,25.00,1068.87
264.00,25.00,1068.91
269.00,25.00,1068.53
274.00,25.00,1068.56
279.00,25.00,1068.51
284.00,25.00,1068.89
289.00,25.00,1069.10
294.00,25.00,1068.88
299.00,25.00,1068.79
304.00,25.00,1068.76
309.00,25.00,1068.77
314.00,25.00,1068.55
319.00,25.00,1068.37
324.00,25.00,1068.52
329.00,25.00,1068.28
-271.00,30.00,1076.67
-266.00,30.00,1076.67
-261.00,30.00,1076.67
-256.00,30.00,1076.67
-251.00,30.00,1076.67
-246.00,30.00,1076.67
-241.00,30.00,1076.67
-236.00,30.00,1076.67
-231.00,30.00,1076.69
-226.00,30.00,1076.71
-221.00,30.00,1076.73
-216.00,30.00,1076.73
-211.00,30.00,1076.73
-206.00,30.00,1076.76
-201.00,30.00,1076.75
-196.00,30.00,1076.72
-191.00,30.00,1076.67
-186.00,30.00,1076.62
-181.00,30.00,1076.63
-176.00,30.00,1076.84
-171.00,30.00,1078.52
-166.00,30.00,1079.54
-161.00,30.00,1080.58
-156.00,30.00,1081.75
-151.00,30.00,1081.73
-146.00,30.00,1081.80
-141.00,30.00,1081.84
-136.00,30.00,1081.15
-131.00,30.00,1079.77
-126.00,30.00,1078.29
-121.00,30.00,1076.82
-116.00,30.00,1075.43
-111.00,30.00,1073.76
-106.00,30.00,1073.26
-101.00,30.00,1073.13
-96.00,30.00,1073.15
-91.00,30.00,1073.20
-86.00,30.00,1073.35
-81.00,30.00,1073.33
-76.00,30.00,1073.23
-71.00,30.00,1073.07
-66.00,30.00,1072.97
-61.00,30.00,1072.95
-56.00,30.00,1073.01
-51.00,30.00,1073.01
-46.00,30.00,1072.95
-41.00,30.00,1072.92
-36.00,30.00,1072.69
-31.00,30.00,1072.46
-26.00,30.00,1072.35
-21.00,30.00,1072.32
-16.00,30.00,1072.30
-11.00,30.00,1072.22
-6.00,30.00,1072.21
-1.00,30.00,1072.19
4.00,30.00,1072.18
9.00,30.00,1072.21
14.00,30.00,1072.16
19.00,30.00,1072.13
24.00,30.00,1072.06
29.00,30.00,1071.97
34.00,30.00,1071.89
39.00,30.00,1071.93
44.00,30.00,1071.87
49.00,30.00,1071.87
54.00,30.00,1071.91
59.00,30.00,1071.82
64.00,30.00,1071.70
69.00,30.00,1071.57
74.00,30.00,1071.36
79.00,30.00,1071.11
84.00,30.00,1070.95
89.00,30.00,1070.79
94.00,30.00,1070.62
99.00,30.00,1070.58
104.00,30.00,1070.58
109.00,30.00,1070.84
114.00,30.00,1070.65
119.00,30.00,1070.57
124.00,30.00,1070.82
129.00,30.00,1070.53
134.00,30.00,1070.53
139.00,30.00,1070.49
144.00,30.00,1070.56
149.00,30.00,1070.38
154.00,30.00,1070.22
159.00,30.00,1070.39
164.00,30.00,1071.02
169.00,30.00,1071.62
174.00,30.00,1071.48
179.00,30.00,1070.47
184.00,30.00,1069.85
189.00,30.00,1069.85
194.00,30.00,1069.90
199.00,30.00,1069.98
204.00,30.00,1069.95
209.00,30.00,1069.92
214.00,30.00,1069.90
219.00,30.00,1069.87
224.00,30.00,1069.75
229.00,30.00,1068.90
234.00,30.00,1069.09
239.00,30.00,1068.66
244.00,30.00,1068.75
249.00,30.00,1068.86
254.00,30.00,1068.92
259.00,30.00,1069.17
264.00,30.00,1069.13
269.00,30.00,1068.58
274.00,30.00,1068.61
279.00,30.00,1068.54
284.00,30.00,1068.83
289.00,30.00,1068.98
294.00,30.00,1069.06
299.00,30.00,1068.94
304.00,30.00,1068.92
309.00,30.00,1068.78
314.00,30.00,1068.63
319.00,30.00,1068.41
324.00,30.00,1068.46
329.00,30.00,1068.37
-271.00,35.00,1076.67
-266.00,35.00,1076.67
-261.00,35.00,1076.67
-256.00,35.00,1076.67
-251.00,35.00,1076.67
-246.00,35.00,1076.67
-241.00,35.00,1076.67
-236.00,35.00,1076.67
-231.00,35.00,1076.68
-226.00,35.00,1076.70
-221.00,35.00,1076.69
-216.00,35.00,1076.68
-211.00,35.00,1076.67
-206.00,35.00,1076.67
-201.00,35.00,1076.70
-196.00,35.00,1076.75
-191.00,35.00,1076.73
-186.00,35.00,1076.63
-181.00,35.00,1076.62
-176.00,35.00,1076.66
-171.00,35.00,1078.22
-166.00,35.00,1079.11
-161.00,35.00,1080.34
-156.00,35.00,1081.52
-151.00,35.00,1081.72
-146.00,35.00,1081.73
-141.00,35.00,1081.83
-136.00,35.00,1081.56
-131.00,35.00,1080.23
-126.00,35.00,1078.70
-121.00,35.00,1077.22
-116.00,35.00,1075.82
-111.00,35.00,1074.04
-106.00,35.00,1073.51
-101.00,35.00,1073.15
-96.00,35.00,1073.22
-91.00,35.00,1073.21
-86.00,35.00,1073.27
-81.00,35.00,1073.26
-76.00,35.00,1073.09
-71.00,35.00,1072.96
-66.00,35.00,1072.84
-61.00,35.00,1072.83
-56.00,35.00,1072.81
-51.00,35.00,1072.84
-46.00,35.00,1072.86
-41.00,35.00,1072.69
-36.00,35.00,1072.55
-31.00,35.00,1072.34
-26.00,35.00,1072.29
-21.00,35.00,1072.24
-16.00,35.00,1072.23
-11.00,35.00,1072.21
-6.00,35.00,1072.23
-1.00,35.00,1072.23
4.00,35.00,1072.24
9.00,35.00,1072.22
14.00,35.00,1072.25
19.00,35.00,1072.21
24.00,35.00,1072.19
29.00,35.00,1072.14
34.00,35.00,1072.02
39.00,35.00,1072.02
44.00,35.00,1071.95
49.00,35.00,1071.96
54.00,35.00,1071.88
59.00,35.00,1071.85
64.00,35.00,1071.68
69.00,35.00,1071.58
74.00,35.00,1071.36
79.00,35.00,1071.15
84.00,35.00,1070.96
89.00,35.00,1070.83
94.00,35.00,1070.71
99.00,35.00,1070.63
104.00,35.00,1070.65
109.00,35.00,1071.08
114.00,35.00,1070.78
119.00,35.00,1070.66
124.00,35.00,1070.94
129.00,35.00,1070.61
134.00,35.00,1070.58
139.00,35.00,1070.50
144.00,35.00,1070.62
149.00,35.00,1070.40
154.00,35.00,1070.24
159.00,35.00,1070.41
164.00,35.00,1071.02
169.00,35.00,1071.65
174.00,35.00,1071.50
179.00,35.00,1070.57
184.00,35.00,1069.89
189.00,35.00,1069.91
194.00,35.00,1069.94
199.00,35.00,1070.05
204.00,35.00,1070.11
209.00,35.00,1070.02
214.00,35.00,1069.96
219.00,35.00,1069.87
224.00,35.00,1069.73
229.00,35.00,1068.95
234.00,35.00,1069.17
239.00,35.00,1068.84
244.00,35.00,1068.83
249.00,35.00,1068.81
254.00,35.00,1069.04
259.00,35.00,1069.24
264.00,35.00,1069.10
269.00,35.00,1068.59
274.00,35.00,1068.67
279.00,35.00,1068.62
284.00,35.00,1068.94
289.00,35.00,1069.22
294.00,35.00,1069.38
299.00,35.00,1069.36
304.00,35.00,1069.36
309.00,35.00,1068.94
314.00,35.00,1068.77
319.00,35.00,1068.46
324.00,35.00,1068.46
329.00,35.00,1068.51
-271.00,40.00,1076.67
-266.00,40.00,1076.67
-261.00,40.00,1076.67
-256.00,40.00,1076.67
-251.00,40.00,1076.67
-246.00,40.00,1076.67
-241.00,40.00,1076.67
-236.00,40.00,1076.67
-231.00,40.00,1076.67
-226.00,40.00,1076.67
-221.00,40.00,1076.67
-216.00,40.00,1076.66
-211.00,40.00,1076.66
-206.00,40.00,1076.65
-201.00,40.00,1076.64
-196.00,40.00,1076.71
-191.00,40.00,1076.70
-186.00,40.00,1076.62
-181.00,40.00,1076.62
-176.00,40.00,1076.65
-171.00,40.00,1077.92
-166.00,40.00,1078.70
-161.00,40.00,1079.91
-156.00,40.00,1081.14
-151.00,40.00,1081.73
-146.00,40.00,1081.72
-141.00,40.00,1081.81
-136.00,40.00,1081.80
-131.00,40.00,1080.62
-126.00,40.00,1079.15
-121.00,40.00,1077.66
-116.00,40.00,1076.29
-111.00,40.00,1074.52
-106.00,40.00,1073.45
-101.00,40.00,1073.23
-96.00,40.00,1073.15
-91.00,40.00,1073.16
-86.00,40.00,1073.17
-81.00,40.00,1073.09
-76.00,40.00,1072.95
-71.00,40.00,1072.88
-66.00,40.00,1072.73
-61.00,40.00,1072.66
-56.00,40.00,1072.70
-51.00,40.00,1072.64
-46.00,40.00,1072.63
-41.00,40.00,1072.55
-36.00,40.00,1072.39
-31.00,40.00,1072.25
-26.00,40.00,1072.24
-21.00,40.00,1072.19
-16.00,40.00,1072.24
-11.00,40.00,1072.24
-6.00,40.00,1072.27
-1.00,40.00,1072.24
4.00,40.00,1072.25
9.00,40.00,1072.30
14.00,40.00,1072.29
19.00,40.00,1072.30
24.00,40.00,1072.27
29.00,40.00,1072.23
34.00,40.00,1072.20
39.00,40.00,1072.17
44.00,40.00,1072.08
49.00,40.00,1072.00
54.00,40.00,1071.89
59.00,40.00,1071.80
64.00,40.00,1071.74
69.00,40.00,1071.59
74.00,40.00,1071.43
79.00,40.00,1071.27
84.00,40.00,1071.08
89.00,40.00,1070.94
94.00,40.00,1070.80
99.00,40.00,1070.71
104.00,40.00,1070.68
109.00,40.00,1071.10
114.00,40.00,1070.89
119.00,40.00,1070.76
124.00,40.00,1071.02
129.00,40.00,1070.69
134.00,40.00,1070.63
139.00,40.00,1070.53
144.00,40.00,1070.66
149.00,40.00,1070.42
154.00,40.00,1070.27
159.00,40.00,1070.42
164.00,40.00,1071.08
169.00,40.00,1071.67
174.00,40.00,1071.57
179.00,40.00,1070.61
184.00,40.00,1069.96
189.00,40.00,1069.96
194.00,40.00,1070.01
199.00,40.00,1070.09
204.00,40.00,1070.13
209.00,40.00,1070.01
214.00,40.00,1069.97
219.00,40.00,1069.89
224.00,40.00,1069.34
229.00,40.00,1068.99
234.00,40.00,1069.13
239.00,40.00,1069.12
244.00,40.00,1068.96
249.00,40.00,1068.90
254.00,40.00,1069.01
259.00,40.00,1069.15
264.00,40.00,1069.07
269.00,40.00,1068.64
274.00,40.00,1068.73
279.00,40.00,1068.64
284.00,40.00,1068.96
289.00,40.00,1069.23
294.00,40.00,1069.34
299.00,40.00,1069.35
304.00,40.00,1069.09
309.00,40.00,1068.90
314.00,40.00,1068.73
319.00,40.00,1068.51
324.00,40.00,1068.49
329.00,40.00,1068.54
-271.00,45.00,1076.67
-266.00,45.00,1076.67
-261.00,45.00,1076.67
-256.00,45.00,1076.67
-251.00,45.00,1076.67
-246.00,45.00,1076.67
-241.00,45.00,1076.67
-236.00,45.00,1076.67
-231.00,45.00,1076.68
-226.00,45.00,1076.67
-221.00,45.00,1076.66
-216.00,45.00,1076.65
-211.00,45.00,1076.65
-206.00,45.00,1076.67
-201.00,45.00,1076.69
-196.00,45.00,1076.69
-191.00,45.00,1076.78
-186.00,45.00,1076.66
-181.00,45.00,1076.64
-176.00,45.00,1076.63
-171.00,45.00,1077.34
-166.00,45.00,1078.67
-161.00,45.00,1079.68
-156.00,45.00,1080.69
-151.00,45.00,1081.76
-146.00,45.00,1081.73
-141.00,45.00,1081.77
-136.00,45.00,1081.79
-131.00,45.00,1080.99
-126.00,45.00,1079.53
-121.00,45.00,1078.11
-116.00,45.00,1076.86
-111.00,45.00,1075.39
-106.00,45.00,1073.65
-101.00,45.00,1073.32
-96.00,45.00,1073.21
-91.00,45.00,1073.11
-86.00,45.00,1073.01
-81.00,45.00,1072.94
-76.00,45.00,1072.82
-71.00,45.00,1072.77
-66.00,45.00,1072.60
-61.00,45.00,1072.62
-56.00,45.00,1072.60
-51.00,45.00,1072.51
-46.00,45.00,1072.50
-41.00,45.00,1072.48
-36.00,45.00,1072.34
-31.00,45.00,1072.25
-26.00,45.00,1072.21
-21.00,45.00,1072.18
-16.00,45.00,1072.23
-11.00,45.00,1072.23
-6.00,45.00,1072.18
-1.00,45.00,1072.19
4.00,45.00,1072.20
9.00,45.00,1072.26
14.00,45.00,1072.30
19.00,45.00,1072.33
24.00,45.00,1072.34
29.00,45.00,1072.32
34.00,45.00,1072.28
39.00,45.00,1072.22
44.00,45.00,1072.14
49.00,45.00,1072.02
54.00,45.00,1071.88
59.00,45.00,1071.82
64.00,45.00,1071.74
69.00,45.00,1071.82
74.00,45.00,1071.86
79.00,45.00,1071.35
84.00,45.00,1071.21
89.00,45.00,1071.14
94.00,45.00,1070.93
99.00,45.00,1070.83
104.00,45.00,1070.77
109.00,45.00,1070.75
114.00,45.00,1070.99
119.00,45.00,1070.85
124.00,45.00,1071.11
129.00,45.00,1070.76
134.00,45.00,1070.68
139.00,45.00,1070.55
144.00,45.00,1070.68
149.00,45.00,1070.43
154.00,45.00,1070.30
159.00,45.00,1070.44
164.00,45.00,1071.08
169.00,45.00,1071.70
174.00,45.00,1071.65
179.00,45.00,1070.72
184.00,45.00,1070.02
189.00,45.00,1070.01
194.00,45.00,1070.10
199.00,45.00,1070.21
204.00,45.00,1070.25
209.00,45.00,1070.20
214.00,45.00,1070.16
219.00,45.00,1070.03
224.00,45.00,1069.51
229.00,45.00,1069.04
234.00,45.00,1069.11
239.00,45.00,1069.11
244.00,45.00,1069.11
249.00,45.00,1069.04
254.00,45.00,1069.11
259.00,45.00,1069.23
264.00,45.00,1069.08
269.00,45.00,1068.67
274.00,45.00,1068.77
279.00,45.00,1068.64
284.00,45.00,1069.03
289.00,45.00,1069.23
294.00,45.00,1069.11
299.00,45.00,1069.10
304.00,45.00,1069.01
309.00,45.00,1068.95
314.00,45.00,1068.76
319.00,45.00,1068.56
324.00,45.00,1068.58
329.00,45.00,1068.62
-271.00,50.00,1076.67
-266.00,50.00,1076.67
-261.00,50.00,1076.67
-256.00,50.00,1076.67
-251.00,50.00,1076.67
-246.00,50.00,1076.67
-241.00,50.00,1076.67
-236.00,50.00,1076.67
-231.00,50.00,1076.67
-226.00,50.00,1076.67
-221.00,50.00,1076.65
-216.00,50.00,1076.67
-211.00,50.00,1076.66
-206.00,50.00,1076.65
-201.00,50.00,1076.68
-196.00,50.00,1076.68
-191.00,50.00,1076.69
-186.00,50.00,1076.66
-181.00,50.00,1076.65
-176.00,50.00,1076.62
-171.00,50.00,1076.78
-166.00,50.00,1078.45
-161.00,50.00,1079.16
-156.00,50.00,1080.47
-151.00,50.00,1081.57
-146.00,50.00,1081.70
-141.00,50.00,1081.76
-136.00,50.00,1081.81
-131.00,50.00,1081.53
-126.00,50.00,1079.93
-121.00,50.00,1078.42
-116.00,50.00,1077.37
-111.00,50.00,1076.36
-106.00,50.00,1073.96
-101.00,50.00,1073.52
-96.00,50.00,1073.25
-91.00,50.00,1073.11
-86.00,50.00,1073.03
-81.00,50.00,1072.81
-76.00,50.00,1072.72
-71.00,50.00,1072.67
-66.00,50.00,1072.55
-61.00,50.00,1072.51
-56.00,50.00,1072.47
-51.00,50.00,1072.38
-46.00,50.00,1072.34
-41.00,50.00,1072.32
-36.00,50.00,1072.26
-31.00,50.00,1072.17
-26.00,50.00,1072.22
-21.00,50.00,1072.21
-16.00,50.00,1072.21
-11.00,50.00,1072.20
-6.00,50.00,1072.07
-1.00,50.00,1072.11
4.00,50.00,1072.17
9.00,50.00,1072.26
14.00,50.00,1072.30
19.00,50.00,1072.37
24.00,50.00,1072.40
29.00,50.00,1072.35
34.00,50.00,1072.31
39.00,50.00,1072.26
44.00,50.00,1072.19
49.00,50.00,1072.09
54.00,50.00,1071.93
59.00,50.00,1071.87
64.00,50.00,1071.78
69.00,50.00,1071.92
74.00,50.00,1071.85
79.00,50.00,1071.73
84.00,50.00,1071.36
89.00,50.00,1071.20
94.00,50.00,1071.39
99.00,50.00,1071.09
104.00,50.00,1070.83
109.00,50.00,1070.90
114.00,50.00,1071.06
119.00,50.00,1070.96
124.00,50.00,1071.19
129.00,50.00,1070.84
134.00,50.00,1070.72
139.00,50.00,1070.59
144.00,50.00,1070.70
149.00,50.00,1070.48
154.00,50.00,1070.32
159.00,50.00,1070.48
164.00,50.00,1071.09
169.00,50.00,1071.70
174.00,50.00,1071.72
179.00,50.00,1070.73
184.00,50.00,1070.07
189.00,50.00,1070.08
194.00,50.00,1070.17
199.00,50.00,1070.50
204.00,50.00,1070.68
209.00,50.00,1070.55
214.00,50.00,1070.51
219.00,50.00,1070.42
224.00,50.00,1069.76
229.00,50.00,1069.10
234.00,50.00,1069.13
239.00,50.00,1069.16
244.00,50.00,1069.19
249.00,50.00,1069.14
254.00,50.00,1069.23
259.00,50.00,1069.42
264.00,50.00,1069.27
269.00,50.00,1068.69
274.00,50.00,1068.80
279.00,50.00,1068.67
284.00,50.00,1068.95
289.00,50.00,1069.12
294.00,50.00,1069.22
299.00,50.00,1069.40
304.00,50.00,1069.43
309.00,50.00,1069.24
314.00,50.00,1068.87
319.00,50.00,1068.60
324.00,50.00,1068.69
329.00,50.00,1068.66
-271.00,55.00,1076.67
-266.00,55.00,1076.67
-261.00,55.00,1076.67
-256.00,55.00,1076.67
-251.00,55.00,1076.67
-246.00,55.00,1076.67
-241.00,55.00,1076.67
-236.00,55.00,1076.67
-231.00,55.00,1076.67
-226.00,55.00,1076.69
-221.00,55.00,1076.68
-216.00,55.00,1076.67
-211.00,55.00,1076.65
-206.00,55.00,1076.64
-201.00,55.00,1076.62
-196.00,55.00,1076.64
-191.00,55.00,1076.69
-186.00,55.00,1076.70
-181.00,55.00,1076.75
-176.00,55.00,1076.63
-171.00,55.00,1076.66
-166.00,55.00,1078.02
-161.00,55.00,1078.71
-156.00,55.00,1080.15
-151.00,55.00,1081.32
-146.00,55.00,1081.74
-141.00,55.00,1081.76
-136.00,55.00,1081.81
-131.00,55.00,1081.75
-126.00,55.00,1080.36
-121.00,55.00,1078.83
-116.00,55.00,1077.90
-111.00,55.00,1077.02
-106.00,55.00,1074.26
-101.00,55.00,1073.61
-96.00,55.00,1073.31
-91.00,55.00,1073.20
-86.00,55.00,1073.07
-81.00,55.00,1072.87
-76.00,55.00,1072.72
-71.00,55.00,1072.59
-66.00,55.00,1072.53
-61.00,55.00,1072.42
-56.00,55.00,1072.37
-51.00,55.00,1072.31
-46.00,55.00,1072.25
-41.00,55.00,1072.29
-36.00,55.00,1072.23
-31.00,55.00,1072.19
-26.00,55.00,1072.22
-21.00,55.00,1072.18
-16.00,55.00,1072.16
-11.00,55.00,1072.15
-6.00,55.00,1072.03
-1.00,55.00,1072.06
4.00,55.00,1072.15
9.00,55.00,1072.30
14.00,55.00,1072.37
19.00,55.00,1072.42
24.00,55.00,1072.47
29.00,55.00,1072.46
34.00,55.00,1072.42
39.00,55.00,1072.39
44.00,55.00,1072.27
49.00,55.00,1072.15
54.00,55.00,1072.00
59.00,55.00,1071.90
64.00,55.00,1071.89
69.00,55.00,1072.09
74.00,55.00,1072.19
79.00,55.00,1072.10
84.00,55.00,1071.95
89.00,55.00,1071.37
94.00,55.00,1071.59
99.00,55.00,1071.33
104.00,55.00,1071.56
109.00,55.00,1071.39
114.00,55.00,1071.16
119.00,55.00,1071.04
124.00,55.00,1071.30
129.00,55.00,1070.91
134.00,55.00,1070.80
139.00,55.00,1070.60
144.00,55.00,1070.73
149.00,55.00,1070.51
154.00,55.00,1070.37
159.00,55.00,1070.50
164.00,55.00,1071.06
169.00,55.00,1071.75
174.00,55.00,1071.78
179.00,55.00,1070.86
184.00,55.00,1070.13
189.00,55.00,1070.13
194.00,55.00,1070.31
199.00,55.00,1070.72
204.00,55.00,1070.85
209.00,55.00,1070.62
214.00,55.00,1070.56
219.00,55.00,1070.40
224.00,55.00,1069.85
229.00,55.00,1069.16
234.00,55.00,1069.15
239.00,55.00,1069.12
244.00,55.00,1069.13
249.00,55.00,1069.21
254.00,55.00,1069.39
259.00,55.00,1069.38
264.00,55.00,1069.26
269.00,55.00,1068.72
274.00,55.00,1068.83
279.00,55.00,1068.68
284.00,55.00,1068.90
289.00,55.00,1069.42
294.00,55.00,1069.49
299.00,55.00,1069.30
304.00,55.00,1069.34
309.00,55.00,1069.12
314.00,55.00,1068.88
319.00,55.00,1068.61
324.00,55.00,1068.71
329.00,55.00,1068.73
-271.00,60.00,1076.67
-266.00,60.00,1076.67
-261.00,60.00,1076.67
-256.00,60.00,1076.67
-251.00,60.00,1076.67
-246.00,60.00,1076.67
-241.00,60.00,1076.67
-236.00,60.00,1076.67
-231.00,60.00,1076.65
-226.00,60.00,1076.69
-221.00,60.00,1076.67
-216.00,60.00,1076.68
-211.00,60.00,1076.69
-206.00,60.00,1076.70
-201.00,60.00,1076.69
-196.00,60.00,1076.67
-191.00,60.00,1076.65
-186.00,60.00,1076.72
-181.00,60.00,1076.65
-176.00,60.00,1076.61
-171.00,60.00,1076.62
-166.00,60.00,1077.22
-161.00,60.00,1078.59
-156.00,60.00,1079.67
-151.00,60.00,1080.89
-146.00,60.00,1081.66
-141.00,60.00,1081.75
-136.00,60.00,1081.78
-131.00,60.00,1081.82
-126.00,60.00,1080.82
-121.00,60.00,1079.30
-116.00,60.00,1078.38
-111.00,60.00,1077.49
-106.00,60.00,1075.28
-101.00,60.00,1074.09
-96.00,60.00,1073.42
-91.00,60.00,1073.31
-86.00,60.00,1073.14
-81.00,60.00,1072.89
-76.00,60.00,1072.82
-71.00,60.00,1072.64
-66.00,60.00,1072.53
-61.00,60.00,1072.42
-56.00,60.00,1072.37
-51.00,60.00,1072.30
-46.00,60.00,1072.24
-41.00,60.00,1072.22
-36.00,60.00,1072.20
-31.00,60.00,1072.14
-26.00,60.00,1072.18
-21.00,60.00,1072.16
-16.00,60.00,1072.16
-11.00,60.00,1072.10
-6.00,60.00,1072.08
-1.00,60.00,1072.07
4.00,60.00,1072.13
9.00,60.00,1072.24
14.00,60.00,1072.35
19.00,60.00,1072.41
24.00,60.00,1072.47
29.00,60.00,1072.53
34.00,60.00,1072.50
39.00,60.00,1072.46
44.00,60.00,1072.35
49.00,60.00,1072.22
54.00,60.00,1072.15
59.00,60.00,1072.04
64.00,60.00,1072.33
69.00,60.00,1072.47
74.00,60.00,1072.10
79.00,60.00,1072.14
84.00,60.00,1071.59
89.00,60.00,1071.65
94.00,60.00,1071.64
99.00,60.00,1071.54
104.00,60.00,1071.56
109.00,60.00,1071.30
114.00,60.00,1071.27
119.00,60.00,1071.14
124.00,60.00,1071.36
129.00,60.00,1070.98
134.00,60.00,1070.85
139.00,60.00,1070.65
144.00,60.00,1070.77
149.00,60.00,1070.53
154.00,60.00,1070.38
159.00,60.00,1070.51
164.00,60.00,1071.09
169.00,60.00,1071.82
174.00,60.00,1071.81
179.00,60.00,1070.87
184.00,60.00,1070.18
189.00,60.00,1070.19
194.00,60.00,1070.40
199.00,60.00,1070.72
204.00,60.00,1070.60
209.00,60.00,1070.48
214.00,60.00,1070.55
219.00,60.00,1070.45
224.00,60.00,1069.82
229.00,60.00,1069.19
234.00,60.00,1069.20
239.00,60.00,1069.11
244.00,60.00,1069.12
249.00,60.00,1069.13
254.00,60.00,1069.26
259.00,60.00,1069.32
264.00,60.00,1069.18
269.00,60.00,1068.73
274.00,60.00,1068.86
279.00,60.00,1068.69
284.00,60.00,1068.98
289.00,60.00,1069.56
294.00,60.00,1069.37
299.00,60.00,1069.20
304.00,60.00,1069.20
309.00,60.00,1069.13
314.00,60.00,1068.88
319.00,60.00,1068.62
324.00,60.00,1068.74
329.00,60.00,1068.76
-271.00,65.00,1076.67
-266.00,65.00,1076.67
-261.00,65.00,1076.67
-256.00,65.00,1076.67
-251.00,65.00,1076.67
-246.00,65.00,1076.67
-241.00,65.00,1076.67
-236.00,65.00,1076.67
-231.00,65.00,1076.66
-226.00,65.00,1076.67
-221.00,65.00,1076.66
-216.00,65.00,1076.67
-211.00,65.00,1076.68
-206.00,65.00,1076.69
-201.00,65.00,1076.68
-196.00,65.00,1076.67
-191.00,65.00,1076.67
-186.00,65.00,1076.69
-181.00,65.00,1076.76
-176.00,65.00,1076.64
-171.00,65.00,1076.62
-166.00,65.00,1076.75
-161.00,65.00,1078.57
-156.00,65.00,1078.91
-151.00,65.00,1080.42
-146.00,65.00,1081.51
-141.00,65.00,1081.72
-136.00,65.00,1081.78
-131.00,65.00,1081.86
-126.00,65.00,1081.27
-121.00,65.00,1079.84
-116.00,65.00,1078.89
-111.00,65.00,1077.98
-106.00,65.00,1075.96
-101.00,65.00,1074.39
-96.00,65.00,1073.77
-91.00,65.00,1073.46
-86.00,65.00,1073.23
-81.00,65.00,1072.99
-76.00,65.00,1072.88
-71.00,65.00,1072.77
-66.00,65.00,1072.62
-61.00,65.00,1072.56
-56.00,65.00,1072.49
-51.00,65.00,1072.44
-46.00,65.00,1072.26
-41.00,65.00,1072.38
-36.00,65.00,1072.31
-31.00,65.00,1072.21
-26.00,65.00,1072.22
-21.00,65.00,1072.23
-16.00,65.00,1072.20
-11.00,65.00,1072.15
-6.00,65.00,1072.15
-1.00,65.00,1072.12
4.00,65.00,1072.16
9.00,65.00,1072.30
14.00,65.00,1072.37
19.00,65.00,1072.43
24.00,65.00,1072.54
29.00,65.00,1072.59
34.00,65.00,1072.56
39.00,65.00,1072.48
44.00,65.00,1072.43
49.00,65.00,1072.33
54.00,65.00,1072.26
59.00,65.00,1072.18
64.00,65.00,1072.19
69.00,65.00,1072.12
74.00,65.00,1072.30
79.00,65.00,1072.20
84.00,65.00,1072.02
89.00,65.00,1071.87
94.00,65.00,1072.07
99.00,65.00,1071.61
104.00,65.00,1071.65
109.00,65.00,1071.53
114.00,65.00,1071.34
119.00,65.00,1071.23
124.00,65.00,1071.44
129.00,65.00,1071.05
134.00,65.00,1070.91
139.00,65.00,1070.68
144.00,65.00,1070.82
149.00,65.00,1070.57
154.00,65.00,1070.43
159.00,65.00,1070.51
164.00,65.00,1071.09
169.00,65.00,1071.85
174.00,65.00,1071.89
179.00,65.00,1071.01
184.00,65.00,1070.23
189.00,65.00,1070.23
194.00,65.00,1070.43
199.00,65.00,1070.69
204.00,65.00,1070.63
209.00,65.00,1070.50
214.00,65.00,1070.48
219.00,65.00,1070.47
224.00,65.00,1070.22
229.00,65.00,1069.21
234.00,65.00,1069.17
239.00,65.00,1069.10
244.00,65.00,1069.12
249.00,65.00,1069.18
254.00,65.00,1069.29
259.00,65.00,1069.43
264.00,65.00,1069.35
269.00,65.00,1068.75
274.00,65.00,1068.88
279.00,65.00,1068.72
284.00,65.00,1069.04
289.00,65.00,1069.34
294.00,65.00,1069.20
299.00,65.00,1069.10
304.00,65.00,1069.10
309.00,65.00,1069.11
314.00,65.00,1068.89
319.00,65.00,1068.63
324.00,65.00,1068.72
329.00,65.00,1068.72
-271.00,70.00,1076.67
-266.00,70.00,1076.67
-261.00,70.00,1076.67
-256.00,70.00,1076.67
-251.00,70.00,1076.67
-246.00,70.00,1076.67
-241.00,70.00,1076.67
-236.00,70.00,1076.67
-231.00,70.00,1076.66
-226.00,70.00,1076.67
-221.00,70.00,1076.66
-216.00,70.00,1076.66
-211.00,70.00,1076.66
-206.00,70.00,1076.65
-201.00,70.00,1076.64
-196.00,70.00,1076.63
-191.00,70.00,1076.66
-186.00,70.00,1076.70
-181.00,70.00,1076.70
-176.00,70.00,1076.73
-171.00,70.00,1076.63
-166.00,70.00,1076.62
-161.00,70.00,1078.10
-156.00,70.00,1078.77
-151.00,70.00,1080.17
-146.00,70.00,1081.22
-141.00,70.00,1081.70
-136.00,70.00,1081.80
-131.00,70.00,1081.85
-126.00,70.00,1081.74
-121.00,70.00,1080.34
-116.00,70.00,1079.35
-111.00,70.00,1078.66
-106.00,70.00,1077.10
-101.00,70.00,1074.84
-96.00,70.00,1073.98
-91.00,70.00,1073.68
-86.00,70.00,1073.35
-81.00,70.00,1073.10
-76.00,70.00,1072.98
-71.00,70.00,1072.86
-66.00,70.00,1072.88
-61.00,70.00,1072.73
-56.00,70.00,1072.61
-51.00,70.00,1072.49
-46.00,70.00,1072.43
-41.00,70.00,1072.41
-36.00,70.00,1072.30
-31.00,70.00,1072.25
-26.00,70.00,1072.35
-21.00,70.00,1072.27
-16.00,70.00,1072.28
-11.00,70.00,1072.21
-6.00,70.00,1072.24
-1.00,70.00,1072.21
4.00,70.00,1072.21
9.00,70.00,1072.34
14.00,70.00,1072.39
19.00,70.00,1072.45
24.00,70.00,1072.52
29.00,70.00,1072.58
34.00,70.00,1072.53
39.00,70.00,1072.55
44.00,70.00,1072.35
49.00,70.00,1072.27
54.00,70.00,1072.21
59.00,70.00,1072.15
64.00,70.00,1072.09
69.00,70.00,1072.51
74.00,70.00,1072.37
79.00,70.00,1072.30
84.00,70.00,1072.02
89.00,70.00,1071.73
94.00,70.00,1072.01
99.00,70.00,1071.79
104.00,70.00,1071.46
109.00,70.00,1071.74
114.00,70.00,1071.42
119.00,70.00,1071.33
124.00,70.00,1071.53
129.00,70.00,1071.14
134.00,70.00,1070.94
139.00,70.00,1070.70
144.00,70.00,1070.85
149.00,70.00,1070.61
154.00,70.00,1070.45
159.00,70.00,1070.53
164.00,70.00,1071.09
169.00,70.00,1071.87
174.00,70.00,1071.98
179.00,70.00,1070.97
184.00,70.00,1070.27
189.00,70.00,1070.27
194.00,70.00,1070.47
199.00,70.00,1070.72
204.00,70.00,1070.63
209.00,70.00,1070.53
214.00,70.00,1070.46
219.00,70.00,1070.47
224.00,70.00,1070.19
229.00,70.00,1069.25
234.00,70.00,1069.21
239.00,70.00,1069.11
244.00,70.00,1069.15
249.00,70.00,1069.27
254.00,70.00,1069.41
259.00,70.00,1069.61
264.00,70.00,1069.40
269.00,70.00,1068.78
274.00,70.00,1068.92
279.00,70.00,1068.75
284.00,70.00,1069.00
289.00,70.00,1069.02
294.00,70.00,1069.09
299.00,70.00,1069.02
304.00,70.00,1069.03
309.00,70.00,1069.01
314.00,70.00,1068.83
319.00,70.00,1068.63
324.00,70.00,1068.67
329.00,70.00,1068.75
-271.00,75.00,1076.67
-266.00,75.00,1076.67
-261.00,75.00,1076.67
-256.00,75.00,1076.67
-251.00,75.00,1076.67
-246.00,75.00,1076.67
-241.00,75.00,1076.67
-236.00,75.00,1076.67
-231.00,75.00,1076.67
-226.00,75.00,1076.67
-221.00,75.00,1076.66
-216.00,75.00,1076.66
-211.00,75.00,1076.65
-206.00,75.00,1076.65
-201.00,75.00,1076.65
-196.00,75.00,1076.65
-191.00,75.00,1076.65
-186.00,75.00,1076.68
-181.00,75.00,1076.72
-176.00,75.00,1076.63
-171.00,75.00,1076.61
-166.00,75.00,1076.62
-161.00,75.00,1077.33
-156.00,75.00,1078.67
-151.00,75.00,1079.63
-146.00,75.00,1080.89
-141.00,75.00,1081.69
-136.00,75.00,1081.80
-131.00,75.00,1081.82
-126.00,75.00,1081.86
-121.00,75.00,1080.89
-116.00,75.00,1079.77
-111.00,75.00,1079.21
-106.00,75.00,1078.08
-101.00,75.00,1075.90
-96.00,75.00,1074.47
-91.00,75.00,1073.79
-86.00,75.00,1073.48
-81.00,75.00,1073.25
-76.00,75.00,1073.15
-71.00,75.00,1073.05
-66.00,75.00,1072.92
-61.00,75.00,1072.83
-56.00,75.00,1072.74
-51.00,75.00,1072.60
-46.00,75.00,1072.52
-41.00,75.00,1072.43
-36.00,75.00,1072.47
-31.00,75.00,1072.36
-26.00,75.00,1072.34
-21.00,75.00,1072.28
-16.00,75.00,1072.27
-11.00,75.00,1072.24
-6.00,75.00,1072.21
-1.00,75.00,1072.18
4.00,75.00,1072.20
9.00,75.00,1072.28
14.00,75.00,1072.34
19.00,75.00,1072.36
24.00,75.00,1072.35
29.00,75.00,1072.36
34.00,75.00,1072.31
39.00,75.00,1072.31
44.00,75.00,1072.19
49.00,75.00,1072.16
54.00,75.00,1072.04
59.00,75.00,1072.01
64.00,75.00,1071.99
69.00,75.00,1072.36
74.00,75.00,1072.32
79.00,75.00,1072.10
84.00,75.00,1072.14
89.00,75.00,1071.97
94.00,75.00,1071.92
99.00,75.00,1071.99
104.00,75.00,1071.62
109.00,75.00,1071.52
114.00,75.00,1071.46
119.00,75.00,1071.37
124.00,75.00,1071.61
129.00,75.00,1071.23
134.00,75.00,1071.00
139.00,75.00,1070.76
144.00,75.00,1070.91
149.00,75.00,1070.63
154.00,75.00,1070.49
159.00,75.00,1070.54
164.00,75.00,1071.11
169.00,75.00,1071.88
174.00,75.00,1072.06
179.00,75.00,1071.10
184.00,75.00,1070.32
189.00,75.00,1070.30
194.00,75.00,1070.44
199.00,75.00,1070.69
204.00,75.00,1070.71
209.00,75.00,1070.63
214.00,75.00,1070.49
219.00,75.00,1070.45
224.00,75.00,1070.33
229.00,75.00,1069.27
234.00,75.00,1069.18
239.00,75.00,1069.15
244.00,75.00,1069.19
249.00,75.00,1069.30
254.00,75.00,1069.45
259.00,75.00,1069.54
264.00,75.00,1069.34
269.00,75.00,1068.82
274.00,75.00,1068.95
279.00,75.00,1068.77
284.00,75.00,1068.97
289.00,75.00,1068.99
294.00,75.00,1069.05
299.00,75.00,1069.08
304.00,75.00,1069.04
309.00,75.00,1068.98
314.00,75.00,1068.84
319.00,75.00,1068.64
324.00,75.00,1068.64
329.00,75.00,1068.71
-271.00,80.00,1076.67
-266.00,80.00,1076.67
-261.00,80.00,1076.67
-256.00,80.00,1076.67
-251.00,80.00,1076.67
-246.00,80.00,1076.67
-241.00,80.00,1076.67
-236.00,80.00,1076.67
-231.00,80.00,1076.68
-226.00,80.00,1076.67
-221.00,80.00,1076.68
-216.00,80.00,1076.68
-211.00,80.00,1076.68
-206.00,80.00,1076.68
-201.00,80.00,1076.68
-196.00,80.00,1076.68
-191.00,80.00,1076.68
-186.00,80.00,1076.73
-181.00,80.00,1076.68
-176.00,80.00,1076.68
-171.00,80.00,1076.62
-166.00,80.00,1076.61
-161.00,80.00,1076.72
-156.00,80.00,1078.47
-151.00,80.00,1078.98
-146.00,80.00,1080.78
-141.00,80.00,1081.50
-136.00,80.00,1081.77
-131.00,80.00,1081.83
-126.00,80.00,1081.88
-121.00,80.00,1081.45
-116.00,80.00,1080.25
-111.00,80.00,1079.70
-106.00,80.00,1079.04
-101.00,80.00,1077.72
-96.00,80.00,1075.05
-91.00,80.00,1074.05
-86.00,80.00,1073.69
-81.00,80.00,1073.45
-76.00,80.00,1073.33
-71.00,80.00,1073.29
-66.00,80.00,1073.10
-61.00,80.00,1073.03
-56.00,80.00,1072.89
-51.00,80.00,1072.67
-46.00,80.00,1072.53
-41.00,80.00,1072.47
-36.00,80.00,1072.39
-31.00,80.00,1072.35
-26.00,80.00,1072.35
-21.00,80.00,1072.29
-16.00,80.00,1072.29
-11.00,80.00,1072.23
-6.00,80.00,1072.15
-1.00,80.00,1072.14
4.00,80.00,1072.16
9.00,80.00,1072.20
14.00,80.00,1072.24
19.00,80.00,1072.20
24.00,80.00,1072.17
29.00,80.00,1072.15
34.00,80.00,1072.06
39.00,80.00,1072.09
44.00,80.00,1072.05
49.00,80.00,1071.98
54.00,80.00,1071.85
59.00,80.00,1071.84
64.00,80.00,1071.79
69.00,80.00,1071.83
74.00,80.00,1071.98
79.00,80.00,1071.94
84.00,80.00,1072.06
89.00,80.00,1071.67
94.00,80.00,1071.70
99.00,80.00,1071.78
104.00,80.00,1071.25
109.00,80.00,1071.23
114.00,80.00,1071.52
119.00,80.00,1071.45
124.00,80.00,1071.67
129.00,80.00,1071.27
134.00,80.00,1071.03
139.00,80.00,1070.79
144.00,80.00,1070.95
149.00,80.00,1070.67
154.00,80.00,1070.53
159.00,80.00,1070.54
164.00,80.00,1071.09
169.00,80.00,1071.87
174.00,80.00,1072.07
179.00,80.00,1071.16
184.00,80.00,1070.35
189.00,80.00,1070.35
194.00,80.00,1070.45
199.00,80.00,1070.55
204.00,80.00,1070.63
209.00,80.00,1070.66
214.00,80.00,1070.63
219.00,80.00,1070.40
224.00,80.00,1070.27
229.00,80.00,1069.29
234.00,80.00,1069.27
239.00,80.00,1069.28
244.00,80.00,1069.32
249.00,80.00,1069.47
254.00,80.00,1069.56
259.00,80.00,1069.57
264.00,80.00,1069.35
269.00,80.00,1068.85
274.00,80.00,1068.97
279.00,80.00,1068.78
284.00,80.00,1068.97
289.00,80.00,1068.97
294.00,80.00,1069.01
299.00,80.00,1069.02
304.00,80.00,1069.13
309.00,80.00,1069.09
314.00,80.00,1068.91
319.00,80.00,1068.65
324.00,80.00,1068.68
329.00,80.00,1068.73
-271.00,85.00,1076.67
-266.00,85.00,1076.67
-261.00,85.00,1076.67
-256.00,85.00,1076.67
-251.00,85.00,1076.67
-246.00,85.00,1076.67
-241.00,85.00,1076.67
-236.00,85.00,1076.67
-231.00,85.00,1076.68
-226.00,85.00,1076.68
-221.00,85.00,1076.68
-216.00,85.00,1076.68
-211.00,85.00,1076.69
-206.00,85.00,1076.69
-201.00,85.00,1076.69
-196.00,85.00,1076.69
-191.00,85.00,1076.66
-186.00,85.00,1076.76
-181.00,85.00,1076.72
-176.00,85.00,1076.61
-171.00,85.00,1076.62
-166.00,85.00,1076.66
-161.00,85.00,1076.65
-156.00,85.00,1078.13
-151.00,85.00,1078.73
-146.00,85.00,1080.12
-141.00,85.00,1081.30
-136.00,85.00,1081.73
-131.00,85.00,1081.83
-126.00,85.00,1081.87
-121.00,85.00,1081.92
-116.00,85.00,1080.71
-111.00,85.00,1080.08
-106.00,85.00,1079.63
-101.00,85.00,1078.52
-96.00,85.00,1076.54
-91.00,85.00,1074.36
-86.00,85.00,1073.98
-81.00,85.00,1073.69
-76.00,85.00,1073.49
-71.00,85.00,1073.46
-66.00,85.00,1073.31
-61.00,85.00,1073.18
-56.00,85.00,1073.13
-51.00,85.00,1072.88
-46.00,85.00,1072.61
-41.00,85.00,1072.56
-36.00,85.00,1072.45
-31.00,85.00,1072.42
-26.00,85.00,1072.44
-21.00,85.00,1072.32
-16.00,85.00,1072.27
-11.00,85.00,1072.20
-6.00,85.00,1072.17
-1.00,85.00,1072.11
4.00,85.00,1072.14
9.00,85.00,1072.12
14.00,85.00,1072.13
19.00,85.00,1072.06
24.00,85.00,1072.00
29.00,85.00,1071.99
34.00,85.00,1071.91
39.00,85.00,1071.87
44.00,85.00,1071.84
49.00,85.00,1071.79
54.00,85.00,1071.71
59.00,85.00,1071.65
64.00,85.00,1071.68
69.00,85.00,1071.60
74.00,85.00,1071.57
79.00,85.00,1071.52
84.00,85.00,1071.46
89.00,85.00,1071.81
94.00,85.00,1071.55
99.00,85.00,1071.24
104.00,85.00,1071.14
109.00,85.00,1071.10
114.00,85.00,1071.59
119.00,85.00,1071.51
124.00,85.00,1071.73
129.00,85.00,1071.32
134.00,85.00,1071.05
139.00,85.00,1070.83
144.00,85.00,1071.04
149.00,85.00,1070.71
154.00,85.00,1070.57
159.00,85.00,1070.55
164.00,85.00,1071.11
169.00,85.00,1071.87
174.00,85.00,1072.01
179.00,85.00,1071.20
184.00,85.00,1070.37
189.00,85.00,1070.37
194.00,85.00,1070.47
199.00,85.00,1070.59
204.00,85.00,1070.70
209.00,85.00,1070.67
214.00,85.00,1070.67
219.00,85.00,1070.61
224.00,85.00,1070.36
229.00,85.00,1069.33
234.00,85.00,1069.55
239.00,85.00,1069.61
244.00,85.00,1069.56
249.00,85.00,1069.55
254.00,85.00,1069.61
259.00,85.00,1069.68
264.00,85.00,1069.57
269.00,85.00,1068.87
274.00,85.00,1068.98
279.00,85.00,1068.79
284.00,85.00,1069.10
289.00,85.00,1069.27
294.00,85.00,1069.40
299.00,85.00,1069.35
304.00,85.00,1069.30
309.00,85.00,1069.23
314.00,85.00,1068.90
319.00,85.00,1068.70
324.00,85.00,1068.88
329.00,85.00,1068.92
-271.00,90.00,1076.67
-266.00,90.00,1076.67
-261.00,90.00,1076.67
-256.00,90.00,1076.67
-251.00,90.00,1076.67
-246.00,90.00,1076.67
-241.00,90.00,1076.67
-236.00,90.00,1076.66
-231.00,90.00,1076.68
-226.00,90.00,1076.68
-221.00,90.00,1076.68
-216.00,90.00,1076.69
-211.00,90.00,1076.69
-206.00,90.00,1076.69
-201.00,90.00,1076.70
-196.00,90.00,1076.70
-191.00,90.00,1076.66
-186.00,90.00,1076.74
-181.00,90.00,1076.72
-176.00,90.00,1076.64
-171.00,90.00,1076.64
-166.00,90.00,1076.70
-161.00,90.00,1076.64
-156.00,90.00,1077.60
-151.00,90.00,1078.63
-146.00,90.00,1079.80
-141.00,90.00,1080.83
-136.00,90.00,1081.71
-131.00,90.00,1081.77
-126.00,90.00,1081.86
-121.00,90.00,1081.94
-116.00,90.00,1081.20
-111.00,90.00,1080.44
-106.00,90.00,1080.11
-101.00,90.00,1079.14
-96.00,90.00,1077.93
-91.00,90.00,1075.57
-86.00,90.00,1074.10
-81.00,90.00,1073.82
-76.00,90.00,1073.70
-71.00,90.00,1073.73
-66.00,90.00,1073.57
-61.00,90.00,1073.37
-56.00,90.00,1073.24
-51.00,90.00,1072.99
-46.00,90.00,1072.66
-41.00,90.00,1072.59
-36.00,90.00,1072.47
-31.00,90.00,1072.44
-26.00,90.00,1072.44
-21.00,90.00,1072.35
-16.00,90.00,1072.31
-11.00,90.00,1072.24
-6.00,90.00,1072.18
-1.00,90.00,1072.02
4.00,90.00,1072.08
9.00,90.00,1072.08
14.00,90.00,1072.05
19.00,90.00,1071.98
24.00,90.00,1071.96
29.00,90.00,1071.93
34.00,90.00,1071.83
39.00,90.00,1071.74
44.00,90.00,1071.69
49.00,90.00,1071.63
54.00,90.00,1071.59
59.00,90.00,1071.56
64.00,90.00,1071.57
69.00,90.00,1071.46
74.00,90.00,1071.44
79.00,90.00,1071.42
84.00,90.00,1071.33
89.00,90.00,1071.35
94.00,90.00,1071.24
99.00,90.00,1071.17
104.00,90.00,1071.10
109.00,90.00,1071.02
114.00,90.00,1071.63
119.00,90.00,1071.57
124.00,90.00,1071.78
129.00,90.00,1071.34
134.00,90.00,1071.08
139.00,90.00,1070.86
144.00,90.00,1071.05
149.00,90.00,1070.74
154.00,90.00,1070.61
159.00,90.00,1070.57
164.00,90.00,1071.09
169.00,90.00,1071.90
174.00,90.00,1072.04
179.00,90.00,1071.15
184.00,90.00,1070.39
189.00,90.00,1070.40
194.00,90.00,1070.48
199.00,90.00,1070.57
204.00,90.00,1070.73
209.00,90.00,1070.71
214.00,90.00,1070.72
219.00,90.00,1070.55
224.00,90.00,1070.37
229.00,90.00,1069.39
234.00,90.00,1069.57
239.00,90.00,1069.59
244.00,90.00,1069.54
249.00,90.00,1069.54
254.00,90.00,1069.57
259.00,90.00,1069.67
264.00,90.00,1069.50
269.00,90.00,1068.86
274.00,90.00,1068.99
279.00,90.00,1068.83
284.00,90.00,1069.24
289.00,90.00,1069.46
294.00,90.00,1069.49
299.00,90.00,1069.40
304.00,90.00,1069.32
309.00,90.00,1069.30
314.00,90.00,1069.06
319.00,90.00,1068.73
324.00,90.00,1068.85
329.00,90.00,1068.98
-271.00,95.00,1076.67
-266.00,95.00,1076.67
-261.00,95.00,1076.67
-256.00,95.00,1076.67
-251.00,95.00,1076.67
-246.00,95.00,1076.67
-241.00,95.00,1076.67
-236.00,95.00,1076.65
-231.00,95.00,1076.67
-226.00,95.00,1076.68
-221.00,95.00,1076.68
-216.00,95.00,1076.69
-211.00,95.00,1076.69
-206.00,95.00,1076.69
-201.00,95.00,1076.69
-196.00,95.00,1076.69
-191.00,95.00,1076.74
-186.00,95.00,1076.84
-181.00,95.00,1076.74
-176.00,95.00,1076.69
-171.00,95.00,1076.66
-166.00,95.00,1076.64
-161.00,95.00,1076.65
-156.00,95.00,1077.01
-151.00,95.00,1078.57
-146.00,95.00,1079.18
-141.00,95.00,1080.65
-136.00,95.00,1081.58
-131.00,95.00,1081.76
-126.00,95.00,1081.82
-121.00,95.00,1081.84
-116.00,95.00,1081.75
-111.00,95.00,1080.90
-106.00,95.00,1080.51
-101.00,95.00,1079.80
-96.00,95.00,1078.64
-91.00,95.00,1077.35
-86.00,95.00,1074.56
-81.00,95.00,1074.00
-76.00,95.00,1073.82
-71.00,95.00,1073.79
-66.00,95.00,1073.66
-61.00,95.00,1073.51
-56.00,95.00,1073.34
-51.00,95.00,1072.98
-46.00,95.00,1072.72
-41.00,95.00,1072.56
-36.00,95.00,1072.47
-31.00,95.00,1072.38
-26.00,95.00,1072.38
-21.00,95.00,1072.32
-16.00,95.00,1072.31
-11.00,95.00,1072.22
-6.00,95.00,1072.12
-1.00,95.00,1071.99
4.00,95.00,1072.04
9.00,95.00,1072.01
14.00,95.00,1071.92
19.00,95.00,1071.92
24.00,95.00,1071.91
29.00,95.00,1071.81
34.00,95.00,1071.74
39.00,95.00,1071.62
44.00,95.00,1071.60
49.00,95.00,1071.53
54.00,95.00,1071.51
59.00,95.00,1071.54
64.00,95.00,1071.54
69.00,95.00,1071.44
74.00,95.00,1071.28
79.00,95.00,1071.27
84.00,95.00,1071.21
89.00,95.00,1071.19
94.00,95.00,1071.16
99.00,95.00,1071.09
104.00,95.00,1071.01
109.00,95.00,1070.95
114.00,95.00,1071.62
119.00,95.00,1071.63
124.00,95.00,1071.81
129.00,95.00,1071.38
134.00,95.00,1071.13
139.00,95.00,1070.90
144.00,95.00,1071.09
149.00,95.00,1070.78
154.00,95.00,1070.66
159.00,95.00,1070.58
164.00,95.00,1071.11
169.00,95.00,1071.91
174.00,95.00,1072.11
179.00,95.00,1071.22
184.00,95.00,1070.41
189.00,95.00,1070.42
194.00,95.00,1070.48
199.00,95.00,1070.57
204.00,95.00,1070.62
209.00,95.00,1070.64
214.00,95.00,1070.59
219.00,95.00,1070.58
224.00,95.00,1070.35
229.00,95.00,1069.44
234.00,95.00,1069.57
239.00,95.00,1069.59
244.00,95.00,1069.50
249.00,95.00,1069.45
254.00,95.00,1069.42
259.00,95.00,1069.41
264.00,95.00,1069.41
269.00,95.00,1068.90
274.00,95.00,1068.99
279.00,95.00,1068.83
284.00,95.00,1069.25
289.00,95.00,1069.59
294.00,95.00,1069.56
299.00,95.00,1069.45
304.00,95.00,1069.34
309.00,95.00,1069.28
314.00,95.00,1069.08
319.00,95.00,1068.78
324.00,95.00,1068.95
329.00,95.00,1069.03
-271.00,100.00,1076.67
-266.00,100.00,1076.67
-261.00,100.00,1076.67
-256.00,100.00,1076.67
-251.00,100.00,1076.67
-246.00,100.00,1076.67
-241.00,100.00,1076.66
-236.00,100.00,1076.66
-231.00,100.00,1076.66
-226.00,100.00,1076.66
-221.00,100.00,1076.66
-216.00,100.00,1076.66
-211.00,100.00,1076.67
-206.00,100.00,1076.67
-201.00,100.00,1076.68
-196.00,100.00,1076.68
-191.00,100.00,1076.68
-186.00,100.00,1076.77
-181.00,100.00,1076.67
-176.00,100.00,1076.68
-171.00,100.00,1076.64
-166.00,100.00,1076.62
-161.00,100.00,1076.72
-156.00,100.00,1076.67
-151.00,100.00,1078.51
-146.00,100.00,1078.82
-141.00,100.00,1080.36
-136.00,100.00,1081.21
-131.00,100.00,1081.71
-126.00,100.00,1081.82
-121.00,100.00,1081.83
-116.00,100.00,1081.90
-111.00,100.00,1081.51
-106.00,100.00,1080.95
-101.00,100.00,1080.42
-96.00,100.00,1079.32
-91.00,100.00,1078.13
-86.00,100.00,1076.04
-81.00,100.00,1074.29
-76.00,100.00,1073.99
-71.00,100.00,1073.91
-66.00,100.00,1073.76
-61.00,100.00,1073.60
-56.00,100.00,1073.39
-51.00,100.00,1073.02
-46.00,100.00,1072.86
-41.00,100.00,1072.69
-36.00,100.00,1072.52
-31.00,100.00,1072.42
-26.00,100.00,1072.44
-21.00,100.00,1072.40
-16.00,100.00,1072.41
-11.00,100.00,1072.34
-6.00,100.00,1072.21
-1.00,100.00,1072.09
4.00,100.00,1072.03
9.00,100.00,1072.06
14.00,100.00,1071.99
19.00,100.00,1071.95
24.00,100.00,1071.86
29.00,100.00,1071.81
34.00,100.00,1071.70
39.00,100.00,1071.65
44.00,100.00,1071.57
49.00,100.00,1071.59
54.00,100.00,1071.58
59.00,100.00,1071.60
64.00,100.00,1071.54
69.00,100.00,1071.46
74.00,100.00,1071.39
79.00,100.00,1071.29
84.00,100.00,1071.23
89.00,100.00,1071.21
94.00,100.00,1071.19
99.00,100.00,1071.22
104.00,100.00,1071.13
109.00,100.00,1071.04
114.00,100.00,1071.65
119.00,100.00,1071.66
124.00,100.00,1071.88
129.00,100.00,1071.38
134.00,100.00,1071.16
139.00,100.00,1070.98
144.00,100.00,1071.12
149.00,100.00,1070.83
154.00,100.00,1070.68
159.00,100.00,1070.57
164.00,100.00,1071.08
169.00,100.00,1071.92
174.00,100.00,1072.16
179.00,100.00,1071.28
184.00,100.00,1070.44
189.00,100.00,1070.44
194.00,100.00,1070.57
199.00,100.00,1070.80
204.00,100.00,1070.65
209.00,100.00,1070.64
214.00,100.00,1070.59
219.00,100.00,1070.45
224.00,100.00,1070.24
229.00,100.00,1069.50
234.00,100.00,1069.62
239.00,100.00,1069.63
244.00,100.00,1069.49
249.00,100.00,1069.49
254.00,100.00,1069.45
259.00,100.00,1069.39
264.00,100.00,1069.21
269.00,100.00,1068.89
274.00,100.00,1068.99
279.00,100.00,1068.82
284.00,100.00,1069.23
289.00,100.00,1069.42
294.00,100.00,1069.43
299.00,100.00,1069.37
304.00,100.00,1069.32
309.00,100.00,1069.24
314.00,100.00,1069.02
319.00,100.00,1068.81
324.00,100.00,1068.96
329.00,100.00,1069.05
-271.00,105.00,1076.67
-266.00,105.00,1076.67
-261.00,105.00,1076.67
-256.00,105.00,1076.67
-251.00,105.00,1076.67
-246.00,105.00,1076.67
-241.00,105.00,1076.67
-236.00,105.00,1076.65
-231.00,105.00,1076.66
-226.00,105.00,1076.66
-221.00,105.00,1076.67
-216.00,105.00,1076.67
-211.00,105.00,1076.68
-206.00,105.00,1076.68
-201.00,105.00,1076.68
-196.00,105.00,1076.67
-191.00,105.00,1076.66
-186.00,105.00,1076.82
-181.00,105.00,1076.85
-176.00,105.00,1076.65
-171.00,105.00,1076.66
-166.00,105.00,1076.65
-161.00,105.00,1076.69
-156.00,105.00,1076.63
-151.00,105.00,1078.21
-146.00,105.00,1078.62
-141.00,105.00,1079.79
-136.00,105.00,1080.81
-131.00,105.00,1081.73
-126.00,105.00,1081.80
-121.00,105.00,1081.88
-116.00,105.00,1081.83
-111.00,105.00,1081.89
-106.00,105.00,1081.34
-101.00,105.00,1080.93
-96.00,105.00,1079.94
-91.00,105.00,1078.82
-86.00,105.00,1077.46
-81.00,105.00,1075.25
-76.00,105.00,1074.00
-71.00,105.00,1073.89
-66.00,105.00,1073.75
-61.00,105.00,1073.58
-56.00,105.00,1073.43
-51.00,105.00,1073.10
-46.00,105.00,1072.85
-41.00,105.00,1072.73
-36.00,105.00,1072.56
-31.00,105.00,1072.50
-26.00,105.00,1072.48
-21.00,105.00,1072.40
-16.00,105.00,1072.40
-11.00,105.00,1072.36
-6.00,105.00,1072.28
-1.00,105.00,1072.16
4.00,105.00,1072.05
9.00,105.00,1072.00
14.00,105.00,1071.92
19.00,105.00,1071.91
24.00,105.00,1071.84
29.00,105.00,1071.84
34.00,105.00,1071.78
39.00,105.00,1071.72
44.00,105.00,1071.60
49.00,105.00,1071.59
54.00,105.00,1071.56
59.00,105.00,1071.62
64.00,105.00,1071.60
69.00,105.00,1071.45
74.00,105.00,1071.31
79.00,105.00,1071.28
84.00,105.00,1071.26
89.00,105.00,1071.20
94.00,105.00,1071.23
99.00,105.00,1071.18
104.00,105.00,1071.13
109.00,105.00,1071.07
114.00,105.00,1071.71
119.00,105.00,1071.70
124.00,105.00,1071.91
129.00,105.00,1071.42
134.00,105.00,1071.20
139.00,105.00,1071.01
144.00,105.00,1071.12
149.00,105.00,1070.85
154.00,105.00,1070.72
159.00,105.00,1070.57
164.00,105.00,1071.05
169.00,105.00,1071.93
174.00,105.00,1072.22
179.00,105.00,1071.26
184.00,105.00,1070.46
189.00,105.00,1070.46
194.00,105.00,1070.73
199.00,105.00,1071.08
204.00,105.00,1070.92
209.00,105.00,1070.83
214.00,105.00,1070.57
219.00,105.00,1070.50
224.00,105.00,1070.47
229.00,105.00,1069.54
234.00,105.00,1069.58
239.00,105.00,1069.72
244.00,105.00,1069.66
249.00,105.00,1069.47
254.00,105.00,1069.51
259.00,105.00,1069.49
264.00,105.00,1069.33
269.00,105.00,1068.92
274.00,105.00,1068.99
279.00,105.00,1068.87
284.00,105.00,1069.31
289.00,105.00,1069.59
294.00,105.00,1069.62
299.00,105.00,1069.55
304.00,105.00,1069.55
309.00,105.00,1069.42
314.00,105.00,1069.05
319.00,105.00,1068.84
324.00,105.00,1069.00
329.00,105.00,1069.00
-271.00,110.00,1076.67
-266.00,110.00,1076.67
-261.00,110.00,1076.67
-256.00,110.00,1076.67
-251.00,110.00,1076.67
-246.00,110.00,1076.67
-241.00,110.00,1076.67
-236.00,110.00,1076.65
-231.00,110.00,1076.67
-226.00,110.00,1076.68
-221.00,110.00,1076.68
-216.00,110.00,1076.68
-211.00,110.00,1076.68
-206.00,110.00,1076.67
-201.00,110.00,1076.67
-196.00,110.00,1076.67
-191.00,110.00,1076.68
-186.00,110.00,1076.81
-181.00,110.00,1076.76
-176.00,110.00,1076.76
-171.00,110.00,1076.67
-166.00,110.00,1076.66
-161.00,110.00,1076.66
-156.00,110.00,1076.65
-151.00,110.00,1077.68
-146.00,110.00,1078.58
-141.00,110.00,1079.53
-136.00,110.00,1080.62
-131.00,110.00,1081.66
-126.00,110.00,1081.80
-121.00,110.00,1081.84
-116.00,110.00,1081.80
-111.00,110.00,1081.80
-106.00,110.00,1081.67
-101.00,110.00,1081.20
-96.00,110.00,1080.47
-91.00,110.00,1079.30
-86.00,110.00,1078.31
-81.00,110.00,1076.70
-76.00,110.00,1074.42
-71.00,110.00,1073.91
-66.00,110.00,1073.78
-61.00,110.00,1073.57
-56.00,110.00,1073.36
-51.00,110.00,1073.16
-46.00,110.00,1072.95
-41.00,110.00,1072.85
-36.00,110.00,1072.69
-31.00,110.00,1072.53
-26.00,110.00,1072.60
-21.00,110.00,1072.55
-16.00,110.00,1072.51
-11.00,110.00,1072.48
-6.00,110.00,1072.34
-1.00,110.00,1072.22
4.00,110.00,1072.07
9.00,110.00,1072.03
14.00,110.00,1071.99
19.00,110.00,1071.93
24.00,110.00,1071.92
29.00,110.00,1071.84
34.00,110.00,1071.83
39.00,110.00,1071.74
44.00,110.00,1071.64
49.00,110.00,1071.66
54.00,110.00,1071.64
59.00,110.00,1071.67
64.00,110.00,1071.64
69.00,110.00,1071.51
74.00,110.00,1071.41
79.00,110.00,1071.28
84.00,110.00,1071.31
89.00,110.00,1071.35
94.00,110.00,1071.28
99.00,110.00,1071.28
104.00,110.00,1071.21
109.00,110.00,1071.07
114.00,110.00,1071.74
119.00,110.00,1071.73
124.00,110.00,1071.93
129.00,110.00,1071.41
134.00,110.00,1071.23
139.00,110.00,1071.06
144.00,110.00,1071.09
149.00,110.00,1070.89
154.00,110.00,1070.76
159.00,110.00,1070.58
164.00,110.00,1071.11
169.00,110.00,1071.90
174.00,110.00,1072.22
179.00,110.00,1071.25
184.00,110.00,1070.47
189.00,110.00,1070.49
194.00,110.00,1070.64
199.00,110.00,1071.01
204.00,110.00,1070.95
209.00,110.00,1070.74
214.00,110.00,1070.52
219.00,110.00,1070.50
224.00,110.00,1070.45
229.00,110.00,1069.58
234.00,110.00,1069.65
239.00,110.00,1069.57
244.00,110.00,1069.57
249.00,110.00,1069.51
254.00,110.00,1069.63
259.00,110.00,1069.72
264.00,110.00,1069.57
269.00,110.00,1068.94
274.00,110.00,1069.01
279.00,110.00,1068.87
284.00,110.00,1069.37
289.00,110.00,1069.65
294.00,110.00,1069.66
299.00,110.00,1069.61
304.00,110.00,1069.60
309.00,110.00,1069.50
314.00,110.00,1069.04
319.00,110.00,1068.86
324.00,110.00,1068.98
329.00,110.00,1068.99
-271.00,115.00,1076.67
-266.00,115.00,1076.67
-261.00,115.00,1076.67
-256.00,115.00,1076.67
-251.00,115.00,1076.67
-246.00,115.00,1076.67
-241.00,115.00,1076.67
-236.00,115.00,1076.65
-231.00,115.00,1076.66
-226.00,115.00,1076.69
-221.00,115.00,1076.69
-216.00,115.00,1076.70
-211.00,115.00,1076.72
-206.00,115.00,1076.74
-201.00,115.00,1076.76
-196.00,115.00,1076.78
-191.00,115.00,1076.80
-186.00,115.00,1076.81
-181.00,115.00,1076.76
-176.00,115.00,1076.76
-171.00,115.00,1076.70
-166.00,115.00,1076.69
-161.00,115.00,1076.64
-156.00,115.00,1076.64
-151.00,115.00,1077.05
-146.00,115.00,1078.35
-141.00,115.00,1078.74
-136.00,115.00,1080.53
-131.00,115.00,1081.33
-126.00,115.00,1081.79
-121.00,115.00,1081.81
-116.00,115.00,1081.82
-111.00,115.00,1081.76
-106.00,115.00,1081.76
-101.00,115.00,1081.41
-96.00,115.00,1080.76
-91.00,115.00,1079.76
-86.00,115.00,1078.86
-81.00,115.00,1077.96
-76.00,115.00,1075.84
-71.00,115.00,1073.86
-66.00,115.00,1073.72
-61.00,115.00,1073.57
-56.00,115.00,1073.38
-51.00,115.00,1073.23
-46.00,115.00,1073.03
-41.00,115.00,1072.92
-36.00,115.00,1072.84
-31.00,115.00,1072.72
-26.00,115.00,1072.75
-21.00,115.00,1072.60
-16.00,115.00,1072.63
-11.00,115.00,1072.56
-6.00,115.00,1072.41
-1.00,115.00,1072.29
4.00,115.00,1072.13
9.00,115.00,1072.12
14.00,115.00,1072.00
19.00,115.00,1071.94
24.00,115.00,1071.87
29.00,115.00,1071.91
34.00,115.00,1071.82
39.00,115.00,1071.84
44.00,115.00,1071.75
49.00,115.00,1071.78
54.00,115.00,1071.77
59.00,115.00,1071.73
64.00,115.00,1071.65
69.00,115.00,1071.49
74.00,115.00,1071.39
79.00,115.00,1071.31
84.00,115.00,1071.34
89.00,115.00,1071.33
94.00,115.00,1071.31
99.00,115.00,1071.28
104.00,115.00,1071.24
109.00,115.00,1071.14
114.00,115.00,1071.76
119.00,115.00,1071.75
124.00,115.00,1071.92
129.00,115.00,1071.42
134.00,115.00,1071.23
139.00,115.00,1071.06
144.00,115.00,1071.10
149.00,115.00,1070.90
154.00,115.00,1070.81
159.00,115.00,1070.62
164.00,115.00,1071.09
169.00,115.00,1071.85
174.00,115.00,1072.24
179.00,115.00,1071.21
184.00,115.00,1070.53
189.00,115.00,1070.52
194.00,115.00,1070.55
199.00,115.00,1070.65
204.00,115.00,1070.87
209.00,115.00,1070.77
214.00,115.00,1070.60
219.00,115.00,1070.51
224.00,115.00,1070.47
229.00,115.00,1069.59
234.00,115.00,1069.74
239.00,115.00,1069.70
244.00,115.00,1069.77
249.00,115.00,1069.64
254.00,115.00,1069.67
259.00,115.00,1069.70
264.00,115.00,1069.56
269.00,115.00,1068.98
274.00,115.00,1069.03
279.00,115.00,1068.93
284.00,115.00,1069.30
289.00,115.00,1069.62
294.00,115.00,1069.65
299.00,115.00,1069.59
304.00,115.00,1069.54
309.00,115.00,1069.48
314.00,115.00,1069.09
319.00,115.00,1068.88
324.00,115.00,1069.03
329.00,115.00,1069.03
-271.00,120.00,1076.67
-266.00,120.00,1076.66
-261.00,120.00,1076.67
-256.00,120.00,1076.67
-251.00,120.00,1076.67
-246.00,120.00,1076.67
-241.00,120.00,1076.67
-236.00,120.00,1076.65
-231.00,120.00,1076.66
-226.00,120.00,1076.68
-221.00,120.00,1076.68
-216.00,120.00,1076.67
-211.00,120.00,1076.67
-206.00,120.00,1076.67
-201.00,120.00,1076.68
-196.00,120.00,1076.69
-191.00,120.00,1076.71
-186.00,120.00,1076.71
-181.00,120.00,1076.82
-176.00,120.00,1076.82
-171.00,120.00,1076.73
-166.00,120.00,1076.68
-161.00,120.00,1076.65
-156.00,120.00,1076.65
-151.00,120.00,1076.70
-146.00,120.00,1078.13
-141.00,120.00,1078.52
-136.00,120.00,1080.13
-131.00,120.00,1080.85
-126.00,120.00,1081.81
-121.00,120.00,1081.78
-116.00,120.00,1081.81
-111.00,120.00,1081.88
-106.00,120.00,1081.63
-101.00,120.00,1081.61
-96.00,120.00,1081.08
-91.00,120.00,1080.24
-86.00,120.00,1079.29
-81.00,120.00,1078.42
-76.00,120.00,1076.89
-71.00,120.00,1074.16
-66.00,120.00,1073.70
-61.00,120.00,1073.55
-56.00,120.00,1073.49
-51.00,120.00,1073.29
-46.00,120.00,1073.18
-41.00,120.00,1073.15
-36.00,120.00,1073.01
-31.00,120.00,1072.86
-26.00,120.00,1072.83
-21.00,120.00,1072.68
-16.00,120.00,1072.71
-11.00,120.00,1072.62
-6.00,120.00,1072.45
-1.00,120.00,1072.28
4.00,120.00,1072.17
9.00,120.00,1072.15
14.00,120.00,1072.06
19.00,120.00,1072.04
24.00,120.00,1071.89
29.00,120.00,1071.92
34.00,120.00,1071.92
39.00,120.00,1071.91
44.00,120.00,1071.82
49.00,120.00,1071.84
54.00,120.00,1071.83
59.00,120.00,1071.76
64.00,120.00,1071.65
69.00,120.00,1071.51
74.00,120.00,1071.40
79.00,120.00,1071.33
84.00,120.00,1071.31
89.00,120.00,1071.35
94.00,120.00,1071.35
99.00,120.00,1071.32
104.00,120.00,1071.23
109.00,120.00,1071.17
114.00,120.00,1071.76
119.00,120.00,1071.76
124.00,120.00,1071.93
129.00,120.00,1071.43
134.00,120.00,1071.20
139.00,120.00,1071.08
144.00,120.00,1071.04
149.00,120.00,1070.97
154.00,120.00,1070.85
159.00,120.00,1070.66
164.00,120.00,1071.05
169.00,120.00,1071.86
174.00,120.00,1072.20
179.00,120.00,1071.22
184.00,120.00,1070.53
189.00,120.00,1070.54
194.00,120.00,1070.63
199.00,120.00,1070.78
204.00,120.00,1070.76
209.00,120.00,1070.77
214.00,120.00,1070.69
219.00,120.00,1070.65
224.00,120.00,1070.38
229.00,120.00,1069.60
234.00,120.00,1069.70
239.00,120.00,1069.80
244.00,120.00,1069.66
249.00,120.00,1069.69
254.00,120.00,1069.55
259.00,120.00,1069.56
264.00,120.00,1069.43
269.00,120.00,1068.96
274.00,120.00,1069.07
279.00,120.00,1068.92
284.00,120.00,1069.38
289.00,120.00,1069.66
294.00,120.00,1069.66
299.00,120.00,1069.62
304.00,120.00,1069.57
309.00,120.00,1069.58
314.00,120.00,1069.21
319.00,120.00,1068.88
324.00,120.00,1069.07
329.00,120.00,1069.04
-271.00,125.00,1076.66
-266.00,125.00,1076.68
-261.00,125.00,1076.67
-256.00,125.00,1076.67
-251.00,125.00,1076.67
-246.00,125.00,1076.67
-241.00,125.00,1076.67
-236.00,125.00,1076.66
-231.00,125.00,1076.71
-226.00,125.00,1076.68
-221.00,125.00,1076.68
-216.00,125.00,1076.67
-211.00,125.00,1076.67
-206.00,125.00,1076.66
-201.00,125.00,1076.66
-196.00,125.00,1076.65
-191.00,125.00,1076.65
-186.00,125.00,1076.69
-181.00,125.00,1076.70
-176.00,125.00,1076.85
-171.00,125.00,1076.77
-166.00,125.00,1076.74
-161.00,125.00,1076.67
-156.00,125.00,1076.62
-151.00,125.00,1076.61
-146.00,125.00,1077.39
-141.00,125.00,1078.48
-136.00,125.00,1079.83
-131.00,125.00,1080.62
-126.00,125.00,1081.65
-121.00,125.00,1081.77
-116.00,125.00,1081.78
-111.00,125.00,1081.85
-106.00,125.00,1081.79
-101.00,125.00,1081.44
-96.00,125.00,1081.26
-91.00,125.00,1080.50
-86.00,125.00,1079.65
-81.00,125.00,1078.76
-76.00,125.00,1077.44
-71.00,125.00,1074.60
-66.00,125.00,1073.63
-61.00,125.00,1073.54
-56.00,125.00,1073.55
-51.00,125.00,1073.37
-46.00,125.00,1073.25
-41.00,125.00,1073.28
-36.00,125.00,1073.17
-31.00,125.00,1072.97
-26.00,125.00,1072.88
-21.00,125.00,1072.75
-16.00,125.00,1072.72
-11.00,125.00,1072.54
-6.00,125.00,1072.42
-1.00,125.00,1072.32
4.00,125.00,1072.16
9.00,125.00,1072.25
14.00,125.00,1072.16
19.00,125.00,1072.06
24.00,125.00,1072.00
29.00,125.00,1072.04
34.00,125.00,1072.04
39.00,125.00,1072.03
44.00,125.00,1071.97
49.00,125.00,1071.90
54.00,125.00,1071.89
59.00,125.00,1071.82
64.00,125.00,1071.70
69.00,125.00,1071.62
74.00,125.00,1071.54
79.00,125.00,1071.48
84.00,125.00,1071.48
89.00,125.00,1071.46
94.00,125.00,1071.40
99.00,125.00,1071.36
104.00,125.00,1071.29
109.00,125.00,1071.23
114.00,125.00,1071.79
119.00,125.00,1071.80
124.00,125.00,1071.94
129.00,125.00,1071.41
134.00,125.00,1071.21
139.00,125.00,1071.12
144.00,125.00,1071.01
149.00,125.00,1071.08
154.00,125.00,1070.89
159.00,125.00,1070.69
164.00,125.00,1070.97
169.00,125.00,1071.80
174.00,125.00,1072.18
179.00,125.00,1071.20
184.00,125.00,1070.56
189.00,125.00,1070.55
194.00,125.00,1070.65
199.00,125.00,1070.81
204.00,125.00,1070.82
209.00,125.00,1070.75
214.00,125.00,1070.71
219.00,125.00,1070.74
224.00,125.00,1070.28
229.00,125.00,1069.60
234.00,125.00,1069.71
239.00,125.00,1069.58
244.00,125.00,1069.66
249.00,125.00,1069.68
254.00,125.00,1069.73
259.00,125.00,1069.63
264.00,125.00,1069.33
269.00,125.00,1068.98
274.00,125.00,1069.10
279.00,125.00,1068.95
284.00,125.00,1069.46
289.00,125.00,1069.66
294.00,125.00,1069.69
299.00,125.00,1069.66
304.00,125.00,1069.61
309.00,125.00,1069.63
314.00,125.00,1069.29
319.00,125.00,1068.88
324.00,125.00,1069.09
329.00,125.00,1069.03
-271.00,130.00,1076.68
-266.00,130.00,1076.67
-261.00,130.00,1076.66
-256.00,130.00,1076.67
-251.00,130.00,1076.66
-246.00,130.00,1076.67
-241.00,130.00,1076.66
-236.00,130.00,1076.64
-231.00,130.00,1076.67
-226.00,130.00,1076.69
-221.00,130.00,1076.68
-216.00,130.00,1076.68
-211.00,130.00,1076.67
-206.00,130.00,1076.67
-201.00,130.00,1076.68
-196.00,130.00,1076.72
-191.00,130.00,1076.76
-186.00,130.00,1076.79
-181.00,130.00,1076.71
-176.00,130.00,1076.79
-171.00,130.00,1076.92
-166.00,130.00,1076.74
-161.00,130.00,1076.67
-156.00,130.00,1076.66
-151.00,130.00,1076.62
-146.00,130.00,1076.84
-141.00,130.00,1078.38
-136.00,130.00,1078.94
-131.00,130.00,1080.51
-126.00,130.00,1081.30
-121.00,130.00,1081.74
-116.00,130.00,1081.74
-111.00,130.00,1081.82
-106.00,130.00,1081.91
-101.00,130.00,1081.50
-96.00,130.00,1081.05
-91.00,130.00,1080.65
-86.00,130.00,1079.76
-81.00,130.00,1078.94
-76.00,130.00,1077.85
-71.00,130.00,1075.44
-66.00,130.00,1073.74
-61.00,130.00,1073.59
-56.00,130.00,1073.53
-51.00,130.00,1073.44
-46.00,130.00,1073.36
-41.00,130.00,1073.30
-36.00,130.00,1073.22
-31.00,130.00,1073.07
-26.00,130.00,1072.94
-21.00,130.00,1072.79
-16.00,130.00,1072.64
-11.00,130.00,1072.61
-6.00,130.00,1072.53
-1.00,130.00,1072.41
4.00,130.00,1072.25
9.00,130.00,1072.31
14.00,130.00,1072.22
19.00,130.00,1072.21
24.00,130.00,1072.18
29.00,130.00,1072.23
34.00,130.00,1072.21
39.00,130.00,1072.15
44.00,130.00,1072.08
49.00,130.00,1071.99
54.00,130.00,1071.93
59.00,130.00,1071.85
64.00,130.00,1071.76
69.00,130.00,1071.70
74.00,130.00,1071.66
79.00,130.00,1071.57
84.00,130.00,1071.53
89.00,130.00,1071.52
94.00,130.00,1071.43
99.00,130.00,1071.37
104.00,130.00,1071.26
109.00,130.00,1071.27
114.00,130.00,1071.85
119.00,130.00,1071.81
124.00,130.00,1071.96
129.00,130.00,1071.38
134.00,130.00,1071.21
139.00,130.00,1071.13
144.00,130.00,1071.01
149.00,130.00,1071.14
154.00,130.00,1070.95
159.00,130.00,1070.75
164.00,130.00,1070.97
169.00,130.00,1071.76
174.00,130.00,1072.20
179.00,130.00,1071.20
184.00,130.00,1070.57
189.00,130.00,1070.57
194.00,130.00,1070.71
199.00,130.00,1070.81
204.00,130.00,1070.82
209.00,130.00,1070.79
214.00,130.00,1070.73
219.00,130.00,1070.72
224.00,130.00,1070.21
229.00,130.00,1069.62
234.00,130.00,1069.73
239.00,130.00,1069.58
244.00,130.00,1069.59
249.00,130.00,1069.72
254.00,130.00,1069.77
259.00,130.00,1069.68
264.00,130.00,1069.49
269.00,130.00,1069.02
274.00,130.00,1069.11
279.00,130.00,1068.97
284.00,130.00,1069.53
289.00,130.00,1069.72
294.00,130.00,1069.69
299.00,130.00,1069.61
304.00,130.00,1069.67
309.00,130.00,1069.60
314.00,130.00,1069.22
319.00,130.00,1068.86
324.00,130.00,1068.98
329.00,130.00,1069.01
-271.00,135.00,1076.67
-266.00,135.00,1076.66
-261.00,135.00,1076.67
-256.00,135.00,1076.67
-251.00,135.00,1076.67
-246.00,135.00,1076.67
-241.00,135.00,1076.67
-236.00,135.00,1076.66
-231.00,135.00,1076.67
-226.00,135.00,1076.69
-221.00,135.00,1076.69
-216.00,135.00,1076.68
-211.00,135.00,1076.71
-206.00,135.00,1076.74
-201.00,135.00,1076.74
-196.00,135.00,1076.73
-191.00,135.00,1076.72
-186.00,135.00,1076.72
-181.00,135.00,1076.71
-176.00,135.00,1076.66
-171.00,135.00,1076.93
-166.00,135.00,1076.79
-161.00,135.00,1076.69
-156.00,135.00,1076.64
-151.00,135.00,1076.64
-146.00,135.00,1076.63
-141.00,135.00,1078.08
-136.00,135.00,1078.48
-131.00,135.00,1080.19
-126.00,135.00,1080.92
-121.00,135.00,1081.71
-116.00,135.00,1081.70
-111.00,135.00,1081.81
-106.00,135.00,1081.88
-101.00,135.00,1081.56
-96.00,135.00,1080.89
-91.00,135.00,1080.50
-86.00,135.00,1079.87
-81.00,135.00,1079.07
-76.00,135.00,1078.15
-71.00,135.00,1076.24
-66.00,135.00,1074.07
-61.00,135.00,1073.61
-56.00,135.00,1073.49
-51.00,135.00,1073.50
-46.00,135.00,1073.40
-41.00,135.00,1073.31
-36.00,135.00,1073.25
-31.00,135.00,1073.09
-26.00,135.00,1072.95
-21.00,135.00,1072.77
-16.00,135.00,1072.70
-11.00,135.00,1072.65
-6.00,135.00,1072.54
-1.00,135.00,1072.46
4.00,135.00,1072.31
9.00,135.00,1072.32
14.00,135.00,1072.30
19.00,135.00,1072.33
24.00,135.00,1072.33
29.00,135.00,1072.41
34.00,135.00,1072.35
39.00,135.00,1072.29
44.00,135.00,1072.11
49.00,135.00,1072.05
54.00,135.00,1071.96
59.00,135.00,1071.89
64.00,135.00,1071.84
69.00,135.00,1071.75
74.00,135.00,1071.69
79.00,135.00,1071.58
84.00,135.00,1071.50
89.00,135.00,1071.44
94.00,135.00,1071.32
99.00,135.00,1071.30
104.00,135.00,1071.23
109.00,135.00,1071.19
114.00,135.00,1071.87
119.00,135.00,1071.85
124.00,135.00,1072.00
129.00,135.00,1071.38
134.00,135.00,1071.18
139.00,135.00,1071.12
144.00,135.00,1071.04
149.00,135.00,1071.24
154.00,135.00,1071.00
159.00,135.00,1070.82
164.00,135.00,1070.90
169.00,135.00,1071.64
174.00,135.00,1072.20
179.00,135.00,1071.23
184.00,135.00,1070.59
189.00,135.00,1070.60
194.00,135.00,1070.70
199.00,135.00,1070.82
204.00,135.00,1070.81
209.00,135.00,1070.83
214.00,135.00,1070.80
219.00,135.00,1070.75
224.00,135.00,1070.57
229.00,135.00,1069.63
234.00,135.00,1069.68
239.00,135.00,1069.54
244.00,135.00,1069.57
249.00,135.00,1069.62
254.00,135.00,1069.69
259.00,135.00,1069.68
264.00,135.00,1069.52
269.00,135.00,1069.05
274.00,135.00,1069.13
279.00,135.00,1068.99
284.00,135.00,1069.50
289.00,135.00,1069.69
294.00,135.00,1069.63
299.00,135.00,1069.54
304.00,135.00,1069.65
309.00,135.00,1069.57
314.00,135.00,1069.24
319.00,135.00,1068.89
324.00,135.00,1068.89
329.00,135.00,1068.98
-271.00,140.00,1076.69
-266.00,140.00,1076.66
-261.00,140.00,1076.67
-256.00,140.00,1076.67
-251.00,140.00,1076.67
-246.00,140.00,1076.67
-241.00,140.00,1076.66
-236.00,140.00,1076.66
-231.00,140.00,1076.69
-226.00,140.00,1076.70
-221.00,140.00,1076.69
-216.00,140.00,1076.67
-211.00,140.00,1076.67
-206.00,140.00,1076.67
-201.00,140.00,1076.68
-196.00,140.00,1076.69
-191.00,140.00,1076.70
-186.00,140.00,1076.70
-181.00,140.00,1076.71
-176.00,140.00,1076.70
-171.00,140.00,1076.89
-166.00,140.00,1076.76
-161.00,140.00,1076.66
-156.00,140.00,1076.62
-151.00,140.00,1076.64
-146.00,140.00,1076.63
-141.00,140.00,1077.30
-136.00,140.00,1078.47
-131.00,140.00,1079.11
-126.00,140.00,1080.67
-121.00,140.00,1081.58
-116.00,140.00,1081.69
-111.00,140.00,1081.76
-106.00,140.00,1081.85
-101.00,140.00,1081.73
-96.00,140.00,1081.08
-91.00,140.00,1080.12
-86.00,140.00,1079.82
-81.00,140.00,1079.01
-76.00,140.00,1078.39
-71.00,140.00,1077.21
-66.00,140.00,1074.77
-61.00,140.00,1073.63
-56.00,140.00,1073.45
-51.00,140.00,1073.33
-46.00,140.00,1073.31
-41.00,140.00,1073.27
-36.00,140.00,1073.12
-31.00,140.00,1073.02
-26.00,140.00,1072.87
-21.00,140.00,1072.79
-16.00,140.00,1072.75
-11.00,140.00,1072.71
-6.00,140.00,1072.60
-1.00,140.00,1072.54
4.00,140.00,1072.43
9.00,140.00,1072.44
14.00,140.00,1072.42
19.00,140.00,1072.48
24.00,140.00,1072.48
29.00,140.00,1072.53
34.00,140.00,1072.47
39.00,140.00,1072.34
44.00,140.00,1072.13
49.00,140.00,1072.11
54.00,140.00,1072.00
59.00,140.00,1071.93
64.00,140.00,1071.88
69.00,140.00,1071.74
74.00,140.00,1071.68
79.00,140.00,1071.55
84.00,140.00,1071.41
89.00,140.00,1071.30
94.00,140.00,1071.25
99.00,140.00,1071.20
104.00,140.00,1071.12
109.00,140.00,1071.15
114.00,140.00,1071.90
119.00,140.00,1071.90
124.00,140.00,1072.02
129.00,140.00,1071.36
134.00,140.00,1071.15
139.00,140.00,1071.14
144.00,140.00,1071.07
149.00,140.00,1071.30
154.00,140.00,1071.04
159.00,140.00,1070.88
164.00,140.00,1070.85
169.00,140.00,1071.56
174.00,140.00,1072.19
179.00,140.00,1071.29
184.00,140.00,1070.60
189.00,140.00,1070.61
194.00,140.00,1070.64
199.00,140.00,1070.79
204.00,140.00,1070.91
209.00,140.00,1071.01
214.00,140.00,1071.03
219.00,140.00,1070.87
224.00,140.00,1070.66
229.00,140.00,1069.62
234.00,140.00,1069.62
239.00,140.00,1069.72
244.00,140.00,1069.63
249.00,140.00,1069.54
254.00,140.00,1069.58
259.00,140.00,1069.53
264.00,140.00,1069.45
269.00,140.00,1069.05
274.00,140.00,1069.14
279.00,140.00,1068.99
284.00,140.00,1069.52
289.00,140.00,1070.07
294.00,140.00,1069.80
299.00,140.00,1069.60
304.00,140.00,1069.59
309.00,140.00,1069.54
314.00,140.00,1069.29
319.00,140.00,1068.92
324.00,140.00,1069.00
329.00,140.00,1068.96
-271.00,145.00,1076.67
-266.00,145.00,1076.67
-261.00,145.00,1076.66
-256.00,145.00,1076.67
-251.00,145.00,1076.67
-246.00,145.00,1076.67
-241.00,145.00,1076.67
-236.00,145.00,1076.65
-231.00,145.00,1076.67
-226.00,145.00,1076.65
-221.00,145.00,1076.66
-216.00,145.00,1076.67
-211.00,145.00,1076.67
-206.00,145.00,1076.68
-201.00,145.00,1076.69
-196.00,145.00,1076.69
-191.00,145.00,1076.69
-186.00,145.00,1076.70
-181.00,145.00,1076.70
-176.00,145.00,1076.70
-171.00,145.00,1076.65
-166.00,145.00,1076.72
-161.00,145.00,1076.88
-156.00,145.00,1076.64
-151.00,145.00,1076.62
-146.00,145.00,1076.64
-141.00,145.00,1076.78
-136.00,145.00,1078.31
-131.00,145.00,1078.48
-126.00,145.00,1080.51
-121.00,145.00,1081.24
-116.00,145.00,1081.70
-111.00,145.00,1081.74
-106.00,145.00,1081.81
-101.00,145.00,1081.84
-96.00,145.00,1081.13
-91.00,145.00,1080.32
-86.00,145.00,1079.55
-81.00,145.00,1079.23
-76.00,145.00,1078.66
-71.00,145.00,1078.25
-66.00,145.00,1076.15
-61.00,145.00,1073.85
-56.00,145.00,1073.40
-51.00,145.00,1073.36
-46.00,145.00,1073.29
-41.00,145.00,1073.28
-36.00,145.00,1073.15
-31.00,145.00,1073.08
-26.00,145.00,1072.98
-21.00,145.00,1072.86
-16.00,145.00,1072.90
-11.00,145.00,1072.82
-6.00,145.00,1072.77
-1.00,145.00,1072.65
4.00,145.00,1072.53
9.00,145.00,1072.60
14.00,145.00,1072.57
19.00,145.00,1072.62
24.00,145.00,1072.57
29.00,145.00,1072.63
34.00,145.00,1072.45
39.00,145.00,1072.26
44.00,145.00,1072.18
49.00,145.00,1072.09
54.00,145.00,1071.99
59.00,145.00,1071.97
64.00,145.00,1071.89
69.00,145.00,1071.75
74.00,145.00,1071.65
79.00,145.00,1071.52
84.00,145.00,1071.31
89.00,145.00,1071.22
94.00,145.00,1071.26
99.00,145.00,1071.19
104.00,145.00,1071.12
109.00,145.00,1071.21
114.00,145.00,1071.92
119.00,145.00,1071.93
124.00,145.00,1072.06
129.00,145.00,1071.37
134.00,145.00,1071.10
139.00,145.00,1071.13
144.00,145.00,1071.13
149.00,145.00,1071.37
154.00,145.00,1071.08
159.00,145.00,1070.94
164.00,145.00,1070.85
169.00,145.00,1071.45
174.00,145.00,1072.23
179.00,145.00,1071.29
184.00,145.00,1070.64
189.00,145.00,1070.64
194.00,145.00,1070.72
199.00,145.00,1070.85
204.00,145.00,1070.95
209.00,145.00,1070.96
214.00,145.00,1071.05
219.00,145.00,1070.92
224.00,145.00,1070.73
229.00,145.00,1069.64
234.00,145.00,1069.65
239.00,145.00,1069.62
244.00,145.00,1069.68
249.00,145.00,1069.67
254.00,145.00,1069.67
259.00,145.00,1069.73
264.00,145.00,1069.56
269.00,145.00,1069.07
274.00,145.00,1069.15
279.00,145.00,1069.02
284.00,145.00,1069.63
289.00,145.00,1069.96
294.00,145.00,1069.97
299.00,145.00,1069.73
304.00,145.00,1069.64
309.00,145.00,1069.62
314.00,145.00,1069.37
319.00,145.00,1068.96
324.00,145.00,1068.98
329.00,145.00,1068.98
-271.00,150.00,1076.68
-266.00,150.00,1076.66
-261.00,150.00,1076.66
-256.00,150.00,1076.67
-251.00,150.00,1076.67
-246.00,150.00,1076.67
-241.00,150.00,1076.66
-236.00,150.00,1076.66
-231.00,150.00,1076.66
-226.00,150.00,1076.66
-221.00,150.00,1076.67
-216.00,150.00,1076.67
-211.00,150.00,1076.68
-206.00,150.00,1076.68
-201.00,150.00,1076.69
-196.00,150.00,1076.69
-191.00,150.00,1076.70
-186.00,150.00,1076.70
-181.00,150.00,1076.70
-176.00,150.00,1076.70
-171.00,150.00,1076.70
-166.00,150.00,1076.67
-161.00,150.00,1076.64
-156.00,150.00,1076.69
-151.00,150.00,1076.63
-146.00,150.00,1076.62
-141.00,150.00,1076.68
-136.00,150.00,1077.93
-131.00,150.00,1078.39
-126.00,150.00,1080.05
-121.00,150.00,1080.78
-116.00,150.00,1081.68
-111.00,150.00,1081.76
-106.00,150.00,1081.80
-101.00,150.00,1081.90
-96.00,150.00,1081.02
-91.00,150.00,1080.47
-86.00,150.00,1079.50
-81.00,150.00,1079.15
-76.00,150.00,1078.82
-71.00,150.00,1078.56
-66.00,150.00,1078.10
-61.00,150.00,1075.92
-56.00,150.00,1073.88
-51.00,150.00,1073.52
-46.00,150.00,1073.46
-41.00,150.00,1073.48
-36.00,150.00,1073.33
-31.00,150.00,1073.22
-26.00,150.00,1073.14
-21.00,150.00,1073.08
-16.00,150.00,1073.08
-11.00,150.00,1072.97
-6.00,150.00,1072.80
-1.00,150.00,1072.76
4.00,150.00,1072.64
9.00,150.00,1072.65
14.00,150.00,1072.62
19.00,150.00,1072.65
24.00,150.00,1072.58
29.00,150.00,1072.62
34.00,150.00,1072.49
39.00,150.00,1072.35
44.00,150.00,1072.14
49.00,150.00,1072.08
54.00,150.00,1072.00
59.00,150.00,1071.87
64.00,150.00,1071.81
69.00,150.00,1071.67
74.00,150.00,1071.56
79.00,150.00,1071.35
84.00,150.00,1071.23
89.00,150.00,1071.18
94.00,150.00,1071.18
99.00,150.00,1071.14
104.00,150.00,1071.16
109.00,150.00,1071.20
114.00,150.00,1071.95
119.00,150.00,1071.95
124.00,150.00,1071.97
129.00,150.00,1071.35
134.00,150.00,1071.02
139.00,150.00,1071.12
144.00,150.00,1071.14
149.00,150.00,1071.36
154.00,150.00,1071.11
159.00,150.00,1071.00
164.00,150.00,1070.84
169.00,150.00,1071.39
174.00,150.00,1072.25
179.00,150.00,1071.39
184.00,150.00,1070.65
189.00,150.00,1070.67
194.00,150.00,1070.73
199.00,150.00,1070.86
204.00,150.00,1070.94
209.00,150.00,1070.90
214.00,150.00,1070.95
219.00,150.00,1070.89
224.00,150.00,1070.75
229.00,150.00,1069.66
234.00,150.00,1069.71
239.00,150.00,1069.64
244.00,150.00,1069.66
249.00,150.00,1069.76
254.00,150.00,1069.75
259.00,150.00,1069.74
264.00,150.00,1069.54
269.00,150.00,1069.10
274.00,150.00,1069.17
279.00,150.00,1069.02
284.00,150.00,1069.49
289.00,150.00,1069.79
294.00,150.00,1069.98
299.00,150.00,1069.81
304.00,150.00,1069.73
309.00,150.00,1069.62
314.00,150.00,1069.49
319.00,150.00,1069.00
324.00,150.00,1069.02
329.00,150.00,1069.01
-271.00,155.00,1076.68
-266.00,155.00,1076.67
-261.00,155.00,1076.67
-256.00,155.00,1076.67
-251.00,155.00,1076.67
-246.00,155.00,1076.67
-241.00,155.00,1076.67
-236.00,155.00,1076.66
-231.00,155.00,1076.65
-226.00,155.00,1076.68
-221.00,155.00,1076.68
-216.00,155.00,1076.68
-211.00,155.00,1076.68
-206.00,155.00,1076.69
-201.00,155.00,1076.69
-196.00,155.00,1076.69
-191.00,155.00,1076.70
-186.00,155.00,1076.70
-181.00,155.00,1076.69
-176.00,155.00,1076.70
-171.00,155.00,1076.70
-166.00,155.00,1076.71
-161.00,155.00,1076.69
-156.00,155.00,1076.68
-151.00,155.00,1076.68
-146.00,155.00,1076.63
-141.00,155.00,1076.72
-136.00,155.00,1077.05
-131.00,155.00,1078.46
-126.00,155.00,1079.36
-121.00,155.00,1080.59
-116.00,155.00,1081.57
-111.00,155.00,1081.71
-106.00,155.00,1081.75
-101.00,155.00,1081.85
-96.00,155.00,1081.28
-91.00,155.00,1080.13
-86.00,155.00,1079.67
-81.00,155.00,1079.01
-76.00,155.00,1078.86
-71.00,155.00,1078.36
-66.00,155.00,1078.25
-61.00,155.00,1077.58
-56.00,155.00,1075.68
-51.00,155.00,1073.66
-46.00,155.00,1073.55
-41.00,155.00,1073.53
-36.00,155.00,1073.41
-31.00,155.00,1073.36
-26.00,155.00,1073.20
-21.00,155.00,1073.21
-16.00,155.00,1073.13
-11.00,155.00,1073.05
-6.00,155.00,1072.89
-1.00,155.00,1072.80
4.00,155.00,1072.68
9.00,155.00,1072.63
14.00,155.00,1072.65
19.00,155.00,1072.62
24.00,155.00,1072.56
29.00,155.00,1072.57
34.00,155.00,1072.47
39.00,155.00,1072.36
44.00,155.00,1072.19
49.00,155.00,1072.04
54.00,155.00,1071.93
59.00,155.00,1071.79
64.00,155.00,1071.71
69.00,155.00,1071.55
74.00,155.00,1071.42
79.00,155.00,1071.30
84.00,155.00,1071.20
89.00,155.00,1071.17
94.00,155.00,1071.13
99.00,155.00,1071.14
104.00,155.00,1071.17
109.00,155.00,1071.31
114.00,155.00,1071.99
119.00,155.00,1072.01
124.00,155.00,1072.00
129.00,155.00,1071.26
134.00,155.00,1070.98
139.00,155.00,1071.10
144.00,155.00,1071.17
149.00,155.00,1071.43
154.00,155.00,1071.14
159.00,155.00,1071.07
164.00,155.00,1070.90
169.00,155.00,1071.40
174.00,155.00,1072.28
179.00,155.00,1071.44
184.00,155.00,1070.66
189.00,155.00,1070.69
194.00,155.00,1070.72
199.00,155.00,1070.84
204.00,155.00,1070.84
209.00,155.00,1070.80
214.00,155.00,1070.78
219.00,155.00,1070.82
224.00,155.00,1070.70
229.00,155.00,1069.69
234.00,155.00,1069.76
239.00,155.00,1069.66
244.00,155.00,1069.75
249.00,155.00,1069.80
254.00,155.00,1069.76
259.00,155.00,1069.72
264.00,155.00,1069.51
269.00,155.00,1069.12
274.00,155.00,1069.20
279.00,155.00,1069.05
284.00,155.00,1069.38
289.00,155.00,1069.63
294.00,155.00,1069.67
299.00,155.00,1069.66
304.00,155.00,1069.67
309.00,155.00,1069.65
314.00,155.00,1069.50
319.00,155.00,1069.06
324.00,155.00,1069.06
329.00,155.00,1069.04
-271.00,160.00,1076.67
-266.00,160.00,1076.67
-261.00,160.00,1076.67
-256.00,160.00,1076.67
-251.00,160.00,1076.67
-246.00,160.00,1076.67
-241.00,160.00,1076.66
-236.00,160.00,1076.66
-231.00,160.00,1076.67
-226.00,160.00,1076.68
-221.00,160.00,1076.69
-216.00,160.00,1076.69
-211.00,160.00,1076.68
-206.00,160.00,1076.69
-201.00,160.00,1076.69
-196.00,160.00,1076.69
-191.00,160.00,1076.69
-186.00,160.00,1076.69
-181.00,160.00,1076.70
-176.00,160.00,1076.70
-171.00,160.00,1076.70
-166.00,160.00,1076.70
-161.00,160.00,1076.69
-156.00,160.00,1076.69
-151.00,160.00,1076.68
-146.00,160.00,1076.69
-141.00,160.00,1076.66
-136.00,160.00,1076.73
-131.00,160.00,1078.35
-126.00,160.00,1078.77
-121.00,160.00,1080.47
-116.00,160.00,1081.26
-111.00,160.00,1081.70
-106.00,160.00,1081.70
-101.00,160.00,1081.79
-96.00,160.00,1081.79
-91.00,160.00,1080.35
-86.00,160.00,1079.74
-81.00,160.00,1079.06
-76.00,160.00,1078.97
-71.00,160.00,1078.52
-66.00,160.00,1078.27
-61.00,160.00,1077.90
-56.00,160.00,1077.21
-51.00,160.00,1074.78
-46.00,160.00,1073.73
-41.00,160.00,1073.63
-36.00,160.00,1073.57
-31.00,160.00,1073.43
-26.00,160.00,1073.33
-21.00,160.00,1073.04
-16.00,160.00,1073.32
-11.00,160.00,1073.11
-6.00,160.00,1073.08
-1.00,160.00,1072.85
4.00,160.00,1072.70
9.00,160.00,1072.56
14.00,160.00,1072.60
19.00,160.00,1072.59
24.00,160.00,1072.51
29.00,160.00,1072.52
34.00,160.00,1072.43
39.00,160.00,1072.36
44.00,160.00,1072.13
49.00,160.00,1072.01
54.00,160.00,1071.88
59.00,160.00,1071.74
64.00,160.00,1071.61
69.00,160.00,1071.48
74.00,160.00,1071.36
79.00,160.00,1071.32
84.00,160.00,1071.25
89.00,160.00,1071.19
94.00,160.00,1071.15
99.00,160.00,1071.16
104.00,160.00,1071.27
109.00,160.00,1071.35
114.00,160.00,1072.03
119.00,160.00,1072.06
124.00,160.00,1072.07
129.00,160.00,1071.32
134.00,160.00,1070.93
139.00,160.00,1071.08
144.00,160.00,1071.17
149.00,160.00,1071.47
154.00,160.00,1071.19
159.00,160.00,1071.12
164.00,160.00,1070.97
169.00,160.00,1071.38
174.00,160.00,1072.30
179.00,160.00,1071.46
184.00,160.00,1070.69
189.00,160.00,1070.70
194.00,160.00,1070.77
199.00,160.00,1070.90
204.00,160.00,1070.88
209.00,160.00,1070.80
214.00,160.00,1070.76
219.00,160.00,1070.78
224.00,160.00,1070.71
229.00,160.00,1069.69
234.00,160.00,1069.78
239.00,160.00,1069.81
244.00,160.00,1069.78
249.00,160.00,1069.77
254.00,160.00,1069.77
259.00,160.00,1069.74
264.00,160.00,1069.52
269.00,160.00,1069.15
274.00,160.00,1069.22
279.00,160.00,1069.08
284.00,160.00,1069.61
289.00,160.00,1069.89
294.00,160.00,1069.79
299.00,160.00,1069.73
304.00,160.00,1069.68
309.00,160.00,1069.71
314.00,160.00,1069.44
319.00,160.00,1069.11
324.00,160.00,1069.06
329.00,160.00,1069.06
-271.00,165.00,1076.66
-266.00,165.00,1076.67
-261.00,165.00,1076.67
-256.00,165.00,1076.67
-251.00,165.00,1076.67
-246.00,165.00,1076.67
-241.00,165.00,1076.66
-236.00,165.00,1076.67
-231.00,165.00,1076.66
-226.00,165.00,1076.70
-221.00,165.00,1076.69
-216.00,165.00,1076.69
-211.00,165.00,1076.69
-206.00,165.00,1076.69
-201.00,165.00,1076.69
-196.00,165.00,1076.69
-191.00,165.00,1076.69
-186.00,165.00,1076.69
-181.00,165.00,1076.70
-176.00,165.00,1076.71
-171.00,165.00,1076.70
-166.00,165.00,1076.70
-161.00,165.00,1076.69
-156.00,165.00,1076.69
-151.00,165.00,1076.69
-146.00,165.00,1076.69
-141.00,165.00,1076.65
-136.00,165.00,1076.69
-131.00,165.00,1078.12
-126.00,165.00,1078.52
-121.00,165.00,1080.26
-116.00,165.00,1080.95
-111.00,165.00,1081.69
-106.00,165.00,1081.69
-101.00,165.00,1081.77
-96.00,165.00,1081.92
-91.00,165.00,1080.38
-86.00,165.00,1079.63
-81.00,165.00,1079.14
-76.00,165.00,1079.11
-71.00,165.00,1078.76
-66.00,165.00,1078.12
-61.00,165.00,1077.62
-56.00,165.00,1077.39
-51.00,165.00,1076.07
-46.00,165.00,1073.99
-41.00,165.00,1073.74
-36.00,165.00,1073.64
-31.00,165.00,1073.48
-26.00,165.00,1073.37
-21.00,165.00,1073.32
-16.00,165.00,1073.27
-11.00,165.00,1072.95
-6.00,165.00,1073.48
-1.00,165.00,1072.84
4.00,165.00,1072.70
9.00,165.00,1072.55
14.00,165.00,1072.52
19.00,165.00,1072.51
24.00,165.00,1072.45
29.00,165.00,1072.43
34.00,165.00,1072.33
39.00,165.00,1072.31
44.00,165.00,1072.14
49.00,165.00,1072.04
54.00,165.00,1071.87
59.00,165.00,1071.76
64.00,165.00,1071.66
69.00,165.00,1071.55
74.00,165.00,1071.47
79.00,165.00,1071.41
84.00,165.00,1071.25
89.00,165.00,1071.16
94.00,165.00,1071.18
99.00,165.00,1071.15
104.00,165.00,1071.15
109.00,165.00,1071.44
114.00,165.00,1072.07
119.00,165.00,1072.11
124.00,165.00,1072.03
129.00,165.00,1071.33
134.00,165.00,1070.88
139.00,165.00,1071.06
144.00,165.00,1071.18
149.00,165.00,1071.46
154.00,165.00,1071.24
159.00,165.00,1071.17
164.00,165.00,1071.05
169.00,165.00,1071.28
174.00,165.00,1072.28
179.00,165.00,1071.55
184.00,165.00,1070.70
189.00,165.00,1070.71
194.00,165.00,1070.79
199.00,165.00,1070.98
204.00,165.00,1071.13
209.00,165.00,1070.96
214.00,165.00,1070.74
219.00,165.00,1070.65
224.00,165.00,1070.61
229.00,165.00,1069.72
234.00,165.00,1069.80
239.00,165.00,1069.84
244.00,165.00,1069.86
249.00,165.00,1069.76
254.00,165.00,1069.78
259.00,165.00,1069.78
264.00,165.00,1069.58
269.00,165.00,1069.19
274.00,165.00,1069.23
279.00,165.00,1069.13
284.00,165.00,1069.60
289.00,165.00,1069.93
294.00,165.00,1069.87
299.00,165.00,1069.82
304.00,165.00,1069.70
309.00,165.00,1069.64
314.00,165.00,1069.30
319.00,165.00,1069.17
324.00,165.00,1069.16
329.00,165.00,1069.11
-271.00,170.00,1076.67
-266.00,170.00,1076.67
-261.00,170.00,1076.67
-256.00,170.00,1076.67
-251.00,170.00,1076.67
-246.00,170.00,1076.67
-241.00,170.00,1076.66
-236.00,170.00,1076.66
-231.00,170.00,1076.66
-226.00,170.00,1076.66
-221.00,170.00,1076.68
-216.00,170.00,1076.69
-211.00,170.00,1076.69
-206.00,170.00,1076.69
-201.00,170.00,1076.69
-196.00,170.00,1076.69
-191.00,170.00,1076.69
-186.00,170.00,1076.70
-181.00,170.00,1076.70
-176.00,170.00,1076.71
-171.00,170.00,1076.70
-166.00,170.00,1076.70
-161.00,170.00,1076.69
-156.00,170.00,1076.69
-151.00,170.00,1076.69
-146.00,170.00,1076.70
-141.00,170.00,1076.66
-136.00,170.00,1076.63
-131.00,170.00,1077.52
-126.00,170.00,1078.50
-121.00,170.00,1079.92
-116.00,170.00,1080.59
-111.00,170.00,1081.64
-106.00,170.00,1081.71
-101.00,170.00,1081.76
-96.00,170.00,1081.92
-91.00,170.00,1081.02
-86.00,170.00,1079.88
-81.00,170.00,1079.43
-76.00,170.00,1078.98
-71.00,170.00,1078.85
-66.00,170.00,1078.24
-61.00,170.00,1077.27
-56.00,170.00,1077.06
-51.00,170.00,1076.92
-46.00,170.00,1075.06
-41.00,170.00,1073.94
-36.00,170.00,1073.80
-31.00,170.00,1073.64
-26.00,170.00,1073.56
-21.00,170.00,1073.47
-16.00,170.00,1073.43
-11.00,170.00,1073.30
-6.00,170.00,1073.16
-1.00,170.00,1073.00
4.00,170.00,1072.80
9.00,170.00,1072.64
14.00,170.00,1072.54
19.00,170.00,1072.39
24.00,170.00,1072.42
29.00,170.00,1072.42
34.00,170.00,1072.32
39.00,170.00,1072.29
44.00,170.00,1072.11
49.00,170.00,1072.04
54.00,170.00,1071.82
59.00,170.00,1071.69
64.00,170.00,1071.66
69.00,170.00,1071.56
74.00,170.00,1071.45
79.00,170.00,1071.42
84.00,170.00,1071.31
89.00,170.00,1071.21
94.00,170.00,1071.23
99.00,170.00,1071.22
104.00,170.00,1071.14
109.00,170.00,1071.58
114.00,170.00,1072.13
119.00,170.00,1072.20
124.00,170.00,1072.10
129.00,170.00,1071.46
134.00,170.00,1070.85
139.00,170.00,1071.04
144.00,170.00,1071.20
149.00,170.00,1071.40
154.00,170.00,1071.28
159.00,170.00,1071.25
164.00,170.00,1071.10
169.00,170.00,1071.19
174.00,170.00,1072.22
179.00,170.00,1071.56
184.00,170.00,1070.73
189.00,170.00,1070.72
194.00,170.00,1070.88
199.00,170.00,1071.13
204.00,170.00,1071.24
209.00,170.00,1070.92
214.00,170.00,1070.80
219.00,170.00,1070.64
224.00,170.00,1070.53
229.00,170.00,1069.72
234.00,170.00,1069.79
239.00,170.00,1069.80
244.00,170.00,1069.96
249.00,170.00,1069.91
254.00,170.00,1069.92
259.00,170.00,1069.96
264.00,170.00,1069.81
269.00,170.00,1069.28
274.00,170.00,1069.24
279.00,170.00,1069.18
284.00,170.00,1069.50
289.00,170.00,1069.80
294.00,170.00,1069.78
299.00,170.00,1069.76
304.00,170.00,1069.77
309.00,170.00,1069.74
314.00,170.00,1069.60
319.00,170.00,1069.23
324.00,170.00,1069.24
329.00,170.00,1069.16
-271.00,175.00,1076.67
-266.00,175.00,1076.67
-261.00,175.00,1076.67
-256.00,175.00,1076.67
-251.00,175.00,1076.67
-246.00,175.00,1076.67
-241.00,175.00,1076.67
-236.00,175.00,1076.67
-231.00,175.00,1076.66
-226.00,175.00,1076.67
-221.00,175.00,1076.67
-216.00,175.00,1076.69
-211.00,175.00,1076.69
-206.00,175.00,1076.68
-201.00,175.00,1076.68
-196.00,175.00,1076.69
-191.00,175.00,1076.69
-186.00,175.00,1076.69
-181.00,175.00,1076.70
-176.00,175.00,1076.70
-171.00,175.00,1076.70
-166.00,175.00,1076.70
-161.00,175.00,1076.69
-156.00,175.00,1076.70
-151.00,175.00,1076.70
-146.00,175.00,1076.70
-141.00,175.00,1076.67
-136.00,175.00,1076.63
-131.00,175.00,1076.89
-126.00,175.00,1078.48
-121.00,175.00,1079.14
-116.00,175.00,1080.42
-111.00,175.00,1081.32
-106.00,175.00,1081.73
-101.00,175.00,1081.73
-96.00,175.00,1081.87
-91.00,175.00,1081.58
-86.00,175.00,1080.06
-81.00,175.00,1079.56
-76.00,175.00,1079.06
-71.00,175.00,1078.92
-66.00,175.00,1078.54
-61.00,175.00,1077.56
-56.00,175.00,1076.87
-51.00,175.00,1076.61
-46.00,175.00,1076.58
-41.00,175.00,1074.34
-36.00,175.00,1073.87
-31.00,175.00,1073.70
-26.00,175.00,1073.53
-21.00,175.00,1073.44
-16.00,175.00,1073.33
-11.00,175.00,1073.22
-6.00,175.00,1073.10
-1.00,175.00,1072.92
4.00,175.00,1072.69
9.00,175.00,1072.55
14.00,175.00,1072.46
19.00,175.00,1072.30
24.00,175.00,1072.18
29.00,175.00,1072.24
34.00,175.00,1072.11
39.00,175.00,1072.03
44.00,175.00,1071.96
49.00,175.00,1071.86
54.00,175.00,1071.73
59.00,175.00,1071.63
64.00,175.00,1071.62
69.00,175.00,1071.51
74.00,175.00,1071.45
79.00,175.00,1071.47
84.00,175.00,1071.33
89.00,175.00,1071.22
94.00,175.00,1071.19
99.00,175.00,1071.12
104.00,175.00,1071.13
109.00,175.00,1071.69
114.00,175.00,1072.21
119.00,175.00,1072.28
124.00,175.00,1072.14
129.00,175.00,1071.49
134.00,175.00,1070.90
139.00,175.00,1071.02
144.00,175.00,1071.19
149.00,175.00,1071.37
154.00,175.00,1071.33
159.00,175.00,1071.30
164.00,175.00,1071.20
169.00,175.00,1071.17
174.00,175.00,1072.12
179.00,175.00,1071.57
184.00,175.00,1070.75
189.00,175.00,1070.74
194.00,175.00,1070.82
199.00,175.00,1071.07
204.00,175.00,1070.86
209.00,175.00,1070.83
214.00,175.00,1070.82
219.00,175.00,1070.71
224.00,175.00,1070.58
229.00,175.00,1069.73
234.00,175.00,1069.82
239.00,175.00,1069.81
244.00,175.00,1069.87
249.00,175.00,1069.86
254.00,175.00,1069.92
259.00,175.00,1070.02
264.00,175.00,1069.93
269.00,175.00,1069.43
274.00,175.00,1069.24
279.00,175.00,1069.26
284.00,175.00,1069.42
289.00,175.00,1069.68
294.00,175.00,1069.74
299.00,175.00,1069.76
304.00,175.00,1069.84
309.00,175.00,1069.87
314.00,175.00,1069.77
319.00,175.00,1069.37
324.00,175.00,1069.21
329.00,175.00,1069.28
-271.00,180.00,1076.67
-266.00,180.00,1076.67
-261.00,180.00,1076.67
-256.00,180.00,1076.67
-251.00,180.00,1076.67
-246.00,180.00,1076.67
-241.00,180.00,1076.66
-236.00,180.00,1076.66
-231.00,180.00,1076.67
-226.00,180.00,1076.66
-221.00,180.00,1076.66
-216.00,180.00,1076.67
-211.00,180.00,1076.67
-206.00,180.00,1076.67
-201.00,180.00,1076.68
-196.00,180.00,1076.68
-191.00,180.00,1076.69
-186.00,180.00,1076.69
-181.00,180.00,1076.70
-176.00,180.00,1076.70
-171.00,180.00,1076.70
-166.00,180.00,1076.70
-161.00,180.00,1076.70
-156.00,180.00,1076.70
-151.00,180.00,1076.70
-146.00,180.00,1076.70
-141.00,180.00,1076.68
-136.00,180.00,1076.64
-131.00,180.00,1076.66
-126.00,180.00,1078.35
-121.00,180.00,1078.47
-116.00,180.00,1080.32
-111.00,180.00,1080.94
-106.00,180.00,1081.69
-101.00,180.00,1081.73
-96.00,180.00,1081.86
-91.00,180.00,1081.47
-86.00,180.00,1080.64
-81.00,180.00,1079.46
-76.00,180.00,1079.21
-71.00,180.00,1079.01
-66.00,180.00,1078.83
-61.00,180.00,1078.18
-56.00,180.00,1076.97
-51.00,180.00,1076.46
-46.00,180.00,1075.98
-41.00,180.00,1075.71
-36.00,180.00,1073.87
-31.00,180.00,1073.75
-26.00,180.00,1073.62
-21.00,180.00,1073.43
-16.00,180.00,1073.33
-11.00,180.00,1073.18
-6.00,180.00,1073.02
-1.00,180.00,1072.86
4.00,180.00,1072.72
9.00,180.00,1072.56
14.00,180.00,1072.39
19.00,180.00,1072.26
24.00,180.00,1072.14
29.00,180.00,1072.13
34.00,180.00,1072.00
39.00,180.00,1071.90
44.00,180.00,1071.83
49.00,180.00,1071.90
54.00,180.00,1071.67
59.00,180.00,1071.69
64.00,180.00,1071.68
69.00,180.00,1071.60
74.00,180.00,1071.50
79.00,180.00,1071.48
84.00,180.00,1071.33
89.00,180.00,1071.23
94.00,180.00,1071.22
99.00,180.00,1071.08
104.00,180.00,1071.12
109.00,180.00,1071.92
114.00,180.00,1072.30
119.00,180.00,1072.37
124.00,180.00,1072.24
129.00,180.00,1071.61
134.00,180.00,1070.96
139.00,180.00,1071.03
144.00,180.00,1071.19
149.00,180.00,1071.35
154.00,180.00,1071.37
159.00,180.00,1071.35
164.00,180.00,1071.31
169.00,180.00,1071.21
174.00,180.00,1072.05
179.00,180.00,1071.61
184.00,180.00,1070.78
189.00,180.00,1070.77
194.00,180.00,1070.85
199.00,180.00,1070.99
204.00,180.00,1070.97
209.00,180.00,1070.88
214.00,180.00,1070.84
219.00,180.00,1070.74
224.00,180.00,1070.61
229.00,180.00,1069.73
234.00,180.00,1069.79
239.00,180.00,1069.81
244.00,180.00,1069.76
249.00,180.00,1069.80
254.00,180.00,1069.88
259.00,180.00,1069.97
264.00,180.00,1069.86
269.00,180.00,1069.49
274.00,180.00,1069.19
279.00,180.00,1069.31
284.00,180.00,1069.23
289.00,180.00,1069.60
294.00,180.00,1069.70
299.00,180.00,1069.77
304.00,180.00,1069.81
309.00,180.00,1069.89
314.00,180.00,1069.82
319.00,180.00,1069.75
324.00,180.00,1069.62
329.00,180.00,1069.23
-271.00,185.00,1076.67
-266.00,185.00,1076.67
-261.00,185.00,1076.67
-256.00,185.00,1076.67
-251.00,185.00,1076.67
-246.00,185.00,1076.66
-241.00,185.00,1076.66
-236.00,185.00,1076.66
-231.00,185.00,1076.67
-226.00,185.00,1076.67
-221.00,185.00,1076.66
-216.00,185.00,1076.66
-211.00,185.00,1076.67
-206.00,185.00,1076.67
-201.00,185.00,1076.67
-196.00,185.00,1076.68
-191.00,185.00,1076.69
-186.00,185.00,1076.69
-181.00,185.00,1076.69
-176.00,185.00,1076.69
-171.00,185.00,1076.70
-166.00,185.00,1076.71
-161.00,185.00,1076.70
-156.00,185.00,1076.71
-151.00,185.00,1076.71
-146.00,185.00,1076.71
-141.00,185.00,1076.70
-136.00,185.00,1076.65
-131.00,185.00,1076.65
-126.00,185.00,1077.64
-121.00,185.00,1078.43
-116.00,185.00,1079.75
-111.00,185.00,1080.51
-106.00,185.00,1081.66
-101.00,185.00,1081.72
-96.00,185.00,1081.84
-91.00,185.00,1081.73
-86.00,185.00,1081.04
-81.00,185.00,1079.69
-76.00,185.00,1079.44
-71.00,185.00,1078.91
-66.00,185.00,1078.92
-61.00,185.00,1078.92
-56.00,185.00,1077.99
-51.00,185.00,1076.68
-46.00,185.00,1076.16
-41.00,185.00,1075.55
-36.00,185.00,1074.89
-31.00,185.00,1073.98
-26.00,185.00,1073.57
-21.00,185.00,1073.36
-16.00,185.00,1073.33
-11.00,185.00,1073.20
-6.00,185.00,1073.04
-1.00,185.00,1072.88
4.00,185.00,1072.72
9.00,185.00,1072.51
14.00,185.00,1072.45
19.00,185.00,1072.34
24.00,185.00,1072.13
29.00,185.00,1072.05
34.00,185.00,1071.91
39.00,185.00,1071.86
44.00,185.00,1071.72
49.00,185.00,1071.74
54.00,185.00,1071.69
59.00,185.00,1071.68
64.00,185.00,1071.77
69.00,185.00,1071.70
74.00,185.00,1071.56
79.00,185.00,1071.43
84.00,185.00,1071.32
89.00,185.00,1071.21
94.00,185.00,1071.10
99.00,185.00,1071.01
104.00,185.00,1070.99
109.00,185.00,1072.10
114.00,185.00,1072.41
119.00,185.00,1072.48
124.00,185.00,1072.30
129.00,185.00,1071.67
134.00,185.00,1071.03
139.00,185.00,1071.06
144.00,185.00,1071.22
149.00,185.00,1071.34
154.00,185.00,1071.47
159.00,185.00,1071.41
164.00,185.00,1071.38
169.00,185.00,1071.31
174.00,185.00,1072.02
179.00,185.00,1071.62
184.00,185.00,1070.80
189.00,185.00,1070.79
194.00,185.00,1070.88
199.00,185.00,1071.03
204.00,185.00,1071.00
209.00,185.00,1070.94
214.00,185.00,1070.87
219.00,185.00,1070.77
224.00,185.00,1070.58
229.00,185.00,1069.73
234.00,185.00,1069.88
239.00,185.00,1069.90
244.00,185.00,1070.10
249.00,185.00,1070.18
254.00,185.00,1070.06
259.00,185.00,1069.95
264.00,185.00,1069.85
269.00,185.00,1069.78
274.00,185.00,1069.29
279.00,185.00,1069.32
284.00,185.00,1069.24
289.00,185.00,1069.55
294.00,185.00,1069.93
299.00,185.00,1069.94
304.00,185.00,1069.90
309.00,185.00,1069.89
314.00,185.00,1069.83
319.00,185.00,1069.80
324.00,185.00,1069.77
329.00,185.00,1069.48
-271.00,190.00,1076.67
-266.00,190.00,1076.67
-261.00,190.00,1076.67
-256.00,190.00,1076.67
-251.00,190.00,1076.67
-246.00,190.00,1076.66
-241.00,190.00,1076.67
-236.00,190.00,1076.66
-231.00,190.00,1076.66
-226.00,190.00,1076.67
-221.00,190.00,1076.66
-216.00,190.00,1076.68
-211.00,190.00,1076.67
-206.00,190.00,1076.68
-201.00,190.00,1076.67
-196.00,190.00,1076.68
-191.00,190.00,1076.69
-186.00,190.00,1076.69
-181.00,190.00,1076.69
-176.00,190.00,1076.70
-171.00,190.00,1076.70
-166.00,190.00,1076.71
-161.00,190.00,1076.71
-156.00,190.00,1076.71
-151.00,190.00,1076.71
-146.00,190.00,1076.72
-141.00,190.00,1076.71
-136.00,190.00,1076.66
-131.00,190.00,1076.66
-126.00,190.00,1077.05
-121.00,190.00,1078.57
-116.00,190.00,1079.46
-111.00,190.00,1080.28
-106.00,190.00,1081.41
-101.00,190.00,1081.70
-96.00,190.00,1081.78
-91.00,190.00,1081.91
-86.00,190.00,1081.61
-81.00,190.00,1079.79
-76.00,190.00,1079.52
-71.00,190.00,1079.02
-66.00,190.00,1078.99
-61.00,190.00,1078.86
-56.00,190.00,1078.64
-51.00,190.00,1077.32
-46.00,190.00,1076.59
-41.00,190.00,1075.37
-36.00,190.00,1074.98
-31.00,190.00,1074.73
-26.00,190.00,1073.73
-21.00,190.00,1073.55
-16.00,190.00,1073.33
-11.00,190.00,1073.15
-6.00,190.00,1072.99
-1.00,190.00,1072.84
4.00,190.00,1072.73
9.00,190.00,1072.56
14.00,190.00,1072.31
19.00,190.00,1072.29
24.00,190.00,1072.06
29.00,190.00,1071.99
34.00,190.00,1071.82
39.00,190.00,1071.79
44.00,190.00,1071.71
49.00,190.00,1071.76
54.00,190.00,1071.77
59.00,190.00,1071.79
64.00,190.00,1071.78
69.00,190.00,1071.69
74.00,190.00,1071.58
79.00,190.00,1071.44
84.00,190.00,1071.31
89.00,190.00,1071.20
94.00,190.00,1071.09
99.00,190.00,1071.02
104.00,190.00,1070.99
109.00,190.00,1072.30
114.00,190.00,1072.54
119.00,190.00,1072.63
124.00,190.00,1072.44
129.00,190.00,1071.64
134.00,190.00,1071.08
139.00,190.00,1071.06
144.00,190.00,1071.22
149.00,190.00,1071.34
154.00,190.00,1071.51
159.00,190.00,1071.44
164.00,190.00,1071.46
169.00,190.00,1071.44
174.00,190.00,1071.96
179.00,190.00,1071.66
184.00,190.00,1070.82
189.00,190.00,1070.82
194.00,190.00,1070.90
199.00,190.00,1071.01
204.00,190.00,1071.00
209.00,190.00,1071.00
214.00,190.00,1070.93
219.00,190.00,1070.76
224.00,190.00,1070.50
229.00,190.00,1069.81
234.00,190.00,1069.93
239.00,190.00,1070.16
244.00,190.00,1070.21
249.00,190.00,1070.21
254.00,190.00,1070.23
259.00,190.00,1070.13
264.00,190.00,1070.03
269.00,190.00,1070.13
274.00,190.00,1069.62
279.00,190.00,1069.24
284.00,190.00,1069.33
289.00,190.00,1069.27
294.00,190.00,1069.72
299.00,190.00,1069.98
304.00,190.00,1069.89
309.00,190.00,1069.86
314.00,190.00,1069.85
319.00,190.00,1069.80
324.00,190.00,1069.74
329.00,190.00,1069.62
-271.00,195.00,1076.67
-266.00,195.00,1076.67
-261.00,195.00,1076.67
-256.00,195.00,1076.67
-251.00,195.00,1076.67
-246.00,195.00,1076.67
-241.00,195.00,1076.66
-236.00,195.00,1076.66
-231.00,195.00,1076.67
-226.00,195.00,1076.67
-221.00,195.00,1076.67
-216.00,195.00,1076.69
-211.00,195.00,1076.68
-206.00,195.00,1076.68
-201.00,195.00,1076.67
-196.00,195.00,1076.69
-191.00,195.00,1076.69
-186.00,195.00,1076.69
-181.00,195.00,1076.70
-176.00,195.00,1076.70
-171.00,195.00,1076.70
-166.00,195.00,1076.71
-161.00,195.00,1076.71
-156.00,195.00,1076.71
-151.00,195.00,1076.72
-146.00,195.00,1076.72
-141.00,195.00,1076.72
-136.00,195.00,1076.69
-131.00,195.00,1076.62
-126.00,195.00,1076.73
-121.00,195.00,1078.45
-116.00,195.00,1078.83
-111.00,195.00,1080.21
-106.00,195.00,1080.88
-101.00,195.00,1081.67
-96.00,195.00,1081.73
-91.00,195.00,1081.84
-86.00,195.00,1081.87
-81.00,195.00,1080.35
-76.00,195.00,1079.49
-71.00,195.00,1079.15
-66.00,195.00,1078.90
-61.00,195.00,1078.90
-56.00,195.00,1078.72
-51.00,195.00,1078.18
-46.00,195.00,1077.57
-41.00,195.00,1076.18
-36.00,195.00,1074.98
-31.00,195.00,1075.09
-26.00,195.00,1074.72
-21.00,195.00,1073.57
-16.00,195.00,1073.31
-11.00,195.00,1073.23
-6.00,195.00,1073.02
-1.00,195.00,1072.97
4.00,195.00,1073.01
9.00,195.00,1072.95
14.00,195.00,1072.51
19.00,195.00,1072.29
24.00,195.00,1072.11
29.00,195.00,1072.06
34.00,195.00,1071.86
39.00,195.00,1071.82
44.00,195.00,1071.78
49.00,195.00,1072.40
54.00,195.00,1072.77
59.00,195.00,1073.36
64.00,195.00,1072.87
69.00,195.00,1073.25
74.00,195.00,1072.95
79.00,195.00,1073.13
84.00,195.00,1073.28
89.00,195.00,1072.42
94.00,195.00,1071.17
99.00,195.00,1071.15
104.00,195.00,1071.05
109.00,195.00,1072.40
114.00,195.00,1072.67
119.00,195.00,1072.79
124.00,195.00,1072.50
129.00,195.00,1071.80
134.00,195.00,1071.23
139.00,195.00,1071.05
144.00,195.00,1071.22
149.00,195.00,1071.35
154.00,195.00,1071.60
159.00,195.00,1071.48
164.00,195.00,1071.55
169.00,195.00,1071.54
174.00,195.00,1071.89
179.00,195.00,1071.82
184.00,195.00,1070.84
189.00,195.00,1070.86
194.00,195.00,1070.95
199.00,195.00,1071.25
204.00,195.00,1071.12
209.00,195.00,1071.10
214.00,195.00,1071.09
219.00,195.00,1070.94
224.00,195.00,1070.69
229.00,195.00,1069.87
234.00,195.00,1069.96
239.00,195.00,1070.20
244.00,195.00,1070.19
249.00,195.00,1070.20
254.00,195.00,1070.25
259.00,195.00,1070.32
264.00,195.00,1070.26
269.00,195.00,1070.24
274.00,195.00,1069.91
279.00,195.00,1069.28
284.00,195.00,1069.32
289.00,195.00,1069.31
294.00,195.00,1069.41
299.00,195.00,1069.79
304.00,195.00,1069.80
309.00,195.00,1069.93
314.00,195.00,1069.89
319.00,195.00,1069.89
324.00,195.00,1069.87
329.00,195.00,1069.80
-271.00,200.00,1076.67
-266.00,200.00,1076.67
-261.00,200.00,1076.67
-256.00,200.00,1076.67
-251.00,200.00,1076.67
-246.00,200.00,1076.67
-241.00,200.00,1076.66
-236.00,200.00,1076.66
-231.00,200.00,1076.66
-226.00,200.00,1076.67
-221.00,200.00,1076.67
-216.00,200.00,1076.67
-211.00,200.00,1076.67
-206.00,200.00,1076.67
-201.00,200.00,1076.67
-196.00,200.00,1076.68
-191.00,200.00,1076.69
-186.00,200.00,1076.69
-181.00,200.00,1076.70
-176.00,200.00,1076.70
-171.00,200.00,1076.71
-166.00,200.00,1076.71
-161.00,200.00,1076.71
-156.00,200.00,1076.72
-151.00,200.00,1076.72
-146.00,200.00,1076.72
-141.00,200.00,1076.72
-136.00,200.00,1076.65
-131.00,200.00,1076.59
-126.00,200.00,1076.62
-121.00,200.00,1078.20
-116.00,200.00,1078.71
-111.00,200.00,1080.30
-106.00,200.00,1080.55
-101.00,200.00,1081.71
-96.00,200.00,1081.70
-91.00,200.00,1081.80
-86.00,200.00,1081.91
-81.00,200.00,1080.94
-76.00,200.00,1079.79
-71.00,200.00,1079.33
-66.00,200.00,1078.91
-61.00,200.00,1079.04
-56.00,200.00,1078.84
-51.00,200.00,1078.49
-46.00,200.00,1078.28
-41.00,200.00,1077.91
-36.00,200.00,1077.17
-31.00,200.00,1076.45
-26.00,200.00,1076.21
-21.00,200.00,1076.09
-16.00,200.00,1076.03
-11.00,200.00,1075.75
-6.00,200.00,1075.57
-1.00,200.00,1075.44
4.00,200.00,1075.62
9.00,200.00,1075.57
14.00,200.00,1075.15
19.00,200.00,1073.72
24.00,200.00,1073.12
29.00,200.00,1072.98
34.00,200.00,1073.00
39.00,200.00,1073.11
44.00,200.00,1073.04
49.00,200.00,1074.57
54.00,200.00,1074.71
59.00,200.00,1074.62
64.00,200.00,1074.55
69.00,200.00,1074.47
74.00,200.00,1074.47
79.00,200.00,1074.44
84.00,200.00,1074.38
89.00,200.00,1074.21
94.00,200.00,1072.51
99.00,200.00,1071.36
104.00,200.00,1071.22
109.00,200.00,1072.53
114.00,200.00,1072.81
119.00,200.00,1072.94
124.00,200.00,1072.71
129.00,200.00,1072.04
134.00,200.00,1071.34
139.00,200.00,1071.07
144.00,200.00,1071.23
149.00,200.00,1071.37
154.00,200.00,1071.68
159.00,200.00,1071.50
164.00,200.00,1071.60
169.00,200.00,1071.65
174.00,200.00,1071.92
179.00,200.00,1071.92
184.00,200.00,1070.83
189.00,200.00,1070.87
194.00,200.00,1070.96
199.00,200.00,1071.28
204.00,200.00,1071.23
209.00,200.00,1071.15
214.00,200.00,1071.09
219.00,200.00,1071.06
224.00,200.00,1070.91
229.00,200.00,1069.95
234.00,200.00,1070.01
239.00,200.00,1070.20
244.00,200.00,1070.24
249.00,200.00,1070.20
254.00,200.00,1070.25
259.00,200.00,1070.23
264.00,200.00,1070.13
269.00,200.00,1070.18
274.00,200.00,1070.21
279.00,200.00,1069.72
284.00,200.00,1069.24
289.00,200.00,1069.38
294.00,200.00,1069.32
299.00,200.00,1069.46
304.00,200.00,1069.66
309.00,200.00,1069.87
314.00,200.00,1069.92
319.00,200.00,1069.94
324.00,200.00,1069.83
329.00,200.00,1069.87
-271.00,205.00,1076.67
-266.00,205.00,1076.67
-261.00,205.00,1076.67
-256.00,205.00,1076.67
-251.00,205.00,1076.67
-246.00,205.00,1076.67
-241.00,205.00,1076.67
-236.00,205.00,1076.67
-231.00,205.00,1076.66
-226.00,205.00,1076.66
-221.00,205.00,1076.67
-216.00,205.00,1076.69
-211.00,205.00,1076.67
-206.00,205.00,1076.67
-201.00,205.00,1076.67
-196.00,205.00,1076.69
-191.00,205.00,1076.69
-186.00,205.00,1076.70
-181.00,205.00,1076.70
-176.00,205.00,1076.70
-171.00,205.00,1076.71
-166.00,205.00,1076.71
-161.00,205.00,1076.72
-156.00,205.00,1076.72
-151.00,205.00,1076.73
-146.00,205.00,1076.73
-141.00,205.00,1076.73
-136.00,205.00,1076.61
-131.00,205.00,1076.61
-126.00,205.00,1076.66
-121.00,205.00,1077.52
-116.00,205.00,1078.66
-111.00,205.00,1080.18
-106.00,205.00,1080.40
-101.00,205.00,1081.45
-96.00,205.00,1081.68
-91.00,205.00,1081.74
-86.00,205.00,1081.85
-81.00,205.00,1081.50
-76.00,205.00,1079.86
-71.00,205.00,1079.58
-66.00,205.00,1079.12
-61.00,205.00,1078.97
-56.00,205.00,1078.88
-51.00,205.00,1078.62
-46.00,205.00,1078.33
-41.00,205.00,1078.07
-36.00,205.00,1077.73
-31.00,205.00,1077.41
-26.00,205.00,1077.12
-21.00,205.00,1076.88
-16.00,205.00,1076.74
-11.00,205.00,1076.50
-6.00,205.00,1076.30
-1.00,205.00,1076.14
4.00,205.00,1076.02
9.00,205.00,1075.91
14.00,205.00,1075.75
19.00,205.00,1075.56
24.00,205.00,1075.37
29.00,205.00,1075.22
34.00,205.00,1075.11
39.00,205.00,1075.01
44.00,205.00,1074.90
49.00,205.00,1074.80
54.00,205.00,1074.72
59.00,205.00,1074.64
64.00,205.00,1074.57
69.00,205.00,1074.50
74.00,205.00,1074.45
79.00,205.00,1074.40
84.00,205.00,1074.34
89.00,205.00,1074.28
94.00,205.00,1073.91
99.00,205.00,1073.36
104.00,205.00,1072.71
109.00,205.00,1072.83
114.00,205.00,1072.94
119.00,205.00,1073.12
124.00,205.00,1072.79
129.00,205.00,1072.28
134.00,205.00,1071.44
139.00,205.00,1071.09
144.00,205.00,1071.23
149.00,205.00,1071.38
154.00,205.00,1071.73
159.00,205.00,1071.55
164.00,205.00,1071.68
169.00,205.00,1071.73
174.00,205.00,1071.92
179.00,205.00,1072.07
184.00,205.00,1070.82
189.00,205.00,1070.90
194.00,205.00,1070.92
199.00,205.00,1071.29
204.00,205.00,1071.29
209.00,205.00,1071.17
214.00,205.00,1071.15
219.00,205.00,1071.11
224.00,205.00,1071.02
229.00,205.00,1070.13
234.00,205.00,1069.96
239.00,205.00,1070.19
244.00,205.00,1070.17
249.00,205.00,1070.18
254.00,205.00,1070.20
259.00,205.00,1070.04
264.00,205.00,1070.01
269.00,205.00,1070.09
274.00,205.00,1070.17
279.00,205.00,1070.19
284.00,205.00,1069.48
289.00,205.00,1069.27
294.00,205.00,1069.39
299.00,205.00,1069.34
304.00,205.00,1069.46
309.00,205.00,1069.78
314.00,205.00,1069.90
319.00,205.00,1069.86
324.00,205.00,1069.96
329.00,205.00,1069.89
-271.00,210.00,1076.67
-266.00,210.00,1076.67
-261.00,210.00,1076.67
-256.00,210.00,1076.67
-251.00,210.00,1076.66
-246.00,210.00,1076.67
-241.00,210.00,1076.67
-236.00,210.00,1076.67
-231.00,210.00,1076.67
-226.00,210.00,1076.66
-221.00,210.00,1076.67
-216.00,210.00,1076.68
-211.00,210.00,1076.67
-206.00,210.00,1076.67
-201.00,210.00,1076.67
-196.00,210.00,1076.68
-191.00,210.00,1076.68
-186.00,210.00,1076.69
-181.00,210.00,1076.69
-176.00,210.00,1076.70
-171.00,210.00,1076.70
-166.00,210.00,1076.71
-161.00,210.00,1076.72
-156.00,210.00,1076.72
-151.00,210.00,1076.73
-146.00,210.00,1076.73
-141.00,210.00,1076.73
-136.00,210.00,1076.62
-131.00,210.00,1076.64
-126.00,210.00,1076.61
-121.00,210.00,1077.02
-116.00,210.00,1078.45
-111.00,210.00,1079.53
-106.00,210.00,1080.39
-101.00,210.00,1080.93
-96.00,210.00,1081.66
-91.00,210.00,1081.74
-86.00,210.00,1081.85
-81.00,210.00,1081.87
-76.00,210.00,1080.27
-71.00,210.00,1079.83
-66.00,210.00,1079.40
-61.00,210.00,1079.02
-56.00,210.00,1078.83
-51.00,210.00,1078.57
-46.00,210.00,1078.32
-41.00,210.00,1078.07
-36.00,210.00,1077.81
-31.00,210.00,1077.54
-26.00,210.00,1077.26
-21.00,210.00,1076.99
-16.00,210.00,1076.80
-11.00,210.00,1076.59
-6.00,210.00,1076.39
-1.00,210.00,1076.20
4.00,210.00,1076.01
9.00,210.00,1075.86
14.00,210.00,1075.68
19.00,210.00,1075.52
24.00,210.00,1075.35
29.00,210.00,1075.21
34.00,210.00,1075.07
39.00,210.00,1074.97
44.00,210.00,1074.87
49.00,210.00,1074.77
54.00,210.00,1074.69
59.00,210.00,1074.60
64.00,210.00,1074.53
69.00,210.00,1074.48
74.00,210.00,1074.41
79.00,210.00,1074.35
84.00,210.00,1074.29
89.00,210.00,1074.24
94.00,210.00,1074.14
99.00,210.00,1073.91
104.00,210.00,1073.47
109.00,210.00,1073.17
114.00,210.00,1073.11
119.00,210.00,1073.28
124.00,210.00,1072.87
129.00,210.00,1072.42
134.00,210.00,1071.55
139.00,210.00,1071.10
144.00,210.00,1071.24
149.00,210.00,1071.42
154.00,210.00,1071.77
159.00,210.00,1071.59
164.00,210.00,1071.71
169.00,210.00,1071.80
174.00,210.00,1071.96
179.00,210.00,1072.20
184.00,210.00,1070.88
189.00,210.00,1070.93
194.00,210.00,1070.82
199.00,210.00,1071.20
204.00,210.00,1071.31
209.00,210.00,1071.28
214.00,210.00,1071.28
219.00,210.00,1071.17
224.00,210.00,1071.06
229.00,210.00,1070.87
234.00,210.00,1070.06
239.00,210.00,1069.97
244.00,210.00,1070.16
249.00,210.00,1070.18
254.00,210.00,1070.06
259.00,210.00,1070.00
264.00,210.00,1069.94
269.00,210.00,1069.95
274.00,210.00,1069.97
279.00,210.00,1069.85
284.00,210.00,1069.80
289.00,210.00,1069.61
294.00,210.00,1069.32
299.00,210.00,1069.46
304.00,210.00,1069.38
309.00,210.00,1069.51
314.00,210.00,1069.74
319.00,210.00,1069.99
324.00,210.00,1070.06
329.00,210.00,1070.00
-271.00,215.00,1076.67
-266.00,215.00,1076.67
-261.00,215.00,1076.67
-256.00,215.00,1076.67
-251.00,215.00,1076.66
-246.00,215.00,1076.66
-241.00,215.00,1076.66
-236.00,215.00,1076.67
-231.00,215.00,1076.66
-226.00,215.00,1076.66
-221.00,215.00,1076.67
-216.00,215.00,1076.66
-211.00,215.00,1076.67
-206.00,215.00,1076.67
-201.00,215.00,1076.67
-196.00,215.00,1076.67
-191.00,215.00,1076.67
-186.00,215.00,1076.67
-181.00,215.00,1076.67
-176.00,215.00,1076.67
-171.00,215.00,1076.67
-166.00,215.00,1076.67
-161.00,215.00,1076.67
-156.00,215.00,1076.67
-151.00,215.00,1076.66
-146.00,215.00,1076.66
-141.00,215.00,1076.65
-136.00,215.00,1076.74
-131.00,215.00,1076.61
-126.00,215.00,1076.63
-121.00,215.00,1076.69
-116.00,215.00,1078.15
-111.00,215.00,1078.71
-106.00,215.00,1080.32
-101.00,215.00,1080.49
-96.00,215.00,1081.66
-91.00,215.00,1081.72
-86.00,215.00,1081.84
-81.00,215.00,1081.92
-76.00,215.00,1080.96
-71.00,215.00,1079.61
-66.00,215.00,1079.62
-61.00,215.00,1079.19
-56.00,215.00,1078.87
-51.00,215.00,1078.58
-46.00,215.00,1078.30
-41.00,215.00,1078.05
-36.00,215.00,1077.81
-31.00,215.00,1077.53
-26.00,215.00,1077.27
-21.00,215.00,1077.03
-16.00,215.00,1076.85
-11.00,215.00,1076.57
-6.00,215.00,1076.30
-1.00,215.00,1076.08
4.00,215.00,1075.98
9.00,215.00,1075.77
14.00,215.00,1075.59
19.00,215.00,1075.46
24.00,215.00,1075.33
29.00,215.00,1075.17
34.00,215.00,1075.05
39.00,215.00,1074.94
44.00,215.00,1074.80
49.00,215.00,1074.71
54.00,215.00,1074.65
59.00,215.00,1074.57
64.00,215.00,1074.48
69.00,215.00,1074.40
74.00,215.00,1074.35
79.00,215.00,1074.28
84.00,215.00,1074.29
89.00,215.00,1074.24
94.00,215.00,1074.19
99.00,215.00,1073.90
104.00,215.00,1073.77
109.00,215.00,1073.40
114.00,215.00,1073.27
119.00,215.00,1073.39
124.00,215.00,1073.00
129.00,215.00,1072.67
134.00,215.00,1071.69
139.00,215.00,1071.11
144.00,215.00,1071.28
149.00,215.00,1071.43
154.00,215.00,1071.75
159.00,215.00,1071.62
164.00,215.00,1071.77
169.00,215.00,1071.90
174.00,215.00,1072.00
179.00,215.00,1072.34
184.00,215.00,1071.06
189.00,215.00,1070.95
194.00,215.00,1070.85
199.00,215.00,1071.12
204.00,215.00,1071.38
209.00,215.00,1071.32
214.00,215.00,1071.21
219.00,215.00,1071.20
224.00,215.00,1071.13
229.00,215.00,1071.00
234.00,215.00,1070.66
239.00,215.00,1070.05
244.00,215.00,1069.98
249.00,215.00,1070.08
254.00,215.00,1070.01
259.00,215.00,1070.00
264.00,215.00,1069.95
269.00,215.00,1069.95
274.00,215.00,1069.97
279.00,215.00,1070.02
284.00,215.00,1070.17
289.00,215.00,1070.00
294.00,215.00,1069.60
299.00,215.00,1069.34
304.00,215.00,1069.48
309.00,215.00,1069.42
314.00,215.00,1069.53
319.00,215.00,1069.84
324.00,215.00,1070.03
329.00,215.00,1070.04
-271.00,220.00,1076.67
-266.00,220.00,1076.67
-261.00,220.00,1076.67
-256.00,220.00,1076.67
-251.00,220.00,1076.67
-246.00,220.00,1076.66
-241.00,220.00,1076.66
-236.00,220.00,1076.67
-231.00,220.00,1076.66
-226.00,220.00,1076.67
-221.00,220.00,1076.67
-216.00,220.00,1076.67
-211.00,220.00,1076.67
-206.00,220.00,1076.67
-201.00,220.00,1076.67
-196.00,220.00,1076.67
-191.00,220.00,1076.68
-186.00,220.00,1076.68
-181.00,220.00,1076.68
-176.00,220.00,1076.68
-171.00,220.00,1076.69
-166.00,220.00,1076.69
-161.00,220.00,1076.69
-156.00,220.00,1076.68
-151.00,220.00,1076.69
-146.00,220.00,1076.69
-141.00,220.00,1076.69
-136.00,220.00,1076.75
-131.00,220.00,1076.82
-126.00,220.00,1076.71
-121.00,220.00,1076.68
-116.00,220.00,1077.36
-111.00,220.00,1078.57
-106.00,220.00,1079.54
-101.00,220.00,1080.18
-96.00,220.00,1081.39
-91.00,220.00,1081.69
-86.00,220.00,1081.80
-81.00,220.00,1081.86
-76.00,220.00,1081.47
-71.00,220.00,1079.85
-66.00,220.00,1079.88
-61.00,220.00,1079.44
-56.00,220.00,1078.96
-51.00,220.00,1078.61
-46.00,220.00,1078.32
-41.00,220.00,1078.03
-36.00,220.00,1077.80
-31.00,220.00,1077.59
-26.00,220.00,1077.36
-21.00,220.00,1077.07
-16.00,220.00,1076.88
-11.00,220.00,1076.62
-6.00,220.00,1076.45
-1.00,220.00,1076.30
4.00,220.00,1075.97
9.00,220.00,1075.92
14.00,220.00,1075.64
19.00,220.00,1075.50
24.00,220.00,1075.37
29.00,220.00,1075.30
34.00,220.00,1075.10
39.00,220.00,1074.97
44.00,220.00,1074.87
49.00,220.00,1074.81
54.00,220.00,1074.66
59.00,220.00,1074.61
64.00,220.00,1074.51
69.00,220.00,1074.55
74.00,220.00,1074.31
79.00,220.00,1074.33
84.00,220.00,1074.25
89.00,220.00,1074.26
94.00,220.00,1074.24
99.00,220.00,1074.19
104.00,220.00,1074.18
109.00,220.00,1073.49
114.00,220.00,1073.40
119.00,220.00,1073.59
124.00,220.00,1073.12
129.00,220.00,1072.90
134.00,220.00,1071.94
139.00,220.00,1071.15
144.00,220.00,1071.28
149.00,220.00,1071.46
154.00,220.00,1071.76
159.00,220.00,1071.65
164.00,220.00,1071.84
169.00,220.00,1071.97
174.00,220.00,1072.08
179.00,220.00,1072.38
184.00,220.00,1071.24
189.00,220.00,1070.92
194.00,220.00,1070.95
199.00,220.00,1070.99
204.00,220.00,1071.32
209.00,220.00,1071.35
214.00,220.00,1071.35
219.00,220.00,1071.35
224.00,220.00,1071.15
229.00,220.00,1071.18
234.00,220.00,1070.91
239.00,220.00,1070.71
244.00,220.00,1070.10
249.00,220.00,1070.00
254.00,220.00,1070.07
259.00,220.00,1069.97
264.00,220.00,1069.87
269.00,220.00,1069.90
274.00,220.00,1070.05
279.00,220.00,1070.09
284.00,220.00,1070.24
289.00,220.00,1070.12
294.00,220.00,1069.79
299.00,220.00,1069.56
304.00,220.00,1069.37
309.00,220.00,1069.52
314.00,220.00,1069.45
319.00,220.00,1069.51
324.00,220.00,1069.84
329.00,220.00,1069.99
-271.00,225.00,1076.67
-266.00,225.00,1076.67
-261.00,225.00,1076.67
-256.00,225.00,1076.67
-251.00,225.00,1076.66
-246.00,225.00,1076.66
-241.00,225.00,1076.67
-236.00,225.00,1076.66
-231.00,225.00,1076.67
-226.00,225.00,1076.67
-221.00,225.00,1076.67
-216.00,225.00,1076.69
-211.00,225.00,1076.66
-206.00,225.00,1076.67
-201.00,225.00,1076.66
-196.00,225.00,1076.67
-191.00,225.00,1076.67
-186.00,225.00,1076.67
-181.00,225.00,1076.67
-176.00,225.00,1076.67
-171.00,225.00,1076.67
-166.00,225.00,1076.67
-161.00,225.00,1076.67
-156.00,225.00,1076.67
-151.00,225.00,1076.68
-146.00,225.00,1076.70
-141.00,225.00,1076.67
-136.00,225.00,1076.68
-131.00,225.00,1076.75
-126.00,225.00,1076.81
-121.00,225.00,1076.63
-116.00,225.00,1076.75
-111.00,225.00,1078.43
-106.00,225.00,1078.67
-101.00,225.00,1080.01
-96.00,225.00,1080.86
-91.00,225.00,1081.67
-86.00,225.00,1081.77
-81.00,225.00,1081.85
-76.00,225.00,1081.90
-71.00,225.00,1080.29
-66.00,225.00,1079.73
-61.00,225.00,1079.46
-56.00,225.00,1079.03
-51.00,225.00,1078.61
-46.00,225.00,1078.36
-41.00,225.00,1078.03
-36.00,225.00,1077.86
-31.00,225.00,1077.63
-26.00,225.00,1077.39
-21.00,225.00,1077.10
-16.00,225.00,1076.90
-11.00,225.00,1076.69
-6.00,225.00,1076.52
-1.00,225.00,1076.35
4.00,225.00,1075.99
9.00,225.00,1076.01
14.00,225.00,1075.65
19.00,225.00,1075.52
24.00,225.00,1075.40
29.00,225.00,1075.36
34.00,225.00,1075.15
39.00,225.00,1075.03
44.00,225.00,1074.94
49.00,225.00,1074.90
54.00,225.00,1074.73
59.00,225.00,1074.65
64.00,225.00,1074.57
69.00,225.00,1074.59
74.00,225.00,1074.37
79.00,225.00,1074.32
84.00,225.00,1074.27
89.00,225.00,1074.24
94.00,225.00,1074.26
99.00,225.00,1074.31
104.00,225.00,1074.63
109.00,225.00,1073.57
114.00,225.00,1073.55
119.00,225.00,1073.71
124.00,225.00,1073.38
129.00,225.00,1073.18
134.00,225.00,1072.25
139.00,225.00,1071.17
144.00,225.00,1071.30
149.00,225.00,1071.45
154.00,225.00,1071.80
159.00,225.00,1071.70
164.00,225.00,1071.88
169.00,225.00,1072.01
174.00,225.00,1072.14
179.00,225.00,1072.44
184.00,225.00,1071.56
189.00,225.00,1070.91
194.00,225.00,1070.99
199.00,225.00,1070.90
204.00,225.00,1071.17
209.00,225.00,1071.38
214.00,225.00,1071.31
219.00,225.00,1071.20
224.00,225.00,1071.07
229.00,225.00,1071.26
234.00,225.00,1070.87
239.00,225.00,1070.85
244.00,225.00,1070.65
249.00,225.00,1070.34
254.00,225.00,1070.03
259.00,225.00,1070.02
264.00,225.00,1069.90
269.00,225.00,1070.17
274.00,225.00,1070.23
279.00,225.00,1070.03
284.00,225.00,1070.10
289.00,225.00,1070.00
294.00,225.00,1070.04
299.00,225.00,1070.05
304.00,225.00,1069.71
309.00,225.00,1069.40
314.00,225.00,1069.56
319.00,225.00,1069.48
324.00,225.00,1069.58
329.00,225.00,1069.96
-271.00,230.00,1076.67
-266.00,230.00,1076.67
-261.00,230.00,1076.67
-256.00,230.00,1076.67
-251.00,230.00,1076.67
-246.00,230.00,1076.67
-241.00,230.00,1076.67
-236.00,230.00,1076.67
-231.00,230.00,1076.67
-226.00,230.00,1076.67
-221.00,230.00,1076.67
-216.00,230.00,1076.66
-211.00,230.00,1076.67
-206.00,230.00,1076.67
-201.00,230.00,1076.67
-196.00,230.00,1076.67
-191.00,230.00,1076.67
-186.00,230.00,1076.67
-181.00,230.00,1076.67
-176.00,230.00,1076.66
-171.00,230.00,1076.67
-166.00,230.00,1076.67
-161.00,230.00,1076.68
-156.00,230.00,1076.70
-151.00,230.00,1076.67
-146.00,230.00,1076.68
-141.00,230.00,1076.67
-136.00,230.00,1076.66
-131.00,230.00,1076.71
-126.00,230.00,1076.69
-121.00,230.00,1076.63
-116.00,230.00,1076.64
-111.00,230.00,1077.88
-106.00,230.00,1078.65
-101.00,230.00,1079.88
-96.00,230.00,1080.52
-91.00,230.00,1081.68
-86.00,230.00,1081.73
-81.00,230.00,1081.81
-76.00,230.00,1081.89
-71.00,230.00,1080.79
-66.00,230.00,1079.45
-61.00,230.00,1079.50
-56.00,230.00,1079.03
-51.00,230.00,1078.67
-46.00,230.00,1078.38
-41.00,230.00,1078.09
-36.00,230.00,1077.92
-31.00,230.00,1077.69
-26.00,230.00,1077.43
-21.00,230.00,1077.14
-16.00,230.00,1076.94
-11.00,230.00,1076.73
-6.00,230.00,1076.58
-1.00,230.00,1076.42
4.00,230.00,1076.03
9.00,230.00,1076.00
14.00,230.00,1075.67
19.00,230.00,1075.55
24.00,230.00,1075.44
29.00,230.00,1075.43
34.00,230.00,1075.22
39.00,230.00,1075.11
44.00,230.00,1075.02
49.00,230.00,1074.97
54.00,230.00,1074.81
59.00,230.00,1074.69
64.00,230.00,1074.62
69.00,230.00,1074.63
74.00,230.00,1074.33
79.00,230.00,1074.34
84.00,230.00,1074.27
89.00,230.00,1074.23
94.00,230.00,1074.25
99.00,230.00,1074.43
104.00,230.00,1074.93
109.00,230.00,1073.65
114.00,230.00,1073.68
119.00,230.00,1073.98
124.00,230.00,1073.53
129.00,230.00,1073.09
134.00,230.00,1072.40
139.00,230.00,1071.20
144.00,230.00,1071.33
149.00,230.00,1071.49
154.00,230.00,1071.84
159.00,230.00,1071.72
164.00,230.00,1071.92
169.00,230.00,1072.08
174.00,230.00,1072.20
179.00,230.00,1072.51
184.00,230.00,1071.89
189.00,230.00,1070.97
194.00,230.00,1070.92
199.00,230.00,1071.00
204.00,230.00,1070.94
209.00,230.00,1071.22
214.00,230.00,1071.24
219.00,230.00,1071.10
224.00,230.00,1071.14
229.00,230.00,1071.03
234.00,230.00,1070.90
239.00,230.00,1070.93
244.00,230.00,1070.97
249.00,230.00,1070.96
254.00,230.00,1070.27
259.00,230.00,1070.05
264.00,230.00,1070.14
269.00,230.00,1070.21
274.00,230.00,1070.08
279.00,230.00,1070.07
284.00,230.00,1069.92
289.00,230.00,1070.08
294.00,230.00,1070.19
299.00,230.00,1070.14
304.00,230.00,1069.84
309.00,230.00,1069.57
314.00,230.00,1069.42
319.00,230.00,1069.57
324.00,230.00,1069.49
329.00,230.00,1069.66
-271.00,235.00,1076.67
-266.00,235.00,1076.67
-261.00,235.00,1076.67
-256.00,235.00,1076.66
-251.00,235.00,1076.66
-246.00,235.00,1076.66
-241.00,235.00,1076.67
-236.00,235.00,1076.67
-231.00,235.00,1076.66
-226.00,235.00,1076.67
-221.00,235.00,1076.67
-216.00,235.00,1076.67
-211.00,235.00,1076.66
-206.00,235.00,1076.65
-201.00,235.00,1076.67
-196.00,235.00,1076.67
-191.00,235.00,1076.67
-186.00,235.00,1076.67
-181.00,235.00,1076.67
-176.00,235.00,1076.67
-171.00,235.00,1076.68
-166.00,235.00,1076.69
-161.00,235.00,1076.67
-156.00,235.00,1076.68
-151.00,235.00,1076.67
-146.00,235.00,1076.67
-141.00,235.00,1076.67
-136.00,235.00,1076.68
-131.00,235.00,1076.71
-126.00,235.00,1076.71
-121.00,235.00,1076.75
-116.00,235.00,1076.65
-111.00,235.00,1077.03
-106.00,235.00,1078.65
-101.00,235.00,1079.42
-96.00,235.00,1080.23
-91.00,235.00,1081.45
-86.00,235.00,1081.71
-81.00,235.00,1081.77
-76.00,235.00,1081.87
-71.00,235.00,1081.42
-66.00,235.00,1079.46
-61.00,235.00,1079.33
-56.00,235.00,1079.05
-51.00,235.00,1078.69
-46.00,235.00,1078.43
-41.00,235.00,1078.17
-36.00,235.00,1078.00
-31.00,235.00,1077.75
-26.00,235.00,1077.50
-21.00,235.00,1077.21
-16.00,235.00,1077.01
-11.00,235.00,1076.80
-6.00,235.00,1076.63
-1.00,235.00,1076.49
4.00,235.00,1076.07
9.00,235.00,1076.05
14.00,235.00,1075.72
19.00,235.00,1075.59
24.00,235.00,1075.48
29.00,235.00,1075.47
34.00,235.00,1075.27
39.00,235.00,1075.18
44.00,235.00,1075.21
49.00,235.00,1075.07
54.00,235.00,1074.93
59.00,235.00,1074.75
64.00,235.00,1074.65
69.00,235.00,1074.61
74.00,235.00,1074.37
79.00,235.00,1074.38
84.00,235.00,1074.28
89.00,235.00,1074.27
94.00,235.00,1074.23
99.00,235.00,1074.54
104.00,235.00,1075.08
109.00,235.00,1073.71
114.00,235.00,1073.78
119.00,235.00,1074.36
124.00,235.00,1073.62
129.00,235.00,1073.06
134.00,235.00,1072.43
139.00,235.00,1071.24
144.00,235.00,1071.36
149.00,235.00,1071.52
154.00,235.00,1071.83
159.00,235.00,1071.75
164.00,235.00,1071.96
169.00,235.00,1072.12
174.00,235.00,1072.27
179.00,235.00,1072.59
184.00,235.00,1072.19
189.00,235.00,1071.17
194.00,235.00,1070.96
199.00,235.00,1070.98
204.00,235.00,1071.00
209.00,235.00,1070.95
214.00,235.00,1071.07
219.00,235.00,1071.10
224.00,235.00,1071.10
229.00,235.00,1071.08
234.00,235.00,1071.09
239.00,235.00,1071.05
244.00,235.00,1071.07
249.00,235.00,1071.05
254.00,235.00,1070.91
259.00,235.00,1070.27
264.00,235.00,1070.08
269.00,235.00,1070.14
274.00,235.00,1070.14
279.00,235.00,1070.06
284.00,235.00,1070.18
289.00,235.00,1070.24
294.00,235.00,1070.12
299.00,235.00,1069.93
304.00,235.00,1069.90
309.00,235.00,1070.04
314.00,235.00,1069.72
319.00,235.00,1069.47
324.00,235.00,1069.59
329.00,235.00,1069.46
-271.00,240.00,1076.67
-266.00,240.00,1076.67
-261.00,240.00,1076.67
-256.00,240.00,1076.66
-251.00,240.00,1076.67
-246.00,240.00,1076.66
-241.00,240.00,1076.66
-236.00,240.00,1076.66
-231.00,240.00,1076.66
-226.00,240.00,1076.67
-221.00,240.00,1076.67
-216.00,240.00,1076.66
-211.00,240.00,1076.67
-206.00,240.00,1076.66
-201.00,240.00,1076.64
-196.00,240.00,1076.65
-191.00,240.00,1076.66
-186.00,240.00,1076.67
-181.00,240.00,1076.68
-176.00,240.00,1076.68
-171.00,240.00,1076.67
-166.00,240.00,1076.68
-161.00,240.00,1076.67
-156.00,240.00,1076.67
-151.00,240.00,1076.67
-146.00,240.00,1076.68
-141.00,240.00,1076.68
-136.00,240.00,1076.69
-131.00,240.00,1076.70
-126.00,240.00,1076.72
-121.00,240.00,1076.81
-116.00,240.00,1076.68
-111.00,240.00,1076.63
-106.00,240.00,1078.10
-101.00,240.00,1078.83
-96.00,240.00,1080.06
-91.00,240.00,1080.83
-86.00,240.00,1081.67
-81.00,240.00,1081.76
-76.00,240.00,1081.84
-71.00,240.00,1081.82
-66.00,240.00,1080.05
-61.00,240.00,1079.31
-56.00,240.00,1079.18
-51.00,240.00,1078.77
-46.00,240.00,1078.50
-41.00,240.00,1078.25
-36.00,240.00,1078.07
-31.00,240.00,1077.84
-26.00,240.00,1077.59
-21.00,240.00,1077.30
-16.00,240.00,1077.09
-11.00,240.00,1076.83
-6.00,240.00,1076.68
-1.00,240.00,1076.52
4.00,240.00,1076.13
9.00,240.00,1076.13
14.00,240.00,1075.79
19.00,240.00,1075.65
24.00,240.00,1075.54
29.00,240.00,1075.51
34.00,240.00,1075.32
39.00,240.00,1075.24
44.00,240.00,1075.15
49.00,240.00,1075.00
54.00,240.00,1074.88
59.00,240.00,1074.76
64.00,240.00,1074.67
69.00,240.00,1074.69
74.00,240.00,1074.40
79.00,240.00,1074.42
84.00,240.00,1074.30
89.00,240.00,1074.27
94.00,240.00,1074.21
99.00,240.00,1074.69
104.00,240.00,1075.00
109.00,240.00,1073.78
114.00,240.00,1073.90
119.00,240.00,1074.44
124.00,240.00,1073.46
129.00,240.00,1072.99
134.00,240.00,1072.44
139.00,240.00,1071.28
144.00,240.00,1071.38
149.00,240.00,1071.53
154.00,240.00,1071.88
159.00,240.00,1071.76
164.00,240.00,1071.97
169.00,240.00,1072.18
174.00,240.00,1072.33
179.00,240.00,1072.63
184.00,240.00,1072.40
189.00,240.00,1071.29
194.00,240.00,1071.00
199.00,240.00,1070.93
204.00,240.00,1071.00
209.00,240.00,1070.96
214.00,240.00,1070.93
219.00,240.00,1071.00
224.00,240.00,1071.03
229.00,240.00,1071.13
234.00,240.00,1071.16
239.00,240.00,1071.10
244.00,240.00,1071.10
249.00,240.00,1071.04
254.00,240.00,1070.95
259.00,240.00,1070.47
264.00,240.00,1070.23
269.00,240.00,1070.10
274.00,240.00,1070.12
279.00,240.00,1070.16
284.00,240.00,1070.08
289.00,240.00,1070.07
294.00,240.00,1069.96
299.00,240.00,1069.94
304.00,240.00,1070.16
309.00,240.00,1070.28
314.00,240.00,1070.00
319.00,240.00,1069.65
324.00,240.00,1069.54
329.00,240.00,1069.59
-271.00,245.00,1076.67
-266.00,245.00,1076.67
-261.00,245.00,1076.67
-256.00,245.00,1076.66
-251.00,245.00,1076.66
-246.00,245.00,1076.66
-241.00,245.00,1076.66
-236.00,245.00,1076.67
-231.00,245.00,1076.66
-226.00,245.00,1076.67
-221.00,245.00,1076.67
-216.00,245.00,1076.66
-211.00,245.00,1076.66
-206.00,245.00,1076.66
-201.00,245.00,1076.66
-196.00,245.00,1076.68
-191.00,245.00,1076.67
-186.00,245.00,1076.65
-181.00,245.00,1076.64
-176.00,245.00,1076.64
-171.00,245.00,1076.66
-166.00,245.00,1076.66
-161.00,245.00,1076.66
-156.00,245.00,1076.66
-151.00,245.00,1076.67
-146.00,245.00,1076.67
-141.00,245.00,1076.68
-136.00,245.00,1076.68
-131.00,245.00,1076.69
-126.00,245.00,1076.70
-121.00,245.00,1076.79
-116.00,245.00,1076.69
-111.00,245.00,1076.74
-106.00,245.00,1077.38
-101.00,245.00,1078.47
-96.00,245.00,1079.76
-91.00,245.00,1080.56
-86.00,245.00,1081.63
-81.00,245.00,1081.70
-76.00,245.00,1081.78
-71.00,245.00,1081.84
-66.00,245.00,1080.57
-61.00,245.00,1079.35
-56.00,245.00,1079.30
-51.00,245.00,1078.87
-46.00,245.00,1078.56
-41.00,245.00,1078.32
-36.00,245.00,1078.13
-31.00,245.00,1077.91
-26.00,245.00,1077.72
-21.00,245.00,1077.51
-16.00,245.00,1077.32
-11.00,245.00,1076.93
-6.00,245.00,1076.75
-1.00,245.00,1076.57
4.00,245.00,1076.20
9.00,245.00,1076.18
14.00,245.00,1075.88
19.00,245.00,1075.73
24.00,245.00,1075.59
29.00,245.00,1075.53
34.00,245.00,1075.35
39.00,245.00,1075.27
44.00,245.00,1075.32
49.00,245.00,1075.17
54.00,245.00,1075.00
59.00,245.00,1074.76
64.00,245.00,1074.68
69.00,245.00,1074.70
74.00,245.00,1074.45
79.00,245.00,1074.48
84.00,245.00,1074.34
89.00,245.00,1074.28
94.00,245.00,1074.27
99.00,245.00,1074.74
104.00,245.00,1074.90
109.00,245.00,1073.86
114.00,245.00,1074.04
119.00,245.00,1074.40
124.00,245.00,1073.33
129.00,245.00,1072.93
134.00,245.00,1072.44
139.00,245.00,1071.30
144.00,245.00,1071.41
149.00,245.00,1071.55
154.00,245.00,1071.86
159.00,245.00,1071.79
164.00,245.00,1072.00
169.00,245.00,1072.20
174.00,245.00,1072.34
179.00,245.00,1072.68
184.00,245.00,1072.45
189.00,245.00,1071.55
194.00,245.00,1071.15
199.00,245.00,1071.12
204.00,245.00,1070.92
209.00,245.00,1070.96
214.00,245.00,1070.90
219.00,245.00,1070.88
224.00,245.00,1071.01
229.00,245.00,1071.07
234.00,245.00,1071.19
239.00,245.00,1071.18
244.00,245.00,1071.13
249.00,245.00,1071.05
254.00,245.00,1070.93
259.00,245.00,1070.81
264.00,245.00,1070.72
269.00,245.00,1070.28
274.00,245.00,1070.12
279.00,245.00,1070.19
284.00,245.00,1070.10
289.00,245.00,1070.10
294.00,245.00,1070.07
299.00,245.00,1070.03
304.00,245.00,1070.28
309.00,245.00,1070.34
314.00,245.00,1070.19
319.00,245.00,1069.87
324.00,245.00,1069.48
329.00,245.00,1069.63
-271.00,250.00,1076.67
-266.00,250.00,1076.67
-261.00,250.00,1076.67
-256.00,250.00,1076.67
-251.00,250.00,1076.66
-246.00,250.00,1076.66
-241.00,250.00,1076.67
-236.00,250.00,1076.67
-231.00,250.00,1076.66
-226.00,250.00,1076.67
-221.00,250.00,1076.67
-216.00,250.00,1076.66
-211.00,250.00,1076.66
-206.00,250.00,1076.66
-201.00,250.00,1076.67
-196.00,250.00,1076.65
-191.00,250.00,1076.65
-186.00,250.00,1076.65
-181.00,250.00,1076.65
-176.00,250.00,1076.65
-171.00,250.00,1076.67
-166.00,250.00,1076.67
-161.00,250.00,1076.67
-156.00,250.00,1076.67
-151.00,250.00,1076.68
-146.00,250.00,1076.68
-141.00,250.00,1076.68
-136.00,250.00,1076.69
-131.00,250.00,1076.69
-126.00,250.00,1076.69
-121.00,250.00,1076.68
-116.00,250.00,1076.68
-111.00,250.00,1076.68
-106.00,250.00,1076.75
-101.00,250.00,1078.39
-96.00,250.00,1079.03
-91.00,250.00,1080.12
-86.00,250.00,1081.39
-81.00,250.00,1081.67
-76.00,250.00,1081.70
-71.00,250.00,1081.83
-66.00,250.00,1081.21
-61.00,250.00,1079.34
-56.00,250.00,1079.24
-51.00,250.00,1078.93
-46.00,250.00,1078.63
-41.00,250.00,1078.39
-36.00,250.00,1078.20
-31.00,250.00,1077.98
-26.00,250.00,1077.71
-21.00,250.00,1077.43
-16.00,250.00,1077.25
-11.00,250.00,1077.03
-6.00,250.00,1076.81
-1.00,250.00,1076.68
4.00,250.00,1076.30
9.00,250.00,1076.25
14.00,250.00,1076.05
19.00,250.00,1075.79
24.00,250.00,1075.62
29.00,250.00,1075.56
34.00,250.00,1075.36
39.00,250.00,1075.26
44.00,250.00,1075.16
49.00,250.00,1075.07
54.00,250.00,1074.85
59.00,250.00,1074.75
64.00,250.00,1074.67
69.00,250.00,1074.74
74.00,250.00,1074.47
79.00,250.00,1074.65
84.00,250.00,1074.39
89.00,250.00,1074.28
94.00,250.00,1074.34
99.00,250.00,1074.64
104.00,250.00,1074.61
109.00,250.00,1073.91
114.00,250.00,1074.15
119.00,250.00,1074.46
124.00,250.00,1073.26
129.00,250.00,1072.88
134.00,250.00,1072.56
139.00,250.00,1071.34
144.00,250.00,1071.44
149.00,250.00,1071.58
154.00,250.00,1071.88
159.00,250.00,1071.79
164.00,250.00,1072.01
169.00,250.00,1072.22
174.00,250.00,1072.33
179.00,250.00,1072.68
184.00,250.00,1072.49
189.00,250.00,1071.73
194.00,250.00,1071.20
199.00,250.00,1071.17
204.00,250.00,1071.10
209.00,250.00,1070.94
214.00,250.00,1070.92
219.00,250.00,1070.88
224.00,250.00,1070.84
229.00,250.00,1070.96
234.00,250.00,1071.12
239.00,250.00,1071.22
244.00,250.00,1071.19
249.00,250.00,1071.22
254.00,250.00,1071.12
259.00,250.00,1071.07
264.00,250.00,1071.00
269.00,250.00,1070.88
274.00,250.00,1070.33
279.00,250.00,1070.13
284.00,250.00,1070.17
289.00,250.00,1070.16
294.00,250.00,1070.13
299.00,250.00,1070.10
304.00,250.00,1070.20
309.00,250.00,1070.30
314.00,250.00,1070.19
319.00,250.00,1069.98
324.00,250.00,1069.72
329.00,250.00,1069.57
-271.00,255.00,1076.67
-266.00,255.00,1076.66
-261.00,255.00,1076.67
-256.00,255.00,1076.67
-251.00,255.00,1076.67
-246.00,255.00,1076.66
-241.00,255.00,1076.66
-236.00,255.00,1076.66
-231.00,255.00,1076.66
-226.00,255.00,1076.67
-221.00,255.00,1076.67
-216.00,255.00,1076.66
-211.00,255.00,1076.66
-206.00,255.00,1076.66
-201.00,255.00,1076.66
-196.00,255.00,1076.64
-191.00,255.00,1076.64
-186.00,255.00,1076.64
-181.00,255.00,1076.64
-176.00,255.00,1076.64
-171.00,255.00,1076.66
-166.00,255.00,1076.66
-161.00,255.00,1076.66
-156.00,255.00,1076.66
-151.00,255.00,1076.67
-146.00,255.00,1076.67
-141.00,255.00,1076.67
-136.00,255.00,1076.68
-131.00,255.00,1076.68
-126.00,255.00,1076.68
-121.00,255.00,1076.69
-116.00,255.00,1077.08
-111.00,255.00,1076.65
-106.00,255.00,1076.65
-101.00,255.00,1078.03
-96.00,255.00,1078.56
-91.00,255.00,1079.85
-86.00,255.00,1081.16
-81.00,255.00,1081.61
-76.00,255.00,1081.69
-71.00,255.00,1081.81
-66.00,255.00,1081.76
-61.00,255.00,1080.01
-56.00,255.00,1079.25
-51.00,255.00,1079.01
-46.00,255.00,1078.70
-41.00,255.00,1078.44
-36.00,255.00,1078.31
-31.00,255.00,1078.10
-26.00,255.00,1078.01
-21.00,255.00,1077.80
-16.00,255.00,1077.63
-11.00,255.00,1077.12
-6.00,255.00,1076.90
-1.00,255.00,1076.75
4.00,255.00,1076.39
9.00,255.00,1076.33
14.00,255.00,1076.19
19.00,255.00,1075.84
24.00,255.00,1075.67
29.00,255.00,1075.60
34.00,255.00,1075.37
39.00,255.00,1075.24
44.00,255.00,1075.11
49.00,255.00,1074.99
54.00,255.00,1074.79
59.00,255.00,1074.73
64.00,255.00,1074.63
69.00,255.00,1074.67
74.00,255.00,1074.49
79.00,255.00,1074.60
84.00,255.00,1074.37
89.00,255.00,1074.26
94.00,255.00,1074.24
99.00,255.00,1074.54
104.00,255.00,1074.39
109.00,255.00,1073.97
114.00,255.00,1074.31
119.00,255.00,1074.34
124.00,255.00,1073.29
129.00,255.00,1072.81
134.00,255.00,1072.50
139.00,255.00,1071.40
144.00,255.00,1071.47
149.00,255.00,1071.59
154.00,255.00,1071.90
159.00,255.00,1071.79
164.00,255.00,1072.02
169.00,255.00,1072.21
174.00,255.00,1072.32
179.00,255.00,1072.65
184.00,255.00,1072.49
189.00,255.00,1071.85
194.00,255.00,1071.28
199.00,255.00,1071.20
204.00,255.00,1071.15
209.00,255.00,1071.07
214.00,255.00,1070.88
219.00,255.00,1070.89
224.00,255.00,1070.84
229.00,255.00,1070.82
234.00,255.00,1071.01
239.00,255.00,1071.18
244.00,255.00,1071.29
249.00,255.00,1071.30
254.00,255.00,1071.27
259.00,255.00,1071.15
264.00,255.00,1071.03
269.00,255.00,1070.86
274.00,255.00,1070.75
279.00,255.00,1070.38
284.00,255.00,1070.16
289.00,255.00,1070.21
294.00,255.00,1070.15
299.00,255.00,1070.20
304.00,255.00,1070.24
309.00,255.00,1070.21
314.00,255.00,1070.18
319.00,255.00,1070.09
324.00,255.00,1069.87
329.00,255.00,1069.51
-271.00,260.00,1076.67
-266.00,260.00,1076.67
-261.00,260.00,1076.66
-256.00,260.00,1076.66
-251.00,260.00,1076.66
-246.00,260.00,1076.66
-241.00,260.00,1076.66
-236.00,260.00,1076.66
-231.00,260.00,1076.66
-226.00,260.00,1076.67
-221.00,260.00,1076.67
-216.00,260.00,1076.66
-211.00,260.00,1076.66
-206.00,260.00,1076.66
-201.00,260.00,1076.67
-196.00,260.00,1076.65
-191.00,260.00,1076.63
-186.00,260.00,1076.63
-181.00,260.00,1076.63
-176.00,260.00,1076.63
-171.00,260.00,1076.65
-166.00,260.00,1076.65
-161.00,260.00,1076.66
-156.00,260.00,1076.66
-151.00,260.00,1076.66
-146.00,260.00,1076.67
-141.00,260.00,1076.67
-136.00,260.00,1076.67
-131.00,260.00,1076.68
-126.00,260.00,1076.68
-121.00,260.00,1076.70
-116.00,260.00,1076.63
-111.00,260.00,1076.63
-106.00,260.00,1076.66
-101.00,260.00,1077.38
-96.00,260.00,1078.43
-91.00,260.00,1079.68
-86.00,260.00,1080.61
-81.00,260.00,1081.65
-76.00,260.00,1081.68
-71.00,260.00,1081.75
-66.00,260.00,1081.86
-61.00,260.00,1080.59
-56.00,260.00,1079.33
-51.00,260.00,1079.07
-46.00,260.00,1078.79
-41.00,260.00,1078.53
-36.00,260.00,1078.38
-31.00,260.00,1078.21
-26.00,260.00,1078.03
-21.00,260.00,1077.79
-16.00,260.00,1077.53
-11.00,260.00,1077.25
-6.00,260.00,1077.01
-1.00,260.00,1076.82
4.00,260.00,1076.51
9.00,260.00,1076.42
14.00,260.00,1076.09
19.00,260.00,1075.89
24.00,260.00,1075.74
29.00,260.00,1075.63
34.00,260.00,1075.42
39.00,260.00,1075.25
44.00,260.00,1075.12
49.00,260.00,1075.01
54.00,260.00,1074.80
59.00,260.00,1074.71
64.00,260.00,1074.64
69.00,260.00,1074.70
74.00,260.00,1074.46
79.00,260.00,1074.45
84.00,260.00,1074.31
89.00,260.00,1074.25
94.00,260.00,1074.22
99.00,260.00,1074.63
104.00,260.00,1074.23
109.00,260.00,1074.00
114.00,260.00,1074.38
119.00,260.00,1074.18
124.00,260.00,1073.17
129.00,260.00,1072.73
134.00,260.00,1072.44
139.00,260.00,1071.42
144.00,260.00,1071.48
149.00,260.00,1071.62
154.00,260.00,1071.89
159.00,260.00,1071.84
164.00,260.00,1072.00
169.00,260.00,1072.18
174.00,260.00,1072.27
179.00,260.00,1072.60
184.00,260.00,1072.49
189.00,260.00,1071.90
194.00,260.00,1071.27
199.00,260.00,1071.26
204.00,260.00,1071.21
209.00,260.00,1071.12
214.00,260.00,1071.05
219.00,260.00,1070.82
224.00,260.00,1070.86
229.00,260.00,1070.81
234.00,260.00,1070.85
239.00,260.00,1071.13
244.00,260.00,1071.27
249.00,260.00,1071.35
254.00,260.00,1071.26
259.00,260.00,1071.07
264.00,260.00,1070.95
269.00,260.00,1070.92
274.00,260.00,1070.81
279.00,260.00,1070.61
284.00,260.00,1070.32
289.00,260.00,1070.23
294.00,260.00,1070.27
299.00,260.00,1070.30
304.00,260.00,1070.28
309.00,260.00,1070.10
314.00,260.00,1070.27
319.00,260.00,1070.36
324.00,260.00,1070.04
329.00,260.00,1069.60
-271.00,265.00,1076.67
-266.00,265.00,1076.67
-261.00,265.00,1076.66
-256.00,265.00,1076.67
-251.00,265.00,1076.67
-246.00,265.00,1076.66
-241.00,265.00,1076.67
-236.00,265.00,1076.67
-231.00,265.00,1076.67
-226.00,265.00,1076.66
-221.00,265.00,1076.66
-216.00,265.00,1076.66
-211.00,265.00,1076.66
-206.00,265.00,1076.66
-201.00,265.00,1076.67
-196.00,265.00,1076.65
-191.00,265.00,1076.64
-186.00,265.00,1076.63
-181.00,265.00,1076.63
-176.00,265.00,1076.63
-171.00,265.00,1076.64
-166.00,265.00,1076.64
-161.00,265.00,1076.64
-156.00,265.00,1076.64
-151.00,265.00,1076.64
-146.00,265.00,1076.64
-141.00,265.00,1076.65
-136.00,265.00,1076.65
-131.00,265.00,1076.66
-126.00,265.00,1076.66
-121.00,265.00,1076.66
-116.00,265.00,1076.66
-111.00,265.00,1076.65
-106.00,265.00,1076.64
-101.00,265.00,1076.88
-96.00,265.00,1078.38
-91.00,265.00,1079.33
-86.00,265.00,1080.24
-81.00,265.00,1081.51
-76.00,265.00,1081.62
-71.00,265.00,1081.74
-66.00,265.00,1081.81
-61.00,265.00,1081.16
-56.00,265.00,1079.63
-51.00,265.00,1079.09
-46.00,265.00,1078.86
-41.00,265.00,1078.63
-36.00,265.00,1078.45
-31.00,265.00,1078.31
-26.00,265.00,1078.14
-21.00,265.00,1077.90
-16.00,265.00,1077.66
-11.00,265.00,1077.38
-6.00,265.00,1077.24
-1.00,265.00,1076.98
4.00,265.00,1076.60
9.00,265.00,1076.53
14.00,265.00,1076.15
19.00,265.00,1075.96
24.00,265.00,1075.90
29.00,265.00,1075.79
34.00,265.00,1075.56
39.00,265.00,1075.26
44.00,265.00,1075.12
49.00,265.00,1075.03
54.00,265.00,1074.80
59.00,265.00,1074.71
64.00,265.00,1074.65
69.00,265.00,1074.72
74.00,265.00,1074.42
79.00,265.00,1074.39
84.00,265.00,1074.28
89.00,265.00,1074.24
94.00,265.00,1074.13
99.00,265.00,1074.74
104.00,265.00,1074.14
109.00,265.00,1074.01
114.00,265.00,1074.52
119.00,265.00,1074.15
124.00,265.00,1073.12
129.00,265.00,1072.67
134.00,265.00,1072.34
139.00,265.00,1071.43
144.00,265.00,1071.51
149.00,265.00,1071.63
154.00,265.00,1071.88
159.00,265.00,1071.85
164.00,265.00,1071.99
169.00,265.00,1072.14
174.00,265.00,1072.22
179.00,265.00,1072.57
184.00,265.00,1072.51
189.00,265.00,1071.94
194.00,265.00,1071.37
199.00,265.00,1071.31
204.00,265.00,1071.31
209.00,265.00,1071.21
214.00,265.00,1071.10
219.00,265.00,1070.97
224.00,265.00,1070.81
229.00,265.00,1070.84
234.00,265.00,1070.74
239.00,265.00,1070.97
244.00,265.00,1071.24
249.00,265.00,1071.37
254.00,265.00,1071.12
259.00,265.00,1070.98
264.00,265.00,1070.94
269.00,265.00,1070.96
274.00,265.00,1070.87
279.00,265.00,1070.60
284.00,265.00,1070.51
289.00,265.00,1070.25
294.00,265.00,1070.33
299.00,265.00,1070.32
304.00,265.00,1070.20
309.00,265.00,1070.27
314.00,265.00,1070.34
319.00,265.00,1070.28
324.00,265.00,1070.12
329.00,265.00,1069.74
-271.00,270.00,1076.67
-266.00,270.00,1076.66
-261.00,270.00,1076.67
-256.00,270.00,1076.66
-251.00,270.00,1076.66
-246.00,270.00,1076.66
-241.00,270.00,1076.66
-236.00,270.00,1076.66
-231.00,270.00,1076.67
-226.00,270.00,1076.67
-221.00,270.00,1076.66
-216.00,270.00,1076.66
-211.00,270.00,1076.66
-206.00,270.00,1076.66
-201.00,270.00,1076.66
-196.00,270.00,1076.66
-191.00,270.00,1076.64
-186.00,270.00,1076.63
-181.00,270.00,1076.62
-176.00,270.00,1076.63
-171.00,270.00,1076.63
-166.00,270.00,1076.64
-161.00,270.00,1076.64
-156.00,270.00,1076.64
-151.00,270.00,1076.64
-146.00,270.00,1076.65
-141.00,270.00,1076.65
-136.00,270.00,1076.65
-131.00,270.00,1076.66
-126.00,270.00,1076.65
-121.00,270.00,1076.65
-116.00,270.00,1076.64
-111.00,270.00,1076.75
-106.00,270.00,1076.74
-101.00,270.00,1076.72
-96.00,270.00,1078.37
-91.00,270.00,1078.95
-86.00,270.00,1080.09
-81.00,270.00,1081.14
-76.00,270.00,1081.58
-71.00,270.00,1081.72
-66.00,270.00,1081.80
-61.00,270.00,1081.70
-56.00,270.00,1080.00
-51.00,270.00,1079.11
-46.00,270.00,1078.87
-41.00,270.00,1078.66
-36.00,270.00,1078.48
-31.00,270.00,1078.33
-26.00,270.00,1078.17
-21.00,270.00,1077.94
-16.00,270.00,1077.74
-11.00,270.00,1077.49
-6.00,270.00,1077.39
-1.00,270.00,1077.22
4.00,270.00,1076.68
9.00,270.00,1076.67
14.00,270.00,1076.22
19.00,270.00,1076.03
24.00,270.00,1075.81
29.00,270.00,1075.61
34.00,270.00,1075.42
39.00,270.00,1075.27
44.00,270.00,1075.13
49.00,270.00,1075.01
54.00,270.00,1074.79
59.00,270.00,1074.67
64.00,270.00,1074.73
69.00,270.00,1074.65
74.00,270.00,1074.37
79.00,270.00,1074.33
84.00,270.00,1074.24
89.00,270.00,1074.19
94.00,270.00,1074.18
99.00,270.00,1074.94
104.00,270.00,1074.06
109.00,270.00,1073.99
114.00,270.00,1074.57
119.00,270.00,1074.14
124.00,270.00,1072.90
129.00,270.00,1072.57
134.00,270.00,1072.33
139.00,270.00,1071.44
144.00,270.00,1071.52
149.00,270.00,1071.65
154.00,270.00,1071.88
159.00,270.00,1071.85
164.00,270.00,1071.97
169.00,270.00,1072.09
174.00,270.00,1072.14
179.00,270.00,1072.44
184.00,270.00,1072.55
189.00,270.00,1071.96
194.00,270.00,1071.43
199.00,270.00,1071.37
204.00,270.00,1071.35
209.00,270.00,1071.26
214.00,270.00,1071.18
219.00,270.00,1071.08
224.00,270.00,1070.97
229.00,270.00,1070.74
234.00,270.00,1070.80
239.00,270.00,1070.67
244.00,270.00,1070.98
249.00,270.00,1071.14
254.00,270.00,1071.19
259.00,270.00,1071.13
264.00,270.00,1071.03
269.00,270.00,1071.01
274.00,270.00,1070.88
279.00,270.00,1070.83
284.00,270.00,1070.68
289.00,270.00,1070.28
294.00,270.00,1070.38
299.00,270.00,1070.42
304.00,270.00,1070.23
309.00,270.00,1070.15
314.00,270.00,1070.12
319.00,270.00,1070.13
324.00,270.00,1070.01
329.00,270.00,1069.76
-271.00,275.00,1076.67
-266.00,275.00,1076.67
-261.00,275.00,1076.66
-256.00,275.00,1076.67
-251.00,275.00,1076.66
-246.00,275.00,1076.66
-241.00,275.00,1076.66
-236.00,275.00,1076.67
-231.00,275.00,1076.67
-226.00,275.00,1076.67
-221.00,275.00,1076.66
-216.00,275.00,1076.66
-211.00,275.00,1076.66
-206.00,275.00,1076.66
-201.00,275.00,1076.65
-196.00,275.00,1076.68
-191.00,275.00,1076.65
-186.00,275.00,1076.63
-181.00,275.00,1076.62
-176.00,275.00,1076.62
-171.00,275.00,1076.63
-166.00,275.00,1076.64
-161.00,275.00,1076.64
-156.00,275.00,1076.64
-151.00,275.00,1076.64
-146.00,275.00,1076.65
-141.00,275.00,1076.65
-136.00,275.00,1076.65
-131.00,275.00,1076.65
-126.00,275.00,1076.64
-121.00,275.00,1076.65
-116.00,275.00,1076.64
-111.00,275.00,1076.67
-106.00,275.00,1076.63
-101.00,275.00,1076.64
-96.00,275.00,1078.16
-91.00,275.00,1078.73
-86.00,275.00,1080.07
-81.00,275.00,1080.71
-76.00,275.00,1081.58
-71.00,275.00,1081.66
-66.00,275.00,1081.74
-61.00,275.00,1081.84
-56.00,275.00,1080.48
-51.00,275.00,1079.14
-46.00,275.00,1078.81
-41.00,275.00,1078.65
-36.00,275.00,1078.49
-31.00,275.00,1078.32
-26.00,275.00,1078.13
-21.00,275.00,1077.95
-16.00,275.00,1077.78
-11.00,275.00,1077.57
-6.00,275.00,1077.38
-1.00,275.00,1077.20
4.00,275.00,1076.76
9.00,275.00,1076.70
14.00,275.00,1076.29
19.00,275.00,1076.08
24.00,275.00,1075.91
29.00,275.00,1075.69
34.00,275.00,1075.53
39.00,275.00,1075.27
44.00,275.00,1075.15
49.00,275.00,1074.99
54.00,275.00,1074.81
59.00,275.00,1074.67
64.00,275.00,1074.66
69.00,275.00,1074.52
74.00,275.00,1074.33
79.00,275.00,1074.29
84.00,275.00,1074.19
89.00,275.00,1074.13
94.00,275.00,1074.18
99.00,275.00,1074.96
104.00,275.00,1073.94
109.00,275.00,1073.98
114.00,275.00,1074.60
119.00,275.00,1074.16
124.00,275.00,1072.75
129.00,275.00,1072.56
134.00,275.00,1072.30
139.00,275.00,1071.47
144.00,275.00,1071.53
149.00,275.00,1071.64
154.00,275.00,1071.90
159.00,275.00,1071.87
164.00,275.00,1071.96
169.00,275.00,1072.04
174.00,275.00,1072.08
179.00,275.00,1072.38
184.00,275.00,1072.55
189.00,275.00,1072.02
194.00,275.00,1071.46
199.00,275.00,1071.36
204.00,275.00,1071.33
209.00,275.00,1071.28
214.00,275.00,1071.21
219.00,275.00,1071.12
224.00,275.00,1071.00
229.00,275.00,1070.82
234.00,275.00,1070.77
239.00,275.00,1070.72
244.00,275.00,1070.86
249.00,275.00,1071.07
254.00,275.00,1070.99
259.00,275.00,1070.95
264.00,275.00,1070.81
269.00,275.00,1070.89
274.00,275.00,1070.79
279.00,275.00,1070.67
284.00,275.00,1070.58
289.00,275.00,1070.29
294.00,275.00,1070.43
299.00,275.00,1070.43
304.00,275.00,1070.53
309.00,275.00,1070.53
314.00,275.00,1070.64
319.00,275.00,1070.50
324.00,275.00,1070.14
329.00,275.00,1069.78
-271.00,280.00,1076.67
-266.00,280.00,1076.67
-261.00,280.00,1076.66
-256.00,280.00,1076.66
-251.00,280.00,1076.66
-246.00,280.00,1076.67
-241.00,280.00,1076.66
-236.00,280.00,1076.66
-231.00,280.00,1076.67
-226.00,280.00,1076.66
-221.00,280.00,1076.66
-216.00,280.00,1076.66
-211.00,280.00,1076.66
-206.00,280.00,1076.66
-201.00,280.00,1076.67
-196.00,280.00,1076.67
-191.00,280.00,1076.65
-186.00,280.00,1076.64
-181.00,280.00,1076.62
-176.00,280.00,1076.62
-171.00,280.00,1076.63
-166.00,280.00,1076.63
-161.00,280.00,1076.64
-156.00,280.00,1076.65
-151.00,280.00,1076.66
-146.00,280.00,1076.66
-141.00,280.00,1076.67
-136.00,280.00,1076.67
-131.00,280.00,1076.67
-126.00,280.00,1076.70
-121.00,280.00,1076.73
-116.00,280.00,1076.73
-111.00,280.00,1076.74
-106.00,280.00,1076.65
-101.00,280.00,1076.64
-96.00,280.00,1077.60
-91.00,280.00,1078.48
-86.00,280.00,1080.11
-81.00,280.00,1080.35
-76.00,280.00,1081.44
-71.00,280.00,1081.57
-66.00,280.00,1081.68
-61.00,280.00,1081.76
-56.00,280.00,1081.01
-51.00,280.00,1079.46
-46.00,280.00,1078.79
-41.00,280.00,1078.59
-36.00,280.00,1078.43
-31.00,280.00,1078.28
-26.00,280.00,1078.12
-21.00,280.00,1077.92
-16.00,280.00,1077.79
-11.00,280.00,1077.61
-6.00,280.00,1077.42
-1.00,280.00,1077.28
4.00,280.00,1076.83
9.00,280.00,1076.72
14.00,280.00,1076.35
19.00,280.00,1076.13
24.00,280.00,1075.92
29.00,280.00,1075.75
34.00,280.00,1075.45
39.00,280.00,1075.30
44.00,280.00,1075.17
49.00,280.00,1074.99
54.00,280.00,1074.80
59.00,280.00,1074.66
64.00,280.00,1074.55
69.00,280.00,1074.50
74.00,280.00,1074.27
79.00,280.00,1074.23
84.00,280.00,1074.12
89.00,280.00,1074.09
94.00,280.00,1074.16
99.00,280.00,1074.87
104.00,280.00,1073.87
109.00,280.00,1073.93
114.00,280.00,1074.65
119.00,280.00,1074.31
124.00,280.00,1072.50
129.00,280.00,1072.44
134.00,280.00,1072.20
139.00,280.00,1071.47
144.00,280.00,1071.53
149.00,280.00,1071.66
154.00,280.00,1071.89
159.00,280.00,1071.89
164.00,280.00,1071.97
169.00,280.00,1071.99
174.00,280.00,1071.99
179.00,280.00,1072.27
184.00,280.00,1072.55
189.00,280.00,1072.07
194.00,280.00,1071.50
199.00,280.00,1071.37
204.00,280.00,1071.31
209.00,280.00,1071.30
214.00,280.00,1071.24
219.00,280.00,1071.13
224.00,280.00,1071.05
229.00,280.00,1070.98
234.00,280.00,1070.71
239.00,280.00,1070.76
244.00,280.00,1070.66
249.00,280.00,1070.79
254.00,280.00,1070.92
259.00,280.00,1070.97
264.00,280.00,1070.81
269.00,280.00,1070.74
274.00,280.00,1070.55
279.00,280.00,1070.46
284.00,280.00,1070.43
289.00,280.00,1070.30
294.00,280.00,1070.40
299.00,280.00,1070.41
304.00,280.00,1070.54
309.00,280.00,1070.63
314.00,280.00,1070.63
319.00,280.00,1070.51
324.00,280.00,1070.21
329.00,280.00,1069.86
-271.00,285.00,1076.67
-266.00,285.00,1076.66
-261.00,285.00,1076.66
-256.00,285.00,1076.66
-251.00,285.00,1076.67
-246.00,285.00,1076.67
-241.00,285.00,1076.67
-236.00,285.00,1076.67
-231.00,285.00,1076.66
-226.00,285.00,1076.67
-221.00,285.00,1076.66
-216.00,285.00,1076.66
-211.00,285.00,1076.65
-206.00,285.00,1076.67
-201.00,285.00,1076.68
-196.00,285.00,1076.65
-191.00,285.00,1076.64
-186.00,285.00,1076.63
-181.00,285.00,1076.63
-176.00,285.00,1076.62
-171.00,285.00,1076.62
-166.00,285.00,1076.64
-161.00,285.00,1076.65
-156.00,285.00,1076.66
-151.00,285.00,1076.66
-146.00,285.00,1076.67
-141.00,285.00,1076.69
-136.00,285.00,1076.72
-131.00,285.00,1076.73
-126.00,285.00,1076.73
-121.00,285.00,1076.73
-116.00,285.00,1076.72
-111.00,285.00,1076.74
-106.00,285.00,1076.73
-101.00,285.00,1076.64
-96.00,285.00,1077.02
-91.00,285.00,1078.26
-86.00,285.00,1079.84
-81.00,285.00,1080.10
-76.00,285.00,1081.19
-71.00,285.00,1081.52
-66.00,285.00,1081.65
-61.00,285.00,1081.63
-56.00,285.00,1080.69
-51.00,285.00,1079.65
-46.00,285.00,1078.81
-41.00,285.00,1078.53
-36.00,285.00,1078.34
-31.00,285.00,1078.19
-26.00,285.00,1078.04
-21.00,285.00,1077.89
-16.00,285.00,1077.74
-11.00,285.00,1077.61
-6.00,285.00,1077.43
-1.00,285.00,1077.30
4.00,285.00,1076.87
9.00,285.00,1076.79
14.00,285.00,1076.40
19.00,285.00,1076.18
24.00,285.00,1075.96
29.00,285.00,1075.80
34.00,285.00,1075.49
39.00,285.00,1075.35
44.00,285.00,1075.19
49.00,285.00,1075.01
54.00,285.00,1074.81
59.00,285.00,1074.66
64.00,285.00,1074.54
69.00,285.00,1074.54
74.00,285.00,1074.26
79.00,285.00,1074.16
84.00,285.00,1074.08
89.00,285.00,1074.07
94.00,285.00,1074.10
99.00,285.00,1074.72
104.00,285.00,1073.81
109.00,285.00,1073.89
114.00,285.00,1074.68
119.00,285.00,1074.16
124.00,285.00,1072.27
129.00,285.00,1072.22
134.00,285.00,1072.13
139.00,285.00,1071.46
144.00,285.00,1071.56
149.00,285.00,1071.66
154.00,285.00,1071.88
159.00,285.00,1071.89
164.00,285.00,1071.93
169.00,285.00,1071.96
174.00,285.00,1071.89
179.00,285.00,1072.18
184.00,285.00,1072.53
189.00,285.00,1072.09
194.00,285.00,1071.53
199.00,285.00,1071.37
204.00,285.00,1071.33
209.00,285.00,1071.28
214.00,285.00,1071.24
219.00,285.00,1071.16
224.00,285.00,1071.09
229.00,285.00,1071.00
234.00,285.00,1070.78
239.00,285.00,1070.76
244.00,285.00,1070.65
249.00,285.00,1070.80
254.00,285.00,1070.98
259.00,285.00,1070.84
264.00,285.00,1070.73
269.00,285.00,1070.62
274.00,285.00,1070.56
279.00,285.00,1070.56
284.00,285.00,1070.50
289.00,285.00,1070.30
294.00,285.00,1070.39
299.00,285.00,1070.36
304.00,285.00,1070.42
309.00,285.00,1070.53
314.00,285.00,1070.49
319.00,285.00,1070.47
324.00,285.00,1070.21
329.00,285.00,1069.84
-271.00,290.00,1076.67
-266.00,290.00,1076.66
-261.00,290.00,1076.67
-256.00,290.00,1076.66
-251.00,290.00,1076.66
-246.00,290.00,1076.66
-241.00,290.00,1076.67
-236.00,290.00,1076.67
-231.00,290.00,1076.66
-226.00,290.00,1076.66
-221.00,290.00,1076.66
-216.00,290.00,1076.67
-211.00,290.00,1076.66
-206.00,290.00,1076.69
-201.00,290.00,1076.64
-196.00,290.00,1076.63
-191.00,290.00,1076.66
-186.00,290.00,1076.66
-181.00,290.00,1076.66
-176.00,290.00,1076.67
-171.00,290.00,1076.66
-166.00,290.00,1076.66
-161.00,290.00,1076.67
-156.00,290.00,1076.67
-151.00,290.00,1076.67
-146.00,290.00,1076.69
-141.00,290.00,1076.69
-136.00,290.00,1076.69
-131.00,290.00,1076.70
-126.00,290.00,1076.72
-121.00,290.00,1076.74
-116.00,290.00,1076.73
-111.00,290.00,1076.69
-106.00,290.00,1076.70
-101.00,290.00,1076.65
-96.00,290.00,1076.74
-91.00,290.00,1078.08
-86.00,290.00,1079.14
-81.00,290.00,1079.96
-76.00,290.00,1080.60
-71.00,290.00,1081.49
-66.00,290.00,1081.57
-61.00,290.00,1081.65
-56.00,290.00,1081.30
-51.00,290.00,1080.34
-46.00,290.00,1078.74
-41.00,290.00,1078.37
-36.00,290.00,1078.22
-31.00,290.00,1078.09
-26.00,290.00,1077.98
-21.00,290.00,1077.83
-16.00,290.00,1077.67
-11.00,290.00,1077.58
-6.00,290.00,1077.42
-1.00,290.00,1077.31
4.00,290.00,1076.91
9.00,290.00,1076.90
14.00,290.00,1076.44
19.00,290.00,1076.22
24.00,290.00,1076.02
29.00,290.00,1075.87
34.00,290.00,1075.56
39.00,290.00,1075.40
44.00,290.00,1075.22
49.00,290.00,1075.07
54.00,290.00,1074.83
59.00,290.00,1074.67
64.00,290.00,1074.55
69.00,290.00,1074.57
74.00,290.00,1074.22
79.00,290.00,1074.11
84.00,290.00,1074.03
89.00,290.00,1074.04
94.00,290.00,1074.11
99.00,290.00,1074.49
104.00,290.00,1073.74
109.00,290.00,1073.87
114.00,290.00,1074.66
119.00,290.00,1073.42
124.00,290.00,1072.18
129.00,290.00,1072.20
134.00,290.00,1072.03
139.00,290.00,1071.46
144.00,290.00,1071.56
149.00,290.00,1071.67
154.00,290.00,1071.87
159.00,290.00,1071.89
164.00,290.00,1071.91
169.00,290.00,1071.89
174.00,290.00,1071.82
179.00,290.00,1072.02
184.00,290.00,1072.56
189.00,290.00,1072.12
194.00,290.00,1071.51
199.00,290.00,1071.40
204.00,290.00,1071.35
209.00,290.00,1071.32
214.00,290.00,1071.26
219.00,290.00,1071.18
224.00,290.00,1071.08
229.00,290.00,1071.04
234.00,290.00,1070.85
239.00,290.00,1070.68
244.00,290.00,1070.67
249.00,290.00,1070.76
254.00,290.00,1070.91
259.00,290.00,1070.97
264.00,290.00,1070.72
269.00,290.00,1070.52
274.00,290.00,1070.58
279.00,290.00,1070.68
284.00,290.00,1070.52
289.00,290.00,1070.31
294.00,290.00,1070.39
299.00,290.00,1070.37
304.00,290.00,1070.37
309.00,290.00,1070.45
314.00,290.00,1070.45
319.00,290.00,1070.44
324.00,290.00,1070.19
329.00,290.00,1069.85
-271.00,295.00,1076.67
-266.00,295.00,1076.66
-261.00,295.00,1076.66
-256.00,295.00,1076.67
-251.00,295.00,1076.66
-246.00,295.00,1076.66
-241.00,295.00,1076.66
-236.00,295.00,1076.67
-231.00,295.00,1076.66
-226.00,295.00,1076.67
-221.00,295.00,1076.66
-216.00,295.00,1076.66
-211.00,295.00,1076.64
-206.00,295.00,1076.63
-201.00,295.00,1076.65
-196.00,295.00,1076.71
-191.00,295.00,1076.66
-186.00,295.00,1076.65
-181.00,295.00,1076.67
-176.00,295.00,1076.69
-171.00,295.00,1076.70
-166.00,295.00,1076.70
-161.00,295.00,1076.70
-156.00,295.00,1076.70
-151.00,295.00,1076.70
-146.00,295.00,1076.70
-141.00,295.00,1076.70
-136.00,295.00,1076.72
-131.00,295.00,1076.73
-126.00,295.00,1076.73
-121.00,295.00,1076.69
-116.00,295.00,1076.66
-111.00,295.00,1076.69
-106.00,295.00,1076.67
-101.00,295.00,1076.66
-96.00,295.00,1076.67
-91.00,295.00,1077.74
-86.00,295.00,1078.33
-81.00,295.00,1079.67
-76.00,295.00,1080.15
-71.00,295.00,1081.42
-66.00,295.00,1081.53
-61.00,295.00,1081.65
-56.00,295.00,1081.73
-51.00,295.00,1080.59
-46.00,295.00,1078.71
-41.00,295.00,1078.27
-36.00,295.00,1078.14
-31.00,295.00,1077.99
-26.00,295.00,1077.87
-21.00,295.00,1077.73
-16.00,295.00,1077.61
-11.00,295.00,1077.52
-6.00,295.00,1077.39
-1.00,295.00,1077.32
4.00,295.00,1076.91
9.00,295.00,1076.86
14.00,295.00,1076.47
19.00,295.00,1076.24
24.00,295.00,1076.05
29.00,295.00,1075.92
34.00,295.00,1075.63
39.00,295.00,1075.45
44.00,295.00,1075.26
49.00,295.00,1075.11
54.00,295.00,1074.85
59.00,295.00,1074.67
64.00,295.00,1074.54
69.00,295.00,1074.55
74.00,295.00,1074.21
79.00,295.00,1074.09
84.00,295.00,1074.01
89.00,295.00,1074.02
94.00,295.00,1074.09
99.00,295.00,1074.28
104.00,295.00,1073.67
109.00,295.00,1073.86
114.00,295.00,1074.67
119.00,295.00,1073.07
124.00,295.00,1072.22
129.00,295.00,1072.14
134.00,295.00,1072.00
139.00,295.00,1071.46
144.00,295.00,1071.55
149.00,295.00,1071.66
154.00,295.00,1071.89
159.00,295.00,1071.88
164.00,295.00,1071.88
169.00,295.00,1071.84
174.00,295.00,1071.78
179.00,295.00,1071.96
184.00,295.00,1072.62
189.00,295.00,1072.22
194.00,295.00,1071.48
199.00,295.00,1071.42
204.00,295.00,1071.40
209.00,295.00,1071.38
214.00,295.00,1071.25
219.00,295.00,1071.18
224.00,295.00,1071.09
229.00,295.00,1071.08
234.00,295.00,1070.89
239.00,295.00,1070.66
244.00,295.00,1070.68
249.00,295.00,1070.71
254.00,295.00,1070.91
259.00,295.00,1071.00
264.00,295.00,1070.68
269.00,295.00,1070.72
274.00,295.00,1070.67
279.00,295.00,1070.68
284.00,295.00,1070.60
289.00,295.00,1070.31
294.00,295.00,1070.38
299.00,295.00,1070.39
304.00,295.00,1070.38
309.00,295.00,1070.47
314.00,295.00,1070.51
319.00,295.00,1070.53
324.00,295.00,1070.32
329.00,295.00,1069.96
-271.00,300.00,1076.66
-266.00,300.00,1076.66
-261.00,300.00,1076.67
-256.00,300.00,1076.67
-251.00,300.00,1076.66
-246.00,300.00,1076.67
-241.00,300.00,1076.66
-236.00,300.00,1076.66
-231.00,300.00,1076.65
-226.00,300.00,1076.67
-221.00,300.00,1076.66
-216.00,300.00,1076.66
-211.00,300.00,1076.66
-206.00,300.00,1076.67
-201.00,300.00,1076.67
-196.00,300.00,1076.66
-191.00,300.00,1076.63
-186.00,300.00,1076.64
-181.00,300.00,1076.67
-176.00,300.00,1076.65
-171.00,300.00,1076.67
-166.00,300.00,1076.68
-161.00,300.00,1076.69
-156.00,300.00,1076.70
-151.00,300.00,1076.71
-146.00,300.00,1076.71
-141.00,300.00,1076.72
-136.00,300.00,1076.72
-131.00,300.00,1076.68
-126.00,300.00,1076.68
-121.00,300.00,1076.67
-116.00,300.00,1076.66
-111.00,300.00,1076.69
-106.00,300.00,1076.67
-101.00,300.00,1076.66
-96.00,300.00,1076.66
-91.00,300.00,1077.45
-86.00,300.00,1078.23
-81.00,300.00,1079.24
-76.00,300.00,1079.87
-71.00,300.00,1081.22
-66.00,300.00,1081.51
-61.00,300.00,1081.63
-56.00,300.00,1081.69
-51.00,300.00,1081.08
-46.00,300.00,1079.21
-41.00,300.00,1078.19
-36.00,300.00,1078.07
-31.00,300.00,1077.95
-26.00,300.00,1077.81
-21.00,300.00,1077.66
-16.00,300.00,1077.56
-11.00,300.00,1077.44
-6.00,300.00,1077.33
-1.00,300.00,1077.18
4.00,300.00,1076.87
9.00,300.00,1076.77
14.00,300.00,1076.50
19.00,300.00,1076.29
24.00,300.00,1076.11
29.00,300.00,1075.93
34.00,300.00,1075.72
39.00,300.00,1075.54
44.00,300.00,1075.32
49.00,300.00,1075.11
54.00,300.00,1074.88
59.00,300.00,1074.72
64.00,300.00,1074.56
69.00,300.00,1074.40
74.00,300.00,1074.19
79.00,300.00,1074.07
84.00,300.00,1074.01
89.00,300.00,1073.99
94.00,300.00,1074.10
99.00,300.00,1074.04
104.00,300.00,1073.53
109.00,300.00,1073.87
114.00,300.00,1074.61
119.00,300.00,1072.62
124.00,300.00,1072.30
129.00,300.00,1072.08
134.00,300.00,1071.88
139.00,300.00,1071.46
144.00,300.00,1071.51
149.00,300.00,1071.66
154.00,300.00,1071.87
159.00,300.00,1071.88
164.00,300.00,1071.83
169.00,300.00,1071.79
174.00,300.00,1071.69
179.00,300.00,1071.83
184.00,300.00,1072.63
189.00,300.00,1072.35
194.00,300.00,1071.41
199.00,300.00,1071.34
204.00,300.00,1071.34
209.00,300.00,1071.34
214.00,300.00,1071.27
219.00,300.00,1071.25
224.00,300.00,1071.11
229.00,300.00,1071.07
234.00,300.00,1070.97
239.00,300.00,1070.64
244.00,300.00,1070.68
249.00,300.00,1070.62
254.00,300.00,1071.00
259.00,300.00,1071.14
264.00,300.00,1071.11
269.00,300.00,1071.03
274.00,300.00,1071.02
279.00,300.00,1070.93
284.00,300.00,1070.78
289.00,300.00,1070.31
294.00,300.00,1070.42
299.00,300.00,1070.35
304.00,300.00,1070.67
309.00,300.00,1070.50
314.00,300.00,1070.54
319.00,300.00,1070.58
324.00,300.00,1070.36
329.00,300.00,1070.02
-271.00,305.00,1076.67
-266.00,305.00,1076.66
-261.00,305.00,1076.66
-256.00,305.00,1076.67
-251.00,305.00,1076.67
-246.00,305.00,1076.67
-241.00,305.00,1076.66
-236.00,305.00,1076.66
-231.00,305.00,1076.67
-226.00,305.00,1076.67
-221.00,305.00,1076.66
-216.00,305.00,1076.66
-211.00,305.00,1076.67
-206.00,305.00,1076.65
-201.00,305.00,1076.65
-196.00,305.00,1076.65
-191.00,305.00,1076.65
-186.00,305.00,1076.67
-181.00,305.00,1076.67
-176.00,305.00,1076.64
-171.00,305.00,1076.64
-166.00,305.00,1076.66
-161.00,305.00,1076.70
-156.00,305.00,1076.70
-151.00,305.00,1076.70
-146.00,305.00,1076.70
-141.00,305.00,1076.67
-136.00,305.00,1076.67
-131.00,305.00,1076.67
-126.00,305.00,1076.67
-121.00,305.00,1076.66
-116.00,305.00,1076.66
-111.00,305.00,1076.68
-106.00,305.00,1076.67
-101.00,305.00,1076.67
-96.00,305.00,1076.64
-91.00,305.00,1076.91
-86.00,305.00,1078.21
-81.00,305.00,1078.68
-76.00,305.00,1079.84
-71.00,305.00,1080.68
-66.00,305.00,1081.47
-61.00,305.00,1081.59
-56.00,305.00,1081.66
-51.00,305.00,1081.38
-46.00,305.00,1079.48
-41.00,305.00,1078.19
-36.00,305.00,1078.08
-31.00,305.00,1077.91
-26.00,305.00,1077.74
-21.00,305.00,1077.64
-16.00,305.00,1077.52
-11.00,305.00,1077.38
-6.00,305.00,1077.23
-1.00,305.00,1077.07
4.00,305.00,1076.83
9.00,305.00,1076.63
14.00,305.00,1076.45
19.00,305.00,1076.34
24.00,305.00,1076.14
29.00,305.00,1075.97
34.00,305.00,1075.76
39.00,305.00,1075.58
44.00,305.00,1075.36
49.00,305.00,1075.16
54.00,305.00,1074.93
59.00,305.00,1074.70
64.00,305.00,1074.45
69.00,305.00,1074.34
74.00,305.00,1074.21
79.00,305.00,1074.02
84.00,305.00,1073.98
89.00,305.00,1073.99
94.00,305.00,1074.12
99.00,305.00,1073.75
104.00,305.00,1073.41
109.00,305.00,1073.81
114.00,305.00,1074.56
119.00,305.00,1072.33
124.00,305.00,1072.36
129.00,305.00,1072.08
134.00,305.00,1071.86
139.00,305.00,1071.43
144.00,305.00,1071.49
149.00,305.00,1071.63
154.00,305.00,1071.86
159.00,305.00,1071.86
164.00,305.00,1071.81
169.00,305.00,1071.73
174.00,305.00,1071.61
179.00,305.00,1071.72
184.00,305.00,1072.64
189.00,305.00,1072.46
194.00,305.00,1071.34
199.00,305.00,1071.18
204.00,305.00,1071.15
209.00,305.00,1071.11
214.00,305.00,1071.00
219.00,305.00,1071.04
224.00,305.00,1071.02
229.00,305.00,1071.02
234.00,305.00,1070.91
239.00,305.00,1070.61
244.00,305.00,1070.66
249.00,305.00,1070.61
254.00,305.00,1071.04
259.00,305.00,1071.20
264.00,305.00,1071.12
269.00,305.00,1070.96
274.00,305.00,1070.94
279.00,305.00,1070.88
284.00,305.00,1070.59
289.00,305.00,1070.34
294.00,305.00,1070.35
299.00,305.00,1070.40
304.00,305.00,1070.42
309.00,305.00,1070.48
314.00,305.00,1070.47
319.00,305.00,1070.47
324.00,305.00,1070.39
329.00,305.00,1070.01
-271.00,310.00,1076.66
-266.00,310.00,1076.66
-261.00,310.00,1076.67
-256.00,310.00,1076.65
-251.00,310.00,1076.67
-246.00,310.00,1076.67
-241.00,310.00,1076.66
-236.00,310.00,1076.67
-231.00,310.00,1076.66
-226.00,310.00,1076.66
-221.00,310.00,1076.65
-216.00,310.00,1076.65
-211.00,310.00,1076.65
-206.00,310.00,1076.67
-201.00,310.00,1076.65
-196.00,310.00,1076.66
-191.00,310.00,1076.65
-186.00,310.00,1076.64
-181.00,310.00,1076.62
-176.00,310.00,1076.63
-171.00,310.00,1076.64
-166.00,310.00,1076.65
-161.00,310.00,1076.66
-156.00,310.00,1076.67
-151.00,310.00,1076.67
-146.00,310.00,1076.67
-141.00,310.00,1076.67
-136.00,310.00,1076.67
-131.00,310.00,1076.68
-126.00,310.00,1076.68
-121.00,310.00,1076.67
-116.00,310.00,1076.67
-111.00,310.00,1076.69
-106.00,310.00,1076.68
-101.00,310.00,1076.68
-96.00,310.00,1076.68
-91.00,310.00,1076.65
-86.00,310.00,1077.83
-81.00,310.00,1078.35
-76.00,310.00,1079.78
-71.00,310.00,1080.28
-66.00,310.00,1081.47
-61.00,310.00,1081.55
-56.00,310.00,1081.62
-51.00,310.00,1081.58
-46.00,310.00,1079.85
-41.00,310.00,1078.42
-36.00,310.00,1078.04
-31.00,310.00,1077.86
-26.00,310.00,1077.83
-21.00,310.00,1077.78
-16.00,310.00,1077.65
-11.00,310.00,1077.28
-6.00,310.00,1077.29
-1.00,310.00,1077.14
4.00,310.00,1076.79
9.00,310.00,1076.71
14.00,310.00,1076.70
19.00,310.00,1076.31
24.00,310.00,1076.27
29.00,310.00,1076.12
34.00,310.00,1075.92
39.00,310.00,1075.59
44.00,310.00,1075.50
49.00,310.00,1075.37
54.00,310.00,1075.09
59.00,310.00,1074.70
64.00,310.00,1074.63
69.00,310.00,1074.30
74.00,310.00,1074.22
79.00,310.00,1074.25
84.00,310.00,1073.98
89.00,310.00,1073.93
94.00,310.00,1073.96
99.00,310.00,1073.57
104.00,310.00,1073.27
109.00,310.00,1073.84
114.00,310.00,1074.39
119.00,310.00,1072.30
124.00,310.00,1072.37
129.00,310.00,1072.05
134.00,310.00,1071.83
139.00,310.00,1071.40
144.00,310.00,1071.46
149.00,310.00,1071.60
154.00,310.00,1071.85
159.00,310.00,1071.83
164.00,310.00,1071.76
169.00,310.00,1071.70
174.00,310.00,1071.56
179.00,310.00,1071.60
184.00,310.00,1072.58
189.00,310.00,1072.56
194.00,310.00,1071.40
199.00,310.00,1071.10
204.00,310.00,1071.05
209.00,310.00,1071.06
214.00,310.00,1070.96
219.00,310.00,1070.88
224.00,310.00,1070.88
229.00,310.00,1070.96
234.00,310.00,1070.96
239.00,310.00,1070.57
244.00,310.00,1070.64
249.00,310.00,1070.61
254.00,310.00,1071.10
259.00,310.00,1071.24
264.00,310.00,1071.15
269.00,310.00,1070.99
274.00,310.00,1070.94
279.00,310.00,1070.89
284.00,310.00,1070.67
289.00,310.00,1070.33
294.00,310.00,1070.41
299.00,310.00,1070.32
304.00,310.00,1070.38
309.00,310.00,1070.49
314.00,310.00,1070.66
319.00,310.00,1070.52
324.00,310.00,1070.60
329.00,310.00,1070.06
-271.00,315.00,1076.67
-266.00,315.00,1076.66
-261.00,315.00,1076.66
-256.00,315.00,1076.67
-251.00,315.00,1076.67
-246.00,315.00,1076.67
-241.00,315.00,1076.67
-236.00,315.00,1076.67
-231.00,315.00,1076.67
-226.00,315.00,1076.67
-221.00,315.00,1076.66
-216.00,315.00,1076.66
-211.00,315.00,1076.61
-206.00,315.00,1076.68
-201.00,315.00,1076.65
-196.00,315.00,1076.60
-191.00,315.00,1076.70
-186.00,315.00,1076.61
-181.00,315.00,1076.63
-176.00,315.00,1076.64
-171.00,315.00,1076.64
-166.00,315.00,1076.64
-161.00,315.00,1076.64
-156.00,315.00,1076.64
-151.00,315.00,1076.64
-146.00,315.00,1076.65
-141.00,315.00,1076.66
-136.00,315.00,1076.67
-131.00,315.00,1076.67
-126.00,315.00,1076.67
-121.00,315.00,1076.66
-116.00,315.00,1076.66
-111.00,315.00,1076.69
-106.00,315.00,1076.68
-101.00,315.00,1076.68
-96.00,315.00,1076.68
-91.00,315.00,1076.67
-86.00,315.00,1076.99
-81.00,315.00,1078.40
-76.00,315.00,1079.19
-71.00,315.00,1080.13
-66.00,315.00,1081.32
-61.00,315.00,1081.52
-56.00,315.00,1081.60
-51.00,315.00,1081.57
-46.00,315.00,1080.20
-41.00,315.00,1078.34
-36.00,315.00,1077.98
-31.00,315.00,1077.80
-26.00,315.00,1077.66
-21.00,315.00,1077.52
-16.00,315.00,1077.40
-11.00,315.00,1077.24
-6.00,315.00,1077.09
-1.00,315.00,1077.00
4.00,315.00,1076.79
9.00,315.00,1076.83
14.00,315.00,1076.51
19.00,315.00,1076.30
24.00,315.00,1076.17
29.00,315.00,1076.05
34.00,315.00,1075.78
39.00,315.00,1075.62
44.00,315.00,1075.39
49.00,315.00,1075.22
54.00,315.00,1074.91
59.00,315.00,1074.67
64.00,315.00,1074.46
69.00,315.00,1074.32
74.00,315.00,1074.22
79.00,315.00,1074.08
84.00,315.00,1073.94
89.00,315.00,1073.86
94.00,315.00,1073.98
99.00,315.00,1073.32
104.00,315.00,1073.12
109.00,315.00,1073.81
114.00,315.00,1074.12
119.00,315.00,1072.22
124.00,315.00,1072.36
129.00,315.00,1072.07
134.00,315.00,1071.80
139.00,315.00,1071.38
144.00,315.00,1071.45
149.00,315.00,1071.57
154.00,315.00,1071.82
159.00,315.00,1071.81
164.00,315.00,1071.72
169.00,315.00,1071.66
174.00,315.00,1071.49
179.00,315.00,1071.48
184.00,315.00,1072.47
189.00,315.00,1072.63
194.00,315.00,1071.55
199.00,315.00,1071.07
204.00,315.00,1070.97
209.00,315.00,1070.90
214.00,315.00,1070.88
219.00,315.00,1070.86
224.00,315.00,1070.90
229.00,315.00,1070.90
234.00,315.00,1070.82
239.00,315.00,1070.55
244.00,315.00,1070.63
249.00,315.00,1070.58
254.00,315.00,1070.95
259.00,315.00,1071.07
264.00,315.00,1071.00
269.00,315.00,1071.02
274.00,315.00,1070.95
279.00,315.00,1070.77
284.00,315.00,1070.42
289.00,315.00,1070.33
294.00,315.00,1070.38
299.00,315.00,1070.35
304.00,315.00,1070.39
309.00,315.00,1070.50
314.00,315.00,1070.66
319.00,315.00,1070.68
324.00,315.00,1070.66
329.00,315.00,1070.09
-271.00,320.00,1076.66
-266.00,320.00,1076.66
-261.00,320.00,1076.66
-256.00,320.00,1076.67
-251.00,320.00,1076.66
-246.00,320.00,1076.67
-241.00,320.00,1076.67
-236.00,320.00,1076.66
-231.00,320.00,1076.67
-226.00,320.00,1076.66
-221.00,320.00,1076.65
-216.00,320.00,1076.70
-211.00,320.00,1076.67
-206.00,320.00,1076.66
-201.00,320.00,1076.63
-196.00,320.00,1076.64
-191.00,320.00,1076.66
-186.00,320.00,1076.61
-181.00,320.00,1076.64
-176.00,320.00,1076.64
-171.00,320.00,1076.64
-166.00,320.00,1076.64
-161.00,320.00,1076.64
-156.00,320.00,1076.64
-151.00,320.00,1076.64
-146.00,320.00,1076.64
-141.00,320.00,1076.65
-136.00,320.00,1076.65
-131.00,320.00,1076.65
-126.00,320.00,1076.66
-121.00,320.00,1076.67
-116.00,320.00,1076.66
-111.00,320.00,1076.69
-106.00,320.00,1076.66
-101.00,320.00,1076.65
-96.00,320.00,1076.65
-91.00,320.00,1076.65
-86.00,320.00,1076.64
-81.00,320.00,1078.40
-76.00,320.00,1078.82
-71.00,320.00,1080.00
-66.00,320.00,1080.97
-61.00,320.00,1081.50
-56.00,320.00,1081.60
-51.00,320.00,1081.58
-46.00,320.00,1080.34
-41.00,320.00,1078.41
-36.00,320.00,1077.96
-31.00,320.00,1077.77
-26.00,320.00,1077.60
-21.00,320.00,1077.46
-16.00,320.00,1077.32
-11.00,320.00,1077.17
-6.00,320.00,1077.03
-1.00,320.00,1076.99
4.00,320.00,1076.77
9.00,320.00,1076.80
14.00,320.00,1076.45
19.00,320.00,1076.29
24.00,320.00,1076.15
29.00,320.00,1076.03
34.00,320.00,1075.76
39.00,320.00,1075.58
44.00,320.00,1075.34
49.00,320.00,1075.11
54.00,320.00,1074.84
59.00,320.00,1074.63
64.00,320.00,1074.41
69.00,320.00,1074.30
74.00,320.00,1074.18
79.00,320.00,1074.00
84.00,320.00,1073.87
89.00,320.00,1073.80
94.00,320.00,1073.90
99.00,320.00,1073.11
104.00,320.00,1072.96
109.00,320.00,1073.84
114.00,320.00,1073.60
119.00,320.00,1072.19
124.00,320.00,1072.25
129.00,320.00,1072.05
134.00,320.00,1071.79
139.00,320.00,1071.35
144.00,320.00,1071.42
149.00,320.00,1071.55
154.00,320.00,1071.81
159.00,320.00,1071.78
164.00,320.00,1071.71
169.00,320.00,1071.62
174.00,320.00,1071.45
179.00,320.00,1071.42
184.00,320.00,1072.33
189.00,320.00,1072.66
194.00,320.00,1071.92
199.00,320.00,1071.02
204.00,320.00,1070.89
209.00,320.00,1070.83
214.00,320.00,1070.82
219.00,320.00,1070.87
224.00,320.00,1070.88
229.00,320.00,1070.82
234.00,320.00,1070.75
239.00,320.00,1070.54
244.00,320.00,1070.62
249.00,320.00,1070.56
254.00,320.00,1070.96
259.00,320.00,1071.04
264.00,320.00,1070.99
269.00,320.00,1070.95
274.00,320.00,1070.93
279.00,320.00,1070.82
284.00,320.00,1070.46
289.00,320.00,1070.31
294.00,320.00,1070.37
299.00,320.00,1070.34
304.00,320.00,1070.39
309.00,320.00,1070.66
314.00,320.00,1070.72
319.00,320.00,1070.81
324.00,320.00,1070.66
329.00,320.00,1070.13
-271.00,325.00,1076.66
-266.00,325.00,1076.66
-261.00,325.00,1076.67
-256.00,325.00,1076.67
-251.00,325.00,1076.66
-246.00,325.00,1076.66
-241.00,325.00,1076.67
-236.00,325.00,1076.67
-231.00,325.00,1076.67
-226.00,325.00,1076.65
-221.00,325.00,1076.67
-216.00,325.00,1076.66
-211.00,325.00,1076.67
-206.00,325.00,1076.68
-201.00,325.00,1076.68
-196.00,325.00,1076.66
-191.00,325.00,1076.66
-186.00,325.00,1076.61
-181.00,325.00,1076.64
-176.00,325.00,1076.64
-171.00,325.00,1076.64
-166.00,325.00,1076.64
-161.00,325.00,1076.64
-156.00,325.00,1076.64
-151.00,325.00,1076.64
-146.00,325.00,1076.65
-141.00,325.00,1076.65
-136.00,325.00,1076.65
-131.00,325.00,1076.65
-126.00,325.00,1076.65
-121.00,325.00,1076.65
-116.00,325.00,1076.65
-111.00,325.00,1076.66
-106.00,325.00,1076.65
-101.00,325.00,1076.65
-96.00,325.00,1076.65
-91.00,325.00,1076.64
-86.00,325.00,1076.65
-81.00,325.00,1077.89
-76.00,325.00,1078.68
-71.00,325.00,1079.82
-66.00,325.00,1080.67
-61.00,325.00,1081.56
-56.00,325.00,1081.59
-51.00,325.00,1081.57
-46.00,325.00,1080.67
-41.00,325.00,1078.49
-36.00,325.00,1077.91
-31.00,325.00,1077.73
-26.00,325.00,1077.56
-21.00,325.00,1077.37
-16.00,325.00,1077.20
-11.00,325.00,1077.06
-6.00,325.00,1076.95
-1.00,325.00,1076.95
4.00,325.00,1076.69
9.00,325.00,1076.73
14.00,325.00,1076.39
19.00,325.00,1076.24
24.00,325.00,1076.10
29.00,325.00,1076.00
34.00,325.00,1075.70
39.00,325.00,1075.51
44.00,325.00,1075.28
49.00,325.00,1075.04
54.00,325.00,1074.77
59.00,325.00,1074.57
64.00,325.00,1074.36
69.00,325.00,1074.26
74.00,325.00,1074.11
79.00,325.00,1073.99
84.00,325.00,1073.80
89.00,325.00,1073.69
94.00,325.00,1073.81
99.00,325.00,1072.88
104.00,325.00,1072.77
109.00,325.00,1073.88
114.00,325.00,1072.91
119.00,325.00,1072.33
124.00,325.00,1072.13
129.00,325.00,1071.94
134.00,325.00,1071.77
139.00,325.00,1071.30
144.00,325.00,1071.38
149.00,325.00,1071.53
154.00,325.00,1071.76
159.00,325.00,1071.76
164.00,325.00,1071.68
169.00,325.00,1071.58
174.00,325.00,1071.41
179.00,325.00,1071.26
184.00,325.00,1072.08
189.00,325.00,1072.69
194.00,325.00,1072.41
199.00,325.00,1071.10
204.00,325.00,1070.91
209.00,325.00,1070.84
214.00,325.00,1070.83
219.00,325.00,1070.83
224.00,325.00,1070.85
229.00,325.00,1070.76
234.00,325.00,1070.62
239.00,325.00,1070.53
244.00,325.00,1070.60
249.00,325.00,1070.54
254.00,325.00,1070.96
259.00,325.00,1071.09
264.00,325.00,1070.97
269.00,325.00,1070.92
274.00,325.00,1070.96
279.00,325.00,1070.84
284.00,325.00,1070.68
289.00,325.00,1070.29
294.00,325.00,1070.36
299.00,325.00,1070.36
304.00,325.00,1070.34
309.00,325.00,1070.43
314.00,325.00,1070.52
319.00,325.00,1070.52
324.00,325.00,1070.30
329.00,325.00,1069.97
-271.00,330.00,1076.67
-266.00,330.00,1076.66
-261.00,330.00,1076.66
-256.00,330.00,1076.67
-251.00,330.00,1076.66
-246.00,330.00,1076.66
-241.00,330.00,1076.66
-236.00,330.00,1076.67
-231.00,330.00,1076.67
-226.00,330.00,1076.66
-221.00,330.00,1076.66
-216.00,330.00,1076.67
-211.00,330.00,1076.62
-206.00,330.00,1076.65
-201.00,330.00,1076.64
-196.00,330.00,1076.65
-191.00,330.00,1076.65
-186.00,330.00,1076.62
-181.00,330.00,1076.65
-176.00,330.00,1076.65
-171.00,330.00,1076.65
-166.00,330.00,1076.64
-161.00,330.00,1076.64
-156.00,330.00,1076.65
-151.00,330.00,1076.65
-146.00,330.00,1076.65
-141.00,330.00,1076.65
-136.00,330.00,1076.65
-131.00,330.00,1076.64
-126.00,330.00,1076.64
-121.00,330.00,1076.64
-116.00,330.00,1076.64
-111.00,330.00,1076.66
-106.00,330.00,1076.64
-101.00,330.00,1076.64
-96.00,330.00,1076.64
-91.00,330.00,1076.64
-86.00,330.00,1076.64
-81.00,330.00,1077.23
-76.00,330.00,1078.68
-71.00,330.00,1079.49
-66.00,330.00,1080.43
-61.00,330.00,1081.48
-56.00,330.00,1081.58
-51.00,330.00,1081.55
-46.00,330.00,1080.42
-41.00,330.00,1078.58
-36.00,330.00,1077.91
-31.00,330.00,1077.67
-26.00,330.00,1077.49
-21.00,330.00,1077.28
-16.00,330.00,1077.12
-11.00,330.00,1076.95
-6.00,330.00,1076.83
-1.00,330.00,1076.73
4.00,330.00,1076.62
9.00,330.00,1076.65
14.00,330.00,1076.32
19.00,330.00,1076.16
24.00,330.00,1076.00
29.00,330.00,1075.93
34.00,330.00,1075.61
39.00,330.00,1075.40
44.00,330.00,1075.17
49.00,330.00,1074.97
54.00,330.00,1074.68
59.00,330.00,1074.49
64.00,330.00,1074.30
69.00,330.00,1074.22
74.00,330.00,1074.03
79.00,330.00,1073.95
84.00,330.00,1073.71
89.00,330.00,1073.61
94.00,330.00,1073.61
99.00,330.00,1072.71
104.00,330.00,1072.63
109.00,330.00,1073.88
114.00,330.00,1073.06
119.00,330.00,1072.49
124.00,330.00,1072.15
129.00,330.00,1071.98
134.00,330.00,1071.77
139.00,330.00,1071.28
144.00,330.00,1071.36
149.00,330.00,1071.51
154.00,330.00,1071.73
159.00,330.00,1071.73
164.00,330.00,1071.65
169.00,330.00,1071.55
174.00,330.00,1071.39
179.00,330.00,1071.23
184.00,330.00,1071.58
189.00,330.00,1072.63
194.00,330.00,1072.65
199.00,330.00,1071.70
204.00,330.00,1070.95
209.00,330.00,1070.85
214.00,330.00,1070.78
219.00,330.00,1070.78
224.00,330.00,1070.75
229.00,330.00,1070.65
234.00,330.00,1070.52
239.00,330.00,1070.51
244.00,330.00,1070.57
249.00,330.00,1070.51
254.00,330.00,1070.81
259.00,330.00,1071.11
264.00,330.00,1071.13
269.00,330.00,1070.99
274.00,330.00,1070.87
279.00,330.00,1070.82
284.00,330.00,1070.68
289.00,330.00,1070.28
294.00,330.00,1070.29
299.00,330.00,1070.27
304.00,330.00,1070.34
309.00,330.00,1070.39
314.00,330.00,1070.52
319.00,330.00,1070.68
324.00,330.00,1070.56
329.00,330.00,1070.10
-271.00,335.00,1076.67
-266.00,335.00,1076.67
-261.00,335.00,1076.66
-256.00,335.00,1076.66
-251.00,335.00,1076.67
-246.00,335.00,1076.66
-241.00,335.00,1076.66
-236.00,335.00,1076.67
-231.00,335.00,1076.66
-226.00,335.00,1076.65
-221.00,335.00,1076.65
-216.00,335.00,1076.67
-211.00,335.00,1076.67
-206.00,335.00,1076.66
-201.00,335.00,1076.65
-196.00,335.00,1076.66
-191.00,335.00,1076.65
-186.00,335.00,1076.63
-181.00,335.00,1076.65
-176.00,335.00,1076.65
-171.00,335.00,1076.65
-166.00,335.00,1076.65
-161.00,335.00,1076.65
-156.00,335.00,1076.65
-151.00,335.00,1076.65
-146.00,335.00,1076.65
-141.00,335.00,1076.64
-136.00,335.00,1076.64
-131.00,335.00,1076.64
-126.00,335.00,1076.64
-121.00,335.00,1076.64
-116.00,335.00,1076.64
-111.00,335.00,1076.66
-106.00,335.00,1076.64
-101.00,335.00,1076.63
-96.00,335.00,1076.63
-91.00,335.00,1076.63
-86.00,335.00,1076.64
-81.00,335.00,1076.83
-76.00,335.00,1078.63
-71.00,335.00,1079.03
-66.00,335.00,1080.25
-61.00,335.00,1081.40
-56.00,335.00,1081.56
-51.00,335.00,1081.53
-46.00,335.00,1080.64
-41.00,335.00,1078.29
-36.00,335.00,1077.93
-31.00,335.00,1077.59
-26.00,335.00,1077.41
-21.00,335.00,1077.21
-16.00,335.00,1077.06
-11.00,335.00,1076.87
-6.00,335.00,1076.76
-1.00,335.00,1076.75
4.00,335.00,1076.46
9.00,335.00,1076.54
14.00,335.00,1076.20
19.00,335.00,1076.02
24.00,335.00,1075.85
29.00,335.00,1075.74
34.00,335.00,1075.46
39.00,335.00,1075.25
44.00,335.00,1075.04
49.00,335.00,1074.86
54.00,335.00,1074.60
59.00,335.00,1074.41
64.00,335.00,1074.24
69.00,335.00,1074.19
74.00,335.00,1073.93
79.00,335.00,1073.86
84.00,335.00,1073.62
89.00,335.00,1073.54
94.00,335.00,1073.31
99.00,335.00,1072.55
104.00,335.00,1072.52
109.00,335.00,1073.80
114.00,335.00,1073.39
119.00,335.00,1072.94
124.00,335.00,1072.96
129.00,335.00,1072.05
134.00,335.00,1071.51
139.00,335.00,1071.28
144.00,335.00,1071.34
149.00,335.00,1071.46
154.00,335.00,1071.69
159.00,335.00,1071.70
164.00,335.00,1071.64
169.00,335.00,1071.53
174.00,335.00,1071.36
179.00,335.00,1071.23
184.00,335.00,1071.17
189.00,335.00,1072.21
194.00,335.00,1072.72
199.00,335.00,1072.52
204.00,335.00,1071.35
209.00,335.00,1070.87
214.00,335.00,1070.83
219.00,335.00,1070.79
224.00,335.00,1070.70
229.00,335.00,1070.63
234.00,335.00,1070.52
239.00,335.00,1070.49
244.00,335.00,1070.54
249.00,335.00,1070.46
254.00,335.00,1070.86
259.00,335.00,1071.07
264.00,335.00,1071.04
269.00,335.00,1070.93
274.00,335.00,1070.68
279.00,335.00,1070.70
284.00,335.00,1070.63
289.00,335.00,1070.25
294.00,335.00,1070.29
299.00,335.00,1070.26
304.00,335.00,1070.47
309.00,335.00,1070.56
314.00,335.00,1070.62
319.00,335.00,1070.68
324.00,335.00,1070.55
329.00,335.00,1070.06
-271.00,340.00,1076.66
-266.00,340.00,1076.67
-261.00,340.00,1076.66
-256.00,340.00,1076.66
-251.00,340.00,1076.67
-246.00,340.00,1076.66
-241.00,340.00,1076.66
-236.00,340.00,1076.67
-231.00,340.00,1076.67
-226.00,340.00,1076.66
-221.00,340.00,1076.66
-216.00,340.00,1076.67
-211.00,340.00,1076.72
-206.00,340.00,1076.67
-201.00,340.00,1076.65
-196.00,340.00,1076.60
-191.00,340.00,1076.68
-186.00,340.00,1076.63
-181.00,340.00,1076.65
-176.00,340.00,1076.65
-171.00,340.00,1076.65
-166.00,340.00,1076.65
-161.00,340.00,1076.64
-156.00,340.00,1076.64
-151.00,340.00,1076.64
-146.00,340.00,1076.64
-141.00,340.00,1076.64
-136.00,340.00,1076.64
-131.00,340.00,1076.64
-126.00,340.00,1076.63
-121.00,340.00,1076.63
-116.00,340.00,1076.63
-111.00,340.00,1076.65
-106.00,340.00,1076.64
-101.00,340.00,1076.63
-96.00,340.00,1076.63
-91.00,340.00,1076.63
-86.00,340.00,1076.63
-81.00,340.00,1076.75
-76.00,340.00,1078.55
-71.00,340.00,1078.98
-66.00,340.00,1080.01
-61.00,340.00,1081.25
-56.00,340.00,1081.54
-51.00,340.00,1081.53
-46.00,340.00,1080.42
-41.00,340.00,1078.23
-36.00,340.00,1077.75
-31.00,340.00,1077.51
-26.00,340.00,1077.35
-21.00,340.00,1077.16
-16.00,340.00,1076.97
-11.00,340.00,1076.78
-6.00,340.00,1076.65
-1.00,340.00,1076.61
4.00,340.00,1076.32
9.00,340.00,1076.42
14.00,340.00,1076.04
19.00,340.00,1075.85
24.00,340.00,1075.65
29.00,340.00,1075.49
34.00,340.00,1075.27
39.00,340.00,1075.06
44.00,340.00,1074.88
49.00,340.00,1074.73
54.00,340.00,1074.48
59.00,340.00,1074.31
64.00,340.00,1074.14
69.00,340.00,1074.13
74.00,340.00,1073.81
79.00,340.00,1073.68
84.00,340.00,1073.55
89.00,340.00,1073.55
94.00,340.00,1072.91
99.00,340.00,1072.39
104.00,340.00,1072.42
109.00,340.00,1073.35
114.00,340.00,1072.86
119.00,340.00,1072.53
124.00,340.00,1072.56
129.00,340.00,1071.59
134.00,340.00,1071.20
139.00,340.00,1071.30
144.00,340.00,1071.28
149.00,340.00,1071.42
154.00,340.00,1071.67
159.00,340.00,1071.65
164.00,340.00,1071.60
169.00,340.00,1071.50
174.00,340.00,1071.36
179.00,340.00,1071.31
184.00,340.00,1071.09
189.00,340.00,1071.38
194.00,340.00,1072.44
199.00,340.00,1072.61
204.00,340.00,1072.32
209.00,340.00,1071.51
214.00,340.00,1070.91
219.00,340.00,1070.78
224.00,340.00,1070.71
229.00,340.00,1070.63
234.00,340.00,1070.60
239.00,340.00,1070.47
244.00,340.00,1070.51
249.00,340.00,1070.41
254.00,340.00,1070.85
259.00,340.00,1070.97
264.00,340.00,1070.83
269.00,340.00,1070.78
274.00,340.00,1070.68
279.00,340.00,1070.71
284.00,340.00,1070.53
289.00,340.00,1070.18
294.00,340.00,1070.28
299.00,340.00,1070.29
304.00,340.00,1070.33
309.00,340.00,1070.36
314.00,340.00,1070.44
319.00,340.00,1070.46
324.00,340.00,1070.52
329.00,340.00,1070.10
-271.00,345.00,1076.66
-266.00,345.00,1076.66
-261.00,345.00,1076.67
-256.00,345.00,1076.66
-251.00,345.00,1076.66
-246.00,345.00,1076.67
-241.00,345.00,1076.66
-236.00,345.00,1076.66
-231.00,345.00,1076.67
-226.00,345.00,1076.66
-221.00,345.00,1076.65
-216.00,345.00,1076.66
-211.00,345.00,1076.66
-206.00,345.00,1076.65
-201.00,345.00,1076.64
-196.00,345.00,1076.69
-191.00,345.00,1076.64
-186.00,345.00,1076.63
-181.00,345.00,1076.65
-176.00,345.00,1076.65
-171.00,345.00,1076.65
-166.00,345.00,1076.64
-161.00,345.00,1076.64
-156.00,345.00,1076.64
-151.00,345.00,1076.64
-146.00,345.00,1076.64
-141.00,345.00,1076.64
-136.00,345.00,1076.63
-131.00,345.00,1076.63
-126.00,345.00,1076.63
-121.00,345.00,1076.63
-116.00,345.00,1076.63
-111.00,345.00,1076.65
-106.00,345.00,1076.63
-101.00,345.00,1076.62
-96.00,345.00,1076.62
-91.00,345.00,1076.62
-86.00,345.00,1076.62
-81.00,345.00,1076.71
-76.00,345.00,1078.37
-71.00,345.00,1078.95
-66.00,345.00,1079.97
-61.00,345.00,1080.91
-56.00,345.00,1081.48
-51.00,345.00,1081.47
-46.00,345.00,1080.05
-41.00,345.00,1078.21
-36.00,345.00,1077.70
-31.00,345.00,1077.48
-26.00,345.00,1077.31
-21.00,345.00,1077.10
-16.00,345.00,1076.86
-11.00,345.00,1076.72
-6.00,345.00,1076.58
-1.00,345.00,1076.52
4.00,345.00,1076.20
9.00,345.00,1076.19
14.00,345.00,1075.86
19.00,345.00,1075.66
24.00,345.00,1075.44
29.00,345.00,1075.28
34.00,345.00,1075.05
39.00,345.00,1074.89
44.00,345.00,1074.70
49.00,345.00,1074.58
54.00,345.00,1074.34
59.00,345.00,1074.20
64.00,345.00,1074.05
69.00,345.00,1074.00
74.00,345.00,1073.72
79.00,345.00,1073.57
84.00,345.00,1073.46
89.00,345.00,1073.68
94.00,345.00,1072.65
99.00,345.00,1072.26
104.00,345.00,1072.29
109.00,345.00,1072.60
114.00,345.00,1072.03
119.00,345.00,1071.71
124.00,345.00,1071.43
129.00,345.00,1071.20
134.00,345.00,1071.20
139.00,345.00,1071.44
144.00,345.00,1071.24
149.00,345.00,1071.37
154.00,345.00,1071.63
159.00,345.00,1071.62
164.00,345.00,1071.58
169.00,345.00,1071.46
174.00,345.00,1071.33
179.00,345.00,1071.45
184.00,345.00,1071.12
189.00,345.00,1070.92
194.00,345.00,1071.19
199.00,345.00,1072.27
204.00,345.00,1072.36
209.00,345.00,1072.10
214.00,345.00,1071.78
219.00,345.00,1071.24
224.00,345.00,1070.94
229.00,345.00,1070.66
234.00,345.00,1070.63
239.00,345.00,1070.43
244.00,345.00,1070.50
249.00,345.00,1070.40
254.00,345.00,1070.68
259.00,345.00,1070.79
264.00,345.00,1070.67
269.00,345.00,1070.66
274.00,345.00,1070.60
279.00,345.00,1070.62
284.00,345.00,1070.50
289.00,345.00,1070.10
294.00,345.00,1070.20
299.00,345.00,1070.17
304.00,345.00,1070.19
309.00,345.00,1070.26
314.00,345.00,1070.31
319.00,345.00,1070.34
324.00,345.00,1070.31
329.00,345.00,1070.01
-271.00,350.00,1076.66
-266.00,350.00,1076.66
-261.00,350.00,1076.66
-256.00,350.00,1076.66
-251.00,350.00,1076.66
-246.00,350.00,1076.66
-241.00,350.00,1076.66
-236.00,350.00,1076.67
-231.00,350.00,1076.67
-226.00,350.00,1076.66
-221.00,350.00,1076.66
-216.00,350.00,1076.66
-211.00,350.00,1076.66
-206.00,350.00,1076.66
-201.00,350.00,1076.66
-196.00,350.00,1076.64
-191.00,350.00,1076.61
-186.00,350.00,1076.67
-181.00,350.00,1076.65
-176.00,350.00,1076.65
-171.00,350.00,1076.65
-166.00,350.00,1076.65
-161.00,350.00,1076.64
-156.00,350.00,1076.64
-151.00,350.00,1076.64
-146.00,350.00,1076.64
-141.00,350.00,1076.64
-136.00,350.00,1076.64
-131.00,350.00,1076.64
-126.00,350.00,1076.64
-121.00,350.00,1076.63
-116.00,350.00,1076.63
-111.00,350.00,1076.65
-106.00,350.00,1076.63
-101.00,350.00,1076.62
-96.00,350.00,1076.62
-91.00,350.00,1076.62
-86.00,350.00,1076.62
-81.00,350.00,1076.95
-76.00,350.00,1078.20
-71.00,350.00,1079.02
-66.00,350.00,1079.86
-61.00,350.00,1080.92
-56.00,350.00,1081.44
-51.00,350.00,1081.45
-46.00,350.00,1079.46
-41.00,350.00,1078.23
-36.00,350.00,1077.72
-31.00,350.00,1077.46
-26.00,350.00,1077.30
-21.00,350.00,1077.11
-16.00,350.00,1076.88
-11.00,350.00,1076.66
-6.00,350.00,1076.51
-1.00,350.00,1076.40
4.00,350.00,1076.10
9.00,350.00,1076.07
14.00,350.00,1075.65
19.00,350.00,1075.46
24.00,350.00,1075.25
29.00,350.00,1075.05
34.00,350.00,1074.88
39.00,350.00,1074.74
44.00,350.00,1074.57
49.00,350.00,1074.41
54.00,350.00,1074.21
59.00,350.00,1074.09
64.00,350.00,1073.96
69.00,350.00,1073.89
74.00,350.00,1073.62
79.00,350.00,1073.42
84.00,350.00,1073.49
89.00,350.00,1073.38
94.00,350.00,1072.54
99.00,350.00,1072.14
104.00,350.00,1072.19
109.00,350.00,1072.18
114.00,350.00,1071.67
119.00,350.00,1071.44
124.00,350.00,1071.23
129.00,350.00,1071.16
134.00,350.00,1071.31
139.00,350.00,1071.44
144.00,350.00,1071.16
149.00,350.00,1071.33
154.00,350.00,1071.56
159.00,350.00,1071.58
164.00,350.00,1071.57
169.00,350.00,1071.44
174.00,350.00,1071.31
179.00,350.00,1071.47
184.00,350.00,1071.34
189.00,350.00,1071.02
194.00,350.00,1070.92
199.00,350.00,1071.05
204.00,350.00,1071.66
209.00,350.00,1071.96
214.00,350.00,1071.85
219.00,350.00,1071.54
224.00,350.00,1071.17
229.00,350.00,1070.79
234.00,350.00,1070.58
239.00,350.00,1070.39
244.00,350.00,1070.55
249.00,350.00,1070.50
254.00,350.00,1070.39
259.00,350.00,1070.33
264.00,350.00,1070.33
269.00,350.00,1070.31
274.00,350.00,1070.28
279.00,350.00,1070.26
284.00,350.00,1070.23
289.00,350.00,1070.20
294.00,350.00,1070.17
299.00,350.00,1070.16
304.00,350.00,1070.14
309.00,350.00,1070.11
314.00,350.00,1070.09
319.00,350.00,1070.05
324.00,350.00,1070.04
329.00,350.00,1070.04
-271.00,355.00,1076.66
-266.00,355.00,1076.66
-261.00,355.00,1076.66
-256.00,355.00,1076.66
-251.00,355.00,1076.66
-246.00,355.00,1076.67
-241.00,355.00,1076.67
-236.00,355.00,1076.67
-231.00,355.00,1076.67
-226.00,355.00,1076.66
-221.00,355.00,1076.66
-216.00,355.00,1076.66
-211.00,355.00,1076.66
-206.00,355.00,1076.67
-201.00,355.00,1076.65
-196.00,355.00,1076.65
-191.00,355.00,1076.65
-186.00,355.00,1076.68
-181.00,355.00,1076.65
-176.00,355.00,1076.65
-171.00,355.00,1076.65
-166.00,355.00,1076.65
-161.00,355.00,1076.65
-156.00,355.00,1076.65
-151.00,355.00,1076.64
-146.00,355.00,1076.64
-141.00,355.00,1076.63
-136.00,355.00,1076.63
-131.00,355.00,1076.63
-126.00,355.00,1076.63
-121.00,355.00,1076.63
-116.00,355.00,1076.63
-111.00,355.00,1076.64
-106.00,355.00,1076.64
-101.00,355.00,1076.63
-96.00,355.00,1076.63
-91.00,355.00,1076.63
-86.00,355.00,1076.63
-81.00,355.00,1077.56
-76.00,355.00,1078.22
-71.00,355.00,1078.92
-66.00,355.00,1080.11
-61.00,355.00,1081.04
-56.00,355.00,1081.40
-51.00,355.00,1081.10
-46.00,355.00,1079.13
-41.00,355.00,1078.26
-36.00,355.00,1077.77
-31.00,355.00,1077.51
-26.00,355.00,1077.31
-21.00,355.00,1077.11
-16.00,355.00,1076.88
-11.00,355.00,1076.66
-6.00,355.00,1076.49
-1.00,355.00,1076.32
4.00,355.00,1076.04
9.00,355.00,1075.94
14.00,355.00,1075.47
19.00,355.00,1075.29
24.00,355.00,1075.09
29.00,355.00,1074.91
34.00,355.00,1074.74
39.00,355.00,1074.58
44.00,355.00,1074.44
49.00,355.00,1074.29
54.00,355.00,1074.15
59.00,355.00,1074.04
64.00,355.00,1073.96
69.00,355.00,1073.68
74.00,355.00,1073.39
79.00,355.00,1073.34
84.00,355.00,1073.22
89.00,355.00,1073.06
94.00,355.00,1072.42
99.00,355.00,1072.05
104.00,355.00,1072.04
109.00,355.00,1071.71
114.00,355.00,1071.38
119.00,355.00,1071.18
124.00,355.00,1071.19
129.00,355.00,1071.29
134.00,355.00,1071.43
139.00,355.00,1071.38
144.00,355.00,1071.11
149.00,355.00,1071.26
154.00,355.00,1071.46
159.00,355.00,1071.55
164.00,355.00,1071.55
169.00,355.00,1071.43
174.00,355.00,1071.28
179.00,355.00,1071.48
184.00,355.00,1071.40
189.00,355.00,1071.27
194.00,355.00,1070.97
199.00,355.00,1070.85
204.00,355.00,1070.92
209.00,355.00,1071.00
214.00,355.00,1071.16
219.00,355.00,1071.09
224.00,355.00,1070.98
229.00,355.00,1070.81
234.00,355.00,1070.57
239.00,355.00,1070.40
244.00,355.00,1070.51
249.00,355.00,1070.42
254.00,355.00,1070.35
259.00,355.00,1070.31
264.00,355.00,1070.30
269.00,355.00,1070.29
274.00,355.00,1070.26
279.00,355.00,1070.23
284.00,355.00,1070.21
289.00,355.00,1070.19
294.00,355.00,1070.14
299.00,355.00,1070.12
304.00,355.00,1070.12
309.00,355.00,1070.08
314.00,355.00,1070.06
319.00,355.00,1070.03
324.00,355.00,1070.02
329.00,355.00,1070.07
-271.00,360.00,1076.66
-266.00,360.00,1076.67
-261.00,360.00,1076.66
-256.00,360.00,1076.67
-251.00,360.00,1076.66
-246.00,360.00,1076.66
-241.00,360.00,1076.67
-236.00,360.00,1076.66
-231.00,360.00,1076.67
-226.00,360.00,1076.66
-221.00,360.00,1076.66
-216.00,360.00,1076.66
-211.00,360.00,1076.66
-206.00,360.00,1076.66
-201.00,360.00,1076.67
-196.00,360.00,1076.65
-191.00,360.00,1076.67
-186.00,360.00,1076.69
-181.00,360.00,1076.69
-176.00,360.00,1076.67
-171.00,360.00,1076.66
-166.00,360.00,1076.66
-161.00,360.00,1076.66
-156.00,360.00,1076.66
-151.00,360.00,1076.66
-146.00,360.00,1076.66
-141.00,360.00,1076.66
-136.00,360.00,1076.65
-131.00,360.00,1076.65
-126.00,360.00,1076.64
-121.00,360.00,1076.64
-116.00,360.00,1076.64
-111.00,360.00,1076.63
-106.00,360.00,1076.64
-101.00,360.00,1076.63
-96.00,360.00,1076.63
-91.00,360.00,1076.63
-86.00,360.00,1076.64
-81.00,360.00,1077.59
-76.00,360.00,1078.10
-71.00,360.00,1079.21
-66.00,360.00,1080.31
-61.00,360.00,1081.20
-56.00,360.00,1081.30
-51.00,360.00,1080.92
-46.00,360.00,1079.05
-41.00,360.00,1078.33
-36.00,360.00,1077.86
-31.00,360.00,1077.60
-26.00,360.00,1077.36
-21.00,360.00,1077.16
-16.00,360.00,1076.91
-11.00,360.00,1076.73
-6.00,360.00,1076.50
-1.00,360.00,1076.34
4.00,360.00,1076.00
9.00,360.00,1075.91
14.00,360.00,1075.53
19.00,360.00,1075.25
24.00,360.00,1075.08
29.00,360.00,1074.94
34.00,360.00,1074.78
39.00,360.00,1074.63
44.00,360.00,1074.45
49.00,360.00,1074.35
54.00,360.00,1074.21
59.00,360.00,1073.90
64.00,360.00,1073.83
69.00,360.00,1073.44
74.00,360.00,1073.14
79.00,360.00,1073.02
84.00,360.00,1072.88
89.00,360.00,1072.68
94.00,360.00,1072.40
99.00,360.00,1072.02
104.00,360.00,1071.85
109.00,360.00,1071.56
114.00,360.00,1071.36
119.00,360.00,1071.31
124.00,360.00,1071.27
129.00,360.00,1071.30
134.00,360.00,1071.25
139.00,360.00,1071.21
144.00,360.00,1071.09
149.00,360.00,1071.27
154.00,360.00,1071.44
159.00,360.00,1071.51
164.00,360.00,1071.53
169.00,360.00,1071.44
174.00,360.00,1071.26
179.00,360.00,1071.40
184.00,360.00,1071.35
189.00,360.00,1071.25
194.00,360.00,1071.17
199.00,360.00,1070.95
204.00,360.00,1070.89
209.00,360.00,1070.87
214.00,360.00,1070.89
219.00,360.00,1070.90
224.00,360.00,1070.84
229.00,360.00,1070.75
234.00,360.00,1070.50
239.00,360.00,1070.52
244.00,360.00,1070.64
249.00,360.00,1070.63
254.00,360.00,1070.57
259.00,360.00,1070.55
264.00,360.00,1070.54
269.00,360.00,1070.51
274.00,360.00,1070.48
279.00,360.00,1070.43
284.00,360.00,1070.44
289.00,360.00,1070.40
294.00,360.00,1070.42
299.00,360.00,1070.38
304.00,360.00,1070.35
309.00,360.00,1070.31
314.00,360.00,1070.31
319.00,360.00,1070.29
324.00,360.00,1070.24
329.00,360.00,1070.10
-271.00,365.00,1076.66
-266.00,365.00,1076.67
-261.00,365.00,1076.67
-256.00,365.00,1076.67
-251.00,365.00,1076.66
-246.00,365.00,1076.67
-241.00,365.00,1076.66
-236.00,365.00,1076.67
-231.00,365.00,1076.67
-226.00,365.00,1076.66
-221.00,365.00,1076.66
-216.00,365.00,1076.66
-211.00,365.00,1076.66
-206.00,365.00,1076.66
-201.00,365.00,1076.67
-196.00,365.00,1076.67
-191.00,365.00,1076.69
-186.00,365.00,1076.69
-181.00,365.00,1076.68
-176.00,365.00,1076.69
-171.00,365.00,1076.68
-166.00,365.00,1076.66
-161.00,365.00,1076.66
-156.00,365.00,1076.66
-151.00,365.00,1076.66
-146.00,365.00,1076.66
-141.00,365.00,1076.66
-136.00,365.00,1076.66
-131.00,365.00,1076.67
-126.00,365.00,1076.67
-121.00,365.00,1076.66
-116.00,365.00,1076.66
-111.00,365.00,1076.65
-106.00,365.00,1076.65
-101.00,365.00,1076.63
-96.00,365.00,1076.64
-91.00,365.00,1076.66
-86.00,365.00,1076.80
-81.00,365.00,1077.59
-76.00,365.00,1078.29
-71.00,365.00,1079.42
-66.00,365.00,1080.55
-61.00,365.00,1081.21
-56.00,365.00,1081.17
-51.00,365.00,1080.87
-46.00,365.00,1079.03
-41.00,365.00,1078.38
-36.00,365.00,1077.99
-31.00,365.00,1077.75
-26.00,365.00,1077.50
-21.00,365.00,1077.25
-16.00,365.00,1077.06
-11.00,365.00,1076.82
-6.00,365.00,1076.66
-1.00,365.00,1076.45
4.00,365.00,1076.02
9.00,365.00,1076.01
14.00,365.00,1075.72
19.00,365.00,1075.48
24.00,365.00,1075.14
29.00,365.00,1075.04
34.00,365.00,1074.80
39.00,365.00,1074.66
44.00,365.00,1074.39
49.00,365.00,1074.20
54.00,365.00,1073.96
59.00,365.00,1073.76
64.00,365.00,1073.51
69.00,365.00,1073.24
74.00,365.00,1073.01
79.00,365.00,1072.82
84.00,365.00,1072.67
89.00,365.00,1072.52
94.00,365.00,1072.37
99.00,365.00,1072.14
104.00,365.00,1071.93
109.00,365.00,1071.70
114.00,365.00,1071.53
119.00,365.00,1071.49
124.00,365.00,1071.40
129.00,365.00,1071.32
134.00,365.00,1071.26
139.00,365.00,1071.20
144.00,365.00,1071.20
149.00,365.00,1071.30
154.00,365.00,1071.43
159.00,365.00,1071.53
164.00,365.00,1071.53
169.00,365.00,1071.46
174.00,365.00,1071.33
179.00,365.00,1071.28
184.00,365.00,1071.24
189.00,365.00,1071.18
194.00,365.00,1071.12
199.00,365.00,1071.06
204.00,365.00,1071.03
209.00,365.00,1070.98
214.00,365.00,1070.93
219.00,365.00,1070.86
224.00,365.00,1070.81
229.00,365.00,1070.75
234.00,365.00,1070.69
239.00,365.00,1070.67
244.00,365.00,1070.63
249.00,365.00,1070.63
254.00,365.00,1070.60
259.00,365.00,1070.57
264.00,365.00,1070.55
269.00,365.00,1070.53
274.00,365.00,1070.52
279.00,365.00,1070.50
284.00,365.00,1070.47
289.00,365.00,1070.45
294.00,365.00,1070.42
299.00,365.00,1070.40
304.00,365.00,1070.37
309.00,365.00,1070.35
314.00,365.00,1070.32
319.00,365.00,1070.28
324.00,365.00,1070.26
329.00,365.00,1070.24
-271.00,370.00,1076.66
-266.00,370.00,1076.66
-261.00,370.00,1076.66
-256.00,370.00,1076.66
-251.00,370.00,1076.66
-246.00,370.00,1076.67
-241.00,370.00,1076.67
-236.00,370.00,1076.67
-231.00,370.00,1076.67
-226.00,370.00,1076.66
-221.00,370.00,1076.66
-216.00,370.00,1076.66
-211.00,370.00,1076.65
-206.00,370.00,1076.65
-201.00,370.00,1076.67
-196.00,370.00,1076.69
-191.00,370.00,1076.68
-186.00,370.00,1076.68
-181.00,370.00,1076.68
-176.00,370.00,1076.68
-171.00,370.00,1076.68
-166.00,370.00,1076.67
-161.00,370.00,1076.66
-156.00,370.00,1076.65
-151.00,370.00,1076.65
-146.00,370.00,1076.65
-141.00,370.00,1076.65
-136.00,370.00,1076.65
-131.00,370.00,1076.65
-126.00,370.00,1076.65
-121.00,370.00,1076.65
-116.00,370.00,1076.67
-111.00,370.00,1076.65
-106.00,370.00,1076.65
-101.00,370.00,1076.63
-96.00,370.00,1076.64
-91.00,370.00,1076.66
-86.00,370.00,1077.28
-81.00,370.00,1077.85
-76.00,370.00,1078.65
-71.00,370.00,1079.77
-66.00,370.00,1080.78
-61.00,370.00,1081.21
-56.00,370.00,1081.27
-51.00,370.00,1080.46
-46.00,370.00,1078.91
-41.00,370.00,1078.50
-36.00,370.00,1078.12
-31.00,370.00,1077.84
-26.00,370.00,1077.65
-21.00,370.00,1077.51
-16.00,370.00,1077.37
-11.00,370.00,1077.12
-6.00,370.00,1076.86
-1.00,370.00,1076.47
4.00,370.00,1076.06
9.00,370.00,1075.92
14.00,370.00,1075.68
19.00,370.00,1075.36
24.00,370.00,1075.09
29.00,370.00,1074.88
34.00,370.00,1074.65
39.00,370.00,1074.43
44.00,370.00,1074.21
49.00,370.00,1074.01
54.00,370.00,1073.84
59.00,370.00,1073.67
64.00,370.00,1073.48
69.00,370.00,1073.30
74.00,370.00,1073.14
79.00,370.00,1072.94
84.00,370.00,1072.78
89.00,370.00,1072.62
94.00,370.00,1072.50
99.00,370.00,1072.30
104.00,370.00,1072.19
109.00,370.00,1071.90
114.00,370.00,1071.67
119.00,370.00,1071.58
124.00,370.00,1071.48
129.00,370.00,1071.41
134.00,370.00,1071.36
139.00,370.00,1071.30
144.00,370.00,1071.25
149.00,370.00,1071.31
154.00,370.00,1071.43
159.00,370.00,1071.52
164.00,370.00,1071.53
169.00,370.00,1071.47
174.00,370.00,1071.38
179.00,370.00,1071.34
184.00,370.00,1071.38
189.00,370.00,1071.28
194.00,370.00,1071.23
199.00,370.00,1071.18
204.00,370.00,1071.14
209.00,370.00,1071.09
214.00,370.00,1071.05
219.00,370.00,1071.00
224.00,370.00,1070.95
229.00,370.00,1070.90
234.00,370.00,1070.87
239.00,370.00,1070.85
244.00,370.00,1070.82
249.00,370.00,1070.79
254.00,370.00,1070.76
259.00,370.00,1070.73
264.00,370.00,1070.69
269.00,370.00,1070.69
274.00,370.00,1070.67
279.00,370.00,1070.64
284.00,370.00,1070.61
289.00,370.00,1070.58
294.00,370.00,1070.54
299.00,370.00,1070.50
304.00,370.00,1070.52
309.00,370.00,1070.49
314.00,370.00,1070.47
319.00,370.00,1070.46
324.00,370.00,1070.44
329.00,370.00,1070.41
-271.00,375.00,1076.66
-266.00,375.00,1076.66
-261.00,375.00,1076.67
-256.00,375.00,1076.67
-251.00,375.00,1076.67
-246.00,375.00,1076.66
-241.00,375.00,1076.67
-236.00,375.00,1076.67
-231.00,375.00,1076.67
-226.00,375.00,1076.66
-221.00,375.00,1076.66
-216.00,375.00,1076.66
-211.00,375.00,1076.65
-206.00,375.00,1076.66
-201.00,375.00,1076.67
-196.00,375.00,1076.70
-191.00,375.00,1076.67
-186.00,375.00,1076.67
-181.00,375.00,1076.67
-176.00,375.00,1076.67
-171.00,375.00,1076.67
-166.00,375.00,1076.67
-161.00,375.00,1076.67
-156.00,375.00,1076.67
-151.00,375.00,1076.65
-146.00,375.00,1076.64
-141.00,375.00,1076.64
-136.00,375.00,1076.64
-131.00,375.00,1076.63
-126.00,375.00,1076.62
-121.00,375.00,1076.63
-116.00,375.00,1076.64
-111.00,375.00,1076.63
-106.00,375.00,1076.64
-101.00,375.00,1076.63
-96.00,375.00,1076.63
-91.00,375.00,1076.65
-86.00,375.00,1077.40
-81.00,375.00,1078.08
-76.00,375.00,1078.96
-71.00,375.00,1080.02
-66.00,375.00,1081.04
-61.00,375.00,1081.21
-56.00,375.00,1081.22
-51.00,375.00,1080.01
-46.00,375.00,1079.04
-41.00,375.00,1078.58
-36.00,375.00,1078.37
-31.00,375.00,1078.21
-26.00,375.00,1077.92
-21.00,375.00,1077.49
-16.00,375.00,1077.08
-11.00,375.00,1076.86
-6.00,375.00,1076.70
-1.00,375.00,1076.35
4.00,375.00,1076.03
9.00,375.00,1075.72
14.00,375.00,1075.47
19.00,375.00,1075.22
24.00,375.00,1075.01
29.00,375.00,1074.84
34.00,375.00,1074.64
39.00,375.00,1074.48
44.00,375.00,1074.31
49.00,375.00,1074.14
54.00,375.00,1073.95
59.00,375.00,1073.78
64.00,375.00,1073.59
69.00,375.00,1073.41
74.00,375.00,1073.23
79.00,375.00,1073.04
84.00,375.00,1072.85
89.00,375.00,1072.72
94.00,375.00,1072.54
99.00,375.00,1072.35
104.00,375.00,1072.17
109.00,375.00,1071.99
114.00,375.00,1071.78
119.00,375.00,1071.66
124.00,375.00,1071.55
129.00,375.00,1071.47
134.00,375.00,1071.40
139.00,375.00,1071.30
144.00,375.00,1071.26
149.00,375.00,1071.33
154.00,375.00,1071.43
159.00,375.00,1071.49
164.00,375.00,1071.53
169.00,375.00,1071.45
174.00,375.00,1071.34
179.00,375.00,1071.28
184.00,375.00,1071.23
189.00,375.00,1071.18
194.00,375.00,1071.13
199.00,375.00,1071.08
204.00,375.00,1071.07
209.00,375.00,1070.99
214.00,375.00,1070.94
219.00,375.00,1070.91
224.00,375.00,1070.88
229.00,375.00,1070.82
234.00,375.00,1070.76
239.00,375.00,1070.74
244.00,375.00,1070.74
249.00,375.00,1070.72
254.00,375.00,1070.69
259.00,375.00,1070.65
264.00,375.00,1070.64
269.00,375.00,1070.63
274.00,375.00,1070.61
279.00,375.00,1070.59
284.00,375.00,1070.57
289.00,375.00,1070.54
294.00,375.00,1070.51
299.00,375.00,1070.48
304.00,375.00,1070.47
309.00,375.00,1070.43
314.00,375.00,1070.42
319.00,375.00,1070.41
324.00,375.00,1070.38
329.00,375.00,1070.36
-271.00,380.00,1076.66
-266.00,380.00,1076.67
-261.00,380.00,1076.67
-256.00,380.00,1076.67
-251.00,380.00,1076.67
-246.00,380.00,1076.67
-241.00,380.00,1076.67
-236.00,380.00,1076.67
-231.00,380.00,1076.67
-226.00,380.00,1076.66
-221.00,380.00,1076.66
-216.00,380.00,1076.66
-211.00,380.00,1076.66
-206.00,380.00,1076.66
-201.00,380.00,1076.67
-196.00,380.00,1076.67
-191.00,380.00,1076.67
-186.00,380.00,1076.66
-181.00,380.00,1076.66
-176.00,380.00,1076.66
-171.00,380.00,1076.66
-166.00,380.00,1076.66
-161.00,380.00,1076.66
-156.00,380.00,1076.66
-151.00,380.00,1076.66
-146.00,380.00,1076.66
-141.00,380.00,1076.64
-136.00,380.00,1076.63
-131.00,380.00,1076.62
-126.00,380.00,1076.61
-121.00,380.00,1076.63
-116.00,380.00,1076.65
-111.00,380.00,1076.63
-106.00,380.00,1076.63
-101.00,380.00,1076.62
-96.00,380.00,1076.64
-91.00,380.00,1076.76
-86.00,380.00,1077.67
-81.00,380.00,1078.44
-76.00,380.00,1079.31
-71.00,380.00,1080.25
-66.00,380.00,1081.18
-61.00,380.00,1081.32
-56.00,380.00,1080.87
-51.00,380.00,1079.60
-46.00,380.00,1078.93
-41.00,380.00,1078.61
-36.00,380.00,1078.44
-31.00,380.00,1077.80
-26.00,380.00,1077.19
-21.00,380.00,1077.00
-16.00,380.00,1076.86
-11.00,380.00,1076.71
-6.00,380.00,1076.58
-1.00,380.00,1076.29
4.00,380.00,1076.02
9.00,380.00,1075.76
14.00,380.00,1075.52
19.00,380.00,1075.30
24.00,380.00,1075.09
29.00,380.00,1074.89
34.00,380.00,1074.68
39.00,380.00,1074.52
44.00,380.00,1074.35
49.00,380.00,1074.16
54.00,380.00,1073.96
59.00,380.00,1073.75
64.00,380.00,1073.56
69.00,380.00,1073.38
74.00,380.00,1073.19
79.00,380.00,1073.02
84.00,380.00,1072.84
89.00,380.00,1072.67
94.00,380.00,1072.48
99.00,380.00,1072.30
104.00,380.00,1072.12
109.00,380.00,1071.93
114.00,380.00,1071.76
119.00,380.00,1071.66
124.00,380.00,1071.54
129.00,380.00,1071.44
134.00,380.00,1071.34
139.00,380.00,1071.27
144.00,380.00,1071.21
149.00,380.00,1071.29
154.00,380.00,1071.42
159.00,380.00,1071.49
164.00,380.00,1071.51
169.00,380.00,1071.45
174.00,380.00,1071.26
179.00,380.00,1071.16
184.00,380.00,1071.11
189.00,380.00,1071.06
194.00,380.00,1071.00
199.00,380.00,1070.96
204.00,380.00,1070.91
209.00,380.00,1070.86
214.00,380.00,1070.79
219.00,380.00,1070.72
224.00,380.00,1070.67
229.00,380.00,1070.61
234.00,380.00,1070.53
239.00,380.00,1070.49
244.00,380.00,1070.46
249.00,380.00,1070.44
254.00,380.00,1070.41
259.00,380.00,1070.39
264.00,380.00,1070.37
269.00,380.00,1070.34
274.00,380.00,1070.35
279.00,380.00,1070.32
284.00,380.00,1070.30
289.00,380.00,1070.27
294.00,380.00,1070.25
299.00,380.00,1070.21
304.00,380.00,1070.19
309.00,380.00,1070.16
314.00,380.00,1070.16
319.00,380.00,1070.12
324.00,380.00,1070.10
329.00,380.00,1070.07
-271.00,385.00,1076.66
-266.00,385.00,1076.67
-261.00,385.00,1076.66
-256.00,385.00,1076.66
-251.00,385.00,1076.66
-246.00,385.00,1076.66
-241.00,385.00,1076.67
-236.00,385.00,1076.67
-231.00,385.00,1076.67
-226.00,385.00,1076.66
-221.00,385.00,1076.66
-216.00,385.00,1076.66
-211.00,385.00,1076.66
-206.00,385.00,1076.67
-201.00,385.00,1076.66
-196.00,385.00,1076.65
-191.00,385.00,1076.66
-186.00,385.00,1076.66
-181.00,385.00,1076.66
-176.00,385.00,1076.65
-171.00,385.00,1076.65
-166.00,385.00,1076.65
-161.00,385.00,1076.65
-156.00,385.00,1076.64
-151.00,385.00,1076.65
-146.00,385.00,1076.65
-141.00,385.00,1076.65
-136.00,385.00,1076.63
-131.00,385.00,1076.62
-126.00,385.00,1076.61
-121.00,385.00,1076.61
-116.00,385.00,1076.63
-111.00,385.00,1076.61
-106.00,385.00,1076.61
-101.00,385.00,1076.61
-96.00,385.00,1076.62
-91.00,385.00,1077.02
-86.00,385.00,1077.79
-81.00,385.00,1078.59
-76.00,385.00,1079.61
-71.00,385.00,1080.45
-66.00,385.00,1081.31
-61.00,385.00,1081.41
-56.00,385.00,1080.37
-51.00,385.00,1079.30
-46.00,385.00,1078.75
-41.00,385.00,1078.67
-36.00,385.00,1077.82
-31.00,385.00,1077.39
-26.00,385.00,1077.03
-21.00,385.00,1076.91
-16.00,385.00,1076.88
-11.00,385.00,1076.77
-6.00,385.00,1076.52
-1.00,385.00,1076.20
4.00,385.00,1075.92
9.00,385.00,1075.67
14.00,385.00,1075.43
19.00,385.00,1075.20
24.00,385.00,1075.01
29.00,385.00,1074.82
34.00,385.00,1074.63
39.00,385.00,1074.45
44.00,385.00,1074.27
49.00,385.00,1074.08
54.00,385.00,1073.91
59.00,385.00,1073.83
64.00,385.00,1073.60
69.00,385.00,1073.43
74.00,385.00,1073.26
79.00,385.00,1073.12
84.00,385.00,1072.96
89.00,385.00,1072.78
94.00,385.00,1072.44
99.00,385.00,1072.23
104.00,385.00,1072.01
109.00,385.00,1071.88
114.00,385.00,1071.91
119.00,385.00,1071.88
124.00,385.00,1071.73
129.00,385.00,1071.45
134.00,385.00,1071.32
139.00,385.00,1071.36
144.00,385.00,1071.16
149.00,385.00,1071.31
154.00,385.00,1071.44
159.00,385.00,1071.50
164.00,385.00,1071.51
169.00,385.00,1071.42
174.00,385.00,1071.21
179.00,385.00,1071.29
184.00,385.00,1071.21
189.00,385.00,1071.11
194.00,385.00,1070.98
199.00,385.00,1070.82
204.00,385.00,1070.72
209.00,385.00,1070.65
214.00,385.00,1070.63
219.00,385.00,1070.62
224.00,385.00,1070.55
229.00,385.00,1070.50
234.00,385.00,1070.44
239.00,385.00,1070.42
244.00,385.00,1070.37
249.00,385.00,1070.32
254.00,385.00,1070.29
259.00,385.00,1070.24
264.00,385.00,1070.26
269.00,385.00,1070.19
274.00,385.00,1070.19
279.00,385.00,1070.16
284.00,385.00,1070.16
289.00,385.00,1070.15
294.00,385.00,1070.13
299.00,385.00,1070.12
304.00,385.00,1070.16
309.00,385.00,1070.27
314.00,385.00,1070.29
319.00,385.00,1070.28
324.00,385.00,1070.17
329.00,385.00,1070.21
-271.00,390.00,1076.66
-266.00,390.00,1076.66
-261.00,390.00,1076.67
-256.00,390.00,1076.66
-251.00,390.00,1076.67
-246.00,390.00,1076.66
-241.00,390.00,1076.66
-236.00,390.00,1076.67
-231.00,390.00,1076.67
-226.00,390.00,1076.66
-221.00,390.00,1076.66
-216.00,390.00,1076.66
-211.00,390.00,1076.66
-206.00,390.00,1076.66
-201.00,390.00,1076.66
-196.00,390.00,1076.66
-191.00,390.00,1076.66
-186.00,390.00,1076.66
-181.00,390.00,1076.66
-176.00,390.00,1076.65
-171.00,390.00,1076.65
-166.00,390.00,1076.64
-161.00,390.00,1076.64
-156.00,390.00,1076.63
-151.00,390.00,1076.63
-146.00,390.00,1076.64
-141.00,390.00,1076.63
-136.00,390.00,1076.62
-131.00,390.00,1076.61
-126.00,390.00,1076.60
-121.00,390.00,1076.61
-116.00,390.00,1076.61
-111.00,390.00,1076.59
-106.00,390.00,1076.59
-101.00,390.00,1076.59
-96.00,390.00,1076.68
-91.00,390.00,1077.37
-86.00,390.00,1078.09
-81.00,390.00,1079.07
-76.00,390.00,1079.98
-71.00,390.00,1080.73
-66.00,390.00,1081.41
-61.00,390.00,1081.24
-56.00,390.00,1080.02
-51.00,390.00,1079.11
-46.00,390.00,1078.71
-41.00,390.00,1078.19
-36.00,390.00,1077.52
-31.00,390.00,1077.32
-26.00,390.00,1077.27
-21.00,390.00,1077.11
-16.00,390.00,1076.97
-11.00,390.00,1076.73
-6.00,390.00,1076.45
-1.00,390.00,1076.22
4.00,390.00,1075.99
9.00,390.00,1075.78
14.00,390.00,1075.59
19.00,390.00,1075.37
24.00,390.00,1075.07
29.00,390.00,1074.82
34.00,390.00,1074.60
39.00,390.00,1074.39
44.00,390.00,1074.21
49.00,390.00,1074.07
54.00,390.00,1073.91
59.00,390.00,1073.73
64.00,390.00,1073.50
69.00,390.00,1073.33
74.00,390.00,1073.25
79.00,390.00,1073.09
84.00,390.00,1072.85
89.00,390.00,1072.67
94.00,390.00,1072.46
99.00,390.00,1072.20
104.00,390.00,1072.02
109.00,390.00,1072.07
114.00,390.00,1071.91
119.00,390.00,1071.77
124.00,390.00,1071.66
129.00,390.00,1071.54
134.00,390.00,1071.31
139.00,390.00,1071.36
144.00,390.00,1071.21
149.00,390.00,1071.35
154.00,390.00,1071.45
159.00,390.00,1071.50
164.00,390.00,1071.52
169.00,390.00,1071.38
174.00,390.00,1071.23
179.00,390.00,1071.35
184.00,390.00,1071.18
189.00,390.00,1070.94
194.00,390.00,1070.73
199.00,390.00,1070.62
204.00,390.00,1070.77
209.00,390.00,1071.18
214.00,390.00,1071.74
219.00,390.00,1071.79
224.00,390.00,1071.58
229.00,390.00,1071.08
234.00,390.00,1070.67
239.00,390.00,1070.43
244.00,390.00,1070.37
249.00,390.00,1070.38
254.00,390.00,1070.36
259.00,390.00,1070.33
264.00,390.00,1070.31
269.00,390.00,1070.27
274.00,390.00,1070.28
279.00,390.00,1070.27
284.00,390.00,1070.25
289.00,390.00,1070.20
294.00,390.00,1070.20
299.00,390.00,1070.18
304.00,390.00,1070.13
309.00,390.00,1070.15
314.00,390.00,1070.11
319.00,390.00,1070.08
324.00,390.00,1070.08
329.00,390.00,1070.06
-271.00,395.00,1076.67
-266.00,395.00,1076.66
-261.00,395.00,1076.66
-256.00,395.00,1076.66
-251.00,395.00,1076.67
-246.00,395.00,1076.67
-241.00,395.00,1076.67
-236.00,395.00,1076.67
-231.00,395.00,1076.67
-226.00,395.00,1076.66
-221.00,395.00,1076.66
-216.00,395.00,1076.66
-211.00,395.00,1076.66
-206.00,395.00,1076.66
-201.00,395.00,1076.67
-196.00,395.00,1076.68
-191.00,395.00,1076.67
-186.00,395.00,1076.66
-181.00,395.00,1076.66
-176.00,395.00,1076.66
-171.00,395.00,1076.65
-166.00,395.00,1076.65
-161.00,395.00,1076.64
-156.00,395.00,1076.64
-151.00,395.00,1076.64
-146.00,395.00,1076.64
-141.00,395.00,1076.64
-136.00,395.00,1076.64
-131.00,395.00,1076.63
-126.00,395.00,1076.62
-121.00,395.00,1076.62
-116.00,395.00,1076.62
-111.00,395.00,1076.60
-106.00,395.00,1076.59
-101.00,395.00,1076.59
-96.00,395.00,1076.85
-91.00,395.00,1077.65
-86.00,395.00,1078.44
-81.00,395.00,1079.39
-76.00,395.00,1080.22
-71.00,395.00,1081.09
-66.00,395.00,1081.44
-61.00,395.00,1081.05
-56.00,395.00,1079.90
-51.00,395.00,1078.93
-46.00,395.00,1078.47
-41.00,395.00,1077.74
-36.00,395.00,1077.62
-31.00,395.00,1077.68
-26.00,395.00,1077.31
-21.00,395.00,1077.08
-16.00,395.00,1076.94
-11.00,395.00,1076.82
-6.00,395.00,1076.60
-1.00,395.00,1076.37
4.00,395.00,1076.07
9.00,395.00,1075.80
14.00,395.00,1075.59
19.00,395.00,1075.34
24.00,395.00,1075.06
29.00,395.00,1074.65
34.00,395.00,1074.23
39.00,395.00,1074.01
44.00,395.00,1073.82
49.00,395.00,1073.73
54.00,395.00,1073.65
59.00,395.00,1073.53
64.00,395.00,1073.48
69.00,395.00,1073.38
74.00,395.00,1073.21
79.00,395.00,1073.06
84.00,395.00,1072.85
89.00,395.00,1072.67
94.00,395.00,1072.53
99.00,395.00,1072.22
104.00,395.00,1072.13
109.00,395.00,1072.26
114.00,395.00,1072.00
119.00,395.00,1071.79
124.00,395.00,1071.65
129.00,395.00,1071.50
134.00,395.00,1071.25
139.00,395.00,1071.32
144.00,395.00,1071.27
149.00,395.00,1071.36
154.00,395.00,1071.46
159.00,395.00,1071.51
164.00,395.00,1071.52
169.00,395.00,1071.40
174.00,395.00,1071.25
179.00,395.00,1071.31
184.00,395.00,1071.08
189.00,395.00,1070.80
194.00,395.00,1070.81
199.00,395.00,1071.18
204.00,395.00,1071.72
209.00,395.00,1072.32
214.00,395.00,1072.19
219.00,395.00,1071.34
224.00,395.00,1070.54
229.00,395.00,1070.52
234.00,395.00,1070.54
239.00,395.00,1070.54
244.00,395.00,1070.51
249.00,395.00,1070.47
254.00,395.00,1070.45
259.00,395.00,1070.43
264.00,395.00,1070.40
269.00,395.00,1070.37
274.00,395.00,1070.37
279.00,395.00,1070.34
284.00,395.00,1070.32
289.00,395.00,1070.30
294.00,395.00,1070.27
299.00,395.00,1070.26
304.00,395.00,1070.23
309.00,395.00,1070.20
314.00,395.00,1070.18
319.00,395.00,1070.16
324.00,395.00,1070.15
329.00,395.00,1070.13
-271.00,400.00,1076.67
-266.00,400.00,1076.66
-261.00,400.00,1076.66
-256.00,400.00,1076.66
-251.00,400.00,1076.66
-246.00,400.00,1076.67
-241.00,400.00,1076.67
-236.00,400.00,1076.66
-231.00,400.00,1076.67
-226.00,400.00,1076.66
-221.00,400.00,1076.66
-216.00,400.00,1076.66
-211.00,400.00,1076.66
-206.00,400.00,1076.66
-201.00,400.00,1076.65
-196.00,400.00,1076.67
-191.00,400.00,1076.67
-186.00,400.00,1076.66
-181.00,400.00,1076.66
-176.00,400.00,1076.66
-171.00,400.00,1076.65
-166.00,400.00,1076.65
-161.00,400.00,1076.64
-156.00,400.00,1076.64
-151.00,400.00,1076.63
-146.00,400.00,1076.63
-141.00,400.00,1076.63
-136.00,400.00,1076.63
-131.00,400.00,1076.63
-126.00,400.00,1076.63
-121.00,400.00,1076.63
-116.00,400.00,1076.63
-111.00,400.00,1076.60
-106.00,400.00,1076.59
-101.00,400.00,1076.64
-96.00,400.00,1077.27
-91.00,400.00,1077.97
-86.00,400.00,1078.82
-81.00,400.00,1079.68
-76.00,400.00,1080.50
-71.00,400.00,1081.36
-66.00,400.00,1081.47
-61.00,400.00,1080.50
-56.00,400.00,1079.27
-51.00,400.00,1078.66
-46.00,400.00,1078.00
-41.00,400.00,1077.89
-36.00,400.00,1077.99
-31.00,400.00,1077.58
-26.00,400.00,1077.38
-21.00,400.00,1077.15
-16.00,400.00,1076.73
-11.00,400.00,1076.44
-6.00,400.00,1076.35
-1.00,400.00,1076.12
4.00,400.00,1075.87
9.00,400.00,1075.68
14.00,400.00,1075.52
19.00,400.00,1075.41
24.00,400.00,1075.24
29.00,400.00,1075.11
34.00,400.00,1074.89
39.00,400.00,1074.69
44.00,400.00,1074.47
49.00,400.00,1074.23
54.00,400.00,1074.00
59.00,400.00,1073.80
64.00,400.00,1073.62
69.00,400.00,1073.35
74.00,400.00,1073.07
79.00,400.00,1073.01
84.00,400.00,1072.97
89.00,400.00,1072.73
94.00,400.00,1072.58
99.00,400.00,1072.27
104.00,400.00,1072.20
109.00,400.00,1072.37
114.00,400.00,1072.11
119.00,400.00,1071.97
124.00,400.00,1071.79
129.00,400.00,1071.56
134.00,400.00,1071.27
139.00,400.00,1071.22
144.00,400.00,1071.31
149.00,400.00,1071.40
154.00,400.00,1071.49
159.00,400.00,1071.53
164.00,400.00,1071.52
169.00,400.00,1071.41
174.00,400.00,1071.27
179.00,400.00,1071.30
184.00,400.00,1070.93
189.00,400.00,1070.86
194.00,400.00,1071.25
199.00,400.00,1072.00
204.00,400.00,1072.63
209.00,400.00,1072.16
214.00,400.00,1070.87
219.00,400.00,1070.57
224.00,400.00,1070.59
229.00,400.00,1070.55
234.00,400.00,1070.44
239.00,400.00,1070.45
244.00,400.00,1070.47
249.00,400.00,1070.48
254.00,400.00,1070.45
259.00,400.00,1070.43
264.00,400.00,1070.40
269.00,400.00,1070.39
274.00,400.00,1070.36
279.00,400.00,1070.33
284.00,400.00,1070.33
289.00,400.00,1070.32
294.00,400.00,1070.29
299.00,400.00,1070.27
304.00,400.00,1070.23
309.00,400.00,1070.21
314.00,400.00,1070.20
319.00,400.00,1070.20
324.00,400.00,1070.17
329.00,400.00,1070.16
-271.00,405.00,1076.66
-266.00,405.00,1076.67
-261.00,405.00,1076.66
-256.00,405.00,1076.67
-251.00,405.00,1076.66
-246.00,405.00,1076.66
-241.00,405.00,1076.67
-236.00,405.00,1076.67
-231.00,405.00,1076.66
-226.00,405.00,1076.66
-221.00,405.00,1076.66
-216.00,405.00,1076.66
-211.00,405.00,1076.66
-206.00,405.00,1076.65
-201.00,405.00,1076.65
-196.00,405.00,1076.66
-191.00,405.00,1076.67
-186.00,405.00,1076.67
-181.00,405.00,1076.66
-176.00,405.00,1076.66
-171.00,405.00,1076.65
-166.00,405.00,1076.65
-161.00,405.00,1076.65
-156.00,405.00,1076.64
-151.00,405.00,1076.64
-146.00,405.00,1076.64
-141.00,405.00,1076.62
-136.00,405.00,1076.63
-131.00,405.00,1076.64
-126.00,405.00,1076.64
-121.00,405.00,1076.65
-116.00,405.00,1076.66
-111.00,405.00,1076.64
-106.00,405.00,1076.60
-101.00,405.00,1076.82
-96.00,405.00,1077.55
-91.00,405.00,1078.26
-86.00,405.00,1079.12
-81.00,405.00,1079.90
-76.00,405.00,1080.90
-71.00,405.00,1081.53
-66.00,405.00,1081.49
-61.00,405.00,1080.62
-56.00,405.00,1078.97
-51.00,405.00,1078.28
-46.00,405.00,1078.18
-41.00,405.00,1078.24
-36.00,405.00,1077.88
-31.00,405.00,1077.66
-26.00,405.00,1077.39
-21.00,405.00,1076.57
-16.00,405.00,1076.01
-11.00,405.00,1075.96
-6.00,405.00,1075.98
-1.00,405.00,1076.02
4.00,405.00,1076.04
9.00,405.00,1076.00
14.00,405.00,1075.71
19.00,405.00,1075.34
24.00,405.00,1074.93
29.00,405.00,1074.68
34.00,405.00,1074.48
39.00,405.00,1074.23
44.00,405.00,1073.79
49.00,405.00,1073.53
54.00,405.00,1073.32
59.00,405.00,1073.07
64.00,405.00,1072.83
69.00,405.00,1072.85
74.00,405.00,1073.16
79.00,405.00,1073.01
84.00,405.00,1072.83
89.00,405.00,1072.88
94.00,405.00,1072.65
99.00,405.00,1072.38
104.00,405.00,1072.25
109.00,405.00,1072.45
114.00,405.00,1072.25
119.00,405.00,1072.06
124.00,405.00,1071.89
129.00,405.00,1071.75
134.00,405.00,1071.35
139.00,405.00,1071.23
144.00,405.00,1071.34
149.00,405.00,1071.43
154.00,405.00,1071.52
159.00,405.00,1071.56
164.00,405.00,1071.53
169.00,405.00,1071.45
174.00,405.00,1071.30
179.00,405.00,1071.13
184.00,405.00,1070.95
189.00,405.00,1071.33
194.00,405.00,1071.88
199.00,405.00,1072.89
204.00,405.00,1072.22
209.00,405.00,1070.84
214.00,405.00,1070.62
219.00,405.00,1070.63
224.00,405.00,1070.48
229.00,405.00,1070.56
234.00,405.00,1070.63
239.00,405.00,1070.70
244.00,405.00,1070.68
249.00,405.00,1070.63
254.00,405.00,1070.65
259.00,405.00,1070.62
264.00,405.00,1070.61
269.00,405.00,1070.72
274.00,405.00,1070.64
279.00,405.00,1070.61
284.00,405.00,1070.55
289.00,405.00,1070.54
294.00,405.00,1070.51
299.00,405.00,1070.51
304.00,405.00,1070.48
309.00,405.00,1070.47
314.00,405.00,1070.48
319.00,405.00,1070.52
324.00,405.00,1070.59
329.00,405.00,1070.35
-271.00,410.00,1076.66
-266.00,410.00,1076.66
-261.00,410.00,1076.66
-256.00,410.00,1076.67
-251.00,410.00,1076.66
-246.00,410.00,1076.67
-241.00,410.00,1076.67
-236.00,410.00,1076.67
-231.00,410.00,1076.67
-226.00,410.00,1076.66
-221.00,410.00,1076.66
-216.00,410.00,1076.66
-211.00,410.00,1076.66
-206.00,410.00,1076.66
-201.00,410.00,1076.63
-196.00,410.00,1076.64
-191.00,410.00,1076.66
-186.00,410.00,1076.67
-181.00,410.00,1076.66
-176.00,410.00,1076.66
-171.00,410.00,1076.66
-166.00,410.00,1076.66
-161.00,410.00,1076.65
-156.00,410.00,1076.64
-151.00,410.00,1076.65
-146.00,410.00,1076.65
-141.00,410.00,1076.64
-136.00,410.00,1076.64
-131.00,410.00,1076.64
-126.00,410.00,1076.65
-121.00,410.00,1076.67
-116.00,410.00,1076.68
-111.00,410.00,1076.68
-106.00,410.00,1076.72
-101.00,410.00,1077.37
-96.00,410.00,1077.86
-91.00,410.00,1078.60
-86.00,410.00,1079.45
-81.00,410.00,1080.27
-76.00,410.00,1081.31
-71.00,410.00,1081.63
-66.00,410.00,1081.35
-61.00,410.00,1079.99
-56.00,410.00,1078.64
-51.00,410.00,1078.42
-46.00,410.00,1078.53
-41.00,410.00,1078.20
-36.00,410.00,1077.97
-31.00,410.00,1077.47
-26.00,410.00,1076.42
-21.00,410.00,1076.10
-16.00,410.00,1076.05
-11.00,410.00,1075.89
-6.00,410.00,1075.75
-1.00,410.00,1075.76
4.00,410.00,1075.33
9.00,410.00,1075.14
14.00,410.00,1074.94
19.00,410.00,1074.64
24.00,410.00,1074.29
29.00,410.00,1073.98
34.00,410.00,1073.65
39.00,410.00,1073.41
44.00,410.00,1073.22
49.00,410.00,1073.07
54.00,410.00,1072.77
59.00,410.00,1072.46
64.00,410.00,1072.13
69.00,410.00,1072.07
74.00,410.00,1072.21
79.00,410.00,1072.43
84.00,410.00,1072.78
89.00,410.00,1072.67
94.00,410.00,1072.73
99.00,410.00,1072.49
104.00,410.00,1072.31
109.00,410.00,1072.54
114.00,410.00,1072.34
119.00,410.00,1072.18
124.00,410.00,1072.09
129.00,410.00,1071.94
134.00,410.00,1071.41
139.00,410.00,1071.17
144.00,410.00,1071.32
149.00,410.00,1071.43
154.00,410.00,1071.55
159.00,410.00,1071.59
164.00,410.00,1071.56
169.00,410.00,1071.48
174.00,410.00,1071.32
179.00,410.00,1071.13
184.00,410.00,1071.24
189.00,410.00,1071.97
194.00,410.00,1072.87
199.00,410.00,1072.47
204.00,410.00,1071.05
209.00,410.00,1070.66
214.00,410.00,1070.66
219.00,410.00,1070.54
224.00,410.00,1070.64
229.00,410.00,1070.73
234.00,410.00,1070.86
239.00,410.00,1070.87
244.00,410.00,1070.81
249.00,410.00,1070.78
254.00,410.00,1070.77
259.00,410.00,1070.71
264.00,410.00,1070.74
269.00,410.00,1070.81
274.00,410.00,1070.83
279.00,410.00,1070.83
284.00,410.00,1070.79
289.00,410.00,1070.73
294.00,410.00,1070.68
299.00,410.00,1070.69
304.00,410.00,1070.75
309.00,410.00,1070.78
314.00,410.00,1070.80
319.00,410.00,1070.81
324.00,410.00,1070.75
329.00,410.00,1070.50
-271.00,415.00,1076.66
-266.00,415.00,1076.66
-261.00,415.00,1076.66
-256.00,415.00,1076.66
-251.00,415.00,1076.67
-246.00,415.00,1076.66
-241.00,415.00,1076.67
-236.00,415.00,1076.67
-231.00,415.00,1076.67
-226.00,415.00,1076.66
-221.00,415.00,1076.66
-216.00,415.00,1076.66
-211.00,415.00,1076.65
-206.00,415.00,1076.65
-201.00,415.00,1076.67
-196.00,415.00,1076.63
-191.00,415.00,1076.64
-186.00,415.00,1076.66
-181.00,415.00,1076.66
-176.00,415.00,1076.66
-171.00,415.00,1076.65
-166.00,415.00,1076.65
-161.00,415.00,1076.64
-156.00,415.00,1076.64
-151.00,415.00,1076.65
-146.00,415.00,1076.64
-141.00,415.00,1076.63
-136.00,415.00,1076.63
-131.00,415.00,1076.63
-126.00,415.00,1076.64
-121.00,415.00,1076.65
-116.00,415.00,1076.66
-111.00,415.00,1076.66
-106.00,415.00,1076.91
-101.00,415.00,1077.60
-96.00,415.00,1078.16
-91.00,415.00,1078.91
-86.00,415.00,1079.78
-81.00,415.00,1080.63
-76.00,415.00,1081.56
-71.00,415.00,1081.62
-66.00,415.00,1080.96
-61.00,415.00,1079.18
-56.00,415.00,1078.64
-51.00,415.00,1078.71
-46.00,415.00,1078.49
-41.00,415.00,1078.29
-36.00,415.00,1077.92
-31.00,415.00,1076.64
-26.00,415.00,1076.12
-21.00,415.00,1076.08
-16.00,415.00,1075.83
-11.00,415.00,1075.03
-6.00,415.00,1074.49
-1.00,415.00,1074.15
4.00,415.00,1074.02
9.00,415.00,1073.99
14.00,415.00,1074.02
19.00,415.00,1073.78
24.00,415.00,1073.51
29.00,415.00,1073.31
34.00,415.00,1073.06
39.00,415.00,1072.74
44.00,415.00,1072.27
49.00,415.00,1071.96
54.00,415.00,1071.68
59.00,415.00,1071.54
64.00,415.00,1071.18
69.00,415.00,1071.02
74.00,415.00,1070.96
79.00,415.00,1071.80
84.00,415.00,1072.11
89.00,415.00,1072.53
94.00,415.00,1072.64
99.00,415.00,1072.63
104.00,415.00,1072.41
109.00,415.00,1072.55
114.00,415.00,1072.47
119.00,415.00,1072.30
124.00,415.00,1072.15
129.00,415.00,1071.94
134.00,415.00,1071.44
139.00,415.00,1071.12
144.00,415.00,1071.29
149.00,415.00,1071.43
154.00,415.00,1071.56
159.00,415.00,1071.62
164.00,415.00,1071.60
169.00,415.00,1071.52
174.00,415.00,1071.37
179.00,415.00,1071.15
184.00,415.00,1071.72
189.00,415.00,1072.87
194.00,415.00,1073.01
199.00,415.00,1071.54
204.00,415.00,1070.61
209.00,415.00,1070.72
214.00,415.00,1070.58
219.00,415.00,1070.74
224.00,415.00,1070.81
229.00,415.00,1070.92
234.00,415.00,1071.01
239.00,415.00,1070.94
244.00,415.00,1070.97
249.00,415.00,1070.94
254.00,415.00,1071.02
259.00,415.00,1070.89
264.00,415.00,1070.92
269.00,415.00,1070.95
274.00,415.00,1070.99
279.00,415.00,1071.00
284.00,415.00,1070.95
289.00,415.00,1070.92
294.00,415.00,1070.84
299.00,415.00,1071.08
304.00,415.00,1070.91
309.00,415.00,1070.90
314.00,415.00,1071.00
319.00,415.00,1070.96
324.00,415.00,1070.95
329.00,415.00,1070.70
