  0
SECTION
  2
HEADER
  9
$ACADVER
  1
AC1032
  9
$ACADMAINTVER
 90
4
  9
$DWGCODEPAGE
  3
ANSI_1252
  9
$LASTSAVEDBY
  1
ezdxf
  9
$REQUIREDVERSIONS
160
0
  9
$INSBASE
 10
0.0
 20
0.0
 30
0.0
  9
$EXTMIN
 10
1e+20
 20
1e+20
 30
1e+20
  9
$EXTMAX
 10
-1e+20
 20
-1e+20
 30
-1e+20
  9
$LIMMIN
 10
0.0
 20
0.0
  9
$LIMMAX
 10
420.0
 20
297.0
  9
$ORTHOMODE
 70
0
  9
$REGENMODE
 70
1
  9
$FILLMODE
 70
1
  9
$QTEXTMODE
 70
0
  9
$MIRRTEXT
 70
1
  9
$LTSCALE
 40
2.0
  9
$ATTMODE
 70
1
  9
$TEXTSIZE
 40
2.5
  9
$TRACEWID
 40
1.0
  9
$TEXTSTYLE
  7
OpenSans
  9
$CLAYER
  8
0
  9
$CELTYPE
  6
ByLayer
  9
$CECOLOR
 62
256
  9
$CELTSCALE
 40
1.0
  9
$DISPSILH
 70
0
  9
$DIMSCALE
 40
1.0
  9
$DIMASZ
 40
0.175
  9
$DIMEXO
 40
0.125
  9
$DIMDLI
 40
3.75
  9
$DIMRND
 40
0.0
  9
$DIMDLE
 40
0.0
  9
$DIMEXE
 40
0.375
  9
$DIMTP
 40
0.0
  9
$DIMTM
 40
0.0
  9
$DIMTXT
 40
0.25
  9
$DIMCEN
 40
2.5
  9
$DIMTSZ
 40
0.0
  9
$DIMTOL
 70
0
  9
$DIMLIM
 70
0
  9
$DIMTIH
 70
0
  9
$DIMTOH
 70
0
  9
$DIMSE1
 70
0
  9
$DIMSE2
 70
0
  9
$DIMTAD
 70
1
  9
$DIMZIN
 70
12
  9
$DIMBLK
  1
ARCHTICK
  9
$DIMASO
 70
1
  9
$DIMSHO
 70
1
  9
$DIMPOST
  1

  9
$DIMAPOST
  1

  9
$DIMALT
 70
0
  9
$DIMALTD
 70
3
  9
$DIMALTF
 40
0.03937007874
  9
$DIMLFAC
 40
100.0
  9
$DIMTOFL
 70
1
  9
$DIMTVP
 40
0.0
  9
$DIMTIX
 70
0
  9
$DIMSOXD
 70
0
  9
$DIMSAH
 70
0
  9
$DIMBLK1
  1

  9
$DIMBLK2
  1

  9
$DIMSTYLE
  2
EZDXF
  9
$DIMCLRD
 70
0
  9
$DIMCLRE
 70
0
  9
$DIMCLRT
 70
0
  9
$DIMTFAC
 40
0.5
  9
$DIMGAP
 40
0.1
  9
$DIMJUST
 70
0
  9
$DIMSD1
 70
0
  9
$DIMSD2
 70
0
  9
$DIMTOLJ
 70
0
  9
$DIMTZIN
 70
8
  9
$DIMALTZ
 70
0
  9
$DIMALTTZ
 70
0
  9
$DIMUPT
 70
1
  9
$DIMDEC
 70
2
  9
$DIMTDEC
 70
2
  9
$DIMALTU
 70
2
  9
$DIMALTTD
 70
3
  9
$DIMTXSTY
  7
OpenSansCondensed-Light
  9
$DIMAUNIT
 70
0
  9
$DIMADEC
 70
2
  9
$DIMALTRND
 40
0.0
  9
$DIMAZIN
 70
3
  9
$DIMDSEP
 70
46
  9
$DIMATFIT
 70
3
  9
$DIMFRAC
 70
0
  9
$DIMLDRBLK
  1

  9
$DIMLUNIT
 70
2
  9
$DIMLWD
 70
-2
  9
$DIMLWE
 70
-2
  9
$DIMTMOVE
 70
2
  9
$DIMFXL
 40
1.0
  9
$DIMFXLON
 70
0
  9
$DIMJOGANG
 40
0.785398163397
  9
$DIMTFILL
 70
0
  9
$DIMTFILLCLR
 70
0
  9
$DIMARCSYM
 70
0
  9
$DIMLTYPE
  6

  9
$DIMLTEX1
  6

  9
$DIMLTEX2
  6

  9
$DIMTXTDIRECTION
 70
0
  9
$LUNITS
 70
2
  9
$LUPREC
 70
4
  9
$SKETCHINC
 40
1.0
  9
$FILLETRAD
 40
10.0
  9
$AUNITS
 70
0
  9
$AUPREC
 70
2
  9
$MENU
  1
.
  9
$ELEVATION
 40
0.0
  9
$PELEVATION
 40
0.0
  9
$THICKNESS
 40
0.0
  9
$LIMCHECK
 70
0
  9
$CHAMFERA
 40
0.0
  9
$CHAMFERB
 40
0.0
  9
$CHAMFERC
 40
0.0
  9
$CHAMFERD
 40
0.0
  9
$SKPOLY
 70
0
  9
$TDCREATE
 40
2461319.829976852
  9
$TDUCREATE
 40
2458532.153996898
  9
$TDUPDATE
 40
2461319.829976852
  9
$TDUUPDATE
 40
2458532.1544311
  9
$TDINDWG
 40
0.0
  9
$TDUSRTIMER
 40
0.0
  9
$USRTIMER
 70
1
  9
$ANGBASE
 50
0.0
  9
$ANGDIR
 70
0
  9
$PDMODE
 70
0
  9
$PDSIZE
 40
0.0
  9
$PLINEWID
 40
0.0
  9
$SPLFRAME
 70
0
  9
$SPLINETYPE
 70
6
  9
$SPLINESEGS
 70
8
  9
$HANDSEED
  5
E20
  9
$SURFTAB1
 70
6
  9
$SURFTAB2
 70
6
  9
$SURFTYPE
 70
6
  9
$SURFU
 70
6
  9
$SURFV
 70
6
  9
$UCSBASE
  2

  9
$UCSNAME
  2

  9
$UCSORG
 10
0.0
 20
0.0
 30
0.0
  9
$UCSXDIR
 10
1.0
 20
0.0
 30
0.0
  9
$UCSYDIR
 10
0.0
 20
1.0
 30
0.0
  9
$UCSORTHOREF
  2

  9
$UCSORTHOVIEW
 70
0
  9
$UCSORGTOP
 10
0.0
 20
0.0
 30
0.0
  9
$UCSORGBOTTOM
 10
0.0
 20
0.0
 30
0.0
  9
$UCSORGLEFT
 10
0.0
 20
0.0
 30
0.0
  9
$UCSORGRIGHT
 10
0.0
 20
0.0
 30
0.0
  9
$UCSORGFRONT
 10
0.0
 20
0.0
 30
0.0
  9
$UCSORGBACK
 10
0.0
 20
0.0
 30
0.0
  9
$PUCSBASE
  2

  9
$PUCSNAME
  2

  9
$PUCSORG
 10
0.0
 20
0.0
 30
0.0
  9
$PUCSXDIR
 10
1.0
 20
0.0
 30
0.0
  9
$PUCSYDIR
 10
0.0
 20
1.0
 30
0.0
  9
$PUCSORTHOREF
  2

  9
$PUCSORTHOVIEW
 70
0
  9
$PUCSORGTOP
 10
0.0
 20
0.0
 30
0.0
  9
$PUCSORGBOTTOM
 10
0.0
 20
0.0
 30
0.0
  9
$PUCSORGLEFT
 10
0.0
 20
0.0
 30
0.0
  9
$PUCSORGRIGHT
 10
0.0
 20
0.0
 30
0.0
  9
$PUCSORGFRONT
 10
0.0
 20
0.0
 30
0.0
  9
$PUCSORGBACK
 10
0.0
 20
0.0
 30
0.0
  9
$USERI1
 70
0
  9
$USERI2
 70
0
  9
$USERI3
 70
0
  9
$USERI4
 70
0
  9
$USERI5
 70
0
  9
$USERR1
 40
0.0
  9
$USERR2
 40
0.0
  9
$USERR3
 40
0.0
  9
$USERR4
 40
0.0
  9
$USERR5
 40
0.0
  9
$WORLDVIEW
 70
1
  9
$SHADEDGE
 70
3
  9
$SHADEDIF
 70
70
  9
$TILEMODE
 70
1
  9
$MAXACTVP
 70
64
  9
$PINSBASE
 10
0.0
 20
0.0
 30
0.0
  9
$PLIMCHECK
 70
0
  9
$PEXTMIN
 10
1e+20
 20
1e+20
 30
1e+20
  9
$PEXTMAX
 10
-1e+20
 20
-1e+20
 30
-1e+20
  9
$PLIMMIN
 10
0.0
 20
0.0
  9
$PLIMMAX
 10
420.0
 20
297.0
  9
$UNITMODE
 70
0
  9
$VISRETAIN
 70
1
  9
$PLINEGEN
 70
0
  9
$PSLTSCALE
 70
1
  9
$TREEDEPTH
 70
3020
  9
$CMLSTYLE
  2
Standard
  9
$CMLJUST
 70
0
  9
$CMLSCALE
 40
20.0
  9
$PROXYGRAPHICS
 70
1
  9
$MEASUREMENT
 70
1
  9
$CELWEIGHT
370
-1
  9
$ENDCAPS
280
0
  9
$JOINSTYLE
280
0
  9
$LWDISPLAY
290
0
  9
$INSUNITS
 70
6
  9
$HYPERLINKBASE
  1

  9
$STYLESHEET
  1

  9
$XEDIT
290
1
  9
$CEPSNTYPE
380
0
  9
$PSTYLEMODE
290
1
  9
$FINGERPRINTGUID
  2
{B257AB3F-40E8-4718-95F2-4D9A1395599A}
  9
$VERSIONGUID
  2
{50F24371-AE3E-4AA1-AD37-B2C354ABF8EE}
  9
$EXTNAMES
290
1
  9
$PSVPSCALE
 40
0.0
  9
$OLESTARTUP
290
0
  9
$SORTENTS
280
127
  9
$INDEXCTL
280
0
  9
$HIDETEXT
280
1
  9
$XCLIPFRAME
280
1
  9
$HALOGAP
280
0
  9
$OBSCOLOR
 70
257
  9
$OBSLTYPE
280
0
  9
$INTERSECTIONDISPLAY
280
0
  9
$INTERSECTIONCOLOR
 70
257
  9
$DIMASSOC
280
2
  9
$PROJECTNAME
  1

  9
$CAMERADISPLAY
290
0
  9
$LENSLENGTH
 40
50.0
  9
$CAMERAHEIGHT
 40
0.0
  9
$STEPSPERSEC
 40
24.0
  9
$STEPSIZE
 40
100.0
  9
$3DDWFPREC
 40
2.0
  9
$PSOLWIDTH
 40
0.005
  9
$PSOLHEIGHT
 40
0.08
  9
$LOFTANG1
 40
1.570796326795
  9
$LOFTANG2
 40
1.570796326795
  9
$LOFTMAG1
 40
0.0
  9
$LOFTMAG2
 40
0.0
  9
$LOFTPARAM
 70
7
  9
$LOFTNORMALS
280
1
  9
$LATITUDE
 40
37.795
  9
$LONGITUDE
 40
-122.394
  9
$NORTHDIRECTION
 40
0.0
  9
$TIMEZONE
 70
-8000
  9
$LIGHTGLYPHDISPLAY
280
1
  9
$TILEMODELIGHTSYNCH
280
1
  9
$CMATERIAL
347
20
  9
$SOLIDHIST
280
0
  9
$SHOWHIST
280
1
  9
$DWFFRAME
280
2
  9
$DGNFRAME
280
2
  9
$REALWORLDSCALE
290
1
  9
$INTERFERECOLOR
 62
256
  9
$CSHADOW
280
0
  9
$SHADOWPLANELOCATION
 40
0.0
  0
ENDSEC
  0
SECTION
  2
CLASSES
  0
CLASS
  1
ACDBDICTIONARYWDFLT
  2
AcDbDictionaryWithDefault
  3
ObjectDBX Classes
 90
0
 91
0
280
0
281
0
  0
CLASS
  1
SUN
  2
AcDbSun
  3
SCENEOE
 90
1153
 91
0
280
0
281
0
  0
CLASS
  1
VISUALSTYLE
  2
AcDbVisualStyle
  3
ObjectDBX Classes
 90
4095
 91
0
280
0
281
0
  0
CLASS
  1
MATERIAL
  2
AcDbMaterial
  3
ObjectDBX Classes
 90
1153
 91
0
280
0
281
0
  0
CLASS
  1
SCALE
  2
AcDbScale
  3
ObjectDBX Classes
 90
1153
 91
0
280
0
281
0
  0
CLASS
  1
TABLESTYLE
  2
AcDbTableStyle
  3
ObjectDBX Classes
 90
4095
 91
0
280
0
281
0
  0
CLASS
  1
MLEADERSTYLE
  2
AcDbMLeaderStyle
  3
ACDB_MLEADERSTYLE_CLASS
 90
4095
 91
0
280
0
281
0
  0
CLASS
  1
DICTIONARYVAR
  2
AcDbDictionaryVar
  3
ObjectDBX Classes
 90
0
 91
0
280
0
281
0
  0
CLASS
  1
CELLSTYLEMAP
  2
AcDbCellStyleMap
  3
ObjectDBX Classes
 90
1152
 91
0
280
0
281
0
  0
CLASS
  1
MENTALRAYRENDERSETTINGS
  2
AcDbMentalRayRenderSettings
  3
SCENEOE
 90
1024
 91
0
280
0
281
0
  0
CLASS
  1
ACDBDETAILVIEWSTYLE
  2
AcDbDetailViewStyle
  3
ObjectDBX Classes
 90
1025
 91
0
280
0
281
0
  0
CLASS
  1
ACDBSECTIONVIEWSTYLE
  2
AcDbSectionViewStyle
  3
ObjectDBX Classes
 90
1025
 91
0
280
0
281
0
  0
CLASS
  1
RASTERVARIABLES
  2
AcDbRasterVariables
  3
ISM
 90
0
 91
0
280
0
281
0
  0
CLASS
  1
ACDBPLACEHOLDER
  2
AcDbPlaceHolder
  3
ObjectDBX Classes
 90
0
 91
0
280
0
281
0
  0
CLASS
  1
LAYOUT
  2
AcDbLayout
  3
ObjectDBX Classes
 90
0
 91
0
280
0
281
0
  0
ENDSEC
  0
SECTION
  2
TABLES
  0
TABLE
  2
VPORT
  5
8
330
0
100
AcDbSymbolTable
 70
1
  0
VPORT
  5
E1C
330
8
100
AcDbSymbolTableRecord
100
AcDbViewportTableRecord
  2
*Active
 70
0
 10
0.0
 20
0.0
 11
1.0
 21
1.0
 12
29.0
 22
115.0
 13
0.0
 23
0.0
 14
0.5
 24
0.5
 15
0.5
 25
0.5
 16
0.0
 26
0.0
 36
1.0
 17
0.0
 27
0.0
 37
0.0
 40
660.0
 41
1.34
 42
50.0
 43
0.0
 44
0.0
 50
0.0
 51
0.0
 71
0
 72
1000
 73
1
 74
3
 75
0
 76
0
 77
0
 78
0
281
0
 65
1
110
0.0
120
0.0
130
0.0
111
1.0
121
0.0
131
0.0
112
0.0
122
1.0
132
0.0
 79
0
146
0.0
  0
ENDTAB
  0
TABLE
  2
LTYPE
  5
2
330
0
100
AcDbSymbolTable
 70
21
  0
LTYPE
  5
24
330
2
100
AcDbSymbolTableRecord
100
AcDbLinetypeTableRecord
  2
ByBlock
 70
0
  3

 72
65
 73
0
 40
0.0
  0
LTYPE
  5
25
330
2
100
AcDbSymbolTableRecord
100
AcDbLinetypeTableRecord
  2
ByLayer
 70
0
  3

 72
65
 73
0
 40
0.0
  0
LTYPE
  5
26
330
2
100
AcDbSymbolTableRecord
100
AcDbLinetypeTableRecord
  2
Continuous
 70
0
  3

 72
65
 73
0
 40
0.0
  0
LTYPE
  5
2F
330
2
100
AcDbSymbolTableRecord
100
AcDbLinetypeTableRecord
  2
CENTER
 70
0
  3
Center ____ _ ____ _ ____ _ ____ _ ____ _ ____
 72
65
 73
4
 40
5.08
 49
3.175
 74
0
 49
-0.635
 74
0
 49
0.635
 74
0
 49
-0.635
 74
0
  0
LTYPE
  5
30
330
2
100
AcDbSymbolTableRecord
100
AcDbLinetypeTableRecord
  2
CENTERX2
 70
0
  3
Center (2x) ________  __  ________  __  ________
 72
65
 73
4
 40
8.89
 49
6.35
 74
0
 49
-0.635
 74
0
 49
1.27
 74
0
 49
-0.635
 74
0
  0
LTYPE
  5
31
330
2
100
AcDbSymbolTableRecord
100
AcDbLinetypeTableRecord
  2
CENTER2
 70
0
  3
Center (.5x) ____ _ ____ _ ____ _ ____ _ ____
 72
65
 73
4
 40
2.54
 49
1.587
 74
0
 49
-0.318
 74
0
 49
0.318
 74
0
 49
-0.318
 74
0
  0
LTYPE
  5
32
330
2
100
AcDbSymbolTableRecord
100
AcDbLinetypeTableRecord
  2
DASHED
 70
0
  3
Dashed __ __ __ __ __ __ __ __ __ __ __ __ __ _
 72
65
 73
2
 40
1.524
 49
1.27
 74
0
 49
-0.254
 74
0
  0
LTYPE
  5
33
330
2
100
AcDbSymbolTableRecord
100
AcDbLinetypeTableRecord
  2
DASHEDX2
 70
0
  3
Dashed (2x) ____  ____  ____  ____  ____  ____
 72
65
 73
2
 40
3.048
 49
2.54
 74
0
 49
-0.508
 74
0
  0
LTYPE
  5
34
330
2
100
AcDbSymbolTableRecord
100
AcDbLinetypeTableRecord
  2
DASHED2
 70
0
  3
Dashed (.5x) _ _ _ _ _ _ _ _ _ _ _ _ _ _
 72
65
 73
2
 40
0.762
 49
0.635
 74
0
 49
-0.127
 74
0
  0
LTYPE
  5
35
330
2
100
AcDbSymbolTableRecord
100
AcDbLinetypeTableRecord
  2
PHANTOM
 70
0
  3
Phantom ______  __  __  ______  __  __  ______
 72
65
 73
6
 40
6.35
 49
3.175
 74
0
 49
-0.635
 74
0
 49
0.635
 74
0
 49
-0.635
 74
0
 49
0.635
 74
0
 49
-0.635
 74
0
  0
LTYPE
  5
36
330
2
100
AcDbSymbolTableRecord
100
AcDbLinetypeTableRecord
  2
PHANTOMX2
 70
0
  3
Phantom (2x)____________    ____    ____    ____________
 72
65
 73
6
 40
10.795
 49
6.35
 74
0
 49
-0.635
 74
0
 49
1.27
 74
0
 49
-0.635
 74
0
 49
1.27
 74
0
 49
-0.635
 74
0
  0
LTYPE
  5
37
330
2
100
AcDbSymbolTableRecord
100
AcDbLinetypeTableRecord
  2
PHANTOM2
 70
0
  3
Phantom (.5x) ___ _ _ ___ _ _ ___ _ _ ___ _ _ ___
 72
65
 73
6
 40
3.175
 49
1.587
 74
0
 49
-0.318
 74
0
 49
0.318
 74
0
 49
-0.318
 74
0
 49
0.318
 74
0
 49
-0.318
 74
0
  0
LTYPE
  5
38
330
2
100
AcDbSymbolTableRecord
100
AcDbLinetypeTableRecord
  2
DASHDOT
 70
0
  3
Dash dot __ . __ . __ . __ . __ . __ . __ . __
 72
65
 73
4
 40
3.556
 49
2.54
 74
0
 49
-0.508
 74
0
 49
0.0
 74
0
 49
-0.508
 74
0
  0
LTYPE
  5
39
330
2
100
AcDbSymbolTableRecord
100
AcDbLinetypeTableRecord
  2
DASHDOTX2
 70
0
  3
Dash dot (2x) ____  .  ____  .  ____  .  ____
 72
65
 73
4
 40
6.096
 49
5.08
 74
0
 49
-0.508
 74
0
 49
0.0
 74
0
 49
-0.508
 74
0
  0
LTYPE
  5
3A
330
2
100
AcDbSymbolTableRecord
100
AcDbLinetypeTableRecord
  2
DASHDOT2
 70
0
  3
Dash dot (.5x) _ . _ . _ . _ . _ . _ . _ . _
 72
65
 73
4
 40
1.778
 49
1.27
 74
0
 49
-0.254
 74
0
 49
0.0
 74
0
 49
-0.254
 74
0
  0
LTYPE
  5
3B
330
2
100
AcDbSymbolTableRecord
100
AcDbLinetypeTableRecord
  2
DOT
 70
0
  3
Dot .  .  .  .  .  .  .  .  .  .  .  .  .  .  .  .
 72
65
 73
2
 40
0.508
 49
0.0
 74
0
 49
-0.508
 74
0
  0
LTYPE
  5
3C
330
2
100
AcDbSymbolTableRecord
100
AcDbLinetypeTableRecord
  2
DOTX2
 70
0
  3
Dot (2x) .    .    .    .    .    .    .    . 
 72
65
 73
2
 40
1.016
 49
0.0
 74
0
 49
-1.016
 74
0
  0
LTYPE
  5
3D
330
2
100
AcDbSymbolTableRecord
100
AcDbLinetypeTableRecord
  2
DOT2
 70
0
  3
Dot (.5) . . . . . . . . . . . . . . . . . . . 
 72
65
 73
2
 40
0.254
 49
0.0
 74
0
 49
-0.254
 74
0
  0
LTYPE
  5
3E
330
2
100
AcDbSymbolTableRecord
100
AcDbLinetypeTableRecord
  2
DIVIDE
 70
0
  3
Divide __ . . __ . . __ . . __ . . __ . . __
 72
65
 73
6
 40
4.064
 49
2.54
 74
0
 49
-0.508
 74
0
 49
0.0
 74
0
 49
-0.508
 74
0
 49
0.0
 74
0
 49
-0.508
 74
0
  0
LTYPE
  5
3F
330
2
100
AcDbSymbolTableRecord
100
AcDbLinetypeTableRecord
  2
DIVIDEX2
 70
0
  3
Divide (2x) ____  . .  ____  . .  ____  . .  ____
 72
65
 73
6
 40
6.604
 49
5.08
 74
0
 49
-0.508
 74
0
 49
0.0
 74
0
 49
-0.508
 74
0
 49
0.0
 74
0
 49
-0.508
 74
0
  0
LTYPE
  5
40
330
2
100
AcDbSymbolTableRecord
100
AcDbLinetypeTableRecord
  2
DIVIDE2
 70
0
  3
Divide(.5x) _ . _ . _ . _ . _ . _ . _ . _
 72
65
 73
6
 40
2.032
 49
1.27
 74
0
 49
-0.254
 74
0
 49
0.0
 74
0
 49
-0.254
 74
0
 49
0.0
 74
0
 49
-0.254
 74
0
  0
ENDTAB
  0
TABLE
  2
LAYER
  5
1
330
0
100
AcDbSymbolTable
 70
24
  0
LAYER
  5
27
330
1
100
AcDbSymbolTableRecord
100
AcDbLayerTableRecord
  2
0
 70
0
 62
7
  6
Continuous
370
-3
390
13
347
21
  0
LAYER
  5
28
330
1
100
AcDbSymbolTableRecord
100
AcDbLayerTableRecord
  2
Defpoints
 70
0
 62
7
  6
Continuous
290
0
370
-3
390
13
347
21
  0
LAYER
  5
8A
330
1
100
AcDbSymbolTableRecord
100
AcDbLayerTableRecord
  2
TOPO-CONTOUR-MINOR
 70
0
 62
9
  6
CONTINUOUS
370
-3
390
13
347
21
  0
LAYER
  5
8B
330
1
100
AcDbSymbolTableRecord
100
AcDbLayerTableRecord
  2
TOPO-CONTOUR-MAJOR
 70
0
 62
8
  6
CONTINUOUS
370
-3
390
13
347
21
  0
LAYER
  5
8C
330
1
100
AcDbSymbolTableRecord
100
AcDbLayerTableRecord
  2
SITE-TREE-CANOPY
 70
0
 62
94
  6
CONTINUOUS
370
-3
390
13
347
21
  0
LAYER
  5
8D
330
1
100
AcDbSymbolTableRecord
100
AcDbLayerTableRecord
  2
SITE-WATER-EDGE
 70
0
 62
5
  6
CONTINUOUS
370
-3
390
13
347
21
  0
LAYER
  5
8E
330
1
100
AcDbSymbolTableRecord
100
AcDbLayerTableRecord
  2
SITE-FLOOD-LIMIT
 70
0
 62
5
  6
DASHED
370
-3
390
13
347
21
  0
LAYER
  5
8F
330
1
100
AcDbSymbolTableRecord
100
AcDbLayerTableRecord
  2
SITE-SETBACK-WATER
 70
0
 62
1
  6
DASHDOT
370
-3
390
13
347
21
  0
LAYER
  5
90
330
1
100
AcDbSymbolTableRecord
100
AcDbLayerTableRecord
  2
SITE-DRIVEWAY
 70
0
 62
-252
  6
CONTINUOUS
370
-3
390
13
347
21
  0
LAYER
  5
91
330
1
100
AcDbSymbolTableRecord
100
AcDbLayerTableRecord
  2
SITE-PATH
 70
0
 62
84
  6
CONTINUOUS
370
-3
390
13
347
21
  0
LAYER
  5
92
330
1
100
AcDbSymbolTableRecord
100
AcDbLayerTableRecord
  2
SITE-PARKING
 70
0
 62
250
  6
CONTINUOUS
370
-3
390
13
347
21
  0
LAYER
  5
93
330
1
100
AcDbSymbolTableRecord
100
AcDbLayerTableRecord
  2
SITE-ROAD-GRAVEL
 70
0
 62
32
  6
CONTINUOUS
370
-3
390
13
347
21
  0
LAYER
  5
94
330
1
100
AcDbSymbolTableRecord
100
AcDbLayerTableRecord
  2
SITE-ROAD-PAVED
 70
0
 62
7
  6
CONTINUOUS
370
-3
390
13
347
21
  0
LAYER
  5
95
330
1
100
AcDbSymbolTableRecord
100
AcDbLayerTableRecord
  2
SITE-ROAD-CURB
 70
0
 62
7
  6
CONTINUOUS
370
-3
390
13
347
21
  0
LAYER
  5
96
330
1
100
AcDbSymbolTableRecord
100
AcDbLayerTableRecord
  2
SITE-ROAD-CL
 70
0
 62
-8
  6
CENTER
370
-3
390
13
347
21
  0
LAYER
  5
97
330
1
100
AcDbSymbolTableRecord
100
AcDbLayerTableRecord
  2
SITE-RAIL
 70
0
 62
7
  6
CONTINUOUS
370
-3
390
13
347
21
  0
LAYER
  5
98
330
1
100
AcDbSymbolTableRecord
100
AcDbLayerTableRecord
  2
SITE-BLDG-EXIST
 70
0
 62
7
  6
CONTINUOUS
370
-3
390
13
347
21
  0
LAYER
  5
99
330
1
100
AcDbSymbolTableRecord
100
AcDbLayerTableRecord
  2
SITE-PROPERTY
 70
0
 62
7
  6
PHANTOM
370
-3
390
13
347
21
  0
LAYER
  5
9A
330
1
100
AcDbSymbolTableRecord
100
AcDbLayerTableRecord
  2
SITE-PROPERTY-SITE
 70
0
 62
1
  6
PHANTOM
370
-3
390
13
347
21
  0
LAYER
  5
9B
330
1
100
AcDbSymbolTableRecord
100
AcDbLayerTableRecord
  2
TEXT
 70
0
 62
7
  6
CONTINUOUS
370
-3
390
13
347
21
  0
LAYER
  5
9C
330
1
100
AcDbSymbolTableRecord
100
AcDbLayerTableRecord
  2
TEXT-CONTOUR
 70
0
 62
8
  6
CONTINUOUS
370
-3
390
13
347
21
  0
LAYER
  5
9D
330
1
100
AcDbSymbolTableRecord
100
AcDbLayerTableRecord
  2
Z-ORIGIN
 70
0
 62
1
  6
CONTINUOUS
370
-3
390
13
347
21
  0
LAYER
  5
9E
330
1
100
AcDbSymbolTableRecord
100
AcDbLayerTableRecord
  2
TOPO-EXTENT
 70
0
 62
3
  6
DASHED
370
-3
390
13
347
21
  0
LAYER
  5
9F
330
1
100
AcDbSymbolTableRecord
100
AcDbLayerTableRecord
  2
TOPO-REF-SITE
 70
0
 62
1
  6
PHANTOM
370
-3
390
13
347
21
  0
ENDTAB
  0
TABLE
  2
STYLE
  5
5
330
0
100
AcDbSymbolTable
 70
26
  0
STYLE
  5
29
330
5
100
AcDbSymbolTableRecord
100
AcDbTextStyleTableRecord
  2
Standard
 70
0
 40
0.0
 41
1.0
 50
0.0
 71
0
 42
2.5
  3
txt
  4

  0
STYLE
  5
41
330
5
100
AcDbSymbolTableRecord
100
AcDbTextStyleTableRecord
  2
OpenSans-Light
 70
0
 40
0.0
 41
1.0
 50
0.0
 71
0
 42
2.5
  3
OpenSans-Light.ttf
  4

  0
STYLE
  5
42
330
5
100
AcDbSymbolTableRecord
100
AcDbTextStyleTableRecord
  2
OpenSans-Light-Italic
 70
0
 40
0.0
 41
1.0
 50
0.0
 71
0
 42
2.5
  3
OpenSans-LightItalic.ttf
  4

  0
STYLE
  5
43
330
5
100
AcDbSymbolTableRecord
100
AcDbTextStyleTableRecord
  2
OpenSans
 70
0
 40
0.0
 41
1.0
 50
0.0
 71
0
 42
2.5
  3
OpenSans-Regular.ttf
  4

  0
STYLE
  5
44
330
5
100
AcDbSymbolTableRecord
100
AcDbTextStyleTableRecord
  2
OpenSans-Italic
 70
0
 40
0.0
 41
1.0
 50
0.0
 71
0
 42
2.5
  3
OpenSans-Italic.ttf
  4

  0
STYLE
  5
45
330
5
100
AcDbSymbolTableRecord
100
AcDbTextStyleTableRecord
  2
OpenSans-SemiBold
 70
0
 40
0.0
 41
1.0
 50
0.0
 71
0
 42
2.5
  3
OpenSans-SemiBold.ttf
  4

  0
STYLE
  5
46
330
5
100
AcDbSymbolTableRecord
100
AcDbTextStyleTableRecord
  2
OpenSans-SemiBoldItalic
 70
0
 40
0.0
 41
1.0
 50
0.0
 71
0
 42
2.5
  3
OpenSans-SemiBoldItalic.ttf
  4

  0
STYLE
  5
47
330
5
100
AcDbSymbolTableRecord
100
AcDbTextStyleTableRecord
  2
OpenSans-Bold
 70
0
 40
0.0
 41
1.0
 50
0.0
 71
0
 42
2.5
  3
OpenSans-Bold.ttf
  4

  0
STYLE
  5
48
330
5
100
AcDbSymbolTableRecord
100
AcDbTextStyleTableRecord
  2
OpenSans-BoldItalic
 70
0
 40
0.0
 41
1.0
 50
0.0
 71
0
 42
2.5
  3
OpenSans-BoldItalic.ttf
  4

  0
STYLE
  5
49
330
5
100
AcDbSymbolTableRecord
100
AcDbTextStyleTableRecord
  2
OpenSans-ExtraBold
 70
0
 40
0.0
 41
1.0
 50
0.0
 71
0
 42
2.5
  3
OpenSans-ExtraBold.ttf
  4

  0
STYLE
  5
4A
330
5
100
AcDbSymbolTableRecord
100
AcDbTextStyleTableRecord
  2
OpenSans-ExtraBoldItalic
 70
0
 40
0.0
 41
1.0
 50
0.0
 71
0
 42
2.5
  3
OpenSans-ExtraBoldItalic.ttf
  4

  0
STYLE
  5
4B
330
5
100
AcDbSymbolTableRecord
100
AcDbTextStyleTableRecord
  2
OpenSansCondensed-Bold
 70
0
 40
0.0
 41
1.0
 50
0.0
 71
0
 42
2.5
  3
OpenSansCondensed-Bold.ttf
  4

  0
STYLE
  5
4C
330
5
100
AcDbSymbolTableRecord
100
AcDbTextStyleTableRecord
  2
OpenSansCondensed-Light
 70
0
 40
0.0
 41
1.0
 50
0.0
 71
0
 42
2.5
  3
OpenSansCondensed-Light.ttf
  4

  0
STYLE
  5
4D
330
5
100
AcDbSymbolTableRecord
100
AcDbTextStyleTableRecord
  2
OpenSansCondensed-Italic
 70
0
 40
0.0
 41
1.0
 50
0.0
 71
0
 42
2.5
  3
OpenSansCondensed-LightItalic.ttf
  4

  0
STYLE
  5
4E
330
5
100
AcDbSymbolTableRecord
100
AcDbTextStyleTableRecord
  2
LiberationSans
 70
0
 40
0.0
 41
1.0
 50
0.0
 71
0
 42
2.5
  3
LiberationSans-Regular.ttf
  4

  0
STYLE
  5
4F
330
5
100
AcDbSymbolTableRecord
100
AcDbTextStyleTableRecord
  2
LiberationSans-Bold
 70
0
 40
0.0
 41
1.0
 50
0.0
 71
0
 42
2.5
  3
LiberationSans-Bold.ttf
  4

  0
STYLE
  5
50
330
5
100
AcDbSymbolTableRecord
100
AcDbTextStyleTableRecord
  2
LiberationSans-BoldItalic
 70
0
 40
0.0
 41
1.0
 50
0.0
 71
0
 42
2.5
  3
LiberationSans-BoldItalic.ttf
  4

  0
STYLE
  5
51
330
5
100
AcDbSymbolTableRecord
100
AcDbTextStyleTableRecord
  2
LiberationSans-Italic
 70
0
 40
0.0
 41
1.0
 50
0.0
 71
0
 42
2.5
  3
LiberationSans-Italic.ttf
  4

  0
STYLE
  5
52
330
5
100
AcDbSymbolTableRecord
100
AcDbTextStyleTableRecord
  2
LiberationSerif
 70
0
 40
0.0
 41
1.0
 50
0.0
 71
0
 42
2.5
  3
LiberationSerif-Regular.ttf
  4

  0
STYLE
  5
53
330
5
100
AcDbSymbolTableRecord
100
AcDbTextStyleTableRecord
  2
LiberationSerif-Bold
 70
0
 40
0.0
 41
1.0
 50
0.0
 71
0
 42
2.5
  3
LiberationSerif-Bold.ttf
  4

  0
STYLE
  5
54
330
5
100
AcDbSymbolTableRecord
100
AcDbTextStyleTableRecord
  2
LiberationSerif-BoldItalic
 70
0
 40
0.0
 41
1.0
 50
0.0
 71
0
 42
2.5
  3
LiberationSerif-BoldItalic.ttf
  4

  0
STYLE
  5
55
330
5
100
AcDbSymbolTableRecord
100
AcDbTextStyleTableRecord
  2
LiberationSerif-Italic
 70
0
 40
0.0
 41
1.0
 50
0.0
 71
0
 42
2.5
  3
LiberationSerif-Italic.ttf
  4

  0
STYLE
  5
56
330
5
100
AcDbSymbolTableRecord
100
AcDbTextStyleTableRecord
  2
LiberationMono
 70
0
 40
0.0
 41
1.0
 50
0.0
 71
0
 42
2.5
  3
LiberationMono-Regular.ttf
  4

  0
STYLE
  5
57
330
5
100
AcDbSymbolTableRecord
100
AcDbTextStyleTableRecord
  2
LiberationMono-Bold
 70
0
 40
0.0
 41
1.0
 50
0.0
 71
0
 42
2.5
  3
LiberationMono-Bold.ttf
  4

  0
STYLE
  5
58
330
5
100
AcDbSymbolTableRecord
100
AcDbTextStyleTableRecord
  2
LiberationMono-BoldItalic
 70
0
 40
0.0
 41
1.0
 50
0.0
 71
0
 42
2.5
  3
LiberationMono-BoldItalic.ttf
  4

  0
STYLE
  5
59
330
5
100
AcDbSymbolTableRecord
100
AcDbTextStyleTableRecord
  2
LiberationMono-Italic
 70
0
 40
0.0
 41
1.0
 50
0.0
 71
0
 42
2.5
  3
LiberationMono-Italic.ttf
  4

  0
ENDTAB
  0
TABLE
  2
VIEW
  5
7
330
0
100
AcDbSymbolTable
 70
0
  0
ENDTAB
  0
TABLE
  2
UCS
  5
6
330
0
100
AcDbSymbolTable
 70
0
  0
ENDTAB
  0
TABLE
  2
APPID
  5
3
330
0
100
AcDbSymbolTable
 70
3
  0
APPID
  5
2A
330
3
100
AcDbSymbolTableRecord
100
AcDbRegAppTableRecord
  2
ACAD
 70
0
  0
APPID
  5
E1D
330
3
100
AcDbSymbolTableRecord
100
AcDbRegAppTableRecord
  2
HATCHBACKGROUNDCOLOR
 70
0
  0
APPID
  5
E1E
330
3
100
AcDbSymbolTableRecord
100
AcDbRegAppTableRecord
  2
EZDXF
 70
0
  0
ENDTAB
  0
TABLE
  2
DIMSTYLE
  5
4
330
0
100
AcDbSymbolTable
 70
12
100
AcDbDimStyleTable
  0
DIMSTYLE
105
2B
330
4
100
AcDbSymbolTableRecord
100
AcDbDimStyleTableRecord
  2
Standard
 70
0
 40
1.0
 41
2.5
 42
0.625
 43
3.75
 44
1.25
 45
0.0
 46
0.0
 47
0.0
 48
0.0
 49
2.5
140
2.5
141
2.5
142
0.0
143
0.03937007874
144
1.0
145
0.0
146
1.0
147
0.625
148
0.0
 69
0
 70
0
 71
0
 72
0
 73
0
 74
0
 75
0
 76
0
 77
1
 78
8
 79
3
170
0
171
3
172
1
173
0
174
0
175
0
176
0
177
0
178
0
179
2
271
2
272
2
273
2
274
3
275
0
276
0
277
2
278
44
279
0
280
0
281
0
282
0
283
0
284
8
285
0
286
0
288
0
289
3
290
0
371
-2
372
-2
  0
DIMSTYLE
105
73
330
4
100
AcDbSymbolTableRecord
100
AcDbDimStyleTableRecord
  2
EZDXF
 70
0
 40
1.0
 41
0.175
 42
0.125
 43
3.75
 44
0.375
 45
0.0
 46
0.0
 47
0.0
 48
0.0
 49
2.5
140
0.25
141
2.5
142
0.0
143
0.03937007874
144
100.0
145
0.0
146
0.5
147
0.1
148
0.0
 69
0
 70
0
 71
0
 72
0
 73
0
 74
0
 75
0
 76
0
 77
1
 78
12
 79
3
170
0
171
3
172
1
173
0
174
0
175
0
176
0
177
0
178
0
179
2
271
2
272
2
273
2
274
3
275
0
276
0
277
2
278
46
279
2
280
0
281
0
282
0
283
0
284
8
285
0
286
0
288
1
289
3
290
0
340
4C
342
74
371
-2
372
-2
  0
DIMSTYLE
105
7C
330
4
100
AcDbSymbolTableRecord
100
AcDbDimStyleTableRecord
  2
EZ_M_100_H25_CM
 70
0
 40
1.0
 41
0.25
 42
0.125
 43
3.75
 44
0.375
 45
0.0
 46
0.0
 47
0.0
 48
0.0
 49
2.5
140
0.25
141
2.5
142
0.125
143
0.03937007874
144
100.0
145
0.0
146
0.5
147
0.1
148
0.0
 69
0
 70
0
 71
0
 72
0
 73
0
 74
0
 75
0
 76
0
 77
1
 78
12
 79
3
170
0
171
3
172
1
173
0
174
0
175
0
176
0
177
0
178
0
179
2
271
2
272
2
273
2
274
3
275
0
276
0
277
2
278
46
279
2
280
0
281
0
282
0
283
0
284
8
285
0
286
0
288
1
289
3
290
0
340
4C
371
-2
372
-2
  0
DIMSTYLE
105
7D
330
4
100
AcDbSymbolTableRecord
100
AcDbDimStyleTableRecord
  2
EZ_M_50_H25_CM
 70
0
 40
1.0
 41
0.125
 42
0.0625
 43
3.75
 44
0.1875
 45
0.0
 46
0.0
 47
0.0
 48
0.0
 49
2.5
140
0.125
141
2.5
142
0.0625
143
0.03937007874
144
100.0
145
0.0
146
0.5
147
0.05
148
0.0
 69
0
 70
0
 71
0
 72
0
 73
0
 74
0
 75
0
 76
0
 77
1
 78
12
 79
3
170
0
171
3
172
1
173
0
174
0
175
0
176
0
177
0
178
0
179
2
271
2
272
2
273
2
274
3
275
0
276
0
277
2
278
46
279
2
280
0
281
0
282
0
283
0
284
8
285
0
286
0
288
1
289
3
290
0
340
4C
371
-2
372
-2
  0
DIMSTYLE
105
7E
330
4
100
AcDbSymbolTableRecord
100
AcDbDimStyleTableRecord
  2
EZ_M_25_H25_CM
 70
0
 40
1.0
 41
0.0625
 42
0.03125
 43
3.75
 44
0.09375
 45
0.0
 46
0.0
 47
0.0
 48
0.0
 49
2.5
140
0.0625
141
2.5
142
0.03125
143
0.03937007874
144
100.0
145
0.0
146
0.5
147
0.025
148
0.0
 69
0
 70
0
 71
0
 72
0
 73
0
 74
0
 75
0
 76
0
 77
1
 78
12
 79
3
170
0
171
3
172
1
173
0
174
0
175
0
176
0
177
0
178
0
179
2
271
2
272
2
273
2
274
3
275
0
276
0
277
2
278
46
279
2
280
0
281
0
282
0
283
0
284
8
285
0
286
0
288
1
289
3
290
0
340
4C
371
-2
372
-2
  0
DIMSTYLE
105
7F
330
4
100
AcDbSymbolTableRecord
100
AcDbDimStyleTableRecord
  2
EZ_M_20_H25_CM
 70
0
 40
1.0
 41
0.05
 42
0.025
 43
3.75
 44
0.07500000000000001
 45
0.0
 46
0.0
 47
0.0
 48
0.0
 49
2.5
140
0.05
141
2.5
142
0.025
143
0.03937007874
144
100.0
145
0.0
146
0.5
147
0.020000000000000004
148
0.0
 69
0
 70
0
 71
0
 72
0
 73
0
 74
0
 75
0
 76
0
 77
1
 78
12
 79
3
170
0
171
3
172
1
173
0
174
0
175
0
176
0
177
0
178
0
179
2
271
2
272
2
273
2
274
3
275
0
276
0
277
2
278
46
279
2
280
0
281
0
282
0
283
0
284
8
285
0
286
0
288
1
289
3
290
0
340
4C
371
-2
372
-2
  0
DIMSTYLE
105
80
330
4
100
AcDbSymbolTableRecord
100
AcDbDimStyleTableRecord
  2
EZ_M_10_H25_CM
 70
0
 40
1.0
 41
0.025
 42
0.0125
 43
3.75
 44
0.037500000000000006
 45
0.0
 46
0.0
 47
0.0
 48
0.0
 49
2.5
140
0.025
141
2.5
142
0.0125
143
0.03937007874
144
100.0
145
0.0
146
0.5
147
0.010000000000000002
148
0.0
 69
0
 70
0
 71
0
 72
0
 73
0
 74
0
 75
0
 76
0
 77
1
 78
12
 79
3
170
0
171
3
172
1
173
0
174
0
175
0
176
0
177
0
178
0
179
2
271
2
272
2
273
2
274
3
275
0
276
0
277
2
278
46
279
2
280
0
281
0
282
0
283
0
284
8
285
0
286
0
288
1
289
3
290
0
340
4C
371
-2
372
-2
  0
DIMSTYLE
105
81
330
4
100
AcDbSymbolTableRecord
100
AcDbDimStyleTableRecord
  2
EZ_M_5_H25_CM
 70
0
 40
1.0
 41
0.0125
 42
0.00625
 43
3.75
 44
0.018750000000000003
 45
0.0
 46
0.0
 47
0.0
 48
0.0
 49
2.5
140
0.0125
141
2.5
142
0.00625
143
0.03937007874
144
100.0
145
0.0
146
0.5
147
0.005000000000000001
148
0.0
 69
0
 70
0
 71
0
 72
0
 73
0
 74
0
 75
0
 76
0
 77
1
 78
12
 79
3
170
0
171
3
172
1
173
0
174
0
175
0
176
0
177
0
178
0
179
2
271
2
272
2
273
2
274
3
275
0
276
0
277
2
278
46
279
2
280
0
281
0
282
0
283
0
284
8
285
0
286
0
288
1
289
3
290
0
340
4C
371
-2
372
-2
  0
DIMSTYLE
105
82
330
4
100
AcDbSymbolTableRecord
100
AcDbDimStyleTableRecord
  2
EZ_M_1_H25_CM
 70
0
 40
1.0
 41
0.0025
 42
0.00125
 43
3.75
 44
0.00375
 45
0.0
 46
0.0
 47
0.0
 48
0.0
 49
2.5
140
0.0025
141
2.5
142
0.00125
143
0.03937007874
144
100.0
145
0.0
146
0.5
147
0.001
148
0.0
 69
0
 70
0
 71
0
 72
0
 73
0
 74
0
 75
0
 76
0
 77
1
 78
12
 79
3
170
0
171
3
172
1
173
0
174
0
175
0
176
0
177
0
178
0
179
2
271
2
272
2
273
2
274
3
275
0
276
0
277
2
278
46
279
2
280
0
281
0
282
0
283
0
284
8
285
0
286
0
288
1
289
3
290
0
340
4C
371
-2
372
-2
  0
DIMSTYLE
105
83
330
4
100
AcDbSymbolTableRecord
100
AcDbDimStyleTableRecord
  2
EZ_RADIUS
 70
0
 40
1.0
 41
0.25
 42
0.125
 43
3.75
 44
0.375
 45
0.0
 46
0.0
 47
0.0
 48
0.0
 49
2.5
140
0.25
141
0.0
142
0.0
143
0.03937007874
144
100.0
145
0.0
146
0.5
147
0.1
148
0.0
 69
0
 70
0
 71
0
 72
0
 73
0
 74
0
 75
0
 76
0
 77
1
 78
12
 79
3
170
0
171
3
172
0
173
0
174
0
175
0
176
0
177
0
178
0
179
2
271
2
272
2
273
2
274
3
275
0
276
0
277
2
278
46
279
1
280
0
281
0
282
0
283
0
284
8
285
0
286
0
288
1
289
3
290
0
340
4C
342
84
371
-2
372
-2
  0
DIMSTYLE
105
88
330
4
100
AcDbSymbolTableRecord
100
AcDbDimStyleTableRecord
  2
EZ_RADIUS_INSIDE
 70
0
 40
1.0
 41
0.25
 42
0.125
 43
3.75
 44
0.375
 45
0.0
 46
0.0
 47
0.0
 48
0.0
 49
2.5
140
0.25
141
0.0
142
0.0
143
0.03937007874
144
100.0
145
0.0
146
0.5
147
0.1
148
0.0
 69
0
 70
0
 71
0
 72
0
 73
0
 74
0
 75
0
 76
0
 77
0
 78
12
 79
3
170
0
171
3
172
0
173
0
174
1
175
0
176
0
177
0
178
0
179
2
271
2
272
2
273
2
274
3
275
0
276
0
277
2
278
46
279
0
280
0
281
0
282
0
283
0
284
8
285
0
286
0
288
1
289
0
290
0
340
4C
342
84
371
-2
372
-2
  0
DIMSTYLE
105
89
330
4
100
AcDbSymbolTableRecord
100
AcDbDimStyleTableRecord
  2
EZ_CURVED
 70
0
 40
1.0
 41
0.25
 42
0.125
 43
3.75
 44
0.375
 45
0.0
 46
0.0
 47
0.0
 48
0.0
 49
2.5
140
0.25
141
2.5
142
0.0
143
0.03937007874
144
100.0
145
0.0
146
0.5
147
0.1
148
0.0
 69
0
 70
0
 71
0
 72
0
 73
0
 74
0
 75
0
 76
0
 77
1
 78
12
 79
2
 90
2
170
0
171
3
172
1
173
0
174
0
175
0
176
0
177
0
178
0
179
2
271
2
272
2
273
2
274
3
275
0
276
0
277
2
278
46
279
2
280
0
281
0
282
0
283
0
284
8
285
0
286
0
288
1
289
3
290
0
340
4C
371
-2
372
-2
  0
ENDTAB
  0
TABLE
  2
BLOCK_RECORD
  5
9
330
0
100
AcDbSymbolTable
 70
5
  0
BLOCK_RECORD
  5
17
330
9
100
AcDbSymbolTableRecord
100
AcDbBlockTableRecord
  2
*Model_Space
340
1A
 70
0
280
1
281
0
  0
BLOCK_RECORD
  5
1B
330
9
100
AcDbSymbolTableRecord
100
AcDbBlockTableRecord
  2
*Paper_Space
340
1E
 70
0
280
1
281
0
  0
BLOCK_RECORD
  5
74
330
9
100
AcDbSymbolTableRecord
100
AcDbBlockTableRecord
  2
_ARCHTICK
340
0
 70
0
280
1
281
0
  0
BLOCK_RECORD
  5
78
330
9
100
AcDbSymbolTableRecord
100
AcDbBlockTableRecord
  2
_CLOSEDFILLED
340
0
 70
0
280
1
281
0
  0
BLOCK_RECORD
  5
84
330
9
100
AcDbSymbolTableRecord
100
AcDbBlockTableRecord
  2
_CLOSEDBLANK
340
0
 70
0
280
1
281
0
  0
ENDTAB
  0
ENDSEC
  0
SECTION
  2
BLOCKS
  0
BLOCK
  5
18
330
17
100
AcDbEntity
  8
0
100
AcDbBlockBegin
  2
*Model_Space
 70
0
 10
0.0
 20
0.0
 30
0.0
  3
*Model_Space
  1

  0
ENDBLK
  5
19
330
17
100
AcDbEntity
  8
0
100
AcDbBlockEnd
  0
BLOCK
  5
1C
330
1B
100
AcDbEntity
  8
0
100
AcDbBlockBegin
  2
*Paper_Space
 70
0
 10
0.0
 20
0.0
 30
0.0
  3
*Paper_Space
  1

  0
ENDBLK
  5
1D
330
1B
100
AcDbEntity
  8
0
100
AcDbBlockEnd
  0
BLOCK
  5
75
330
74
100
AcDbEntity
  8
0
100
AcDbBlockBegin
  2
_ARCHTICK
 70
0
 10
0.0
 20
0.0
 30
0.0
  3
_ARCHTICK
  1

  0
LWPOLYLINE
  5
77
330
74
100
AcDbEntity
  8
0
  6
BYBLOCK
 62
0
100
AcDbPolyline
 90
2
 70
0
 43
0.15
 10
-0.5
 20
-0.5
 10
0.5
 20
0.5
  0
ENDBLK
  5
76
330
74
100
AcDbEntity
  8
0
100
AcDbBlockEnd
  0
BLOCK
  5
79
330
78
100
AcDbEntity
  8
0
100
AcDbBlockBegin
  2
_CLOSEDFILLED
 70
0
 10
0.0
 20
0.0
 30
0.0
  3
_CLOSEDFILLED
  1

  0
SOLID
  5
7B
330
78
100
AcDbEntity
  8
0
  6
BYBLOCK
 62
0
100
AcDbTrace
 10
-1.0
 20
0.16439898372402537
 30
0.0
 11
0.0
 21
0.0
 31
0.0
 12
-1.0
 22
-0.16439898372402537
 32
0.0
 13
-1.0
 23
-0.16439898372402537
 33
0.0
  0
ENDBLK
  5
7A
330
78
100
AcDbEntity
  8
0
100
AcDbBlockEnd
  0
BLOCK
  5
85
330
84
100
AcDbEntity
  8
0
100
AcDbBlockBegin
  2
_CLOSEDBLANK
 70
0
 10
0.0
 20
0.0
 30
0.0
  3
_CLOSEDBLANK
  1

  0
LWPOLYLINE
  5
87
330
84
100
AcDbEntity
  8
0
  6
BYBLOCK
 62
0
100
AcDbPolyline
 90
3
 70
1
 10
-1.0
 20
0.16439898372402537
 10
0.0
 20
0.0
 10
-1.0
 20
-0.16439898372402537
  0
ENDBLK
  5
86
330
84
100
AcDbEntity
  8
0
100
AcDbBlockEnd
  0
ENDSEC
  0
SECTION
  2
ENTITIES
  0
POLYLINE
  5
A0
330
17
100
AcDbEntity
  8
TOPO-CONTOUR-MINOR
100
AcDb3dPolyline
 66
1
 10
0.0
 20
0.0
 30
0.0
 70
8
  0
VERTEX
  5
A2
330
17
100
AcDbEntity
  8
TOPO-CONTOUR-MINOR
100
AcDbVertex
100
AcDb3dPolylineVertex
 10
329.0
 20
11.732804518588233
 30
1068.0
 70
32
  0
VERTEX
  5
A3
330
17
100
AcDbEntity
  8
TOPO-CONTOUR-MINOR
100
AcDbVertex
100
AcDb3dPolylineVertex
 10
324.07252310862987
 20
11.12112011717078
 30
1068.0
 70
32
  0
VERTEX
  5
A4
330
17
100
AcDbEntity
  8
TOPO-CONTOUR-MINOR
100
AcDbVertex
100
AcDb3dPolylineVertex
 10
315.00399237094825
 20
10.931165799226164
 30
1068.0
 70
32
  0
VERTEX
  5
A5
330
17
100
AcDbEntity
  8
TOPO-CONTOUR-MINOR
100
AcDbVertex
100
AcDb3dPolylineVertex
 10
311.98114879172135
 20
11.1506971913076
 30
1068.0
 70
32
  0
VERTEX
  5
A6
330
17
100
AcDbEntity
  8
TOPO-CONTOUR-MINOR
100
AcDbVertex
100
AcDb3dPolylineVertex
 10
310.28820765994476
 20
10.366622382774949
 30
1068.0
 70
32
  0
VERTEX
  5
A7
330
17
100
AcDbEntity
  8
TOPO-CONTOUR-MINOR
100
AcDbVertex
100
AcDb3dPolylineVertex
 10
304.2165725695571
 20
5.328549751080573
 30
1068.0
 70
32
  0
VERTEX
  5
A8
330
17
100
AcDbEntity
  8
TOPO-CONTOUR-MINOR
100
AcDbVertex
100
AcDb3dPolylineVertex
 10
303.350232481116
 20
4.320935224182904
 30
1068.0
 70
32
  0
VERTEX
  5
A9
330
17
100
AcDbEntity
  8
TOPO-CONTOUR-MINOR
100
AcDbVertex
100
AcDb3dPolylineVertex
 10
303.044729455802
 20
2.3057061713188887
 30
1068.0
 70
32
  0
VERTEX
  5
AA
330
17
100
AcDbEntity
  8
TOPO-CONTOUR-MINOR
100
AcDbVertex
100
AcDb3dPolylineVertex
 10
303.3772206611743
 20
1.2980916453525424
 30
1068.0
 70
32
  0
VERTEX
  5
AB
330
17
100
AcDbEntity
  8
TOPO-CONTOUR-MINOR
100
AcDbVertex
100
AcDb3dPolylineVertex
 10
305.6345819743415
 20
-1.7247519344091415
 30
1068.0
 70
32
  0
VERTEX
  5
AC
330
17
100
AcDbEntity
  8
TOPO-CONTOUR-MINOR
100
AcDbVertex
100
AcDb3dPolylineVertex
 10
305.96124273600407
 20
-2.732366460375488
 30
1068.0
 70
32
  0
VERTEX
  5
AD
330
17
100
AcDbEntity
  8
TOPO-CONTOUR-MINOR
100
AcDbVertex
100
AcDb3dPolylineVertex
 10
305.96188626571575
 20
-4.747595513239503
 30
1068.0
 70
32
  0
VERTEX
  5
AE
330
17
100
AcDbEntity
  8
TOPO-CONTOUR-MINOR
100
AcDbVertex
100
AcDb3dPolylineVertex
 10
305.11205179338276
 20
-7.770439093001187
 30
1068.0
 70
32
  0
VERTEX
  5
AF
330
17
100
AcDbEntity
  8
TOPO-CONTOUR-MINOR
100
AcDbVertex
100
AcDb3dPolylineVertex
 10
303.850700158456
 20
-14.823740777559578
 30
1068.0
 70
32
  0
VERTEX
  5
B0
330
17
100
AcDbEntity
  8
TOPO-CONTOUR-MINOR
100
AcDbVertex
100
AcDb3dPolylineVertex
 10
302.5053153064516
 20
-16.838969830423594
 30
1068.0
 70
32
  0
VERTEX
  5
B1
330
17
100
AcDbEntity
  8
TOPO-CONTOUR-MINOR
100
AcDbVertex
100
AcDb3dPolylineVertex
 10
300.8973890012221
 20
-17.681486021800914
 30
1068.0
 70
32
  0
VERTEX
  5
B2
330
17
100
AcDbEntity
  8
TOPO-CONTOUR-MINOR
100
AcDbVertex
100
AcDb3dPolylineVertex
 10
298.88215994840357
 20
-17.87100677418834
 30
1068.0
 70
32
  0
VERTEX
  5
B3
330
17
100
AcDbEntity
  8
TOPO-CONTOUR-MINOR
100
AcDbVertex
100
AcDb3dPolylineVertex
 10
294.8517018427674
 20
-17.476886251404505
 30
1068.0
 70
32
  0
VERTEX
  5
B4
330
17
100
AcDbEntity
  8
TOPO-CONTOUR-MINOR
100
AcDbVertex
100
AcDb3dPolylineVertex
 10
292.4349538004235
 20
-16.838969830423594
 30
1068.0
 70
32
  0
VERTEX
  5
B5
330
17
100
AcDbEntity
  8
TOPO-CONTOUR-MINOR
100
AcDbVertex
100
AcDb3dPolylineVertex
 10
289.81362921072196
 20
-15.64261821936281
 30
1068.0
 70
32
  0
VERTEX
  5
B6
330
17
100
AcDbEntity
  8
TOPO-CONTOUR-MINOR
100
AcDbVertex
100
AcDb3dPolylineVertex
 10
285.1239953970916
 20
-11.800897198729217
 30
1068.0
 70
32
  0
VERTEX
  5
B7
330
17
100
AcDbEntity
  8
TOPO-CONTOUR-MINOR
100
AcDbVertex
100
AcDb3dPolylineVertex
 10
279.737483946632
 20
-5.081400171696375
 30
1068.0
 70
32
  0
VERTEX
  5
B8
330
17
100
AcDbEntity
  8
TOPO-CONTOUR-MINOR
100
AcDbVertex
100
AcDb3dPolylineVertex
 10
278.7298694202227
 20
-4.2482449897936405
 30
1068.0
 70
32
  0
VERTEX
  5
B9
330
17
100
AcDbEntity
  8
TOPO-CONTOUR-MINOR
100
AcDbVertex
100
AcDb3dPolylineVertex
 10
277.72225489381344
 20
-4.248195423054193
 30
1068.0
 70
32
  0
VERTEX
  5
BA
330
17
100
AcDbEntity
  8
TOPO-CONTOUR-MINOR
100
AcDbVertex
100
AcDb3dPolylineVertex
 10
275.7070258409958
 20
-6.3538803282478895
 30
1068.0
 70
32
  0
VERTEX
  5
BB
330
17
100
AcDbEntity
  8
TOPO-CONTOUR-MINOR
100
AcDbVertex
100
AcDb3dPolylineVertex
 10
274.69941131458654
 20
-6.989903594388778
 30
1068.0
 70
32
  0
VERTEX
  5
BC
330
17
100
AcDbEntity
  8
TOPO-CONTOUR-MINOR
100
AcDbVertex
100
AcDb3dPolylineVertex
 10
273.69179678817727
 20
-6.841131065753203
 30
1068.0
 70
32
  0
VERTEX
  5
BD
330
17
100
AcDbEntity
  8
TOPO-CONTOUR-MINOR
100
AcDbVertex
100
AcDb3dPolylineVertex
 10
270.66895320895037
 20
-3.7636990160388093
 30
1068.0
 70
32
  0
VERTEX
  5
BE
330
17
100
AcDbEntity
  8
TOPO-CONTOUR-MINOR
100
AcDbVertex
100
AcDb3dPolylineVertex
 10
269.6613386825411
 20
-3.5732148830249084
 30
1068.0
 70
32
  0
VERTEX
  5
BF
330
17
100
AcDbEntity
  8
TOPO-CONTOUR-MINOR
100
AcDbVertex
100
AcDb3dPolylineVertex
 10
268.65372415613183
 20
-4.360448655441067
 30
1068.0
 70
32
  0
VERTEX
  5
C0
330
17
100
AcDbEntity
  8
TOPO-CONTOUR-MINOR
100
AcDbVertex
100
AcDb3dPolylineVertex
 10
265.8237595877107
 20
-8.778053618967533
 30
1068.0
 70
32
  0
VERTEX
  5
C1
330
17
100
AcDbEntity
  8
TOPO-CONTOUR-MINOR
100
AcDbVertex
100
AcDb3dPolylineVertex
 10
265.04756285550474
 20
-10.793282671831548
 30
1068.0
 70
32
  0
VERTEX
  5
C2
330
17
100
AcDbEntity
  8
TOPO-CONTOUR-MINOR
100
AcDbVertex
100
AcDb3dPolylineVertex
 10
265.58022115260997
 20
-17.84658435638994
 30
1068.0
 70
32
  0
VERTEX
  5
C3
330
17
100
AcDbEntity
  8
TOPO-CONTOUR-MINOR
100
AcDbVertex
100
AcDb3dPolylineVertex
 10
264.0389337430626
 20
-28.930344147607684
 30
1068.0
 70
32
  0
VERTEX
  5
C4
330
17
100
AcDbEntity
  8
TOPO-CONTOUR-MINOR
100
AcDbVertex
100
AcDb3dPolylineVertex
 10
263.0638545659577
 20
-30.9455732004717
 30
1068.0
 70
32
  0
VERTEX
  5
C5
330
17
100
AcDbEntity
  8
TOPO-CONTOUR-MINOR
100
AcDbVertex
100
AcDb3dPolylineVertex
 10
260.4829354922891
 20
-32.960802253335714
 30
1068.0
 70
32
  0
VERTEX
  5
C6
330
17
100
AcDbEntity
  8
TOPO-CONTOUR-MINOR
100
AcDbVertex
100
AcDb3dPolylineVertex
 10
259.93786895792323
 20
-33.96841677930206
 30
1068.0
 70
32
  0
VERTEX
  5
C7
330
17
100
AcDbEntity
  8
TOPO-CONTOUR-MINOR
100
AcDbVertex
100
AcDb3dPolylineVertex
 10
262.608036997678
 20
-35.65579050567188
 30
1068.0
 70
32
  0
VERTEX
  5
C8
330
17
100
AcDbEntity
  8
TOPO-CONTOUR-MINOR
100
AcDbVertex
100
AcDb3dPolylineVertex
 10
263.6156515240873
 20
-36.862130660473376
 30
1068.0
 70
32
  0
VERTEX
  5
C9
330
17
100
AcDbEntity
  8
TOPO-CONTOUR-MINOR
100
AcDbVertex
100
AcDb3dPolylineVertex
 10
264.332073757503
 20
-40.014103937894106
 30
1068.0
 70
32
  0
VERTEX
  5
CA
330
17
100
AcDbEntity
  8
TOPO-CONTOUR-MINOR
100
AcDbVertex
100
AcDb3dPolylineVertex
 10
264.63676647096565
 20
-49.08263467531651
 30
1068.0
 70
32
  0
VERTEX
  5
CB
330
17
100
AcDbEntity
  8
TOPO-CONTOUR-MINOR
100
AcDbVertex
100
AcDb3dPolylineVertex
 10
266.0752277491166
 20
-61.1740089925006
 30
1068.0
 70
32
  0
VERTEX
  5
CC
330
17
100
AcDbEntity
  8
TOPO-CONTOUR-MINOR
100
AcDbVertex
100
AcDb3dPolylineVertex
 10
265.2986671943662
 20
-66.21208162419498
 30
1068.0
 70
32
  0
VERTEX
  5
CD
330
17
100
AcDbEntity
  8
TOPO-CONTOUR-MINOR
100
AcDbVertex
100
AcDb3dPolylineVertex
 10
263.48272729969483
 20
-70.24253972992301
 30
1068.0
 70
32
  0
VERTEX
  5
CE
330
17
100
AcDbEntity
  8
TOPO-CONTOUR-MINOR
100
AcDbVertex
100
AcDb3dPolylineVertex
 10
263.3476147412704
 20
-71.25015425682068
 30
1068.0
 70
32
  0
VERTEX
  5
CF
330
17
100
AcDbEntity
  8
TOPO-CONTOUR-MINOR
100
AcDbVertex
100
AcDb3dPolylineVertex
 10
264.7495906251576
 20
-75.28061236254871
 30
1068.0
 70
32
  0
VERTEX
  5
D0
330
17
100
AcDbEntity
  8
TOPO-CONTOUR-MINOR
100
AcDbVertex
100
AcDb3dPolylineVertex
 10
264.3204400473488
 20
-80.31868499424309
 30
1068.0
 70
32
  0
VERTEX
  5
D1
330
17
100
AcDbEntity
  8
TOPO-CONTOUR-MINOR
100
AcDbVertex
100
AcDb3dPolylineVertex
 10
264.88929029222606
 20
-86.36437215283513
 30
1068.0
 70
32
  0
VERTEX
  5
D2
330
17
100
AcDbEntity
  8
TOPO-CONTOUR-MINOR
100
AcDbVertex
100
AcDb3dPolylineVertex
 10
264.64541853122665
 20
-88.37960120569915
 30
1068.0
 70
32
  0
VERTEX
  5
D3
330
17
100
AcDbEntity
  8
TOPO-CONTOUR-MINOR
100
AcDbVertex
100
AcDb3dPolylineVertex
 10
262.608036997678
 20
-92.30285202524193
 30
1068.0
 70
32
  0
VERTEX
  5
D4
330
17
100
AcDbEntity
  8
TOPO-CONTOUR-MINOR
100
AcDbVertex
100
AcDb3dPolylineVertex
 10
260.5928079448595
 20
-93.54726036254371
 30
1068.0
 70
32
  0
VERTEX
  5
D5
330
17
100
AcDbEntity
  8
TOPO-CONTOUR-MINOR
100
AcDbVertex
100
AcDb3dPolylineVertex
 10
248.50143362795097
 20
-94.64571771746546
 30
1068.0
 70
32
  0
VERTEX
  5
D6
330
17
100
AcDbEntity
  8
TOPO-CONTOUR-MINOR
100
AcDbVertex
100
AcDb3dPolylineVertex
 10
243.31459301655568
 20
-95.43290289025754
 30
1068.0
 70
32
  0
VERTEX
  5
D7
330
17
100
AcDbEntity
  8
TOPO-CONTOUR-MINOR
100
AcDbVertex
100
AcDb3dPolylineVertex
 10
248.50143362795097
 20
-96.74558669189764
 30
1068.0
 70
32
  0
VERTEX
  5
D8
330
17
100
AcDbEntity
  8
TOPO-CONTOUR-MINOR
100
AcDbVertex
100
AcDb3dPolylineVertex
 10
261.60042247126876
 20
-98.66876678437649
 30
1068.0
 70
32
  0
VERTEX
  5
D9
330
17
100
AcDbEntity
  8
TOPO-CONTOUR-MINOR
100
AcDbVertex
100
AcDb3dPolylineVertex
 10
265.63088057690493
 20
-98.09699650120578
 30
1068.0
 70
32
  0
VERTEX
  5
DA
330
17
100
AcDbEntity
  8
TOPO-CONTOUR-MINOR
100
AcDbVertex
100
AcDb3dPolylineVertex
 10
270.44252009964345
 20
-96.44051741622388
 30
1068.0
 70
32
  0
VERTEX
  5
DB
330
17
100
AcDbEntity
  8
TOPO-CONTOUR-MINOR
100
AcDbVertex
100
AcDb3dPolylineVertex
 10
271.67656773535964
 20
-96.34009578146257
 30
1068.0
 70
32
  0
VERTEX
  5
DC
330
17
100
AcDbEntity
  8
TOPO-CONTOUR-MINOR
100
AcDbVertex
100
AcDb3dPolylineVertex
 10
273.2623239884607
 20
-97.44813194312155
 30
1068.0
 70
32
  0
VERTEX
  5
DD
330
17
100
AcDbEntity
  8
TOPO-CONTOUR-MINOR
100
AcDbVertex
100
AcDb3dPolylineVertex
 10
274.30307804259104
 20
-99.46336099598557
 30
1068.0
 70
32
  0
VERTEX
  5
DE
330
17
100
AcDbEntity
  8
TOPO-CONTOUR-MINOR
100
AcDbVertex
100
AcDb3dPolylineVertex
 10
274.43249681632574
 20
-100.47097552195191
 30
1068.0
 70
32
  0
VERTEX
  5
DF
330
17
100
AcDbEntity
  8
TOPO-CONTOUR-MINOR
100
AcDbVertex
100
AcDb3dPolylineVertex
 10
273.69179678817727
 20
-101.82524060581315
 30
1068.0
 70
32
  0
VERTEX
  5
E0
330
17
100
AcDbEntity
  8
TOPO-CONTOUR-MINOR
100
AcDbVertex
100
AcDb3dPolylineVertex
 10
271.67656773535964
 20
-102.3114352097082
 30
1068.0
 70
32
  0
VERTEX
  5
E1
330
17
100
AcDbEntity
  8
TOPO-CONTOUR-MINOR
100
AcDbVertex
100
AcDb3dPolylineVertex
 10
264.62326605049657
 20
-101.94743105798793
 30
1068.0
 70
32
  0
VERTEX
  5
E2
330
17
100
AcDbEntity
  8
TOPO-CONTOUR-MINOR
100
AcDbVertex
100
AcDb3dPolylineVertex
 10
262.608036997678
 20
-102.11524257499724
 30
1068.0
 70
32
  0
VERTEX
  5
E3
330
17
100
AcDbEntity
  8
TOPO-CONTOUR-MINOR
100
AcDbVertex
100
AcDb3dPolylineVertex
 10
259.5851934184511
 20
-103.1837504257623
 30
1068.0
 70
32
  0
VERTEX
  5
E4
330
17
100
AcDbEntity
  8
TOPO-CONTOUR-MINOR
100
AcDbVertex
100
AcDb3dPolylineVertex
 10
256.1980848688046
 20
-103.4938191017136
 30
1068.0
 70
32
  0
VERTEX
  5
E5
330
17
100
AcDbEntity
  8
TOPO-CONTOUR-MINOR
100
AcDbVertex
100
AcDb3dPolylineVertex
 10
255.25384883170665
 20
-104.50143362767994
 30
1068.0
 70
32
  0
VERTEX
  5
E6
330
17
100
AcDbEntity
  8
TOPO-CONTOUR-MINOR
100
AcDbVertex
100
AcDb3dPolylineVertex
 10
260.5928079448595
 20
-105.21615432760484
 30
1068.0
 70
32
  0
VERTEX
  5
E7
330
17
100
AcDbEntity
  8
TOPO-CONTOUR-MINOR
100
AcDbVertex
100
AcDb3dPolylineVertex
 10
268.7626453824214
 20
-108.53189173340797
 30
1068.0
 70
32
  0
VERTEX
  5
E8
330
17
100
AcDbEntity
  8
TOPO-CONTOUR-MINOR
100
AcDbVertex
100
AcDb3dPolylineVertex
 10
271.67656773535964
 20
-109.19551420418684
 30
1068.0
 70
32
  0
VERTEX
  5
E9
330
17
100
AcDbEntity
  8
TOPO-CONTOUR-MINOR
100
AcDbVertex
100
AcDb3dPolylineVertex
 10
277.72225489381344
 20
-108.62892009270038
 30
1068.0
 70
32
  0
VERTEX
  5
EA
330
17
100
AcDbEntity
  8
TOPO-CONTOUR-MINOR
100
AcDbVertex
100
AcDb3dPolylineVertex
 10
280.74509847304125
 20
-107.50379667198096
 30
1068.0
 70
32
  0
VERTEX
  5
EB
330
17
100
AcDbEntity
  8
TOPO-CONTOUR-MINOR
100
AcDbVertex
100
AcDb3dPolylineVertex
 10
282.7603275258589
 20
-106.18931102817038
 30
1068.0
 70
32
  0
VERTEX
  5
EC
330
17
100
AcDbEntity
  8
TOPO-CONTOUR-MINOR
100
AcDbVertex
100
AcDb3dPolylineVertex
 10
285.03398281824616
 20
-100.47097552195191
 30
1068.0
 70
32
  0
VERTEX
  5
ED
330
17
100
AcDbEntity
  8
TOPO-CONTOUR-MINOR
100
AcDbVertex
100
AcDb3dPolylineVertex
 10
285.3601835292611
 20
-98.4557464690879
 30
1068.0
 70
32
  0
VERTEX
  5
EE
330
17
100
AcDbEntity
  8
TOPO-CONTOUR-MINOR
100
AcDbVertex
100
AcDb3dPolylineVertex
 10
285.06593483337286
 20
-96.44051741622388
 30
1068.0
 70
32
  0
VERTEX
  5
EF
330
17
100
AcDbEntity
  8
TOPO-CONTOUR-MINOR
100
AcDbVertex
100
AcDb3dPolylineVertex
 10
283.78753592996
 20
-92.41005931142718
 30
1068.0
 70
32
  0
VERTEX
  5
F0
330
17
100
AcDbEntity
  8
TOPO-CONTOUR-MINOR
100
AcDbVertex
100
AcDb3dPolylineVertex
 10
282.7590500732033
 20
-84.34914309997112
 30
1068.0
 70
32
  0
VERTEX
  5
F1
330
17
100
AcDbEntity
  8
TOPO-CONTOUR-MINOR
100
AcDbVertex
100
AcDb3dPolylineVertex
 10
281.35612609791934
 20
-80.31868499424309
 30
1068.0
 70
32
  0
VERTEX
  5
F2
330
17
100
AcDbEntity
  8
TOPO-CONTOUR-MINOR
100
AcDbVertex
100
AcDb3dPolylineVertex
 10
280.9709301864189
 20
-78.30345594137907
 30
1068.0
 70
32
  0
VERTEX
  5
F3
330
17
100
AcDbEntity
  8
TOPO-CONTOUR-MINOR
100
AcDbVertex
100
AcDb3dPolylineVertex
 10
281.09288498961035
 20
-64.19685257133096
 30
1068.0
 70
32
  0
VERTEX
  5
F4
330
17
100
AcDbEntity
  8
TOPO-CONTOUR-MINOR
100
AcDbVertex
100
AcDb3dPolylineVertex
 10
282.02367307212603
 20
-61.17400899250061
 30
1068.0
 70
32
  0
VERTEX
  5
F5
330
17
100
AcDbEntity
  8
TOPO-CONTOUR-MINOR
100
AcDbVertex
100
AcDb3dPolylineVertex
 10
284.5754965331763
 20
-58.15116541273892
 30
1068.0
 70
32
  0
VERTEX
  5
F6
330
17
100
AcDbEntity
  8
TOPO-CONTOUR-MINOR
100
AcDbVertex
100
AcDb3dPolylineVertex
 10
284.8440524981394
 20
-57.14355088677257
 30
1068.0
 70
32
  0
VERTEX
  5
F7
330
17
100
AcDbEntity
  8
TOPO-CONTOUR-MINOR
100
AcDbVertex
100
AcDb3dPolylineVertex
 10
283.9875294965485
 20
-49.08263467531651
 30
1068.0
 70
32
  0
VERTEX
  5
F8
330
17
100
AcDbEntity
  8
TOPO-CONTOUR-MINOR
100
AcDbVertex
100
AcDb3dPolylineVertex
 10
284.7755565786774
 20
-45.02181096194148
 30
1068.0
 70
32
  0
VERTEX
  5
F9
330
17
100
AcDbEntity
  8
TOPO-CONTOUR-MINOR
100
AcDbVertex
100
AcDb3dPolylineVertex
 10
285.80386535178155
 20
-43.036947516724474
 30
1068.0
 70
32
  0
VERTEX
  5
FA
330
17
100
AcDbEntity
  8
TOPO-CONTOUR-MINOR
100
AcDbVertex
100
AcDb3dPolylineVertex
 10
287.65620370623884
 20
-41.02171846386045
 30
1068.0
 70
32
  0
VERTEX
  5
FB
330
17
100
AcDbEntity
  8
TOPO-CONTOUR-MINOR
100
AcDbVertex
100
AcDb3dPolylineVertex
 10
289.81362921072196
 20
-39.49230990559214
 30
1068.0
 70
32
  0
VERTEX
  5
FC
330
17
100
AcDbEntity
  8
TOPO-CONTOUR-MINOR
100
AcDbVertex
100
AcDb3dPolylineVertex
 10
291.8288582635405
 20
-38.557437353618255
 30
1068.0
 70
32
  0
VERTEX
  5
FD
330
17
100
AcDbEntity
  8
TOPO-CONTOUR-MINOR
100
AcDbVertex
100
AcDb3dPolylineVertex
 10
297.8745454219943
 20
-37.14139926175395
 30
1068.0
 70
32
  0
VERTEX
  5
FE
330
17
100
AcDbEntity
  8
TOPO-CONTOUR-MINOR
100
AcDbVertex
100
AcDb3dPolylineVertex
 10
299.88977447481284
 20
-37.48752856441672
 30
1068.0
 70
32
  0
VERTEX
  5
FF
330
17
100
AcDbEntity
  8
TOPO-CONTOUR-MINOR
100
AcDbVertex
100
AcDb3dPolylineVertex
 10
300.74478521891126
 20
-37.99887488503009
 30
1068.0
 70
32
  0
VERTEX
  5
100
330
17
100
AcDbEntity
  8
TOPO-CONTOUR-MINOR
100
AcDbVertex
100
AcDb3dPolylineVertex
 10
301.80139208163996
 20
-40.014103937894106
 30
1068.0
 70
32
  0
VERTEX
  5
101
330
17
100
AcDbEntity
  8
TOPO-CONTOUR-MINOR
100
AcDbVertex
100
AcDb3dPolylineVertex
 10
302.06365513114423
 20
-44.044562043622136
 30
1068.0
 70
32
  0
VERTEX
  5
102
330
17
100
AcDbEntity
  8
TOPO-CONTOUR-MINOR
100
AcDbVertex
100
AcDb3dPolylineVertex
 10
303.5365845120327
 20
-49.08263467531651
 30
1068.0
 70
32
  0
VERTEX
  5
103
330
17
100
AcDbEntity
  8
TOPO-CONTOUR-MINOR
100
AcDbVertex
100
AcDb3dPolylineVertex
 10
303.33029420265217
 20
-52.1054782550782
 30
1068.0
 70
32
  0
VERTEX
  5
104
330
17
100
AcDbEntity
  8
TOPO-CONTOUR-MINOR
100
AcDbVertex
100
AcDb3dPolylineVertex
 10
302.30945002159183
 20
-54.12070730794221
 30
1068.0
 70
32
  0
VERTEX
  5
105
330
17
100
AcDbEntity
  8
TOPO-CONTOUR-MINOR
100
AcDbVertex
100
AcDb3dPolylineVertex
 10
298.88215994840357
 20
-57.82350788612972
 30
1068.0
 70
32
  0
VERTEX
  5
106
330
17
100
AcDbEntity
  8
TOPO-CONTOUR-MINOR
100
AcDbVertex
100
AcDb3dPolylineVertex
 10
294.70978761900443
 20
-60.166394465602934
 30
1068.0
 70
32
  0
VERTEX
  5
107
330
17
100
AcDbEntity
  8
TOPO-CONTOUR-MINOR
100
AcDbVertex
100
AcDb3dPolylineVertex
 10
295.25138259391827
 20
-61.1740089925006
 30
1068.0
 70
32
  0
VERTEX
  5
108
330
17
100
AcDbEntity
  8
TOPO-CONTOUR-MINOR
100
AcDbVertex
100
AcDb3dPolylineVertex
 10
300.8973890012221
 20
-63.18072349849204
 30
1068.0
 70
32
  0
VERTEX
  5
109
330
17
100
AcDbEntity
  8
TOPO-CONTOUR-MINOR
100
AcDbVertex
100
AcDb3dPolylineVertex
 10
306.9430761596759
 20
-63.78665833910512
 30
1068.0
 70
32
  0
VERTEX
  5
10A
330
17
100
AcDbEntity
  8
TOPO-CONTOUR-MINOR
100
AcDbVertex
100
AcDb3dPolylineVertex
 10
310.9735342653121
 20
-66.49623358301847
 30
1068.0
 70
32
  0
VERTEX
  5
10B
330
17
100
AcDbEntity
  8
TOPO-CONTOUR-MINOR
100
AcDbVertex
100
AcDb3dPolylineVertex
 10
312.9887633181306
 20
-66.83792498250193
 30
1068.0
 70
32
  0
VERTEX
  5
10C
330
17
100
AcDbEntity
  8
TOPO-CONTOUR-MINOR
100
AcDbVertex
100
AcDb3dPolylineVertex
 10
315.00399237094825
 20
-66.39351185247051
 30
1068.0
 70
32
  0
VERTEX
  5
10D
330
17
100
AcDbEntity
  8
TOPO-CONTOUR-MINOR
100
AcDbVertex
100
AcDb3dPolylineVertex
 10
316.465727274419
 20
-65.20446709822863
 30
1068.0
 70
32
  0
VERTEX
  5
10E
330
17
100
AcDbEntity
  8
TOPO-CONTOUR-MINOR
100
AcDbVertex
100
AcDb3dPolylineVertex
 10
316.72418650304303
 20
-64.19685257133096
 30
1068.0
 70
32
  0
VERTEX
  5
10F
330
17
100
AcDbEntity
  8
TOPO-CONTOUR-MINOR
100
AcDbVertex
100
AcDb3dPolylineVertex
 10
315.89963459644315
 20
-61.1740089925006
 30
1068.0
 70
32
  0
VERTEX
  5
110
330
17
100
AcDbEntity
  8
TOPO-CONTOUR-MINOR
100
AcDbVertex
100
AcDb3dPolylineVertex
 10
316.0580985155999
 20
-60.166394465602934
 30
1068.0
 70
32
  0
VERTEX
  5
111
330
17
100
AcDbEntity
  8
TOPO-CONTOUR-MINOR
100
AcDbVertex
100
AcDb3dPolylineVertex
 10
317.0192214237668
 20
-59.4645109919062
 30
1068.0
 70
32
  0
VERTEX
  5
112
330
17
100
AcDbEntity
  8
TOPO-CONTOUR-MINOR
100
AcDbVertex
100
AcDb3dPolylineVertex
 10
319.0344504765844
 20
-59.40877984409549
 30
1068.0
 70
32
  0
VERTEX
  5
113
330
17
100
AcDbEntity
  8
TOPO-CONTOUR-MINOR
100
AcDbVertex
100
AcDb3dPolylineVertex
 10
321.04967952940297
 20
-59.94434953416871
 30
1068.0
 70
32
  0
VERTEX
  5
114
330
17
100
AcDbEntity
  8
TOPO-CONTOUR-MINOR
100
AcDbVertex
100
AcDb3dPolylineVertex
 10
322.32466355745123
 20
-61.1740089925006
 30
1068.0
 70
32
  0
VERTEX
  5
115
330
17
100
AcDbEntity
  8
TOPO-CONTOUR-MINOR
100
AcDbVertex
100
AcDb3dPolylineVertex
 10
323.40218652663225
 20
-64.19685257133096
 30
1068.0
 70
32
  0
VERTEX
  5
116
330
17
100
AcDbEntity
  8
TOPO-CONTOUR-MINOR
100
AcDbVertex
100
AcDb3dPolylineVertex
 10
323.660434775007
 20
-66.21208162419498
 30
1068.0
 70
32
  0
VERTEX
  5
117
330
17
100
AcDbEntity
  8
TOPO-CONTOUR-MINOR
100
AcDbVertex
100
AcDb3dPolylineVertex
 10
323.36996478483354
 20
-67.21969615109265
 30
1068.0
 70
32
  0
VERTEX
  5
118
330
17
100
AcDbEntity
  8
TOPO-CONTOUR-MINOR
100
AcDbVertex
100
AcDb3dPolylineVertex
 10
322.0572940558113
 20
-68.76277180338607
 30
1068.0
 70
32
  0
VERTEX
  5
119
330
17
100
AcDbEntity
  8
TOPO-CONTOUR-MINOR
100
AcDbVertex
100
AcDb3dPolylineVertex
 10
318.02683595017606
 20
-71.25769906948295
 30
1068.0
 70
32
  0
VERTEX
  5
11A
330
17
100
AcDbEntity
  8
TOPO-CONTOUR-MINOR
100
AcDbVertex
100
AcDb3dPolylineVertex
 10
316.0116068973575
 20
-75.7193312173612
 30
1068.0
 70
32
  0
VERTEX
  5
11B
330
17
100
AcDbEntity
  8
TOPO-CONTOUR-MINOR
100
AcDbVertex
100
AcDb3dPolylineVertex
 10
314.50912639058015
 20
-86.36437215283513
 30
1068.0
 70
32
  0
VERTEX
  5
11C
330
17
100
AcDbEntity
  8
TOPO-CONTOUR-MINOR
100
AcDbVertex
100
AcDb3dPolylineVertex
 10
312.9887633181306
 20
-90.21474753683859
 30
1068.0
 70
32
  0
VERTEX
  5
11D
330
17
100
AcDbEntity
  8
TOPO-CONTOUR-MINOR
100
AcDbVertex
100
AcDb3dPolylineVertex
 10
310.98972062715035
 20
-93.41767383739352
 30
1068.0
 70
32
  0
VERTEX
  5
11E
330
17
100
AcDbEntity
  8
TOPO-CONTOUR-MINOR
100
AcDbVertex
100
AcDb3dPolylineVertex
 10
312.04391135361533
 20
-96.44051741622388
 30
1068.0
 70
32
  0
VERTEX
  5
11F
330
17
100
AcDbEntity
  8
TOPO-CONTOUR-MINOR
100
AcDbVertex
100
AcDb3dPolylineVertex
 10
312.09932550827017
 20
-98.4557464690879
 30
1068.0
 70
32
  0
VERTEX
  5
120
330
17
100
AcDbEntity
  8
TOPO-CONTOUR-MINOR
100
AcDbVertex
100
AcDb3dPolylineVertex
 10
311.42631892342524
 20
-100.47097552195191
 30
1068.0
 70
32
  0
VERTEX
  5
121
330
17
100
AcDbEntity
  8
TOPO-CONTOUR-MINOR
100
AcDbVertex
100
AcDb3dPolylineVertex
 10
308.9840967612707
 20
-104.50143362767994
 30
1068.0
 70
32
  0
VERTEX
  5
122
330
17
100
AcDbEntity
  8
TOPO-CONTOUR-MINOR
100
AcDbVertex
100
AcDb3dPolylineVertex
 10
309.398704502408
 20
-111.55473531316966
 30
1068.0
 70
32
  0
VERTEX
  5
123
330
17
100
AcDbEntity
  8
TOPO-CONTOUR-MINOR
100
AcDbVertex
100
AcDb3dPolylineVertex
 10
308.94498486310096
 20
-113.56996436603367
 30
1068.0
 70
32
  0
VERTEX
  5
124
330
17
100
AcDbEntity
  8
TOPO-CONTOUR-MINOR
100
AcDbVertex
100
AcDb3dPolylineVertex
 10
306.101827377077
 20
-118.60803699772805
 30
1068.0
 70
32
  0
VERTEX
  5
125
330
17
100
AcDbEntity
  8
TOPO-CONTOUR-MINOR
100
AcDbVertex
100
AcDb3dPolylineVertex
 10
306.2242015107983
 20
-121.63088057655841
 30
1068.0
 70
32
  0
VERTEX
  5
126
330
17
100
AcDbEntity
  8
TOPO-CONTOUR-MINOR
100
AcDbVertex
100
AcDb3dPolylineVertex
 10
305.1507643040212
 20
-122.63849510345608
 30
1068.0
 70
32
  0
VERTEX
  5
127
330
17
100
AcDbEntity
  8
TOPO-CONTOUR-MINOR
100
AcDbVertex
100
AcDb3dPolylineVertex
 10
300.0550920364967
 20
-124.6537241563201
 30
1068.0
 70
32
  0
VERTEX
  5
128
330
17
100
AcDbEntity
  8
TOPO-CONTOUR-MINOR
100
AcDbVertex
100
AcDb3dPolylineVertex
 10
298.88215994840357
 20
-125.5117454346256
 30
1068.0
 70
32
  0
VERTEX
  5
129
330
17
100
AcDbEntity
  8
TOPO-CONTOUR-MINOR
100
AcDbVertex
100
AcDb3dPolylineVertex
 10
296.72595758967185
 20
-129.69179678801447
 30
1068.0
 70
32
  0
VERTEX
  5
12A
330
17
100
AcDbEntity
  8
TOPO-CONTOUR-MINOR
100
AcDbVertex
100
AcDb3dPolylineVertex
 10
294.8517018427674
 20
-131.79061008325056
 30
1068.0
 70
32
  0
VERTEX
  5
12B
330
17
100
AcDbEntity
  8
TOPO-CONTOUR-MINOR
100
AcDbVertex
100
AcDb3dPolylineVertex
 10
289.81362921072196
 20
-134.68819030075747
 30
1068.0
 70
32
  0
VERTEX
  5
12C
330
17
100
AcDbEntity
  8
TOPO-CONTOUR-MINOR
100
AcDbVertex
100
AcDb3dPolylineVertex
 10
283.76794205226815
 20
-136.55465574139896
 30
1068.0
 70
32
  0
VERTEX
  5
12D
330
17
100
AcDbEntity
  8
TOPO-CONTOUR-MINOR
100
AcDbVertex
100
AcDb3dPolylineVertex
 10
281.7527129994496
 20
-136.4889462411616
 30
1068.0
 70
32
  0
VERTEX
  5
12E
330
17
100
AcDbEntity
  8
TOPO-CONTOUR-MINOR
100
AcDbVertex
100
AcDb3dPolylineVertex
 10
280.13332149502503
 20
-135.73748394660652
 30
1068.0
 70
32
  0
VERTEX
  5
12F
330
17
100
AcDbEntity
  8
TOPO-CONTOUR-MINOR
100
AcDbVertex
100
AcDb3dPolylineVertex
 10
277.1539472963573
 20
-132.71464036777616
 30
1068.0
 70
32
  0
VERTEX
  5
130
330
17
100
AcDbEntity
  8
TOPO-CONTOUR-MINOR
100
AcDbVertex
100
AcDb3dPolylineVertex
 10
273.69179678817727
 20
-127.75213954938671
 30
1068.0
 70
32
  0
VERTEX
  5
131
330
17
100
AcDbEntity
  8
TOPO-CONTOUR-MINOR
100
AcDbVertex
100
AcDb3dPolylineVertex
 10
271.67656773535964
 20
-126.28977644998946
 30
1068.0
 70
32
  0
VERTEX
  5
132
330
17
100
AcDbEntity
  8
TOPO-CONTOUR-MINOR
100
AcDbVertex
100
AcDb3dPolylineVertex
 10
269.6613386825411
 20
-125.95442527504116
 30
1068.0
 70
32
  0
VERTEX
  5
133
330
17
100
AcDbEntity
  8
TOPO-CONTOUR-MINOR
100
AcDbVertex
100
AcDb3dPolylineVertex
 10
267.64610962972347
 20
-127.01867726466281
 30
1068.0
 70
32
  0
VERTEX
  5
134
330
17
100
AcDbEntity
  8
TOPO-CONTOUR-MINOR
100
AcDbVertex
100
AcDb3dPolylineVertex
 10
264.34488914233873
 20
-131.7070258408785
 30
1068.0
 70
32
  0
VERTEX
  5
135
330
17
100
AcDbEntity
  8
TOPO-CONTOUR-MINOR
100
AcDbVertex
100
AcDb3dPolylineVertex
 10
263.0829853970565
 20
-132.71464036777616
 30
1068.0
 70
32
  0
VERTEX
  5
136
330
17
100
AcDbEntity
  8
TOPO-CONTOUR-MINOR
100
AcDbVertex
100
AcDb3dPolylineVertex
 10
257.9063727423229
 20
-134.72986942064017
 30
1068.0
 70
32
  0
VERTEX
  5
137
330
17
100
AcDbEntity
  8
TOPO-CONTOUR-MINOR
100
AcDbVertex
100
AcDb3dPolylineVertex
 10
253.5395062599964
 20
-135.69576463433543
 30
1068.0
 70
32
  0
VERTEX
  5
138
330
17
100
AcDbEntity
  8
TOPO-CONTOUR-MINOR
100
AcDbVertex
100
AcDb3dPolylineVertex
 10
249.50904815436024
 20
-138.71248326422327
 30
1068.0
 70
32
  0
VERTEX
  5
139
330
17
100
AcDbEntity
  8
TOPO-CONTOUR-MINOR
100
AcDbVertex
100
AcDb3dPolylineVertex
 10
248.50143362795097
 20
-139.0998876395914
 30
1068.0
 70
32
  0
VERTEX
  5
13A
330
17
100
AcDbEntity
  8
TOPO-CONTOUR-MINOR
100
AcDbVertex
100
AcDb3dPolylineVertex
 10
243.4633609959064
 20
-139.48141455978575
 30
1068.0
 70
32
  0
VERTEX
  5
13B
330
17
100
AcDbEntity
  8
TOPO-CONTOUR-MINOR
100
AcDbVertex
100
AcDb3dPolylineVertex
 10
239.43290289027027
 20
-138.55457986194105
 30
1068.0
 70
32
  0
VERTEX
  5
13C
330
17
100
AcDbEntity
  8
TOPO-CONTOUR-MINOR
100
AcDbVertex
100
AcDb3dPolylineVertex
 10
234.39483025822483
 20
-139.03804157931512
 30
1068.0
 70
32
  0
VERTEX
  5
13D
330
17
100
AcDbEntity
  8
TOPO-CONTOUR-MINOR
100
AcDbVertex
100
AcDb3dPolylineVertex
 10
230.36437215258866
 20
-137.90415012532583
 30
1068.0
 70
32
  0
VERTEX
  5
13E
330
17
100
AcDbEntity
  8
TOPO-CONTOUR-MINOR
100
AcDbVertex
100
AcDb3dPolylineVertex
 10
229.3567576261794
 20
-137.93699609326862
 30
1068.0
 70
32
  0
VERTEX
  5
13F
330
17
100
AcDbEntity
  8
TOPO-CONTOUR-MINOR
100
AcDbVertex
100
AcDb3dPolylineVertex
 10
226.3339140469525
 20
-140.13379601834367
 30
1068.0
 70
32
  0
VERTEX
  5
140
330
17
100
AcDbEntity
  8
TOPO-CONTOUR-MINOR
100
AcDbVertex
100
AcDb3dPolylineVertex
 10
223.31107046772559
 20
-141.26970646574767
 30
1068.0
 70
32
  0
VERTEX
  5
141
330
17
100
AcDbEntity
  8
TOPO-CONTOUR-MINOR
100
AcDbVertex
100
AcDb3dPolylineVertex
 10
214.24253973004397
 20
-142.06793072045613
 30
1068.0
 70
32
  0
VERTEX
  5
142
330
17
100
AcDbEntity
  8
TOPO-CONTOUR-MINOR
100
AcDbVertex
100
AcDb3dPolylineVertex
 10
209.20446709799853
 20
-141.9506126297518
 30
1068.0
 70
32
  0
VERTEX
  5
143
330
17
100
AcDbEntity
  8
TOPO-CONTOUR-MINOR
100
AcDbVertex
100
AcDb3dPolylineVertex
 10
204.33994521500716
 20
-142.7907856311649
 30
1068.0
 70
32
  0
VERTEX
  5
144
330
17
100
AcDbEntity
  8
TOPO-CONTOUR-MINOR
100
AcDbVertex
100
AcDb3dPolylineVertex
 10
203.1143110883721
 20
-143.79840015806258
 30
1068.0
 70
32
  0
VERTEX
  5
145
330
17
100
AcDbEntity
  8
TOPO-CONTOUR-MINOR
100
AcDbVertex
100
AcDb3dPolylineVertex
 10
206.61839648689136
 20
-144.80601468402892
 30
1068.0
 70
32
  0
VERTEX
  5
146
330
17
100
AcDbEntity
  8
TOPO-CONTOUR-MINOR
100
AcDbVertex
100
AcDb3dPolylineVertex
 10
219.2806123620894
 20
-146.65307329363506
 30
1068.0
 70
32
  0
VERTEX
  5
147
330
17
100
AcDbEntity
  8
TOPO-CONTOUR-MINOR
100
AcDbVertex
100
AcDb3dPolylineVertex
 10
226.3339140469525
 20
-147.03672575920896
 30
1068.0
 70
32
  0
VERTEX
  5
148
330
17
100
AcDbEntity
  8
TOPO-CONTOUR-MINOR
100
AcDbVertex
100
AcDb3dPolylineVertex
 10
230.36437215258866
 20
-148.4664592857953
 30
1068.0
 70
32
  0
VERTEX
  5
149
330
17
100
AcDbEntity
  8
TOPO-CONTOUR-MINOR
100
AcDbVertex
100
AcDb3dPolylineVertex
 10
234.39483025822483
 20
-149.00564758895095
 30
1068.0
 70
32
  0
VERTEX
  5
14A
330
17
100
AcDbEntity
  8
TOPO-CONTOUR-MINOR
100
AcDbVertex
100
AcDb3dPolylineVertex
 10
238.425288363861
 20
-150.08845802226529
 30
1068.0
 70
32
  0
VERTEX
  5
14B
330
17
100
AcDbEntity
  8
TOPO-CONTOUR-MINOR
100
AcDbVertex
100
AcDb3dPolylineVertex
 10
239.43290289027027
 20
-150.01074525754427
 30
1068.0
 70
32
  0
VERTEX
  5
14C
330
17
100
AcDbEntity
  8
TOPO-CONTOUR-MINOR
100
AcDbVertex
100
AcDb3dPolylineVertex
 10
243.46336099590644
 20
-148.56678590521807
 30
1068.0
 70
32
  0
VERTEX
  5
14D
330
17
100
AcDbEntity
  8
TOPO-CONTOUR-MINOR
100
AcDbVertex
100
AcDb3dPolylineVertex
 10
245.47859004872407
 20
-148.42038602883957
 30
1068.0
 70
32
  0
VERTEX
  5
14E
330
17
100
AcDbEntity
  8
TOPO-CONTOUR-MINOR
100
AcDbVertex
100
AcDb3dPolylineVertex
 10
247.4938191015426
 20
-148.85208383624703
 30
1068.0
 70
32
  0
VERTEX
  5
14F
330
17
100
AcDbEntity
  8
TOPO-CONTOUR-MINOR
100
AcDbVertex
100
AcDb3dPolylineVertex
 10
249.50904815436024
 20
-150.26257106856542
 30
1068.0
 70
32
  0
VERTEX
  5
150
330
17
100
AcDbEntity
  8
TOPO-CONTOUR-MINOR
100
AcDbVertex
100
AcDb3dPolylineVertex
 10
250.43387901101462
 20
-151.85931636951864
 30
1068.0
 70
32
  0
VERTEX
  5
151
330
17
100
AcDbEntity
  8
TOPO-CONTOUR-MINOR
100
AcDbVertex
100
AcDb3dPolylineVertex
 10
251.75643531325687
 20
-156.897389001213
 30
1068.0
 70
32
  0
VERTEX
  5
152
330
17
100
AcDbEntity
  8
TOPO-CONTOUR-MINOR
100
AcDbVertex
100
AcDb3dPolylineVertex
 10
252.53189173358714
 20
-162.21866857242438
 30
1068.0
 70
32
  0
VERTEX
  5
153
330
17
100
AcDbEntity
  8
TOPO-CONTOUR-MINOR
100
AcDbVertex
100
AcDb3dPolylineVertex
 10
253.53950625999641
 20
-164.0219810931456
 30
1068.0
 70
32
  0
VERTEX
  5
154
330
17
100
AcDbEntity
  8
TOPO-CONTOUR-MINOR
100
AcDbVertex
100
AcDb3dPolylineVertex
 10
254.54712078640569
 20
-164.82191719555007
 30
1068.0
 70
32
  0
VERTEX
  5
155
330
17
100
AcDbEntity
  8
TOPO-CONTOUR-MINOR
100
AcDbVertex
100
AcDb3dPolylineVertex
 10
261.60042247126876
 20
-168.88711988435435
 30
1068.0
 70
32
  0
VERTEX
  5
156
330
17
100
AcDbEntity
  8
TOPO-CONTOUR-MINOR
100
AcDbVertex
100
AcDb3dPolylineVertex
 10
266.6384951033142
 20
-170.3543049188244
 30
1068.0
 70
32
  0
VERTEX
  5
157
330
17
100
AcDbEntity
  8
TOPO-CONTOUR-MINOR
100
AcDbVertex
100
AcDb3dPolylineVertex
 10
269.2799797802203
 20
-168.9887633183971
 30
1068.0
 70
32
  0
VERTEX
  5
158
330
17
100
AcDbEntity
  8
TOPO-CONTOUR-MINOR
100
AcDbVertex
100
AcDb3dPolylineVertex
 10
271.67656773535964
 20
-168.30237043544167
 30
1068.0
 70
32
  0
VERTEX
  5
159
330
17
100
AcDbEntity
  8
TOPO-CONTOUR-MINOR
100
AcDbVertex
100
AcDb3dPolylineVertex
 10
273.69179678817727
 20
-168.11583440380304
 30
1068.0
 70
32
  0
VERTEX
  5
15A
330
17
100
AcDbEntity
  8
TOPO-CONTOUR-MINOR
100
AcDbVertex
100
AcDb3dPolylineVertex
 10
275.7070258409958
 20
-168.52415758979953
 30
1068.0
 70
32
  0
VERTEX
  5
15B
330
17
100
AcDbEntity
  8
TOPO-CONTOUR-MINOR
100
AcDbVertex
100
AcDb3dPolylineVertex
 10
278.7298694202227
 20
-170.57613724244123
 30
1068.0
 70
32
  0
VERTEX
  5
15C
330
17
100
AcDbEntity
  8
TOPO-CONTOUR-MINOR
100
AcDbVertex
100
AcDb3dPolylineVertex
 10
280.5224067193849
 20
-173.01922142412513
 30
1068.0
 70
32
  0
VERTEX
  5
15D
330
17
100
AcDbEntity
  8
TOPO-CONTOUR-MINOR
100
AcDbVertex
100
AcDb3dPolylineVertex
 10
280.7513631747123
 20
-175.03445047698915
 30
1068.0
 70
32
  0
VERTEX
  5
15E
330
17
100
AcDbEntity
  8
TOPO-CONTOUR-MINOR
100
AcDbVertex
100
AcDb3dPolylineVertex
 10
280.2065459635934
 20
-176.0420650029555
 30
1068.0
 70
32
  0
VERTEX
  5
15F
330
17
100
AcDbEntity
  8
TOPO-CONTOUR-MINOR
100
AcDbVertex
100
AcDb3dPolylineVertex
 10
278.9337555238499
 20
-177.04967952985317
 30
1068.0
 70
32
  0
VERTEX
  5
160
330
17
100
AcDbEntity
  8
TOPO-CONTOUR-MINOR
100
AcDbVertex
100
AcDb3dPolylineVertex
 10
276.7146403674042
 20
-177.83440264602135
 30
1068.0
 70
32
  0
VERTEX
  5
161
330
17
100
AcDbEntity
  8
TOPO-CONTOUR-MINOR
100
AcDbVertex
100
AcDb3dPolylineVertex
 10
269.6613386825411
 20
-177.84218151911517
 30
1068.0
 70
32
  0
VERTEX
  5
162
330
17
100
AcDbEntity
  8
TOPO-CONTOUR-MINOR
100
AcDbVertex
100
AcDb3dPolylineVertex
 10
262.608036997678
 20
-178.61121627857108
 30
1068.0
 70
32
  0
VERTEX
  5
163
330
17
100
AcDbEntity
  8
TOPO-CONTOUR-MINOR
100
AcDbVertex
100
AcDb3dPolylineVertex
 10
260.5928079448595
 20
-178.5273961625004
 30
1068.0
 70
32
  0
VERTEX
  5
164
330
17
100
AcDbEntity
  8
TOPO-CONTOUR-MINOR
100
AcDbVertex
100
AcDb3dPolylineVertex
 10
259.2811764630617
 20
-178.0572940558195
 30
1068.0
 70
32
  0
VERTEX
  5
165
330
17
100
AcDbEntity
  8
TOPO-CONTOUR-MINOR
100
AcDbVertex
100
AcDb3dPolylineVertex
 10
255.55473531281496
 20
-174.92686518673364
 30
1068.0
 70
32
  0
VERTEX
  5
166
330
17
100
AcDbEntity
  8
TOPO-CONTOUR-MINOR
100
AcDbVertex
100
AcDb3dPolylineVertex
 10
254.54712078640569
 20
-174.46105501328378
 30
1068.0
 70
32
  0
VERTEX
  5
167
330
17
100
AcDbEntity
  8
TOPO-CONTOUR-MINOR
100
AcDbVertex
100
AcDb3dPolylineVertex
 10
251.60526466120294
 20
-178.0572940558195
 30
1068.0
 70
32
  0
VERTEX
  5
168
330
17
100
AcDbEntity
  8
TOPO-CONTOUR-MINOR
100
AcDbVertex
100
AcDb3dPolylineVertex
 10
249.50904815436024
 20
-179.00766769127424
 30
1068.0
 70
32
  0
VERTEX
  5
169
330
17
100
AcDbEntity
  8
TOPO-CONTOUR-MINOR
100
AcDbVertex
100
AcDb3dPolylineVertex
 10
231.37198667899796
 20
-180.7191702121936
 30
1068.0
 70
32
  0
VERTEX
  5
16A
330
17
100
AcDbEntity
  8
TOPO-CONTOUR-MINOR
100
AcDbVertex
100
AcDb3dPolylineVertex
 10
228.34914309977012
 20
-181.29590369917656
 30
1068.0
 70
32
  0
VERTEX
  5
16B
330
17
100
AcDbEntity
  8
TOPO-CONTOUR-MINOR
100
AcDbVertex
100
AcDb3dPolylineVertex
 10
226.34547210943654
 20
-182.08775216154754
 30
1068.0
 70
32
  0
VERTEX
  5
16C
330
17
100
AcDbEntity
  8
TOPO-CONTOUR-MINOR
100
AcDbVertex
100
AcDb3dPolylineVertex
 10
225.4697644134354
 20
-183.0953666875139
 30
1068.0
 70
32
  0
VERTEX
  5
16D
330
17
100
AcDbEntity
  8
TOPO-CONTOUR-MINOR
100
AcDbVertex
100
AcDb3dPolylineVertex
 10
226.1810280394296
 20
-184.10298121441153
 30
1068.0
 70
32
  0
VERTEX
  5
16E
330
17
100
AcDbEntity
  8
TOPO-CONTOUR-MINOR
100
AcDbVertex
100
AcDb3dPolylineVertex
 10
228.6315885766178
 20
-185.0
 30
1068.0
 70
32
  0
SEQEND
  5
A1
330
A0
100
AcDbEntity
  8
TOPO-CONTOUR-MINOR
  0
POLYLINE
  5
16F
330
17
100
AcDbEntity
  8
TOPO-CONTOUR-MINOR
100
AcDb3dPolyline
 66
1
 10
0.0
 20
0.0
 30
0.0
 70
8
  0
VERTEX
  5
171
330
17
100
AcDbEntity
  8
TOPO-CONTOUR-MINOR
100
AcDbVertex
100
AcDb3dPolylineVertex
 10
318.5438582458356
 20
-4.747595513239503
 30
1068.0
 70
32
  0
VERTEX
  5
172
330
17
100
AcDbEntity
  8
TOPO-CONTOUR-MINOR
100
AcDbVertex
100
AcDb3dPolylineVertex
 10
320.0420650029937
 20
-4.214372226708118
 30
1068.0
 70
32
  0
VERTEX
  5
173
330
17
100
AcDbEntity
  8
TOPO-CONTOUR-MINOR
100
AcDbVertex
100
AcDb3dPolylineVertex
 10
322.0572940558113
 20
-5.037790473745311
 30
1068.0
 70
32
  0
VERTEX
  5
174
330
17
100
AcDbEntity
  8
TOPO-CONTOUR-MINOR
100
AcDbVertex
100
AcDb3dPolylineVertex
 10
325.08013763503914
 20
-7.893800959396807
 30
1068.0
 70
32
  0
VERTEX
  5
175
330
17
100
AcDbEntity
  8
TOPO-CONTOUR-MINOR
100
AcDbVertex
100
AcDb3dPolylineVertex
 10
326.5860402010643
 20
-9.785668145865202
 30
1068.0
 70
32
  0
VERTEX
  5
176
330
17
100
AcDbEntity
  8
TOPO-CONTOUR-MINOR
100
AcDbVertex
100
AcDb3dPolylineVertex
 10
327.2878620532543
 20
-11.800897198729217
 30
1068.0
 70
32
  0
VERTEX
  5
177
330
17
100
AcDbEntity
  8
TOPO-CONTOUR-MINOR
100
AcDbVertex
100
AcDb3dPolylineVertex
 10
327.09536668785677
 20
-13.727236968333836
 30
1068.0
 70
32
  0
VERTEX
  5
178
330
17
100
AcDbEntity
  8
TOPO-CONTOUR-MINOR
100
AcDbVertex
100
AcDb3dPolylineVertex
 10
326.4905556220126
 20
-14.823740777559578
 30
1068.0
 70
32
  0
VERTEX
  5
179
330
17
100
AcDbEntity
  8
TOPO-CONTOUR-MINOR
100
AcDbVertex
100
AcDb3dPolylineVertex
 10
325.23437563205925
 20
-15.831355303525925
 30
1068.0
 70
32
  0
VERTEX
  5
17A
330
17
100
AcDbEntity
  8
TOPO-CONTOUR-MINOR
100
AcDbVertex
100
AcDb3dPolylineVertex
 10
323.0649085822206
 20
-16.38330485829859
 30
1068.0
 70
32
  0
VERTEX
  5
17B
330
17
100
AcDbEntity
  8
TOPO-CONTOUR-MINOR
100
AcDbVertex
100
AcDb3dPolylineVertex
 10
319.0344504765844
 20
-16.10586668473985
 30
1068.0
 70
32
  0
VERTEX
  5
17C
330
17
100
AcDbEntity
  8
TOPO-CONTOUR-MINOR
100
AcDbVertex
100
AcDb3dPolylineVertex
 10
317.0192214237668
 20
-15.39031530287914
 30
1068.0
 70
32
  0
VERTEX
  5
17D
330
17
100
AcDbEntity
  8
TOPO-CONTOUR-MINOR
100
AcDbVertex
100
AcDb3dPolylineVertex
 10
315.58385747753186
 20
-13.816126251593232
 30
1068.0
 70
32
  0
VERTEX
  5
17E
330
17
100
AcDbEntity
  8
TOPO-CONTOUR-MINOR
100
AcDbVertex
100
AcDb3dPolylineVertex
 10
315.2759476993985
 20
-11.800897198729217
 30
1068.0
 70
32
  0
VERTEX
  5
17F
330
17
100
AcDbEntity
  8
TOPO-CONTOUR-MINOR
100
AcDbVertex
100
AcDb3dPolylineVertex
 10
316.0116068973575
 20
-8.519274929391242
 30
1068.0
 70
32
  0
VERTEX
  5
180
330
17
100
AcDbEntity
  8
TOPO-CONTOUR-MINOR
100
AcDbVertex
100
AcDb3dPolylineVertex
 10
317.0192214237668
 20
-6.227095056211416
 30
1068.0
 70
32
  0
VERTEX
  5
181
330
17
100
AcDbEntity
  8
TOPO-CONTOUR-MINOR
100
AcDbVertex
100
AcDb3dPolylineVertex
 10
318.5438582458356
 20
-4.747595513239503
 30
1068.0
 70
32
  0
SEQEND
  5
170
330
16F
100
AcDbEntity
  8
TOPO-CONTOUR-MINOR
  0
POLYLINE
  5
182
330
17
100
AcDbEntity
  8
TOPO-CONTOUR-MINOR
100
AcDb3dPolyline
 66
1
 10
0.0
 20
0.0
 30
0.0
 70
8
  0
VERTEX
  5
184
330
17
100
AcDbEntity
  8
TOPO-CONTOUR-MINOR
100
AcDbVertex
100
AcDb3dPolylineVertex
 10
241.4481319430879
 20
-33.81751472083524
 30
1068.0
 70
32
  0
VERTEX
  5
185
330
17
100
AcDbEntity
  8
TOPO-CONTOUR-MINOR
100
AcDbVertex
100
AcDb3dPolylineVertex
 10
239.641806661939
 20
-34.97603130526841
 30
1068.0
 70
32
  0
VERTEX
  5
186
330
17
100
AcDbEntity
  8
TOPO-CONTOUR-MINOR
100
AcDbVertex
100
AcDb3dPolylineVertex
 10
238.425288363861
 20
-36.19295235948875
 30
1068.0
 70
32
  0
VERTEX
  5
187
330
17
100
AcDbEntity
  8
TOPO-CONTOUR-MINOR
100
AcDbVertex
100
AcDb3dPolylineVertex
 10
237.75413383044992
 20
-37.99887488503009
 30
1068.0
 70
32
  0
VERTEX
  5
188
330
17
100
AcDbEntity
  8
TOPO-CONTOUR-MINOR
100
AcDbVertex
100
AcDb3dPolylineVertex
 10
237.88978392387037
 20
-39.00648941099644
 30
1068.0
 70
32
  0
VERTEX
  5
189
330
17
100
AcDbEntity
  8
TOPO-CONTOUR-MINOR
100
AcDbVertex
100
AcDb3dPolylineVertex
 10
238.95900617800498
 20
-41.02171846386045
 30
1068.0
 70
32
  0
VERTEX
  5
18A
330
17
100
AcDbEntity
  8
TOPO-CONTOUR-MINOR
100
AcDbVertex
100
AcDb3dPolylineVertex
 10
241.82254026360647
 20
-44.044562043622136
 30
1068.0
 70
32
  0
VERTEX
  5
18B
330
17
100
AcDbEntity
  8
TOPO-CONTOUR-MINOR
100
AcDbVertex
100
AcDb3dPolylineVertex
 10
243.46336099590644
 20
-48.678485768782664
 30
1068.0
 70
32
  0
VERTEX
  5
18C
330
17
100
AcDbEntity
  8
TOPO-CONTOUR-MINOR
100
AcDbVertex
100
AcDb3dPolylineVertex
 10
244.4709755223148
 20
-49.33219402576495
 30
1068.0
 70
32
  0
VERTEX
  5
18D
330
17
100
AcDbEntity
  8
TOPO-CONTOUR-MINOR
100
AcDbVertex
100
AcDb3dPolylineVertex
 10
245.47859004872407
 20
-49.34607736779462
 30
1068.0
 70
32
  0
VERTEX
  5
18E
330
17
100
AcDbEntity
  8
TOPO-CONTOUR-MINOR
100
AcDbVertex
100
AcDb3dPolylineVertex
 10
249.50904815436024
 20
-48.93664558544873
 30
1068.0
 70
32
  0
VERTEX
  5
18F
330
17
100
AcDbEntity
  8
TOPO-CONTOUR-MINOR
100
AcDbVertex
100
AcDb3dPolylineVertex
 10
251.52427720717878
 20
-48.18217994431274
 30
1068.0
 70
32
  0
VERTEX
  5
190
330
17
100
AcDbEntity
  8
TOPO-CONTOUR-MINOR
100
AcDbVertex
100
AcDb3dPolylineVertex
 10
251.827815438899
 20
-47.0674056224525
 30
1068.0
 70
32
  0
VERTEX
  5
191
330
17
100
AcDbEntity
  8
TOPO-CONTOUR-MINOR
100
AcDbVertex
100
AcDb3dPolylineVertex
 10
250.66871943189713
 20
-45.05217656958849
 30
1068.0
 70
32
  0
VERTEX
  5
192
330
17
100
AcDbEntity
  8
TOPO-CONTOUR-MINOR
100
AcDbVertex
100
AcDb3dPolylineVertex
 10
250.23057791189373
 20
-43.03694751672447
 30
1068.0
 70
32
  0
VERTEX
  5
193
330
17
100
AcDbEntity
  8
TOPO-CONTOUR-MINOR
100
AcDbVertex
100
AcDb3dPolylineVertex
 10
251.89982828949348
 20
-34.97603130526841
 30
1068.0
 70
32
  0
VERTEX
  5
194
330
17
100
AcDbEntity
  8
TOPO-CONTOUR-MINOR
100
AcDbVertex
100
AcDb3dPolylineVertex
 10
250.5166626807695
 20
-33.954066003971775
 30
1068.0
 70
32
  0
VERTEX
  5
195
330
17
100
AcDbEntity
  8
TOPO-CONTOUR-MINOR
100
AcDbVertex
100
AcDb3dPolylineVertex
 10
243.46336099590644
 20
-33.496080847982626
 30
1068.0
 70
32
  0
VERTEX
  5
196
330
17
100
AcDbEntity
  8
TOPO-CONTOUR-MINOR
100
AcDbVertex
100
AcDb3dPolylineVertex
 10
241.4481319430879
 20
-33.81751472083524
 30
1068.0
 70
32
  0
SEQEND
  5
183
330
182
100
AcDbEntity
  8
TOPO-CONTOUR-MINOR
  0
POLYLINE
  5
197
330
17
100
AcDbEntity
  8
TOPO-CONTOUR-MINOR
100
AcDb3dPolyline
 66
1
 10
0.0
 20
0.0
 30
0.0
 70
8
  0
VERTEX
  5
199
330
17
100
AcDbEntity
  8
TOPO-CONTOUR-MINOR
100
AcDbVertex
100
AcDb3dPolylineVertex
 10
317.4073061665464
 20
-35.983645832166076
 30
1068.0
 70
32
  0
VERTEX
  5
19A
330
17
100
AcDbEntity
  8
TOPO-CONTOUR-MINOR
100
AcDbVertex
100
AcDb3dPolylineVertex
 10
322.0572940558113
 20
-35.945433157443276
 30
1068.0
 70
32
  0
VERTEX
  5
19B
330
17
100
AcDbEntity
  8
TOPO-CONTOUR-MINOR
100
AcDbVertex
100
AcDb3dPolylineVertex
 10
324.07252310862987
 20
-36.46221907394967
 30
1068.0
 70
32
  0
VERTEX
  5
19C
330
17
100
AcDbEntity
  8
TOPO-CONTOUR-MINOR
100
AcDbVertex
100
AcDb3dPolylineVertex
 10
325.8017967989709
 20
-37.99887488503009
 30
1068.0
 70
32
  0
VERTEX
  5
19D
330
17
100
AcDbEntity
  8
TOPO-CONTOUR-MINOR
100
AcDbVertex
100
AcDb3dPolylineVertex
 10
326.7301755017599
 20
-40.014103937894106
 30
1068.0
 70
32
  0
VERTEX
  5
19E
330
17
100
AcDbEntity
  8
TOPO-CONTOUR-MINOR
100
AcDbVertex
100
AcDb3dPolylineVertex
 10
326.0729757962515
 20
-42.02933299075812
 30
1068.0
 70
32
  0
VERTEX
  5
19F
330
17
100
AcDbEntity
  8
TOPO-CONTOUR-MINOR
100
AcDbVertex
100
AcDb3dPolylineVertex
 10
323.0649085822206
 20
-46.779209465064824
 30
1068.0
 70
32
  0
VERTEX
  5
1A0
330
17
100
AcDbEntity
  8
TOPO-CONTOUR-MINOR
100
AcDbVertex
100
AcDb3dPolylineVertex
 10
321.7968162065653
 20
-48.075020149350166
 30
1068.0
 70
32
  0
VERTEX
  5
1A1
330
17
100
AcDbEntity
  8
TOPO-CONTOUR-MINOR
100
AcDbVertex
100
AcDb3dPolylineVertex
 10
320.0420650029937
 20
-48.902767949225066
 30
1068.0
 70
32
  0
VERTEX
  5
1A2
330
17
100
AcDbEntity
  8
TOPO-CONTOUR-MINOR
100
AcDbVertex
100
AcDb3dPolylineVertex
 10
318.02683595017606
 20
-48.65569659427969
 30
1068.0
 70
32
  0
VERTEX
  5
1A3
330
17
100
AcDbEntity
  8
TOPO-CONTOUR-MINOR
100
AcDbVertex
100
AcDb3dPolylineVertex
 10
315.00399237094825
 20
-46.89822868259475
 30
1068.0
 70
32
  0
VERTEX
  5
1A4
330
17
100
AcDbEntity
  8
TOPO-CONTOUR-MINOR
100
AcDbVertex
100
AcDb3dPolylineVertex
 10
310.29864408308356
 20
-42.02933299075812
 30
1068.0
 70
32
  0
VERTEX
  5
1A5
330
17
100
AcDbEntity
  8
TOPO-CONTOUR-MINOR
100
AcDbVertex
100
AcDb3dPolylineVertex
 10
309.4283095096364
 20
-40.014103937894106
 30
1068.0
 70
32
  0
VERTEX
  5
1A6
330
17
100
AcDbEntity
  8
TOPO-CONTOUR-MINOR
100
AcDbVertex
100
AcDb3dPolylineVertex
 10
309.8533169399568
 20
-37.99887488503009
 30
1068.0
 70
32
  0
VERTEX
  5
1A7
330
17
100
AcDbEntity
  8
TOPO-CONTOUR-MINOR
100
AcDbVertex
100
AcDb3dPolylineVertex
 10
311.21408924541305
 20
-36.99126035813242
 30
1068.0
 70
32
  0
VERTEX
  5
1A8
330
17
100
AcDbEntity
  8
TOPO-CONTOUR-MINOR
100
AcDbVertex
100
AcDb3dPolylineVertex
 10
317.4073061665464
 20
-35.983645832166076
 30
1068.0
 70
32
  0
SEQEND
  5
198
330
197
100
AcDbEntity
  8
TOPO-CONTOUR-MINOR
  0
POLYLINE
  5
1A9
330
17
100
AcDbEntity
  8
TOPO-CONTOUR-MINOR
100
AcDb3dPolyline
 66
1
 10
0.0
 20
0.0
 30
0.0
 70
8
  0
VERTEX
  5
1AB
330
17
100
AcDbEntity
  8
TOPO-CONTOUR-MINOR
100
AcDbVertex
100
AcDb3dPolylineVertex
 10
329.0
 20
-41.08895882674764
 30
1068.0
 70
32
  0
VERTEX
  5
1AC
330
17
100
AcDbEntity
  8
TOPO-CONTOUR-MINOR
100
AcDbVertex
100
AcDb3dPolylineVertex
 10
328.9591119075479
 20
-41.02171846386045
 30
1068.0
 70
32
  0
VERTEX
  5
1AD
330
17
100
AcDbEntity
  8
TOPO-CONTOUR-MINOR
100
AcDbVertex
100
AcDb3dPolylineVertex
 10
328.9859804171458
 20
-40.014103937894106
 30
1068.0
 70
32
  0
VERTEX
  5
1AE
330
17
100
AcDbEntity
  8
TOPO-CONTOUR-MINOR
100
AcDbVertex
100
AcDb3dPolylineVertex
 10
329.0
 20
-39.99100670026863
 30
1068.0
 70
32
  0
SEQEND
  5
1AA
330
1A9
100
AcDbEntity
  8
TOPO-CONTOUR-MINOR
  0
POLYLINE
  5
1AF
330
17
100
AcDbEntity
  8
TOPO-CONTOUR-MINOR
100
AcDb3dPolyline
 66
1
 10
0.0
 20
0.0
 30
0.0
 70
8
  0
VERTEX
  5
1B1
330
17
100
AcDbEntity
  8
TOPO-CONTOUR-MINOR
100
AcDbVertex
100
AcDb3dPolylineVertex
 10
323.8597431194734
 20
-74.27299783565104
 30
1068.0
 70
32
  0
VERTEX
  5
1B2
330
17
100
AcDbEntity
  8
TOPO-CONTOUR-MINOR
100
AcDbVertex
100
AcDb3dPolylineVertex
 10
326.0877521614484
 20
-73.77981852823314
 30
1068.0
 70
32
  0
VERTEX
  5
1B3
330
17
100
AcDbEntity
  8
TOPO-CONTOUR-MINOR
100
AcDbVertex
100
AcDb3dPolylineVertex
 10
328.10298121426604
 20
-73.94419702162176
 30
1068.0
 70
32
  0
VERTEX
  5
1B4
330
17
100
AcDbEntity
  8
TOPO-CONTOUR-MINOR
100
AcDbVertex
100
AcDb3dPolylineVertex
 10
329.0
 20
-74.20992506199376
 30
1068.0
 70
32
  0
SEQEND
  5
1B0
330
1AF
100
AcDbEntity
  8
TOPO-CONTOUR-MINOR
  0
POLYLINE
  5
1B5
330
17
100
AcDbEntity
  8
TOPO-CONTOUR-MINOR
100
AcDb3dPolyline
 66
1
 10
0.0
 20
0.0
 30
0.0
 70
8
  0
VERTEX
  5
1B7
330
17
100
AcDbEntity
  8
TOPO-CONTOUR-MINOR
100
AcDbVertex
100
AcDb3dPolylineVertex
 10
329.0
 20
-81.46701108185474
 30
1068.0
 70
32
  0
VERTEX
  5
1B8
330
17
100
AcDbEntity
  8
TOPO-CONTOUR-MINOR
100
AcDbVertex
100
AcDb3dPolylineVertex
 10
328.10298121426604
 20
-82.2622623945084
 30
1068.0
 70
32
  0
VERTEX
  5
1B9
330
17
100
AcDbEntity
  8
TOPO-CONTOUR-MINOR
100
AcDbVertex
100
AcDb3dPolylineVertex
 10
323.0649085822206
 20
-82.21089438700284
 30
1068.0
 70
32
  0
VERTEX
  5
1BA
330
17
100
AcDbEntity
  8
TOPO-CONTOUR-MINOR
100
AcDbVertex
100
AcDb3dPolylineVertex
 10
322.0572940558113
 20
-81.77600754782902
 30
1068.0
 70
32
  0
VERTEX
  5
1BB
330
17
100
AcDbEntity
  8
TOPO-CONTOUR-MINOR
100
AcDbVertex
100
AcDb3dPolylineVertex
 10
321.04967952940297
 20
-80.71000223989306
 30
1068.0
 70
32
  0
VERTEX
  5
1BC
330
17
100
AcDbEntity
  8
TOPO-CONTOUR-MINOR
100
AcDbVertex
100
AcDb3dPolylineVertex
 10
320.6672496475029
 20
-79.31107046734542
 30
1068.0
 70
32
  0
VERTEX
  5
1BD
330
17
100
AcDbEntity
  8
TOPO-CONTOUR-MINOR
100
AcDbVertex
100
AcDb3dPolylineVertex
 10
321.101223061226
 20
-77.2958414144814
 30
1068.0
 70
32
  0
VERTEX
  5
1BE
330
17
100
AcDbEntity
  8
TOPO-CONTOUR-MINOR
100
AcDbVertex
100
AcDb3dPolylineVertex
 10
322.3809847949588
 20
-75.28061236254871
 30
1068.0
 70
32
  0
VERTEX
  5
1BF
330
17
100
AcDbEntity
  8
TOPO-CONTOUR-MINOR
100
AcDbVertex
100
AcDb3dPolylineVertex
 10
323.8597431194734
 20
-74.27299783565104
 30
1068.0
 70
32
  0
SEQEND
  5
1B6
330
1B5
100
AcDbEntity
  8
TOPO-CONTOUR-MINOR
  0
POLYLINE
  5
1C0
330
17
100
AcDbEntity
  8
TOPO-CONTOUR-MINOR
100
AcDb3dPolyline
 66
1
 10
0.0
 20
0.0
 30
0.0
 70
8
  0
VERTEX
  5
1C2
330
17
100
AcDbEntity
  8
TOPO-CONTOUR-MINOR
100
AcDbVertex
100
AcDb3dPolylineVertex
 10
323.60464752064047
 20
-91.40244478452951
 30
1068.0
 70
32
  0
VERTEX
  5
1C3
330
17
100
AcDbEntity
  8
TOPO-CONTOUR-MINOR
100
AcDbVertex
100
AcDb3dPolylineVertex
 10
324.07252310862987
 20
-91.05106063038531
 30
1068.0
 70
32
  0
VERTEX
  5
1C4
330
17
100
AcDbEntity
  8
TOPO-CONTOUR-MINOR
100
AcDbVertex
100
AcDb3dPolylineVertex
 10
325.08013763503914
 20
-91.84061176292161
 30
1068.0
 70
32
  0
VERTEX
  5
1C5
330
17
100
AcDbEntity
  8
TOPO-CONTOUR-MINOR
100
AcDbVertex
100
AcDb3dPolylineVertex
 10
325.342948913241
 20
-92.41005931142718
 30
1068.0
 70
32
  0
VERTEX
  5
1C6
330
17
100
AcDbEntity
  8
TOPO-CONTOUR-MINOR
100
AcDbVertex
100
AcDb3dPolylineVertex
 10
325.08013763503914
 20
-93.52955413832166
 30
1068.0
 70
32
  0
VERTEX
  5
1C7
330
17
100
AcDbEntity
  8
TOPO-CONTOUR-MINOR
100
AcDbVertex
100
AcDb3dPolylineVertex
 10
323.94989070629936
 20
-93.41767383739352
 30
1068.0
 70
32
  0
VERTEX
  5
1C8
330
17
100
AcDbEntity
  8
TOPO-CONTOUR-MINOR
100
AcDbVertex
100
AcDb3dPolylineVertex
 10
323.50688232498044
 20
-92.41005931142718
 30
1068.0
 70
32
  0
VERTEX
  5
1C9
330
17
100
AcDbEntity
  8
TOPO-CONTOUR-MINOR
100
AcDbVertex
100
AcDb3dPolylineVertex
 10
323.60464752064047
 20
-91.40244478452951
 30
1068.0
 70
32
  0
SEQEND
  5
1C1
330
1C0
100
AcDbEntity
  8
TOPO-CONTOUR-MINOR
  0
POLYLINE
  5
1CA
330
17
100
AcDbEntity
  8
TOPO-CONTOUR-MINOR
100
AcDb3dPolyline
 66
1
 10
0.0
 20
0.0
 30
0.0
 70
8
  0
VERTEX
  5
1CC
330
17
100
AcDbEntity
  8
TOPO-CONTOUR-MINOR
100
AcDbVertex
100
AcDb3dPolylineVertex
 10
329.0
 20
-102.3254549838026
 30
1068.0
 70
32
  0
VERTEX
  5
1CD
330
17
100
AcDbEntity
  8
TOPO-CONTOUR-MINOR
100
AcDbVertex
100
AcDb3dPolylineVertex
 10
328.8158217707274
 20
-101.47859004884958
 30
1068.0
 70
32
  0
VERTEX
  5
1CE
330
17
100
AcDbEntity
  8
TOPO-CONTOUR-MINOR
100
AcDbVertex
100
AcDb3dPolylineVertex
 10
329.0
 20
-100.8651136708418
 30
1068.0
 70
32
  0
SEQEND
  5
1CB
330
1CA
100
AcDbEntity
  8
TOPO-CONTOUR-MINOR
  0
POLYLINE
  5
1CF
330
17
100
AcDbEntity
  8
TOPO-CONTOUR-MINOR
100
AcDb3dPolyline
 66
1
 10
0.0
 20
0.0
 30
0.0
 70
8
  0
VERTEX
  5
1D1
330
17
100
AcDbEntity
  8
TOPO-CONTOUR-MINOR
100
AcDbVertex
100
AcDb3dPolylineVertex
 10
292.304861089261
 20
-156.897389001213
 30
1068.0
 70
32
  0
VERTEX
  5
1D2
330
17
100
AcDbEntity
  8
TOPO-CONTOUR-MINOR
100
AcDbVertex
100
AcDb3dPolylineVertex
 10
293.8440873163581
 20
-156.84434743689226
 30
1068.0
 70
32
  0
VERTEX
  5
1D3
330
17
100
AcDbEntity
  8
TOPO-CONTOUR-MINOR
100
AcDbVertex
100
AcDb3dPolylineVertex
 10
294.8517018427674
 20
-157.4272086432983
 30
1068.0
 70
32
  0
VERTEX
  5
1D4
330
17
100
AcDbEntity
  8
TOPO-CONTOUR-MINOR
100
AcDbVertex
100
AcDb3dPolylineVertex
 10
296.0812784523349
 20
-158.91261805407703
 30
1068.0
 70
32
  0
VERTEX
  5
1D5
330
17
100
AcDbEntity
  8
TOPO-CONTOUR-MINOR
100
AcDbVertex
100
AcDb3dPolylineVertex
 10
296.4356441617689
 20
-159.92023258004338
 30
1068.0
 70
32
  0
VERTEX
  5
1D6
330
17
100
AcDbEntity
  8
TOPO-CONTOUR-MINOR
100
AcDbVertex
100
AcDb3dPolylineVertex
 10
296.3488685682685
 20
-160.92784710694104
 30
1068.0
 70
32
  0
VERTEX
  5
1D7
330
17
100
AcDbEntity
  8
TOPO-CONTOUR-MINOR
100
AcDbVertex
100
AcDb3dPolylineVertex
 10
295.69533936737815
 20
-161.9354616329074
 30
1068.0
 70
32
  0
VERTEX
  5
1D8
330
17
100
AcDbEntity
  8
TOPO-CONTOUR-MINOR
100
AcDbVertex
100
AcDb3dPolylineVertex
 10
294.33047253495283
 20
-162.94307615980506
 30
1068.0
 70
32
  0
VERTEX
  5
1D9
330
17
100
AcDbEntity
  8
TOPO-CONTOUR-MINOR
100
AcDbVertex
100
AcDb3dPolylineVertex
 10
292.83647278994977
 20
-163.5283440892976
 30
1068.0
 70
32
  0
VERTEX
  5
1DA
330
17
100
AcDbEntity
  8
TOPO-CONTOUR-MINOR
100
AcDbVertex
100
AcDb3dPolylineVertex
 10
291.8288582635405
 20
-163.5157447731782
 30
1068.0
 70
32
  0
VERTEX
  5
1DB
330
17
100
AcDbEntity
  8
TOPO-CONTOUR-MINOR
100
AcDbVertex
100
AcDb3dPolylineVertex
 10
290.8212437371312
 20
-162.8584241799676
 30
1068.0
 70
32
  0
VERTEX
  5
1DC
330
17
100
AcDbEntity
  8
TOPO-CONTOUR-MINOR
100
AcDbVertex
100
AcDb3dPolylineVertex
 10
289.99417732893795
 20
-160.92784710694104
 30
1068.0
 70
32
  0
VERTEX
  5
1DD
330
17
100
AcDbEntity
  8
TOPO-CONTOUR-MINOR
100
AcDbVertex
100
AcDb3dPolylineVertex
 10
290.13553637000075
 20
-158.91261805407703
 30
1068.0
 70
32
  0
VERTEX
  5
1DE
330
17
100
AcDbEntity
  8
TOPO-CONTOUR-MINOR
100
AcDbVertex
100
AcDb3dPolylineVertex
 10
290.8212437371312
 20
-157.83270050376802
 30
1068.0
 70
32
  0
VERTEX
  5
1DF
330
17
100
AcDbEntity
  8
TOPO-CONTOUR-MINOR
100
AcDbVertex
100
AcDb3dPolylineVertex
 10
292.304861089261
 20
-156.897389001213
 30
1068.0
 70
32
  0
SEQEND
  5
1D0
330
1CF
100
AcDbEntity
  8
TOPO-CONTOUR-MINOR
  0
POLYLINE
  5
1E0
330
17
100
AcDbEntity
  8
TOPO-CONTOUR-MINOR
100
AcDb3dPolyline
 66
1
 10
0.0
 20
0.0
 30
0.0
 70
8
  0
VERTEX
  5
1E2
330
17
100
AcDbEntity
  8
TOPO-CONTOUR-MINOR
100
AcDbVertex
100
AcDb3dPolylineVertex
 10
292.7917054745393
 20
-171.00399237126112
 30
1068.0
 70
32
  0
VERTEX
  5
1E3
330
17
100
AcDbEntity
  8
TOPO-CONTOUR-MINOR
100
AcDbVertex
100
AcDb3dPolylineVertex
 10
298.88215994840357
 20
-170.7050238930548
 30
1068.0
 70
32
  0
VERTEX
  5
1E4
330
17
100
AcDbEntity
  8
TOPO-CONTOUR-MINOR
100
AcDbVertex
100
AcDb3dPolylineVertex
 10
299.88977447481284
 20
-170.9286018748495
 30
1068.0
 70
32
  0
VERTEX
  5
1E5
330
17
100
AcDbEntity
  8
TOPO-CONTOUR-MINOR
100
AcDbVertex
100
AcDb3dPolylineVertex
 10
300.8973890012221
 20
-171.67864581302877
 30
1068.0
 70
32
  0
VERTEX
  5
1E6
330
17
100
AcDbEntity
  8
TOPO-CONTOUR-MINOR
100
AcDbVertex
100
AcDb3dPolylineVertex
 10
301.78827702854625
 20
-173.01922142412513
 30
1068.0
 70
32
  0
VERTEX
  5
1E7
330
17
100
AcDbEntity
  8
TOPO-CONTOUR-MINOR
100
AcDbVertex
100
AcDb3dPolylineVertex
 10
301.90500352763047
 20
-174.37636421243073
 30
1068.0
 70
32
  0
VERTEX
  5
1E8
330
17
100
AcDbEntity
  8
TOPO-CONTOUR-MINOR
100
AcDbVertex
100
AcDb3dPolylineVertex
 10
301.6315883283482
 20
-175.03445047698915
 30
1068.0
 70
32
  0
VERTEX
  5
1E9
330
17
100
AcDbEntity
  8
TOPO-CONTOUR-MINOR
100
AcDbVertex
100
AcDb3dPolylineVertex
 10
299.88977447481284
 20
-176.1171659148561
 30
1068.0
 70
32
  0
VERTEX
  5
1EA
330
17
100
AcDbEntity
  8
TOPO-CONTOUR-MINOR
100
AcDbVertex
100
AcDb3dPolylineVertex
 10
296.86693089558594
 20
-176.3935190095314
 30
1068.0
 70
32
  0
VERTEX
  5
1EB
330
17
100
AcDbEntity
  8
TOPO-CONTOUR-MINOR
100
AcDbVertex
100
AcDb3dPolylineVertex
 10
293.6502279680599
 20
-176.0420650029555
 30
1068.0
 70
32
  0
VERTEX
  5
1EC
330
17
100
AcDbEntity
  8
TOPO-CONTOUR-MINOR
100
AcDbVertex
100
AcDb3dPolylineVertex
 10
292.25692387213223
 20
-175.03445047698915
 30
1068.0
 70
32
  0
VERTEX
  5
1ED
330
17
100
AcDbEntity
  8
TOPO-CONTOUR-MINOR
100
AcDbVertex
100
AcDb3dPolylineVertex
 10
291.50498763698204
 20
-173.01922142412513
 30
1068.0
 70
32
  0
VERTEX
  5
1EE
330
17
100
AcDbEntity
  8
TOPO-CONTOUR-MINOR
100
AcDbVertex
100
AcDb3dPolylineVertex
 10
291.8288582635405
 20
-171.67078524278065
 30
1068.0
 70
32
  0
VERTEX
  5
1EF
330
17
100
AcDbEntity
  8
TOPO-CONTOUR-MINOR
100
AcDbVertex
100
AcDb3dPolylineVertex
 10
292.7917054745393
 20
-171.00399237126112
 30
1068.0
 70
32
  0
SEQEND
  5
1E1
330
1E0
100
AcDbEntity
  8
TOPO-CONTOUR-MINOR
  0
POLYLINE
  5
1F0
330
17
100
AcDbEntity
  8
TOPO-CONTOUR-MINOR
100
AcDb3dPolyline
 66
1
 10
0.0
 20
0.0
 30
0.0
 70
8
  0
VERTEX
  5
1F2
330
17
100
AcDbEntity
  8
TOPO-CONTOUR-MINOR
100
AcDbVertex
100
AcDb3dPolylineVertex
 10
329.0
 20
147.87263965230508
 30
1069.0
 70
32
  0
VERTEX
  5
1F3
330
17
100
AcDbEntity
  8
TOPO-CONTOUR-MINOR
100
AcDbVertex
100
AcDb3dPolylineVertex
 10
328.10298121426604
 20
147.9968111527915
 30
1069.0
 70
32
  0
VERTEX
  5
1F4
330
17
100
AcDbEntity
  8
TOPO-CONTOUR-MINOR
100
AcDbVertex
100
AcDb3dPolylineVertex
 10
326.0877521614484
 20
147.58265367571227
 30
1069.0
 70
32
  0
VERTEX
  5
1F5
330
17
100
AcDbEntity
  8
TOPO-CONTOUR-MINOR
100
AcDbVertex
100
AcDb3dPolylineVertex
 10
324.24794920544804
 20
146.39458344783634
 30
1069.0
 70
32
  0
VERTEX
  5
1F6
330
17
100
AcDbEntity
  8
TOPO-CONTOUR-MINOR
100
AcDbVertex
100
AcDb3dPolylineVertex
 10
323.73083831983774
 20
145.38696892187
 30
1069.0
 70
32
  0
VERTEX
  5
1F7
330
17
100
AcDbEntity
  8
TOPO-CONTOUR-MINOR
100
AcDbVertex
100
AcDb3dPolylineVertex
 10
325.1646588013271
 20
141.35651081614196
 30
1069.0
 70
32
  0
VERTEX
  5
1F8
330
17
100
AcDbEntity
  8
TOPO-CONTOUR-MINOR
100
AcDbVertex
100
AcDb3dPolylineVertex
 10
324.07252310862987
 20
140.9718682451996
 30
1069.0
 70
32
  0
VERTEX
  5
1F9
330
17
100
AcDbEntity
  8
TOPO-CONTOUR-MINOR
100
AcDbVertex
100
AcDb3dPolylineVertex
 10
323.0649085822206
 20
141.1203674477031
 30
1069.0
 70
32
  0
VERTEX
  5
1FA
330
17
100
AcDbEntity
  8
TOPO-CONTOUR-MINOR
100
AcDbVertex
100
AcDb3dPolylineVertex
 10
322.0572940558113
 20
142.0146411423645
 30
1069.0
 70
32
  0
VERTEX
  5
1FB
330
17
100
AcDbEntity
  8
TOPO-CONTOUR-MINOR
100
AcDbVertex
100
AcDb3dPolylineVertex
 10
321.3533989080476
 20
145.38696892187
 30
1069.0
 70
32
  0
VERTEX
  5
1FC
330
17
100
AcDbEntity
  8
TOPO-CONTOUR-MINOR
100
AcDbVertex
100
AcDb3dPolylineVertex
 10
320.0420650029937
 20
147.43671840525118
 30
1069.0
 70
32
  0
VERTEX
  5
1FD
330
17
100
AcDbEntity
  8
TOPO-CONTOUR-MINOR
100
AcDbVertex
100
AcDb3dPolylineVertex
 10
319.0344504765844
 20
148.35522476746033
 30
1069.0
 70
32
  0
VERTEX
  5
1FE
330
17
100
AcDbEntity
  8
TOPO-CONTOUR-MINOR
100
AcDbVertex
100
AcDb3dPolylineVertex
 10
318.02683595017606
 20
147.79227687269702
 30
1069.0
 70
32
  0
VERTEX
  5
1FF
330
17
100
AcDbEntity
  8
TOPO-CONTOUR-MINOR
100
AcDbVertex
100
AcDb3dPolylineVertex
 10
317.9137990512472
 20
147.402197974734
 30
1069.0
 70
32
  0
VERTEX
  5
200
330
17
100
AcDbEntity
  8
TOPO-CONTOUR-MINOR
100
AcDbVertex
100
AcDb3dPolylineVertex
 10
317.0192214237668
 20
143.17372806570904
 30
1069.0
 70
32
  0
VERTEX
  5
201
330
17
100
AcDbEntity
  8
TOPO-CONTOUR-MINOR
100
AcDbVertex
100
AcDb3dPolylineVertex
 10
316.3705721191096
 20
136.31843818351626
 30
1069.0
 70
32
  0
VERTEX
  5
202
330
17
100
AcDbEntity
  8
TOPO-CONTOUR-MINOR
100
AcDbVertex
100
AcDb3dPolylineVertex
 10
316.19676842007146
 20
124.2270638672635
 30
1069.0
 70
32
  0
VERTEX
  5
203
330
17
100
AcDbEntity
  8
TOPO-CONTOUR-MINOR
100
AcDbVertex
100
AcDb3dPolylineVertex
 10
314.8034079136709
 20
113.14330407604577
 30
1069.0
 70
32
  0
VERTEX
  5
204
330
17
100
AcDbEntity
  8
TOPO-CONTOUR-MINOR
100
AcDbVertex
100
AcDb3dPolylineVertex
 10
314.8308230568518
 20
107.09761691838503
 30
1069.0
 70
32
  0
VERTEX
  5
205
330
17
100
AcDbEntity
  8
TOPO-CONTOUR-MINOR
100
AcDbVertex
100
AcDb3dPolylineVertex
 10
314.22110527618463
 20
100.04431523289531
 30
1069.0
 70
32
  0
VERTEX
  5
206
330
17
100
AcDbEntity
  8
TOPO-CONTOUR-MINOR
100
AcDbVertex
100
AcDb3dPolylineVertex
 10
314.3667469052301
 20
90.97578449547291
 30
1069.0
 70
32
  0
VERTEX
  5
207
330
17
100
AcDbEntity
  8
TOPO-CONTOUR-MINOR
100
AcDbVertex
100
AcDb3dPolylineVertex
 10
311.98114879172135
 20
78.98665033892864
 30
1069.0
 70
32
  0
VERTEX
  5
208
330
17
100
AcDbEntity
  8
TOPO-CONTOUR-MINOR
100
AcDbVertex
100
AcDb3dPolylineVertex
 10
310.9735342653121
 20
77.42834839290926
 30
1069.0
 70
32
  0
VERTEX
  5
209
330
17
100
AcDbEntity
  8
TOPO-CONTOUR-MINOR
100
AcDbVertex
100
AcDb3dPolylineVertex
 10
309.1168698847812
 20
75.86156659945846
 30
1069.0
 70
32
  0
VERTEX
  5
20A
330
17
100
AcDbEntity
  8
TOPO-CONTOUR-MINOR
100
AcDbVertex
100
AcDb3dPolylineVertex
 10
308.40714748361233
 20
74.85395207256079
 30
1069.0
 70
32
  0
VERTEX
  5
20B
330
17
100
AcDbEntity
  8
TOPO-CONTOUR-MINOR
100
AcDbVertex
100
AcDb3dPolylineVertex
 10
308.45256492225144
 20
73.84633754659444
 30
1069.0
 70
32
  0
VERTEX
  5
20C
330
17
100
AcDbEntity
  8
TOPO-CONTOUR-MINOR
100
AcDbVertex
100
AcDb3dPolylineVertex
 10
309.65607891535876
 20
70.82349396683276
 30
1069.0
 70
32
  0
VERTEX
  5
20D
330
17
100
AcDbEntity
  8
TOPO-CONTOUR-MINOR
100
AcDbVertex
100
AcDb3dPolylineVertex
 10
311.98114879172135
 20
67.11892764788311
 30
1069.0
 70
32
  0
VERTEX
  5
20E
330
17
100
AcDbEntity
  8
TOPO-CONTOUR-MINOR
100
AcDbVertex
100
AcDb3dPolylineVertex
 10
312.3586185759882
 20
65.78542133513838
 30
1069.0
 70
32
  0
VERTEX
  5
20F
330
17
100
AcDbEntity
  8
TOPO-CONTOUR-MINOR
100
AcDbVertex
100
AcDb3dPolylineVertex
 10
312.7213762041457
 20
58.73211965057999
 30
1069.0
 70
32
  0
VERTEX
  5
210
330
17
100
AcDbEntity
  8
TOPO-CONTOUR-MINOR
100
AcDbVertex
100
AcDb3dPolylineVertex
 10
312.70703843626296
 20
49.66358891222626
 30
1069.0
 70
32
  0
VERTEX
  5
211
330
17
100
AcDbEntity
  8
TOPO-CONTOUR-MINOR
100
AcDbVertex
100
AcDb3dPolylineVertex
 10
312.2700399177024
 20
47.648359859362245
 30
1069.0
 70
32
  0
VERTEX
  5
212
330
17
100
AcDbEntity
  8
TOPO-CONTOUR-MINOR
100
AcDbVertex
100
AcDb3dPolylineVertex
 10
310.9735342653121
 20
45.966260847965465
 30
1069.0
 70
32
  0
VERTEX
  5
213
330
17
100
AcDbEntity
  8
TOPO-CONTOUR-MINOR
100
AcDbVertex
100
AcDb3dPolylineVertex
 10
308.95830521249445
 20
45.050793184273935
 30
1069.0
 70
32
  0
VERTEX
  5
214
330
17
100
AcDbEntity
  8
TOPO-CONTOUR-MINOR
100
AcDbVertex
100
AcDb3dPolylineVertex
 10
306.5270669694005
 20
44.62551628053188
 30
1069.0
 70
32
  0
VERTEX
  5
215
330
17
100
AcDbEntity
  8
TOPO-CONTOUR-MINOR
100
AcDbVertex
100
AcDb3dPolylineVertex
 10
305.247836410142
 20
43.61790175456554
 30
1069.0
 70
32
  0
VERTEX
  5
216
330
17
100
AcDbEntity
  8
TOPO-CONTOUR-MINOR
100
AcDbVertex
100
AcDb3dPolylineVertex
 10
305.1557237973886
 20
42.61028722766787
 30
1069.0
 70
32
  0
VERTEX
  5
217
330
17
100
AcDbEntity
  8
TOPO-CONTOUR-MINOR
100
AcDbVertex
100
AcDb3dPolylineVertex
 10
305.94266316715624
 20
38.57982912193984
 30
1069.0
 70
32
  0
VERTEX
  5
218
330
17
100
AcDbEntity
  8
TOPO-CONTOUR-MINOR
100
AcDbVertex
100
AcDb3dPolylineVertex
 10
308.17702846218174
 20
34.54937101621181
 30
1069.0
 70
32
  0
VERTEX
  5
219
330
17
100
AcDbEntity
  8
TOPO-CONTOUR-MINOR
100
AcDbVertex
100
AcDb3dPolylineVertex
 10
308.23127483958365
 20
33.54175649024546
 30
1069.0
 70
32
  0
VERTEX
  5
21A
330
17
100
AcDbEntity
  8
TOPO-CONTOUR-MINOR
100
AcDbVertex
100
AcDb3dPolylineVertex
 10
307.30719545763594
 20
31.526527437381446
 30
1069.0
 70
32
  0
VERTEX
  5
21B
330
17
100
AcDbEntity
  8
TOPO-CONTOUR-MINOR
100
AcDbVertex
100
AcDb3dPolylineVertex
 10
305.93546163326664
 20
30.399477559715137
 30
1069.0
 70
32
  0
VERTEX
  5
21C
330
17
100
AcDbEntity
  8
TOPO-CONTOUR-MINOR
100
AcDbVertex
100
AcDb3dPolylineVertex
 10
303.920232580449
 20
29.818271590384867
 30
1069.0
 70
32
  0
VERTEX
  5
21D
330
17
100
AcDbEntity
  8
TOPO-CONTOUR-MINOR
100
AcDbVertex
100
AcDb3dPolylineVertex
 10
299.88977447481284
 20
30.021116419205374
 30
1069.0
 70
32
  0
VERTEX
  5
21E
330
17
100
AcDbEntity
  8
TOPO-CONTOUR-MINOR
100
AcDbVertex
100
AcDb3dPolylineVertex
 10
295.85931636917667
 20
29.259460193366042
 30
1069.0
 70
32
  0
VERTEX
  5
21F
330
17
100
AcDbEntity
  8
TOPO-CONTOUR-MINOR
100
AcDbVertex
100
AcDb3dPolylineVertex
 10
292.83647278994977
 20
29.09040117851646
 30
1069.0
 70
32
  0
VERTEX
  5
220
330
17
100
AcDbEntity
  8
TOPO-CONTOUR-MINOR
100
AcDbVertex
100
AcDb3dPolylineVertex
 10
289.81362921072196
 20
29.409809090969965
 30
1069.0
 70
32
  0
VERTEX
  5
221
330
17
100
AcDbEntity
  8
TOPO-CONTOUR-MINOR
100
AcDbVertex
100
AcDb3dPolylineVertex
 10
287.7984001579043
 20
30.046072807292582
 30
1069.0
 70
32
  0
VERTEX
  5
222
330
17
100
AcDbEntity
  8
TOPO-CONTOUR-MINOR
100
AcDbVertex
100
AcDb3dPolylineVertex
 10
286.79078563149505
 20
30.794381054385127
 30
1069.0
 70
32
  0
VERTEX
  5
223
330
17
100
AcDbEntity
  8
TOPO-CONTOUR-MINOR
100
AcDbVertex
100
AcDb3dPolylineVertex
 10
285.60458568558414
 20
32.53414196334779
 30
1069.0
 70
32
  0
VERTEX
  5
224
330
17
100
AcDbEntity
  8
TOPO-CONTOUR-MINOR
100
AcDbVertex
100
AcDb3dPolylineVertex
 10
284.8124690316665
 20
35.55698554310948
 30
1069.0
 70
32
  0
VERTEX
  5
225
330
17
100
AcDbEntity
  8
TOPO-CONTOUR-MINOR
100
AcDbVertex
100
AcDb3dPolylineVertex
 10
284.43675129936076
 20
39.58744364883751
 30
1069.0
 70
32
  0
VERTEX
  5
226
330
17
100
AcDbEntity
  8
TOPO-CONTOUR-MINOR
100
AcDbVertex
100
AcDb3dPolylineVertex
 10
283.77181315619083
 20
42.61028722766787
 30
1069.0
 70
32
  0
VERTEX
  5
227
330
17
100
AcDbEntity
  8
TOPO-CONTOUR-MINOR
100
AcDbVertex
100
AcDb3dPolylineVertex
 10
284.1251152861846
 20
44.62551628053188
 30
1069.0
 70
32
  0
VERTEX
  5
228
330
17
100
AcDbEntity
  8
TOPO-CONTOUR-MINOR
100
AcDbVertex
100
AcDb3dPolylineVertex
 10
285.60186134109745
 20
47.648359859362245
 30
1069.0
 70
32
  0
VERTEX
  5
229
330
17
100
AcDbEntity
  8
TOPO-CONTOUR-MINOR
100
AcDbVertex
100
AcDb3dPolylineVertex
 10
285.7071974385691
 20
49.66358891222626
 30
1069.0
 70
32
  0
VERTEX
  5
22A
330
17
100
AcDbEntity
  8
TOPO-CONTOUR-MINOR
100
AcDbVertex
100
AcDb3dPolylineVertex
 10
284.9259086316396
 20
54.70166154485196
 30
1069.0
 70
32
  0
VERTEX
  5
22B
330
17
100
AcDbEntity
  8
TOPO-CONTOUR-MINOR
100
AcDbVertex
100
AcDb3dPolylineVertex
 10
283.92037178408134
 20
58.73211965057999
 30
1069.0
 70
32
  0
VERTEX
  5
22C
330
17
100
AcDbEntity
  8
TOPO-CONTOUR-MINOR
100
AcDbVertex
100
AcDb3dPolylineVertex
 10
283.3602003693677
 20
62.76257775630802
 30
1069.0
 70
32
  0
VERTEX
  5
22D
330
17
100
AcDbEntity
  8
TOPO-CONTOUR-MINOR
100
AcDbVertex
100
AcDb3dPolylineVertex
 10
283.4113072146945
 20
64.77780680917203
 30
1069.0
 70
32
  0
VERTEX
  5
22E
330
17
100
AcDbEntity
  8
TOPO-CONTOUR-MINOR
100
AcDbVertex
100
AcDb3dPolylineVertex
 10
284.4512836548152
 20
67.8006503880024
 30
1069.0
 70
32
  0
VERTEX
  5
22F
330
17
100
AcDbEntity
  8
TOPO-CONTOUR-MINOR
100
AcDbVertex
100
AcDb3dPolylineVertex
 10
284.7755565786774
 20
70.06912879810288
 30
1069.0
 70
32
  0
VERTEX
  5
230
330
17
100
AcDbEntity
  8
TOPO-CONTOUR-MINOR
100
AcDbVertex
100
AcDb3dPolylineVertex
 10
286.4997965925797
 20
74.85395207256079
 30
1069.0
 70
32
  0
VERTEX
  5
231
330
17
100
AcDbEntity
  8
TOPO-CONTOUR-MINOR
100
AcDbVertex
100
AcDb3dPolylineVertex
 10
286.79078563149505
 20
75.14049472624299
 30
1069.0
 70
32
  0
VERTEX
  5
232
330
17
100
AcDbEntity
  8
TOPO-CONTOUR-MINOR
100
AcDbVertex
100
AcDb3dPolylineVertex
 10
288.8060146843136
 20
74.5925866897572
 30
1069.0
 70
32
  0
VERTEX
  5
233
330
17
100
AcDbEntity
  8
TOPO-CONTOUR-MINOR
100
AcDbVertex
100
AcDb3dPolylineVertex
 10
289.81362921072196
 20
74.74430756685425
 30
1069.0
 70
32
  0
VERTEX
  5
234
330
17
100
AcDbEntity
  8
TOPO-CONTOUR-MINOR
100
AcDbVertex
100
AcDb3dPolylineVertex
 10
290.8212437371312
 20
75.38808395269548
 30
1069.0
 70
32
  0
VERTEX
  5
235
330
17
100
AcDbEntity
  8
TOPO-CONTOUR-MINOR
100
AcDbVertex
100
AcDb3dPolylineVertex
 10
292.0975206612128
 20
76.8691811254248
 30
1069.0
 70
32
  0
VERTEX
  5
236
330
17
100
AcDbEntity
  8
TOPO-CONTOUR-MINOR
100
AcDbVertex
100
AcDb3dPolylineVertex
 10
292.5529875400682
 20
77.87679565232247
 30
1069.0
 70
32
  0
VERTEX
  5
237
330
17
100
AcDbEntity
  8
TOPO-CONTOUR-MINOR
100
AcDbVertex
100
AcDb3dPolylineVertex
 10
292.4959585494472
 20
78.88441017828882
 30
1069.0
 70
32
  0
VERTEX
  5
238
330
17
100
AcDbEntity
  8
TOPO-CONTOUR-MINOR
100
AcDbVertex
100
AcDb3dPolylineVertex
 10
291.54496914741935
 20
79.89202470518649
 30
1069.0
 70
32
  0
VERTEX
  5
239
330
17
100
AcDbEntity
  8
TOPO-CONTOUR-MINOR
100
AcDbVertex
100
AcDb3dPolylineVertex
 10
289.81362921072196
 20
80.73188259754733
 30
1069.0
 70
32
  0
VERTEX
  5
23A
330
17
100
AcDbEntity
  8
TOPO-CONTOUR-MINOR
100
AcDbVertex
100
AcDb3dPolylineVertex
 10
285.7831711050858
 20
81.18816957058795
 30
1069.0
 70
32
  0
VERTEX
  5
23B
330
17
100
AcDbEntity
  8
TOPO-CONTOUR-MINOR
100
AcDbVertex
100
AcDb3dPolylineVertex
 10
284.7755565786774
 20
81.73254207251966
 30
1069.0
 70
32
  0
VERTEX
  5
23C
330
17
100
AcDbEntity
  8
TOPO-CONTOUR-MINOR
100
AcDbVertex
100
AcDb3dPolylineVertex
 10
282.7603275258589
 20
83.81405722085688
 30
1069.0
 70
32
  0
VERTEX
  5
23D
330
17
100
AcDbEntity
  8
TOPO-CONTOUR-MINOR
100
AcDbVertex
100
AcDb3dPolylineVertex
 10
281.7527129994496
 20
86.10735833300996
 30
1069.0
 70
32
  0
VERTEX
  5
23E
330
17
100
AcDbEntity
  8
TOPO-CONTOUR-MINOR
100
AcDbVertex
100
AcDb3dPolylineVertex
 10
280.80815772676107
 20
90.97578449547291
 30
1069.0
 70
32
  0
VERTEX
  5
23F
330
17
100
AcDbEntity
  8
TOPO-CONTOUR-MINOR
100
AcDbVertex
100
AcDb3dPolylineVertex
 10
280.90453601332615
 20
101.05192975979298
 30
1069.0
 70
32
  0
VERTEX
  5
240
330
17
100
AcDbEntity
  8
TOPO-CONTOUR-MINOR
100
AcDbVertex
100
AcDb3dPolylineVertex
 10
280.2575773244297
 20
105.08238786552101
 30
1069.0
 70
32
  0
VERTEX
  5
241
330
17
100
AcDbEntity
  8
TOPO-CONTOUR-MINOR
100
AcDbVertex
100
AcDb3dPolylineVertex
 10
279.3076282604951
 20
118.18137670867145
 30
1069.0
 70
32
  0
VERTEX
  5
242
330
17
100
AcDbEntity
  8
TOPO-CONTOUR-MINOR
100
AcDbVertex
100
AcDb3dPolylineVertex
 10
278.7298694202227
 20
122.42883846478125
 30
1069.0
 70
32
  0
VERTEX
  5
243
330
17
100
AcDbEntity
  8
TOPO-CONTOUR-MINOR
100
AcDbVertex
100
AcDb3dPolylineVertex
 10
277.72225489381344
 20
123.19997084984192
 30
1069.0
 70
32
  0
VERTEX
  5
244
330
17
100
AcDbEntity
  8
TOPO-CONTOUR-MINOR
100
AcDbVertex
100
AcDb3dPolylineVertex
 10
275.7070258409958
 20
114.80353899799618
 30
1069.0
 70
32
  0
VERTEX
  5
245
330
17
100
AcDbEntity
  8
TOPO-CONTOUR-MINOR
100
AcDbVertex
100
AcDb3dPolylineVertex
 10
274.69941131458654
 20
112.84265442294593
 30
1069.0
 70
32
  0
VERTEX
  5
246
330
17
100
AcDbEntity
  8
TOPO-CONTOUR-MINOR
100
AcDbVertex
100
AcDb3dPolylineVertex
 10
273.69179678817727
 20
112.7671784978013
 30
1069.0
 70
32
  0
VERTEX
  5
247
330
17
100
AcDbEntity
  8
TOPO-CONTOUR-MINOR
100
AcDbVertex
100
AcDb3dPolylineVertex
 10
272.2118084998718
 20
116.16614765580744
 30
1069.0
 70
32
  0
VERTEX
  5
248
330
17
100
AcDbEntity
  8
TOPO-CONTOUR-MINOR
100
AcDbVertex
100
AcDb3dPolylineVertex
 10
270.66895320895037
 20
124.85543966006058
 30
1069.0
 70
32
  0
VERTEX
  5
249
330
17
100
AcDbEntity
  8
TOPO-CONTOUR-MINOR
100
AcDbVertex
100
AcDb3dPolylineVertex
 10
269.6613386825411
 20
125.60530135640037
 30
1069.0
 70
32
  0
VERTEX
  5
24A
330
17
100
AcDbEntity
  8
TOPO-CONTOUR-MINOR
100
AcDbVertex
100
AcDb3dPolylineVertex
 10
269.16280673870267
 20
123.21944934036583
 30
1069.0
 70
32
  0
VERTEX
  5
24B
330
17
100
AcDbEntity
  8
TOPO-CONTOUR-MINOR
100
AcDbVertex
100
AcDb3dPolylineVertex
 10
269.17760211352635
 20
115.15853312890977
 30
1069.0
 70
32
  0
VERTEX
  5
24C
330
17
100
AcDbEntity
  8
TOPO-CONTOUR-MINOR
100
AcDbVertex
100
AcDb3dPolylineVertex
 10
268.5245545172125
 20
108.10523144435138
 30
1069.0
 70
32
  0
VERTEX
  5
24D
330
17
100
AcDbEntity
  8
TOPO-CONTOUR-MINOR
100
AcDbVertex
100
AcDb3dPolylineVertex
 10
267.2152128829732
 20
100.04431523289531
 30
1069.0
 70
32
  0
VERTEX
  5
24E
330
17
100
AcDbEntity
  8
TOPO-CONTOUR-MINOR
100
AcDbVertex
100
AcDb3dPolylineVertex
 10
267.9805427822569
 20
92.99101354833692
 30
1069.0
 70
32
  0
VERTEX
  5
24F
330
17
100
AcDbEntity
  8
TOPO-CONTOUR-MINOR
100
AcDbVertex
100
AcDb3dPolylineVertex
 10
267.5494759340053
 20
83.92248281091452
 30
1069.0
 70
32
  0
VERTEX
  5
250
330
17
100
AcDbEntity
  8
TOPO-CONTOUR-MINOR
100
AcDbVertex
100
AcDb3dPolylineVertex
 10
267.03581843574324
 20
79.89202470518649
 30
1069.0
 70
32
  0
VERTEX
  5
251
330
17
100
AcDbEntity
  8
TOPO-CONTOUR-MINOR
100
AcDbVertex
100
AcDb3dPolylineVertex
 10
266.76307512400047
 20
66.79303586203605
 30
1069.0
 70
32
  0
VERTEX
  5
252
330
17
100
AcDbEntity
  8
TOPO-CONTOUR-MINOR
100
AcDbVertex
100
AcDb3dPolylineVertex
 10
265.83217106755814
 20
59.739734176546335
 30
1069.0
 70
32
  0
VERTEX
  5
253
330
17
100
AcDbEntity
  8
TOPO-CONTOUR-MINOR
100
AcDbVertex
100
AcDb3dPolylineVertex
 10
265.8858763220899
 20
48.65597438625991
 30
1069.0
 70
32
  0
VERTEX
  5
254
330
17
100
AcDbEntity
  8
TOPO-CONTOUR-MINOR
100
AcDbVertex
100
AcDb3dPolylineVertex
 10
264.24426992403306
 20
41.60267270170152
 30
1069.0
 70
32
  0
VERTEX
  5
255
330
17
100
AcDbEntity
  8
TOPO-CONTOUR-MINOR
100
AcDbVertex
100
AcDb3dPolylineVertex
 10
264.808799709224
 20
31.526527437381446
 30
1069.0
 70
32
  0
VERTEX
  5
256
330
17
100
AcDbEntity
  8
TOPO-CONTOUR-MINOR
100
AcDbVertex
100
AcDb3dPolylineVertex
 10
264.0841396643211
 20
28.503683857619762
 30
1069.0
 70
32
  0
VERTEX
  5
257
330
17
100
AcDbEntity
  8
TOPO-CONTOUR-MINOR
100
AcDbVertex
100
AcDb3dPolylineVertex
 10
262.608036997678
 20
26.719558723257144
 30
1069.0
 70
32
  0
VERTEX
  5
258
330
17
100
AcDbEntity
  8
TOPO-CONTOUR-MINOR
100
AcDbVertex
100
AcDb3dPolylineVertex
 10
260.5928079448595
 20
26.369892181412414
 30
1069.0
 70
32
  0
VERTEX
  5
259
330
17
100
AcDbEntity
  8
TOPO-CONTOUR-MINOR
100
AcDbVertex
100
AcDb3dPolylineVertex
 10
257.5699643656326
 20
27.648575102486056
 30
1069.0
 70
32
  0
VERTEX
  5
25A
330
17
100
AcDbEntity
  8
TOPO-CONTOUR-MINOR
100
AcDbVertex
100
AcDb3dPolylineVertex
 10
255.55473531281496
 20
29.043639507624977
 30
1069.0
 70
32
  0
VERTEX
  5
25B
330
17
100
AcDbEntity
  8
TOPO-CONTOUR-MINOR
100
AcDbVertex
100
AcDb3dPolylineVertex
 10
254.00510824799784
 20
31.526527437381446
 30
1069.0
 70
32
  0
VERTEX
  5
25C
330
17
100
AcDbEntity
  8
TOPO-CONTOUR-MINOR
100
AcDbVertex
100
AcDb3dPolylineVertex
 10
252.47222316111015
 20
35.55698554310948
 30
1069.0
 70
32
  0
VERTEX
  5
25D
330
17
100
AcDbEntity
  8
TOPO-CONTOUR-MINOR
100
AcDbVertex
100
AcDb3dPolylineVertex
 10
252.858460114843
 20
40.59505817480385
 30
1069.0
 70
32
  0
VERTEX
  5
25E
330
17
100
AcDbEntity
  8
TOPO-CONTOUR-MINOR
100
AcDbVertex
100
AcDb3dPolylineVertex
 10
252.40376234563448
 20
41.60267270170152
 30
1069.0
 70
32
  0
VERTEX
  5
25F
330
17
100
AcDbEntity
  8
TOPO-CONTOUR-MINOR
100
AcDbVertex
100
AcDb3dPolylineVertex
 10
251.52427720717878
 20
42.37934893048168
 30
1069.0
 70
32
  0
VERTEX
  5
260
330
17
100
AcDbEntity
  8
TOPO-CONTOUR-MINOR
100
AcDbVertex
100
AcDb3dPolylineVertex
 10
249.50904815436024
 20
43.304798338331494
 30
1069.0
 70
32
  0
VERTEX
  5
261
330
17
100
AcDbEntity
  8
TOPO-CONTOUR-MINOR
100
AcDbVertex
100
AcDb3dPolylineVertex
 10
247.4938191015426
 20
43.26121842820045
 30
1069.0
 70
32
  0
VERTEX
  5
262
330
17
100
AcDbEntity
  8
TOPO-CONTOUR-MINOR
100
AcDbVertex
100
AcDb3dPolylineVertex
 10
246.0813446220467
 20
42.61028722766787
 30
1069.0
 70
32
  0
VERTEX
  5
263
330
17
100
AcDbEntity
  8
TOPO-CONTOUR-MINOR
100
AcDbVertex
100
AcDb3dPolylineVertex
 10
242.40016126022056
 20
38.57982912193984
 30
1069.0
 70
32
  0
VERTEX
  5
264
330
17
100
AcDbEntity
  8
TOPO-CONTOUR-MINOR
100
AcDbVertex
100
AcDb3dPolylineVertex
 10
238.425288363861
 20
35.81393532809114
 30
1069.0
 70
32
  0
VERTEX
  5
265
330
17
100
AcDbEntity
  8
TOPO-CONTOUR-MINOR
100
AcDbVertex
100
AcDb3dPolylineVertex
 10
237.401451771756
 20
34.54937101621181
 30
1069.0
 70
32
  0
VERTEX
  5
266
330
17
100
AcDbEntity
  8
TOPO-CONTOUR-MINOR
100
AcDbVertex
100
AcDb3dPolylineVertex
 10
235.4024447846341
 20
30.430637977071854
 30
1069.0
 70
32
  0
VERTEX
  5
267
330
17
100
AcDbEntity
  8
TOPO-CONTOUR-MINOR
100
AcDbVertex
100
AcDb3dPolylineVertex
 10
234.39483025822483
 20
29.223238202531192
 30
1069.0
 70
32
  0
VERTEX
  5
268
330
17
100
AcDbEntity
  8
TOPO-CONTOUR-MINOR
100
AcDbVertex
100
AcDb3dPolylineVertex
 10
233.38721573181556
 20
29.571321622027114
 30
1069.0
 70
32
  0
VERTEX
  5
269
330
17
100
AcDbEntity
  8
TOPO-CONTOUR-MINOR
100
AcDbVertex
100
AcDb3dPolylineVertex
 10
232.95464478334833
 20
30.518912910483778
 30
1069.0
 70
32
  0
VERTEX
  5
26A
330
17
100
AcDbEntity
  8
TOPO-CONTOUR-MINOR
100
AcDbVertex
100
AcDb3dPolylineVertex
 10
231.37198667899793
 20
37.69713855354407
 30
1069.0
 70
32
  0
VERTEX
  5
26B
330
17
100
AcDbEntity
  8
TOPO-CONTOUR-MINOR
100
AcDbVertex
100
AcDb3dPolylineVertex
 10
230.36437215258866
 20
39.43375751004028
 30
1069.0
 70
32
  0
VERTEX
  5
26C
330
17
100
AcDbEntity
  8
TOPO-CONTOUR-MINOR
100
AcDbVertex
100
AcDb3dPolylineVertex
 10
229.3567576261794
 20
37.76166702211171
 30
1069.0
 70
32
  0
VERTEX
  5
26D
330
17
100
AcDbEntity
  8
TOPO-CONTOUR-MINOR
100
AcDbVertex
100
AcDb3dPolylineVertex
 10
228.25362866558436
 20
26.48845480568707
 30
1069.0
 70
32
  0
VERTEX
  5
26E
330
17
100
AcDbEntity
  8
TOPO-CONTOUR-MINOR
100
AcDbVertex
100
AcDb3dPolylineVertex
 10
228.1086844459108
 20
14.39708048850298
 30
1069.0
 70
32
  0
VERTEX
  5
26F
330
17
100
AcDbEntity
  8
TOPO-CONTOUR-MINOR
100
AcDbVertex
100
AcDb3dPolylineVertex
 10
226.62775953935983
 20
5.328549751080573
 30
1069.0
 70
32
  0
VERTEX
  5
270
330
17
100
AcDbEntity
  8
TOPO-CONTOUR-MINOR
100
AcDbVertex
100
AcDb3dPolylineVertex
 10
225.16259786841601
 20
0.29047711845487356
 30
1069.0
 70
32
  0
VERTEX
  5
271
330
17
100
AcDbEntity
  8
TOPO-CONTOUR-MINOR
100
AcDbVertex
100
AcDb3dPolylineVertex
 10
224.9430936052296
 20
-1.7247519344091415
 30
1069.0
 70
32
  0
VERTEX
  5
272
330
17
100
AcDbEntity
  8
TOPO-CONTOUR-MINOR
100
AcDbVertex
100
AcDb3dPolylineVertex
 10
225.52549727597577
 20
-6.762824566103518
 30
1069.0
 70
32
  0
VERTEX
  5
273
330
17
100
AcDbEntity
  8
TOPO-CONTOUR-MINOR
100
AcDbVertex
100
AcDb3dPolylineVertex
 10
225.17043134306329
 20
-11.800897198729217
 30
1069.0
 70
32
  0
VERTEX
  5
274
330
17
100
AcDbEntity
  8
TOPO-CONTOUR-MINOR
100
AcDbVertex
100
AcDb3dPolylineVertex
 10
226.0536950908579
 20
-15.831355303525925
 30
1069.0
 70
32
  0
VERTEX
  5
275
330
17
100
AcDbEntity
  8
TOPO-CONTOUR-MINOR
100
AcDbVertex
100
AcDb3dPolylineVertex
 10
226.79508034159164
 20
-27.922729620710015
 30
1069.0
 70
32
  0
VERTEX
  5
276
330
17
100
AcDbEntity
  8
TOPO-CONTOUR-MINOR
100
AcDbVertex
100
AcDb3dPolylineVertex
 10
226.62673460573524
 20
-31.953187726438046
 30
1069.0
 70
32
  0
VERTEX
  5
277
330
17
100
AcDbEntity
  8
TOPO-CONTOUR-MINOR
100
AcDbVertex
100
AcDb3dPolylineVertex
 10
225.66797596074002
 20
-40.014103937894106
 30
1069.0
 70
32
  0
VERTEX
  5
278
330
17
100
AcDbEntity
  8
TOPO-CONTOUR-MINOR
100
AcDbVertex
100
AcDb3dPolylineVertex
 10
225.76791268167682
 20
-47.0674056224525
 30
1069.0
 70
32
  0
VERTEX
  5
279
330
17
100
AcDbEntity
  8
TOPO-CONTOUR-MINOR
100
AcDbVertex
100
AcDb3dPolylineVertex
 10
225.32629952054322
 20
-49.16235290349975
 30
1069.0
 70
32
  0
VERTEX
  5
27A
330
17
100
AcDbEntity
  8
TOPO-CONTOUR-MINOR
100
AcDbVertex
100
AcDb3dPolylineVertex
 10
223.03858718505538
 20
-53.11309278104454
 30
1069.0
 70
32
  0
VERTEX
  5
27B
330
17
100
AcDbEntity
  8
TOPO-CONTOUR-MINOR
100
AcDbVertex
100
AcDb3dPolylineVertex
 10
222.3907037043584
 20
-55.12832183390856
 30
1069.0
 70
32
  0
VERTEX
  5
27C
330
17
100
AcDbEntity
  8
TOPO-CONTOUR-MINOR
100
AcDbVertex
100
AcDb3dPolylineVertex
 10
223.06335745271062
 20
-57.14355088677257
 30
1069.0
 70
32
  0
VERTEX
  5
27D
330
17
100
AcDbEntity
  8
TOPO-CONTOUR-MINOR
100
AcDbVertex
100
AcDb3dPolylineVertex
 10
225.38541143552538
 20
-61.1740089925006
 30
1069.0
 70
32
  0
VERTEX
  5
27E
330
17
100
AcDbEntity
  8
TOPO-CONTOUR-MINOR
100
AcDbVertex
100
AcDb3dPolylineVertex
 10
225.58093458535495
 20
-64.19685257133096
 30
1069.0
 70
32
  0
VERTEX
  5
27F
330
17
100
AcDbEntity
  8
TOPO-CONTOUR-MINOR
100
AcDbVertex
100
AcDb3dPolylineVertex
 10
224.69607383998704
 20
-67.21969615109265
 30
1069.0
 70
32
  0
VERTEX
  5
280
330
17
100
AcDbEntity
  8
TOPO-CONTOUR-MINOR
100
AcDbVertex
100
AcDb3dPolylineVertex
 10
223.31107046772559
 20
-69.31681053002316
 30
1069.0
 70
32
  0
VERTEX
  5
281
330
17
100
AcDbEntity
  8
TOPO-CONTOUR-MINOR
100
AcDbVertex
100
AcDb3dPolylineVertex
 10
221.29584141490704
 20
-70.62973468380406
 30
1069.0
 70
32
  0
VERTEX
  5
282
330
17
100
AcDbEntity
  8
TOPO-CONTOUR-MINOR
100
AcDbVertex
100
AcDb3dPolylineVertex
 10
219.2806123620894
 20
-70.91335013733865
 30
1069.0
 70
32
  0
VERTEX
  5
283
330
17
100
AcDbEntity
  8
TOPO-CONTOUR-MINOR
100
AcDbVertex
100
AcDb3dPolylineVertex
 10
215.25015425645321
 20
-70.09436920056052
 30
1069.0
 70
32
  0
VERTEX
  5
284
330
17
100
AcDbEntity
  8
TOPO-CONTOUR-MINOR
100
AcDbVertex
100
AcDb3dPolylineVertex
 10
213.2349252036347
 20
-70.09497985805105
 30
1069.0
 70
32
  0
VERTEX
  5
285
330
17
100
AcDbEntity
  8
TOPO-CONTOUR-MINOR
100
AcDbVertex
100
AcDb3dPolylineVertex
 10
211.21969615081707
 20
-70.7455523040571
 30
1069.0
 70
32
  0
VERTEX
  5
286
330
17
100
AcDbEntity
  8
TOPO-CONTOUR-MINOR
100
AcDbVertex
100
AcDb3dPolylineVertex
 10
206.00900561407056
 20
-73.2653833096847
 30
1069.0
 70
32
  0
VERTEX
  5
287
330
17
100
AcDbEntity
  8
TOPO-CONTOUR-MINOR
100
AcDbVertex
100
AcDb3dPolylineVertex
 10
203.15877993954473
 20
-75.27998941042185
 30
1069.0
 70
32
  0
VERTEX
  5
288
330
17
100
AcDbEntity
  8
TOPO-CONTOUR-MINOR
100
AcDbVertex
100
AcDb3dPolylineVertex
 10
202.15116541313546
 20
-75.72105955390094
 30
1069.0
 70
32
  0
VERTEX
  5
289
330
17
100
AcDbEntity
  8
TOPO-CONTOUR-MINOR
100
AcDbVertex
100
AcDb3dPolylineVertex
 10
201.1435508867262
 20
-75.64592966532369
 30
1069.0
 70
32
  0
VERTEX
  5
28A
330
17
100
AcDbEntity
  8
TOPO-CONTOUR-MINOR
100
AcDbVertex
100
AcDb3dPolylineVertex
 10
198.1207073074993
 20
-73.83087147879694
 30
1069.0
 70
32
  0
VERTEX
  5
28B
330
17
100
AcDbEntity
  8
TOPO-CONTOUR-MINOR
100
AcDbVertex
100
AcDb3dPolylineVertex
 10
193.63752306594083
 20
-69.23492520395666
 30
1069.0
 70
32
  0
VERTEX
  5
28C
330
17
100
AcDbEntity
  8
TOPO-CONTOUR-MINOR
100
AcDbVertex
100
AcDb3dPolylineVertex
 10
193.18375582541324
 20
-67.21969615109265
 30
1069.0
 70
32
  0
VERTEX
  5
28D
330
17
100
AcDbEntity
  8
TOPO-CONTOUR-MINOR
100
AcDbVertex
100
AcDb3dPolylineVertex
 10
192.87681418061777
 20
-61.1740089925006
 30
1069.0
 70
32
  0
VERTEX
  5
28E
330
17
100
AcDbEntity
  8
TOPO-CONTOUR-MINOR
100
AcDbVertex
100
AcDb3dPolylineVertex
 10
192.07502014904458
 20
-56.84167729110905
 30
1069.0
 70
32
  0
VERTEX
  5
28F
330
17
100
AcDbEntity
  8
TOPO-CONTOUR-MINOR
100
AcDbVertex
100
AcDb3dPolylineVertex
 10
191.0674056226353
 20
-53.84193390398499
 30
1069.0
 70
32
  0
VERTEX
  5
290
330
17
100
AcDbEntity
  8
TOPO-CONTOUR-MINOR
100
AcDbVertex
100
AcDb3dPolylineVertex
 10
190.05979109622695
 20
-53.30267808861214
 30
1069.0
 70
32
  0
VERTEX
  5
291
330
17
100
AcDbEntity
  8
TOPO-CONTOUR-MINOR
100
AcDbVertex
100
AcDb3dPolylineVertex
 10
187.03694751699913
 20
-57.20126141666276
 30
1069.0
 70
32
  0
VERTEX
  5
292
330
17
100
AcDbEntity
  8
TOPO-CONTOUR-MINOR
100
AcDbVertex
100
AcDb3dPolylineVertex
 10
186.0293329905908
 20
-56.975763774272394
 30
1069.0
 70
32
  0
VERTEX
  5
293
330
17
100
AcDbEntity
  8
TOPO-CONTOUR-MINOR
100
AcDbVertex
100
AcDb3dPolylineVertex
 10
184.01410393777223
 20
-53.80433349706074
 30
1069.0
 70
32
  0
VERTEX
  5
294
330
17
100
AcDbEntity
  8
TOPO-CONTOUR-MINOR
100
AcDbVertex
100
AcDb3dPolylineVertex
 10
183.00648941136296
 20
-53.39268734490321
 30
1069.0
 70
32
  0
VERTEX
  5
295
330
17
100
AcDbEntity
  8
TOPO-CONTOUR-MINOR
100
AcDbVertex
100
AcDb3dPolylineVertex
 10
181.9988748849546
 20
-56.151047482630574
 30
1069.0
 70
32
  0
VERTEX
  5
296
330
17
100
AcDbEntity
  8
TOPO-CONTOUR-MINOR
100
AcDbVertex
100
AcDb3dPolylineVertex
 10
181.17751620200283
 20
-63.18923804536462
 30
1069.0
 70
32
  0
VERTEX
  5
297
330
17
100
AcDbEntity
  8
TOPO-CONTOUR-MINOR
100
AcDbVertex
100
AcDb3dPolylineVertex
 10
179.1638955115543
 20
-96.44051741622388
 30
1069.0
 70
32
  0
VERTEX
  5
298
330
17
100
AcDbEntity
  8
TOPO-CONTOUR-MINOR
100
AcDbVertex
100
AcDb3dPolylineVertex
 10
178.7564535615807
 20
-117.6004224708304
 30
1069.0
 70
32
  0
VERTEX
  5
299
330
17
100
AcDbEntity
  8
TOPO-CONTOUR-MINOR
100
AcDbVertex
100
AcDb3dPolylineVertex
 10
178.8474364506789
 20
-134.72986942064017
 30
1069.0
 70
32
  0
VERTEX
  5
29A
330
17
100
AcDbEntity
  8
TOPO-CONTOUR-MINOR
100
AcDbVertex
100
AcDb3dPolylineVertex
 10
178.46506235020013
 20
-145.8136292109266
 30
1069.0
 70
32
  0
VERTEX
  5
29B
330
17
100
AcDbEntity
  8
TOPO-CONTOUR-MINOR
100
AcDbVertex
100
AcDb3dPolylineVertex
 10
178.53796942369064
 20
-163.9506906857714
 30
1069.0
 70
32
  0
VERTEX
  5
29C
330
17
100
AcDbEntity
  8
TOPO-CONTOUR-MINOR
100
AcDbVertex
100
AcDb3dPolylineVertex
 10
177.68867949942117
 20
-176.0420650029555
 30
1069.0
 70
32
  0
VERTEX
  5
29D
330
17
100
AcDbEntity
  8
TOPO-CONTOUR-MINOR
100
AcDbVertex
100
AcDb3dPolylineVertex
 10
177.55586927064996
 20
-184.10298121441156
 30
1069.0
 70
32
  0
VERTEX
  5
29E
330
17
100
AcDbEntity
  8
TOPO-CONTOUR-MINOR
100
AcDbVertex
100
AcDb3dPolylineVertex
 10
177.3876490142658
 20
-185.0
 30
1069.0
 70
32
  0
SEQEND
  5
1F1
330
1F0
100
AcDbEntity
  8
TOPO-CONTOUR-MINOR
  0
POLYLINE
  5
29F
330
17
100
AcDbEntity
  8
TOPO-CONTOUR-MINOR
100
AcDb3dPolyline
 66
1
 10
0.0
 20
0.0
 30
0.0
 70
8
  0
VERTEX
  5
2A1
330
17
100
AcDbEntity
  8
TOPO-CONTOUR-MINOR
100
AcDbVertex
100
AcDb3dPolylineVertex
 10
329.0
 20
94.00287976620774
 30
1069.0
 70
32
  0
VERTEX
  5
2A2
330
17
100
AcDbEntity
  8
TOPO-CONTOUR-MINOR
100
AcDbVertex
100
AcDb3dPolylineVertex
 10
327.59353591394313
 20
95.00624260120094
 30
1069.0
 70
32
  0
VERTEX
  5
2A3
330
17
100
AcDbEntity
  8
TOPO-CONTOUR-MINOR
100
AcDbVertex
100
AcDb3dPolylineVertex
 10
326.47498126437097
 20
97.02147165406495
 30
1069.0
 70
32
  0
VERTEX
  5
2A4
330
17
100
AcDbEntity
  8
TOPO-CONTOUR-MINOR
100
AcDbVertex
100
AcDb3dPolylineVertex
 10
327.09536668785677
 20
100.41369427013424
 30
1069.0
 70
32
  0
VERTEX
  5
2A5
330
17
100
AcDbEntity
  8
TOPO-CONTOUR-MINOR
100
AcDbVertex
100
AcDb3dPolylineVertex
 10
328.89365640310865
 20
104.07477333862334
 30
1069.0
 70
32
  0
VERTEX
  5
2A6
330
17
100
AcDbEntity
  8
TOPO-CONTOUR-MINOR
100
AcDbVertex
100
AcDb3dPolylineVertex
 10
329.0
 20
104.57526221809464
 30
1069.0
 70
32
  0
SEQEND
  5
2A0
330
29F
100
AcDbEntity
  8
TOPO-CONTOUR-MINOR
  0
POLYLINE
  5
2A7
330
17
100
AcDbEntity
  8
TOPO-CONTOUR-MINOR
100
AcDb3dPolyline
 66
1
 10
0.0
 20
0.0
 30
0.0
 70
8
  0
VERTEX
  5
2A9
330
17
100
AcDbEntity
  8
TOPO-CONTOUR-MINOR
100
AcDbVertex
100
AcDb3dPolylineVertex
 10
329.0
 20
112.42537054586384
 30
1069.0
 70
32
  0
VERTEX
  5
2AA
330
17
100
AcDbEntity
  8
TOPO-CONTOUR-MINOR
100
AcDbVertex
100
AcDb3dPolylineVertex
 10
327.09536668785677
 20
109.98747767124699
 30
1069.0
 70
32
  0
VERTEX
  5
2AB
330
17
100
AcDbEntity
  8
TOPO-CONTOUR-MINOR
100
AcDbVertex
100
AcDb3dPolylineVertex
 10
326.0877521614484
 20
110.09121630972221
 30
1069.0
 70
32
  0
VERTEX
  5
2AC
330
17
100
AcDbEntity
  8
TOPO-CONTOUR-MINOR
100
AcDbVertex
100
AcDb3dPolylineVertex
 10
323.0649085822206
 20
112.25037303976697
 30
1069.0
 70
32
  0
VERTEX
  5
2AD
330
17
100
AcDbEntity
  8
TOPO-CONTOUR-MINOR
100
AcDbVertex
100
AcDb3dPolylineVertex
 10
322.0572940558113
 20
113.69240606796227
 30
1069.0
 70
32
  0
VERTEX
  5
2AE
330
17
100
AcDbEntity
  8
TOPO-CONTOUR-MINOR
100
AcDbVertex
100
AcDb3dPolylineVertex
 10
321.5429494669313
 20
116.16614765580744
 30
1069.0
 70
32
  0
VERTEX
  5
2AF
330
17
100
AcDbEntity
  8
TOPO-CONTOUR-MINOR
100
AcDbVertex
100
AcDb3dPolylineVertex
 10
321.37172907516646
 20
119.1889912346378
 30
1069.0
 70
32
  0
VERTEX
  5
2B0
330
17
100
AcDbEntity
  8
TOPO-CONTOUR-MINOR
100
AcDbVertex
100
AcDb3dPolylineVertex
 10
321.87923892941416
 20
124.2270638672635
 30
1069.0
 70
32
  0
VERTEX
  5
2B1
330
17
100
AcDbEntity
  8
TOPO-CONTOUR-MINOR
100
AcDbVertex
100
AcDb3dPolylineVertex
 10
322.5160459552031
 20
126.24229292012753
 30
1069.0
 70
32
  0
VERTEX
  5
2B2
330
17
100
AcDbEntity
  8
TOPO-CONTOUR-MINOR
100
AcDbVertex
100
AcDb3dPolylineVertex
 10
324.07252310862987
 20
127.94354397619786
 30
1069.0
 70
32
  0
VERTEX
  5
2B3
330
17
100
AcDbEntity
  8
TOPO-CONTOUR-MINOR
100
AcDbVertex
100
AcDb3dPolylineVertex
 10
327.11091440698084
 20
129.26513649895787
 30
1069.0
 70
32
  0
VERTEX
  5
2B4
330
17
100
AcDbEntity
  8
TOPO-CONTOUR-MINOR
100
AcDbVertex
100
AcDb3dPolylineVertex
 10
328.87576989605236
 20
131.2803655518219
 30
1069.0
 70
32
  0
VERTEX
  5
2B5
330
17
100
AcDbEntity
  8
TOPO-CONTOUR-MINOR
100
AcDbVertex
100
AcDb3dPolylineVertex
 10
329.0
 20
131.66651244958908
 30
1069.0
 70
32
  0
SEQEND
  5
2A8
330
2A7
100
AcDbEntity
  8
TOPO-CONTOUR-MINOR
  0
POLYLINE
  5
2B6
330
17
100
AcDbEntity
  8
TOPO-CONTOUR-MINOR
100
AcDb3dPolyline
 66
1
 10
0.0
 20
0.0
 30
0.0
 70
8
  0
VERTEX
  5
2B8
330
17
100
AcDbEntity
  8
TOPO-CONTOUR-MINOR
100
AcDbVertex
100
AcDb3dPolylineVertex
 10
287.16079058116685
 20
25.4808402787894
 30
1069.0
 70
32
  0
VERTEX
  5
2B9
330
17
100
AcDbEntity
  8
TOPO-CONTOUR-MINOR
100
AcDbVertex
100
AcDb3dPolylineVertex
 10
288.8060146843136
 20
26.191394964880494
 30
1069.0
 70
32
  0
VERTEX
  5
2BA
330
17
100
AcDbEntity
  8
TOPO-CONTOUR-MINOR
100
AcDbVertex
100
AcDb3dPolylineVertex
 10
289.81362921072196
 20
26.00090286285542
 30
1069.0
 70
32
  0
VERTEX
  5
2BB
330
17
100
AcDbEntity
  8
TOPO-CONTOUR-MINOR
100
AcDbVertex
100
AcDb3dPolylineVertex
 10
291.75104930870526
 20
24.47322575282306
 30
1069.0
 70
32
  0
VERTEX
  5
2BC
330
17
100
AcDbEntity
  8
TOPO-CONTOUR-MINOR
100
AcDbVertex
100
AcDb3dPolylineVertex
 10
292.8040895191217
 20
22.45799669995904
 30
1069.0
 70
32
  0
VERTEX
  5
2BD
330
17
100
AcDbEntity
  8
TOPO-CONTOUR-MINOR
100
AcDbVertex
100
AcDb3dPolylineVertex
 10
292.75024361923715
 20
21.450382173061374
 30
1069.0
 70
32
  0
VERTEX
  5
2BE
330
17
100
AcDbEntity
  8
TOPO-CONTOUR-MINOR
100
AcDbVertex
100
AcDb3dPolylineVertex
 10
290.96358832843293
 20
17.41992406733334
 30
1069.0
 70
32
  0
VERTEX
  5
2BF
330
17
100
AcDbEntity
  8
TOPO-CONTOUR-MINOR
100
AcDbVertex
100
AcDb3dPolylineVertex
 10
289.81362921072196
 20
16.574284033637106
 30
1069.0
 70
32
  0
VERTEX
  5
2C0
330
17
100
AcDbEntity
  8
TOPO-CONTOUR-MINOR
100
AcDbVertex
100
AcDb3dPolylineVertex
 10
288.8060146843136
 20
16.972247090655067
 30
1069.0
 70
32
  0
VERTEX
  5
2C1
330
17
100
AcDbEntity
  8
TOPO-CONTOUR-MINOR
100
AcDbVertex
100
AcDb3dPolylineVertex
 10
286.3556010550378
 20
22.45799669995904
 30
1069.0
 70
32
  0
VERTEX
  5
2C2
330
17
100
AcDbEntity
  8
TOPO-CONTOUR-MINOR
100
AcDbVertex
100
AcDb3dPolylineVertex
 10
286.41762773392315
 20
24.473225752823055
 30
1069.0
 70
32
  0
VERTEX
  5
2C3
330
17
100
AcDbEntity
  8
TOPO-CONTOUR-MINOR
100
AcDbVertex
100
AcDb3dPolylineVertex
 10
287.16079058116685
 20
25.4808402787894
 30
1069.0
 70
32
  0
SEQEND
  5
2B7
330
2B6
100
AcDbEntity
  8
TOPO-CONTOUR-MINOR
  0
POLYLINE
  5
2C4
330
17
100
AcDbEntity
  8
TOPO-CONTOUR-MINOR
100
AcDb3dPolyline
 66
1
 10
0.0
 20
0.0
 30
0.0
 70
8
  0
VERTEX
  5
2C6
330
17
100
AcDbEntity
  8
TOPO-CONTOUR-MINOR
100
AcDbVertex
100
AcDb3dPolylineVertex
 10
76.19934961200397
 20
-121.54824962273199
 30
1069.0
 70
32
  0
VERTEX
  5
2C7
330
17
100
AcDbEntity
  8
TOPO-CONTOUR-MINOR
100
AcDbVertex
100
AcDb3dPolylineVertex
 10
74.90967689317561
 20
-125.66133868228646
 30
1069.0
 70
32
  0
VERTEX
  5
2C8
330
17
100
AcDbEntity
  8
TOPO-CONTOUR-MINOR
100
AcDbVertex
100
AcDb3dPolylineVertex
 10
71.47908245895333
 20
-128.68418226204813
 30
1069.0
 70
32
  0
VERTEX
  5
2C9
330
17
100
AcDbEntity
  8
TOPO-CONTOUR-MINOR
100
AcDbVertex
100
AcDb3dPolylineVertex
 10
70.25745479647784
 20
-130.69941131491214
 30
1069.0
 70
32
  0
VERTEX
  5
2CA
330
17
100
AcDbEntity
  8
TOPO-CONTOUR-MINOR
100
AcDbVertex
100
AcDb3dPolylineVertex
 10
70.23510792257451
 20
-135.73748394660652
 30
1069.0
 70
32
  0
VERTEX
  5
2CB
330
17
100
AcDbEntity
  8
TOPO-CONTOUR-MINOR
100
AcDbVertex
100
AcDb3dPolylineVertex
 10
70.81292433069873
 20
-138.76032752543688
 30
1069.0
 70
32
  0
VERTEX
  5
2CC
330
17
100
AcDbEntity
  8
TOPO-CONTOUR-MINOR
100
AcDbVertex
100
AcDb3dPolylineVertex
 10
70.15366245355017
 20
-139.64623217540816
 30
1069.0
 70
32
  0
VERTEX
  5
2CD
330
17
100
AcDbEntity
  8
TOPO-CONTOUR-MINOR
100
AcDbVertex
100
AcDb3dPolylineVertex
 10
68.13843340073163
 20
-140.46934849392917
 30
1069.0
 70
32
  0
VERTEX
  5
2CE
330
17
100
AcDbEntity
  8
TOPO-CONTOUR-MINOR
100
AcDbVertex
100
AcDb3dPolylineVertex
 10
67.13081887432327
 20
-141.49843213167853
 30
1069.0
 70
32
  0
VERTEX
  5
2CF
330
17
100
AcDbEntity
  8
TOPO-CONTOUR-MINOR
100
AcDbVertex
100
AcDb3dPolylineVertex
 10
66.65445380774572
 20
-142.7907856311649
 30
1069.0
 70
32
  0
VERTEX
  5
2D0
330
17
100
AcDbEntity
  8
TOPO-CONTOUR-MINOR
100
AcDbVertex
100
AcDb3dPolylineVertex
 10
66.94827201164459
 20
-143.79840015806258
 30
1069.0
 70
32
  0
VERTEX
  5
2D1
330
17
100
AcDbEntity
  8
TOPO-CONTOUR-MINOR
100
AcDbVertex
100
AcDb3dPolylineVertex
 10
68.16549011855017
 20
-144.80601468402892
 30
1069.0
 70
32
  0
VERTEX
  5
2D2
330
17
100
AcDbEntity
  8
TOPO-CONTOUR-MINOR
100
AcDbVertex
100
AcDb3dPolylineVertex
 10
70.15366245355017
 20
-145.3341109306477
 30
1069.0
 70
32
  0
VERTEX
  5
2D3
330
17
100
AcDbEntity
  8
TOPO-CONTOUR-MINOR
100
AcDbVertex
100
AcDb3dPolylineVertex
 10
72.1688915063678
 20
-145.17609485333762
 30
1069.0
 70
32
  0
VERTEX
  5
2D4
330
17
100
AcDbEntity
  8
TOPO-CONTOUR-MINOR
100
AcDbVertex
100
AcDb3dPolylineVertex
 10
77.20696413841324
 20
-143.29730304581454
 30
1069.0
 70
32
  0
VERTEX
  5
2D5
330
17
100
AcDbEntity
  8
TOPO-CONTOUR-MINOR
100
AcDbVertex
100
AcDb3dPolylineVertex
 10
78.21457866482251
 20
-143.34906506570266
 30
1069.0
 70
32
  0
VERTEX
  5
2D6
330
17
100
AcDbEntity
  8
TOPO-CONTOUR-MINOR
100
AcDbVertex
100
AcDb3dPolylineVertex
 10
82.24503677045868
 20
-144.5953308988036
 30
1069.0
 70
32
  0
VERTEX
  5
2D7
330
17
100
AcDbEntity
  8
TOPO-CONTOUR-MINOR
100
AcDbVertex
100
AcDb3dPolylineVertex
 10
87.28310940250412
 20
-144.03169653101253
 30
1069.0
 70
32
  0
VERTEX
  5
2D8
330
17
100
AcDbEntity
  8
TOPO-CONTOUR-MINOR
100
AcDbVertex
100
AcDb3dPolylineVertex
 10
92.32118203454866
 20
-145.30675798129994
 30
1069.0
 70
32
  0
VERTEX
  5
2D9
330
17
100
AcDbEntity
  8
TOPO-CONTOUR-MINOR
100
AcDbVertex
100
AcDb3dPolylineVertex
 10
94.3364110873672
 20
-145.2293730341275
 30
1069.0
 70
32
  0
VERTEX
  5
2DA
330
17
100
AcDbEntity
  8
TOPO-CONTOUR-MINOR
100
AcDbVertex
100
AcDb3dPolylineVertex
 10
96.35164014018574
 20
-144.57602476657337
 30
1069.0
 70
32
  0
VERTEX
  5
2DB
330
17
100
AcDbEntity
  8
TOPO-CONTOUR-MINOR
100
AcDbVertex
100
AcDb3dPolylineVertex
 10
97.3592546665941
 20
-143.31813761857205
 30
1069.0
 70
32
  0
VERTEX
  5
2DC
330
17
100
AcDbEntity
  8
TOPO-CONTOUR-MINOR
100
AcDbVertex
100
AcDb3dPolylineVertex
 10
97.66210950073774
 20
-139.76794205233455
 30
1069.0
 70
32
  0
VERTEX
  5
2DD
330
17
100
AcDbEntity
  8
TOPO-CONTOUR-MINOR
100
AcDbVertex
100
AcDb3dPolylineVertex
 10
97.47252284104292
 20
-137.75271299947053
 30
1069.0
 70
32
  0
VERTEX
  5
2DE
330
17
100
AcDbEntity
  8
TOPO-CONTOUR-MINOR
100
AcDbVertex
100
AcDb3dPolylineVertex
 10
96.35164014018574
 20
-135.94318975105801
 30
1069.0
 70
32
  0
VERTEX
  5
2DF
330
17
100
AcDbEntity
  8
TOPO-CONTOUR-MINOR
100
AcDbVertex
100
AcDb3dPolylineVertex
 10
90.30595298173102
 20
-132.3509765344442
 30
1069.0
 70
32
  0
VERTEX
  5
2E0
330
17
100
AcDbEntity
  8
TOPO-CONTOUR-MINOR
100
AcDbVertex
100
AcDb3dPolylineVertex
 10
84.57312503493483
 20
-129.69179678801447
 30
1069.0
 70
32
  0
VERTEX
  5
2E1
330
17
100
AcDbEntity
  8
TOPO-CONTOUR-MINOR
100
AcDbVertex
100
AcDb3dPolylineVertex
 10
83.25265129686795
 20
-128.6196843792555
 30
1069.0
 70
32
  0
VERTEX
  5
2E2
330
17
100
AcDbEntity
  8
TOPO-CONTOUR-MINOR
100
AcDbVertex
100
AcDb3dPolylineVertex
 10
80.72281815475348
 20
-125.66133868228644
 30
1069.0
 70
32
  0
VERTEX
  5
2E3
330
17
100
AcDbEntity
  8
TOPO-CONTOUR-MINOR
100
AcDbVertex
100
AcDb3dPolylineVertex
 10
79.22219319123178
 20
-122.39869552094805
 30
1069.0
 70
32
  0
VERTEX
  5
2E4
330
17
100
AcDbEntity
  8
TOPO-CONTOUR-MINOR
100
AcDbVertex
100
AcDb3dPolylineVertex
 10
78.21457866482251
 20
-120.94811805030014
 30
1069.0
 70
32
  0
VERTEX
  5
2E5
330
17
100
AcDbEntity
  8
TOPO-CONTOUR-MINOR
100
AcDbVertex
100
AcDb3dPolylineVertex
 10
77.20696413841324
 20
-120.8048876003801
 30
1069.0
 70
32
  0
VERTEX
  5
2E6
330
17
100
AcDbEntity
  8
TOPO-CONTOUR-MINOR
100
AcDbVertex
100
AcDb3dPolylineVertex
 10
76.19934961200397
 20
-121.54824962273199
 30
1069.0
 70
32
  0
SEQEND
  5
2C5
330
2C4
100
AcDbEntity
  8
TOPO-CONTOUR-MINOR
  0
POLYLINE
  5
2E7
330
17
100
AcDbEntity
  8
TOPO-CONTOUR-MINOR
100
AcDb3dPolyline
 66
1
 10
0.0
 20
0.0
 30
0.0
 70
8
  0
VERTEX
  5
2E9
330
17
100
AcDbEntity
  8
TOPO-CONTOUR-MINOR
100
AcDbVertex
100
AcDb3dPolylineVertex
 10
130.1681867567555
 20
-185.0
 30
1069.0
 70
32
  0
VERTEX
  5
2EA
330
17
100
AcDbEntity
  8
TOPO-CONTOUR-MINOR
100
AcDbVertex
100
AcDb3dPolylineVertex
 10
128.5953049852751
 20
-181.4497331646446
 30
1069.0
 70
32
  0
VERTEX
  5
2EB
330
17
100
AcDbEntity
  8
TOPO-CONTOUR-MINOR
100
AcDbVertex
100
AcDb3dPolylineVertex
 10
127.58769045886584
 20
-181.9348119151988
 30
1069.0
 70
32
  0
VERTEX
  5
2EC
330
17
100
AcDbEntity
  8
TOPO-CONTOUR-MINOR
100
AcDbVertex
100
AcDb3dPolylineVertex
 10
126.58007593245657
 20
-184.16854448839027
 30
1069.0
 70
32
  0
VERTEX
  5
2ED
330
17
100
AcDbEntity
  8
TOPO-CONTOUR-MINOR
100
AcDbVertex
100
AcDb3dPolylineVertex
 10
126.3275602954303
 20
-185.0
 30
1069.0
 70
32
  0
SEQEND
  5
2E8
330
2E7
100
AcDbEntity
  8
TOPO-CONTOUR-MINOR
  0
POLYLINE
  5
2EE
330
17
100
AcDbEntity
  8
TOPO-CONTOUR-MINOR
100
AcDb3dPolyline
 66
1
 10
0.0
 20
0.0
 30
0.0
 70
8
  0
VERTEX
  5
2F0
330
17
100
AcDbEntity
  8
TOPO-CONTOUR-MINOR
100
AcDbVertex
100
AcDb3dPolylineVertex
 10
155.13904749761997
 20
-185.0
 30
1069.0
 70
32
  0
VERTEX
  5
2F1
330
17
100
AcDbEntity
  8
TOPO-CONTOUR-MINOR
100
AcDbVertex
100
AcDb3dPolylineVertex
 10
154.79328267190976
 20
-181.64159146430762
 30
1069.0
 70
32
  0
VERTEX
  5
2F2
330
17
100
AcDbEntity
  8
TOPO-CONTOUR-MINOR
100
AcDbVertex
100
AcDb3dPolylineVertex
 10
153.7856681455005
 20
-183.06270540495996
 30
1069.0
 70
32
  0
VERTEX
  5
2F3
330
17
100
AcDbEntity
  8
TOPO-CONTOUR-MINOR
100
AcDbVertex
100
AcDb3dPolylineVertex
 10
153.1830669252649
 20
-185.0
 30
1069.0
 70
32
  0
SEQEND
  5
2EF
330
2EE
100
AcDbEntity
  8
TOPO-CONTOUR-MINOR
  0
POLYLINE
  5
2F4
330
17
100
AcDbEntity
  8
TOPO-CONTOUR-MAJOR
100
AcDb3dPolyline
 66
1
 10
0.0
 20
0.0
 30
0.0
 70
8
  0
VERTEX
  5
2F6
330
17
100
AcDbEntity
  8
TOPO-CONTOUR-MAJOR
100
AcDbVertex
100
AcDb3dPolylineVertex
 10
329.0
 20
299.0531469681681
 30
1070.0
 70
32
  0
VERTEX
  5
2F7
330
17
100
AcDbEntity
  8
TOPO-CONTOUR-MAJOR
100
AcDbVertex
100
AcDb3dPolylineVertex
 10
328.40374760289853
 20
294.5139188300818
 30
1070.0
 70
32
  0
VERTEX
  5
2F8
330
17
100
AcDbEntity
  8
TOPO-CONTOUR-MAJOR
100
AcDbVertex
100
AcDb3dPolylineVertex
 10
326.48350668828414
 20
288.4682316714898
 30
1070.0
 70
32
  0
VERTEX
  5
2F9
330
17
100
AcDbEntity
  8
TOPO-CONTOUR-MAJOR
100
AcDbVertex
100
AcDb3dPolylineVertex
 10
326.9571298177513
 20
280.4073154600337
 30
1070.0
 70
32
  0
VERTEX
  5
2FA
330
17
100
AcDbEntity
  8
TOPO-CONTOUR-MAJOR
100
AcDbVertex
100
AcDb3dPolylineVertex
 10
325.8964728095139
 20
275.36924282833934
 30
1070.0
 70
32
  0
VERTEX
  5
2FB
330
17
100
AcDbEntity
  8
TOPO-CONTOUR-MAJOR
100
AcDbVertex
100
AcDb3dPolylineVertex
 10
324.2849281847503
 20
271.3387847226113
 30
1070.0
 70
32
  0
VERTEX
  5
2FC
330
17
100
AcDbEntity
  8
TOPO-CONTOUR-MAJOR
100
AcDbVertex
100
AcDb3dPolylineVertex
 10
324.37407644463025
 20
269.3235556697473
 30
1070.0
 70
32
  0
VERTEX
  5
2FD
330
17
100
AcDbEntity
  8
TOPO-CONTOUR-MAJOR
100
AcDbVertex
100
AcDb3dPolylineVertex
 10
325.2928014394814
 20
266.30071209091693
 30
1070.0
 70
32
  0
VERTEX
  5
2FE
330
17
100
AcDbEntity
  8
TOPO-CONTOUR-MAJOR
100
AcDbVertex
100
AcDb3dPolylineVertex
 10
325.33224375378205
 20
264.2854830380529
 30
1070.0
 70
32
  0
VERTEX
  5
2FF
330
17
100
AcDbEntity
  8
TOPO-CONTOUR-MAJOR
100
AcDbVertex
100
AcDb3dPolylineVertex
 10
323.7285429284952
 20
258.23979587946087
 30
1070.0
 70
32
  0
VERTEX
  5
300
330
17
100
AcDbEntity
  8
TOPO-CONTOUR-MAJOR
100
AcDbVertex
100
AcDb3dPolylineVertex
 10
322.5449776098692
 20
256.22456682659686
 30
1070.0
 70
32
  0
VERTEX
  5
301
330
17
100
AcDbEntity
  8
TOPO-CONTOUR-MAJOR
100
AcDbVertex
100
AcDb3dPolylineVertex
 10
319.4186355214132
 20
252.19410872086883
 30
1070.0
 70
32
  0
VERTEX
  5
302
330
17
100
AcDbEntity
  8
TOPO-CONTOUR-MAJOR
100
AcDbVertex
100
AcDb3dPolylineVertex
 10
317.21047466378957
 20
245.14080703631043
 30
1070.0
 70
32
  0
VERTEX
  5
303
330
17
100
AcDbEntity
  8
TOPO-CONTOUR-MAJOR
100
AcDbVertex
100
AcDb3dPolylineVertex
 10
313.2926799319488
 20
239.0951198777184
 30
1070.0
 70
32
  0
VERTEX
  5
304
330
17
100
AcDbEntity
  8
TOPO-CONTOUR-MAJOR
100
AcDbVertex
100
AcDb3dPolylineVertex
 10
309.9659197389037
 20
235.55120328266975
 30
1070.0
 70
32
  0
VERTEX
  5
305
330
17
100
AcDbEntity
  8
TOPO-CONTOUR-MAJOR
100
AcDbVertex
100
AcDb3dPolylineVertex
 10
308.95830521249445
 20
234.92595433088997
 30
1070.0
 70
32
  0
VERTEX
  5
306
330
17
100
AcDbEntity
  8
TOPO-CONTOUR-MAJOR
100
AcDbVertex
100
AcDb3dPolylineVertex
 10
306.9430761596759
 20
234.7149224926565
 30
1070.0
 70
32
  0
VERTEX
  5
307
330
17
100
AcDbEntity
  8
TOPO-CONTOUR-MAJOR
100
AcDbVertex
100
AcDb3dPolylineVertex
 10
304.17389070821804
 20
236.0722762979567
 30
1070.0
 70
32
  0
VERTEX
  5
308
330
17
100
AcDbEntity
  8
TOPO-CONTOUR-MAJOR
100
AcDbVertex
100
AcDb3dPolylineVertex
 10
299.88977447481284
 20
241.0723231357506
 30
1070.0
 70
32
  0
VERTEX
  5
309
330
17
100
AcDbEntity
  8
TOPO-CONTOUR-MAJOR
100
AcDbVertex
100
AcDb3dPolylineVertex
 10
297.8745454219943
 20
242.61978743127213
 30
1070.0
 70
32
  0
VERTEX
  5
30A
330
17
100
AcDbEntity
  8
TOPO-CONTOUR-MAJOR
100
AcDbVertex
100
AcDb3dPolylineVertex
 10
292.83647278994977
 20
243.20617653129074
 30
1070.0
 70
32
  0
VERTEX
  5
30B
330
17
100
AcDbEntity
  8
TOPO-CONTOUR-MAJOR
100
AcDbVertex
100
AcDb3dPolylineVertex
 10
291.8288582635405
 20
242.78903988637316
 30
1070.0
 70
32
  0
VERTEX
  5
30C
330
17
100
AcDbEntity
  8
TOPO-CONTOUR-MAJOR
100
AcDbVertex
100
AcDb3dPolylineVertex
 10
291.31797897827164
 20
242.11796345654875
 30
1070.0
 70
32
  0
VERTEX
  5
30D
330
17
100
AcDbEntity
  8
TOPO-CONTOUR-MAJOR
100
AcDbVertex
100
AcDb3dPolylineVertex
 10
291.5161341583921
 20
241.1103489305824
 30
1070.0
 70
32
  0
VERTEX
  5
30E
330
17
100
AcDbEntity
  8
TOPO-CONTOUR-MAJOR
100
AcDbVertex
100
AcDb3dPolylineVertex
 10
294.8517018427674
 20
238.3574866334272
 30
1070.0
 70
32
  0
VERTEX
  5
30F
330
17
100
AcDbEntity
  8
TOPO-CONTOUR-MAJOR
100
AcDbVertex
100
AcDb3dPolylineVertex
 10
299.88977447481284
 20
231.99741186314003
 30
1070.0
 70
32
  0
VERTEX
  5
310
330
17
100
AcDbEntity
  8
TOPO-CONTOUR-MAJOR
100
AcDbVertex
100
AcDb3dPolylineVertex
 10
301.19490783528494
 20
230.02658914029598
 30
1070.0
 70
32
  0
VERTEX
  5
311
330
17
100
AcDbEntity
  8
TOPO-CONTOUR-MAJOR
100
AcDbVertex
100
AcDb3dPolylineVertex
 10
301.58233623556646
 20
228.01136008743197
 30
1070.0
 70
32
  0
VERTEX
  5
312
330
17
100
AcDbEntity
  8
TOPO-CONTOUR-MAJOR
100
AcDbVertex
100
AcDb3dPolylineVertex
 10
300.8973890012221
 20
226.47309971216782
 30
1070.0
 70
32
  0
VERTEX
  5
313
330
17
100
AcDbEntity
  8
TOPO-CONTOUR-MAJOR
100
AcDbVertex
100
AcDb3dPolylineVertex
 10
299.13685383492094
 20
224.98851650767028
 30
1070.0
 70
32
  0
VERTEX
  5
314
330
17
100
AcDbEntity
  8
TOPO-CONTOUR-MAJOR
100
AcDbVertex
100
AcDb3dPolylineVertex
 10
296.86693089558594
 20
224.24696828094218
 30
1070.0
 70
32
  0
VERTEX
  5
315
330
17
100
AcDbEntity
  8
TOPO-CONTOUR-MAJOR
100
AcDbVertex
100
AcDb3dPolylineVertex
 10
294.8517018427674
 20
224.2381779250431
 30
1070.0
 70
32
  0
VERTEX
  5
316
330
17
100
AcDbEntity
  8
TOPO-CONTOUR-MAJOR
100
AcDbVertex
100
AcDb3dPolylineVertex
 10
291.8288582635405
 20
225.57116580468795
 30
1070.0
 70
32
  0
VERTEX
  5
317
330
17
100
AcDbEntity
  8
TOPO-CONTOUR-MAJOR
100
AcDbVertex
100
AcDb3dPolylineVertex
 10
287.98430205257887
 20
229.0189746133983
 30
1070.0
 70
32
  0
VERTEX
  5
318
330
17
100
AcDbEntity
  8
TOPO-CONTOUR-MAJOR
100
AcDbVertex
100
AcDb3dPolylineVertex
 10
285.7831711050858
 20
230.50674453243016
 30
1070.0
 70
32
  0
VERTEX
  5
319
330
17
100
AcDbEntity
  8
TOPO-CONTOUR-MAJOR
100
AcDbVertex
100
AcDb3dPolylineVertex
 10
283.76794205226815
 20
231.09669907671665
 30
1070.0
 70
32
  0
VERTEX
  5
31A
330
17
100
AcDbEntity
  8
TOPO-CONTOUR-MAJOR
100
AcDbVertex
100
AcDb3dPolylineVertex
 10
282.69644020227923
 20
231.03420366626236
 30
1070.0
 70
32
  0
VERTEX
  5
31B
330
17
100
AcDbEntity
  8
TOPO-CONTOUR-MAJOR
100
AcDbVertex
100
AcDb3dPolylineVertex
 10
281.7527129994496
 20
230.4762067253792
 30
1070.0
 70
32
  0
VERTEX
  5
31C
330
17
100
AcDbEntity
  8
TOPO-CONTOUR-MAJOR
100
AcDbVertex
100
AcDb3dPolylineVertex
 10
281.11063795759657
 20
229.0189746133983
 30
1070.0
 70
32
  0
VERTEX
  5
31D
330
17
100
AcDbEntity
  8
TOPO-CONTOUR-MAJOR
100
AcDbVertex
100
AcDb3dPolylineVertex
 10
281.46512056231575
 20
228.01136008743197
 30
1070.0
 70
32
  0
VERTEX
  5
31E
330
17
100
AcDbEntity
  8
TOPO-CONTOUR-MAJOR
100
AcDbVertex
100
AcDb3dPolylineVertex
 10
283.2517439838071
 20
227.0037455605343
 30
1070.0
 70
32
  0
VERTEX
  5
31F
330
17
100
AcDbEntity
  8
TOPO-CONTOUR-MAJOR
100
AcDbVertex
100
AcDb3dPolylineVertex
 10
288.8060146843136
 20
225.59557302604736
 30
1070.0
 70
32
  0
VERTEX
  5
320
330
17
100
AcDbEntity
  8
TOPO-CONTOUR-MAJOR
100
AcDbVertex
100
AcDb3dPolylineVertex
 10
290.8212437371312
 20
224.2106203773105
 30
1070.0
 70
32
  0
VERTEX
  5
321
330
17
100
AcDbEntity
  8
TOPO-CONTOUR-MAJOR
100
AcDbVertex
100
AcDb3dPolylineVertex
 10
291.49310055460796
 20
222.97328745480627
 30
1070.0
 70
32
  0
VERTEX
  5
322
330
17
100
AcDbEntity
  8
TOPO-CONTOUR-MAJOR
100
AcDbVertex
100
AcDb3dPolylineVertex
 10
291.6375803862537
 20
220.95805840194225
 30
1070.0
 70
32
  0
VERTEX
  5
323
330
17
100
AcDbEntity
  8
TOPO-CONTOUR-MAJOR
100
AcDbVertex
100
AcDb3dPolylineVertex
 10
290.8212437371312
 20
218.3706160412944
 30
1070.0
 70
32
  0
VERTEX
  5
324
330
17
100
AcDbEntity
  8
TOPO-CONTOUR-MAJOR
100
AcDbVertex
100
AcDb3dPolylineVertex
 10
287.7984001579043
 20
214.72956225626996
 30
1070.0
 70
32
  0
VERTEX
  5
325
330
17
100
AcDbEntity
  8
TOPO-CONTOUR-MAJOR
100
AcDbVertex
100
AcDb3dPolylineVertex
 10
285.7831711050858
 20
212.9572427597584
 30
1070.0
 70
32
  0
VERTEX
  5
326
330
17
100
AcDbEntity
  8
TOPO-CONTOUR-MAJOR
100
AcDbVertex
100
AcDb3dPolylineVertex
 10
284.7755565786774
 20
212.4676768474264
 30
1070.0
 70
32
  0
VERTEX
  5
327
330
17
100
AcDbEntity
  8
TOPO-CONTOUR-MAJOR
100
AcDbVertex
100
AcDb3dPolylineVertex
 10
282.7603275258589
 20
212.21359973414258
 30
1070.0
 70
32
  0
VERTEX
  5
328
330
17
100
AcDbEntity
  8
TOPO-CONTOUR-MAJOR
100
AcDbVertex
100
AcDb3dPolylineVertex
 10
280.74509847304125
 20
212.80431372156562
 30
1070.0
 70
32
  0
VERTEX
  5
329
330
17
100
AcDbEntity
  8
TOPO-CONTOUR-MAJOR
100
AcDbVertex
100
AcDb3dPolylineVertex
 10
279.737483946632
 20
213.44347181111425
 30
1070.0
 70
32
  0
VERTEX
  5
32A
330
17
100
AcDbEntity
  8
TOPO-CONTOUR-MAJOR
100
AcDbVertex
100
AcDb3dPolylineVertex
 10
275.7070258409958
 20
217.4854576432821
 30
1070.0
 70
32
  0
VERTEX
  5
32B
330
17
100
AcDbEntity
  8
TOPO-CONTOUR-MAJOR
100
AcDbVertex
100
AcDb3dPolylineVertex
 10
270.66895320895037
 20
220.2841084013471
 30
1070.0
 70
32
  0
VERTEX
  5
32C
330
17
100
AcDbEntity
  8
TOPO-CONTOUR-MAJOR
100
AcDbVertex
100
AcDb3dPolylineVertex
 10
267.7346705007698
 20
222.97328745480627
 30
1070.0
 70
32
  0
VERTEX
  5
32D
330
17
100
AcDbEntity
  8
TOPO-CONTOUR-MAJOR
100
AcDbVertex
100
AcDb3dPolylineVertex
 10
265.63088057690493
 20
225.74082678202356
 30
1070.0
 70
32
  0
VERTEX
  5
32E
330
17
100
AcDbEntity
  8
TOPO-CONTOUR-MAJOR
100
AcDbVertex
100
AcDb3dPolylineVertex
 10
263.849524963006
 20
227.0037455605343
 30
1070.0
 70
32
  0
VERTEX
  5
32F
330
17
100
AcDbEntity
  8
TOPO-CONTOUR-MAJOR
100
AcDbVertex
100
AcDb3dPolylineVertex
 10
261.60042247126876
 20
227.43629422189997
 30
1070.0
 70
32
  0
VERTEX
  5
330
330
17
100
AcDbEntity
  8
TOPO-CONTOUR-MAJOR
100
AcDbVertex
100
AcDb3dPolylineVertex
 10
260.5928079448595
 20
227.06840561445165
 30
1070.0
 70
32
  0
VERTEX
  5
331
330
17
100
AcDbEntity
  8
TOPO-CONTOUR-MAJOR
100
AcDbVertex
100
AcDb3dPolylineVertex
 10
259.2929105546179
 20
225.99613103456795
 30
1070.0
 70
32
  0
VERTEX
  5
332
330
17
100
AcDbEntity
  8
TOPO-CONTOUR-MAJOR
100
AcDbVertex
100
AcDb3dPolylineVertex
 10
257.9578931386416
 20
223.98090198170394
 30
1070.0
 70
32
  0
VERTEX
  5
333
330
17
100
AcDbEntity
  8
TOPO-CONTOUR-MAJOR
100
AcDbVertex
100
AcDb3dPolylineVertex
 10
257.64121777730577
 20
222.97328745480627
 30
1070.0
 70
32
  0
VERTEX
  5
334
330
17
100
AcDbEntity
  8
TOPO-CONTOUR-MAJOR
100
AcDbVertex
100
AcDb3dPolylineVertex
 10
257.1661648160738
 20
217.9352148231119
 30
1070.0
 70
32
  0
VERTEX
  5
335
330
17
100
AcDbEntity
  8
TOPO-CONTOUR-MAJOR
100
AcDbVertex
100
AcDb3dPolylineVertex
 10
256.35633876011104
 20
215.91998577024788
 30
1070.0
 70
32
  0
VERTEX
  5
336
330
17
100
AcDbEntity
  8
TOPO-CONTOUR-MAJOR
100
AcDbVertex
100
AcDb3dPolylineVertex
 10
256.3206459523759
 20
214.9123712433502
 30
1070.0
 70
32
  0
VERTEX
  5
337
330
17
100
AcDbEntity
  8
TOPO-CONTOUR-MAJOR
100
AcDbVertex
100
AcDb3dPolylineVertex
 10
257.29735007122093
 20
212.8971421904862
 30
1070.0
 70
32
  0
VERTEX
  5
338
330
17
100
AcDbEntity
  8
TOPO-CONTOUR-MAJOR
100
AcDbVertex
100
AcDb3dPolylineVertex
 10
257.9517755050725
 20
209.87429861165583
 30
1070.0
 70
32
  0
VERTEX
  5
339
330
17
100
AcDbEntity
  8
TOPO-CONTOUR-MAJOR
100
AcDbVertex
100
AcDb3dPolylineVertex
 10
260.5093076523355
 20
205.8438405059278
 30
1070.0
 70
32
  0
VERTEX
  5
33A
330
17
100
AcDbEntity
  8
TOPO-CONTOUR-MAJOR
100
AcDbVertex
100
AcDb3dPolylineVertex
 10
261.60042247126876
 20
205.3522097847145
 30
1070.0
 70
32
  0
VERTEX
  5
33B
330
17
100
AcDbEntity
  8
TOPO-CONTOUR-MAJOR
100
AcDbVertex
100
AcDb3dPolylineVertex
 10
263.6156515240873
 20
205.6078544648517
 30
1070.0
 70
32
  0
VERTEX
  5
33C
330
17
100
AcDbEntity
  8
TOPO-CONTOUR-MAJOR
100
AcDbVertex
100
AcDb3dPolylineVertex
 10
268.65372415613183
 20
208.3621659571871
 30
1070.0
 70
32
  0
VERTEX
  5
33D
330
17
100
AcDbEntity
  8
TOPO-CONTOUR-MAJOR
100
AcDbVertex
100
AcDb3dPolylineVertex
 10
273.69179678817727
 20
209.46075744346444
 30
1070.0
 70
32
  0
VERTEX
  5
33E
330
17
100
AcDbEntity
  8
TOPO-CONTOUR-MAJOR
100
AcDbVertex
100
AcDb3dPolylineVertex
 10
274.69941131458654
 20
209.38664350876707
 30
1070.0
 70
32
  0
VERTEX
  5
33F
330
17
100
AcDbEntity
  8
TOPO-CONTOUR-MAJOR
100
AcDbVertex
100
AcDb3dPolylineVertex
 10
276.7146403674042
 20
208.50760735480785
 30
1070.0
 70
32
  0
VERTEX
  5
340
330
17
100
AcDbEntity
  8
TOPO-CONTOUR-MAJOR
100
AcDbVertex
100
AcDb3dPolylineVertex
 10
278.7298694202227
 20
206.87161335475378
 30
1070.0
 70
32
  0
VERTEX
  5
341
330
17
100
AcDbEntity
  8
TOPO-CONTOUR-MAJOR
100
AcDbVertex
100
AcDb3dPolylineVertex
 10
279.34317120723273
 20
205.8438405059278
 30
1070.0
 70
32
  0
VERTEX
  5
342
330
17
100
AcDbEntity
  8
TOPO-CONTOUR-MAJOR
100
AcDbVertex
100
AcDb3dPolylineVertex
 10
279.5520383266986
 20
204.83622597996145
 30
1070.0
 70
32
  0
VERTEX
  5
343
330
17
100
AcDbEntity
  8
TOPO-CONTOUR-MAJOR
100
AcDbVertex
100
AcDb3dPolylineVertex
 10
279.26019994408875
 20
203.8286114530638
 30
1070.0
 70
32
  0
VERTEX
  5
344
330
17
100
AcDbEntity
  8
TOPO-CONTOUR-MAJOR
100
AcDbVertex
100
AcDb3dPolylineVertex
 10
272.5987074818179
 20
194.76008071564138
 30
1070.0
 70
32
  0
VERTEX
  5
345
330
17
100
AcDbEntity
  8
TOPO-CONTOUR-MAJOR
100
AcDbVertex
100
AcDb3dPolylineVertex
 10
269.6613386825411
 20
188.8340096777577
 30
1070.0
 70
32
  0
VERTEX
  5
346
330
17
100
AcDbEntity
  8
TOPO-CONTOUR-MAJOR
100
AcDbVertex
100
AcDb3dPolylineVertex
 10
268.65372415613183
 20
187.68929036349562
 30
1070.0
 70
32
  0
VERTEX
  5
347
330
17
100
AcDbEntity
  8
TOPO-CONTOUR-MAJOR
100
AcDbVertex
100
AcDb3dPolylineVertex
 10
267.64610962972347
 20
187.16980059779257
 30
1070.0
 70
32
  0
VERTEX
  5
348
330
17
100
AcDbEntity
  8
TOPO-CONTOUR-MAJOR
100
AcDbVertex
100
AcDb3dPolylineVertex
 10
266.6384951033142
 20
187.07828790502316
 30
1070.0
 70
32
  0
VERTEX
  5
349
330
17
100
AcDbEntity
  8
TOPO-CONTOUR-MAJOR
100
AcDbVertex
100
AcDb3dPolylineVertex
 10
263.6156515240873
 20
188.12144642901745
 30
1070.0
 70
32
  0
VERTEX
  5
34A
330
17
100
AcDbEntity
  8
TOPO-CONTOUR-MAJOR
100
AcDbVertex
100
AcDb3dPolylineVertex
 10
262.608036997678
 20
188.03143852584162
 30
1070.0
 70
32
  0
VERTEX
  5
34B
330
17
100
AcDbEntity
  8
TOPO-CONTOUR-MAJOR
100
AcDbVertex
100
AcDb3dPolylineVertex
 10
257.5699643656326
 20
185.43827923575572
 30
1070.0
 70
32
  0
VERTEX
  5
34C
330
17
100
AcDbEntity
  8
TOPO-CONTOUR-MAJOR
100
AcDbVertex
100
AcDb3dPolylineVertex
 10
254.54712078640569
 20
182.9141327670656
 30
1070.0
 70
32
  0
VERTEX
  5
34D
330
17
100
AcDbEntity
  8
TOPO-CONTOUR-MAJOR
100
AcDbVertex
100
AcDb3dPolylineVertex
 10
252.53189173358714
 20
182.75140903357632
 30
1070.0
 70
32
  0
VERTEX
  5
34E
330
17
100
AcDbEntity
  8
TOPO-CONTOUR-MAJOR
100
AcDbVertex
100
AcDb3dPolylineVertex
 10
249.50904815436024
 20
182.88005705584757
 30
1070.0
 70
32
  0
VERTEX
  5
34F
330
17
100
AcDbEntity
  8
TOPO-CONTOUR-MAJOR
100
AcDbVertex
100
AcDb3dPolylineVertex
 10
246.48620457513334
 20
183.43391455517212
 30
1070.0
 70
32
  0
VERTEX
  5
350
330
17
100
AcDbEntity
  8
TOPO-CONTOUR-MAJOR
100
AcDbVertex
100
AcDb3dPolylineVertex
 10
240.44051741667863
 20
185.7702045244972
 30
1070.0
 70
32
  0
VERTEX
  5
351
330
17
100
AcDbEntity
  8
TOPO-CONTOUR-MAJOR
100
AcDbVertex
100
AcDb3dPolylineVertex
 10
237.41767383745173
 20
186.45411390874096
 30
1070.0
 70
32
  0
VERTEX
  5
352
330
17
100
AcDbEntity
  8
TOPO-CONTOUR-MAJOR
100
AcDbVertex
100
AcDb3dPolylineVertex
 10
236.41005931104246
 20
187.0713978212011
 30
1070.0
 70
32
  0
VERTEX
  5
353
330
17
100
AcDbEntity
  8
TOPO-CONTOUR-MAJOR
100
AcDbVertex
100
AcDb3dPolylineVertex
 10
235.57033746010083
 20
188.7143935570493
 30
1070.0
 70
32
  0
VERTEX
  5
354
330
17
100
AcDbEntity
  8
TOPO-CONTOUR-MAJOR
100
AcDbVertex
100
AcDb3dPolylineVertex
 10
234.7479932790339
 20
196.7753097685054
 30
1070.0
 70
32
  0
VERTEX
  5
355
330
17
100
AcDbEntity
  8
TOPO-CONTOUR-MAJOR
100
AcDbVertex
100
AcDb3dPolylineVertex
 10
233.8636468144592
 20
200.80576787423342
 30
1070.0
 70
32
  0
VERTEX
  5
356
330
17
100
AcDbEntity
  8
TOPO-CONTOUR-MAJOR
100
AcDbVertex
100
AcDb3dPolylineVertex
 10
233.8888157455943
 20
202.82099692709744
 30
1070.0
 70
32
  0
VERTEX
  5
357
330
17
100
AcDbEntity
  8
TOPO-CONTOUR-MAJOR
100
AcDbVertex
100
AcDb3dPolylineVertex
 10
234.8575076428517
 20
204.83622597996145
 30
1070.0
 70
32
  0
VERTEX
  5
358
330
17
100
AcDbEntity
  8
TOPO-CONTOUR-MAJOR
100
AcDbVertex
100
AcDb3dPolylineVertex
 10
242.46803510521795
 20
212.8971421904862
 30
1070.0
 70
32
  0
VERTEX
  5
359
330
17
100
AcDbEntity
  8
TOPO-CONTOUR-MAJOR
100
AcDbVertex
100
AcDb3dPolylineVertex
 10
243.64320429104893
 20
214.9123712433502
 30
1070.0
 70
32
  0
VERTEX
  5
35A
330
17
100
AcDbEntity
  8
TOPO-CONTOUR-MAJOR
100
AcDbVertex
100
AcDb3dPolylineVertex
 10
243.46336099590644
 20
215.1454648529468
 30
1070.0
 70
32
  0
VERTEX
  5
35B
330
17
100
AcDbEntity
  8
TOPO-CONTOUR-MAJOR
100
AcDbVertex
100
AcDb3dPolylineVertex
 10
241.4481319430879
 20
213.95879259227425
 30
1070.0
 70
32
  0
VERTEX
  5
35C
330
17
100
AcDbEntity
  8
TOPO-CONTOUR-MAJOR
100
AcDbVertex
100
AcDb3dPolylineVertex
 10
235.4024447846341
 20
208.21921643297793
 30
1070.0
 70
32
  0
VERTEX
  5
35D
330
17
100
AcDbEntity
  8
TOPO-CONTOUR-MAJOR
100
AcDbVertex
100
AcDb3dPolylineVertex
 10
231.37198667899793
 20
203.44886740348403
 30
1070.0
 70
32
  0
VERTEX
  5
35E
330
17
100
AcDbEntity
  8
TOPO-CONTOUR-MAJOR
100
AcDbVertex
100
AcDb3dPolylineVertex
 10
229.29940512124102
 20
199.79815334733578
 30
1070.0
 70
32
  0
VERTEX
  5
35F
330
17
100
AcDbEntity
  8
TOPO-CONTOUR-MAJOR
100
AcDbVertex
100
AcDb3dPolylineVertex
 10
228.19530079760548
 20
195.76769524160773
 30
1070.0
 70
32
  0
VERTEX
  5
360
330
17
100
AcDbEntity
  8
TOPO-CONTOUR-MAJOR
100
AcDbVertex
100
AcDb3dPolylineVertex
 10
227.78055501605468
 20
188.71439355704933
 30
1070.0
 70
32
  0
VERTEX
  5
361
330
17
100
AcDbEntity
  8
TOPO-CONTOUR-MAJOR
100
AcDbVertex
100
AcDb3dPolylineVertex
 10
228.06698600153408
 20
165.53925944957882
 30
1070.0
 70
32
  0
VERTEX
  5
362
330
17
100
AcDbEntity
  8
TOPO-CONTOUR-MAJOR
100
AcDbVertex
100
AcDb3dPolylineVertex
 10
227.9499092522318
 20
159.49357229098678
 30
1070.0
 70
32
  0
VERTEX
  5
363
330
17
100
AcDbEntity
  8
TOPO-CONTOUR-MAJOR
100
AcDbVertex
100
AcDb3dPolylineVertex
 10
227.38108811879772
 20
154.4554996592924
 30
1070.0
 70
32
  0
VERTEX
  5
364
330
17
100
AcDbEntity
  8
TOPO-CONTOUR-MAJOR
100
AcDbVertex
100
AcDb3dPolylineVertex
 10
227.65050276839665
 20
146.39458344783634
 30
1070.0
 70
32
  0
VERTEX
  5
365
330
17
100
AcDbEntity
  8
TOPO-CONTOUR-MAJOR
100
AcDbVertex
100
AcDb3dPolylineVertex
 10
227.10792910452497
 20
136.31843818351626
 30
1070.0
 70
32
  0
VERTEX
  5
366
330
17
100
AcDbEntity
  8
TOPO-CONTOUR-MAJOR
100
AcDbVertex
100
AcDb3dPolylineVertex
 10
225.61361882403327
 20
129.26513649895787
 30
1070.0
 70
32
  0
VERTEX
  5
367
330
17
100
AcDbEntity
  8
TOPO-CONTOUR-MAJOR
100
AcDbVertex
100
AcDb3dPolylineVertex
 10
226.5862268084653
 20
118.18137670867145
 30
1070.0
 70
32
  0
VERTEX
  5
368
330
17
100
AcDbEntity
  8
TOPO-CONTOUR-MAJOR
100
AcDbVertex
100
AcDb3dPolylineVertex
 10
226.73901634689025
 20
110.12046049721539
 30
1070.0
 70
32
  0
VERTEX
  5
369
330
17
100
AcDbEntity
  8
TOPO-CONTOUR-MAJOR
100
AcDbVertex
100
AcDb3dPolylineVertex
 10
225.98959300807718
 20
99.03670070692897
 30
1070.0
 70
32
  0
VERTEX
  5
36A
330
17
100
AcDbEntity
  8
TOPO-CONTOUR-MAJOR
100
AcDbVertex
100
AcDb3dPolylineVertex
 10
225.90809760783878
 20
77.87679565232247
 30
1070.0
 70
32
  0
VERTEX
  5
36B
330
17
100
AcDbEntity
  8
TOPO-CONTOUR-MAJOR
100
AcDbVertex
100
AcDb3dPolylineVertex
 10
225.0908532984715
 20
71.83110849373043
 30
1070.0
 70
32
  0
VERTEX
  5
36C
330
17
100
AcDbEntity
  8
TOPO-CONTOUR-MAJOR
100
AcDbVertex
100
AcDb3dPolylineVertex
 10
225.16347861822655
 20
65.78542133513838
 30
1070.0
 70
32
  0
VERTEX
  5
36D
330
17
100
AcDbEntity
  8
TOPO-CONTOUR-MAJOR
100
AcDbVertex
100
AcDb3dPolylineVertex
 10
222.6058965548542
 20
57.72450512368232
 30
1070.0
 70
32
  0
VERTEX
  5
36E
330
17
100
AcDbEntity
  8
TOPO-CONTOUR-MAJOR
100
AcDbVertex
100
AcDb3dPolylineVertex
 10
223.35522135428997
 20
52.686432491987944
 30
1070.0
 70
32
  0
VERTEX
  5
36F
330
17
100
AcDbEntity
  8
TOPO-CONTOUR-MAJOR
100
AcDbVertex
100
AcDb3dPolylineVertex
 10
222.62069554434794
 20
47.648359859362245
 30
1070.0
 70
32
  0
VERTEX
  5
370
330
17
100
AcDbEntity
  8
TOPO-CONTOUR-MAJOR
100
AcDbVertex
100
AcDb3dPolylineVertex
 10
221.29584141490704
 20
45.47354288596614
 30
1070.0
 70
32
  0
VERTEX
  5
371
330
17
100
AcDbEntity
  8
TOPO-CONTOUR-MAJOR
100
AcDbVertex
100
AcDb3dPolylineVertex
 10
219.2806123620894
 20
44.072184762117764
 30
1070.0
 70
32
  0
VERTEX
  5
372
330
17
100
AcDbEntity
  8
TOPO-CONTOUR-MAJOR
100
AcDbVertex
100
AcDb3dPolylineVertex
 10
215.25015425645324
 20
42.413603034010265
 30
1070.0
 70
32
  0
VERTEX
  5
373
330
17
100
AcDbEntity
  8
TOPO-CONTOUR-MAJOR
100
AcDbVertex
100
AcDb3dPolylineVertex
 10
211.21969615081707
 20
41.55965071641626
 30
1070.0
 70
32
  0
VERTEX
  5
374
330
17
100
AcDbEntity
  8
TOPO-CONTOUR-MAJOR
100
AcDbVertex
100
AcDb3dPolylineVertex
 10
210.40445096832096
 20
40.59505817480385
 30
1070.0
 70
32
  0
VERTEX
  5
375
330
17
100
AcDbEntity
  8
TOPO-CONTOUR-MAJOR
100
AcDbVertex
100
AcDb3dPolylineVertex
 10
211.51509866690373
 20
37.57221459597349
 30
1070.0
 70
32
  0
VERTEX
  5
376
330
17
100
AcDbEntity
  8
TOPO-CONTOUR-MAJOR
100
AcDbVertex
100
AcDb3dPolylineVertex
 10
210.96227246617133
 20
35.55698554310948
 30
1070.0
 70
32
  0
VERTEX
  5
377
330
17
100
AcDbEntity
  8
TOPO-CONTOUR-MAJOR
100
AcDbVertex
100
AcDb3dPolylineVertex
 10
208.19685257158926
 20
32.81544509455499
 30
1070.0
 70
32
  0
VERTEX
  5
378
330
17
100
AcDbEntity
  8
TOPO-CONTOUR-MAJOR
100
AcDbVertex
100
AcDb3dPolylineVertex
 10
204.1663944659531
 20
31.21060351315377
 30
1070.0
 70
32
  0
VERTEX
  5
379
330
17
100
AcDbEntity
  8
TOPO-CONTOUR-MAJOR
100
AcDbVertex
100
AcDb3dPolylineVertex
 10
201.1435508867262
 20
30.822053149700803
 30
1070.0
 70
32
  0
VERTEX
  5
37A
330
17
100
AcDbEntity
  8
TOPO-CONTOUR-MAJOR
100
AcDbVertex
100
AcDb3dPolylineVertex
 10
200.13593636031692
 20
31.0242326234792
 30
1070.0
 70
32
  0
VERTEX
  5
37B
330
17
100
AcDbEntity
  8
TOPO-CONTOUR-MAJOR
100
AcDbVertex
100
AcDb3dPolylineVertex
 10
199.12832183390765
 20
31.73435714599288
 30
1070.0
 70
32
  0
VERTEX
  5
37C
330
17
100
AcDbEntity
  8
TOPO-CONTOUR-MAJOR
100
AcDbVertex
100
AcDb3dPolylineVertex
 10
195.09786372827148
 20
37.59030193741361
 30
1070.0
 70
32
  0
VERTEX
  5
37D
330
17
100
AcDbEntity
  8
TOPO-CONTOUR-MAJOR
100
AcDbVertex
100
AcDb3dPolylineVertex
 10
193.31451752998106
 20
42.61028722766787
 30
1070.0
 70
32
  0
VERTEX
  5
37E
330
17
100
AcDbEntity
  8
TOPO-CONTOUR-MAJOR
100
AcDbVertex
100
AcDb3dPolylineVertex
 10
191.0674056226353
 20
46.09594971055501
 30
1070.0
 70
32
  0
VERTEX
  5
37F
330
17
100
AcDbEntity
  8
TOPO-CONTOUR-MAJOR
100
AcDbVertex
100
AcDb3dPolylineVertex
 10
190.05979109622695
 20
45.75368435819393
 30
1070.0
 70
32
  0
VERTEX
  5
380
330
17
100
AcDbEntity
  8
TOPO-CONTOUR-MAJOR
100
AcDbVertex
100
AcDb3dPolylineVertex
 10
188.0445620434084
 20
41.55621900383077
 30
1070.0
 70
32
  0
VERTEX
  5
381
330
17
100
AcDbEntity
  8
TOPO-CONTOUR-MAJOR
100
AcDbVertex
100
AcDb3dPolylineVertex
 10
187.03694751699913
 20
40.32287808496769
 30
1070.0
 70
32
  0
VERTEX
  5
382
330
17
100
AcDbEntity
  8
TOPO-CONTOUR-MAJOR
100
AcDbVertex
100
AcDb3dPolylineVertex
 10
186.02933299059077
 20
40.41384454280623
 30
1070.0
 70
32
  0
VERTEX
  5
383
330
17
100
AcDbEntity
  8
TOPO-CONTOUR-MAJOR
100
AcDbVertex
100
AcDb3dPolylineVertex
 10
184.01410393777223
 20
42.651027112773534
 30
1070.0
 70
32
  0
VERTEX
  5
384
330
17
100
AcDbEntity
  8
TOPO-CONTOUR-MAJOR
100
AcDbVertex
100
AcDb3dPolylineVertex
 10
183.00648941136296
 20
41.811116226557424
 30
1070.0
 70
32
  0
VERTEX
  5
385
330
17
100
AcDbEntity
  8
TOPO-CONTOUR-MAJOR
100
AcDbVertex
100
AcDb3dPolylineVertex
 10
181.9988748849546
 20
37.11031025169012
 30
1070.0
 70
32
  0
VERTEX
  5
386
330
17
100
AcDbEntity
  8
TOPO-CONTOUR-MAJOR
100
AcDbVertex
100
AcDb3dPolylineVertex
 10
180.1470148163052
 20
13.38946596160531
 30
1070.0
 70
32
  0
VERTEX
  5
387
330
17
100
AcDbEntity
  8
TOPO-CONTOUR-MAJOR
100
AcDbVertex
100
AcDb3dPolylineVertex
 10
179.20365433074664
 20
-7.770439093001187
 30
1070.0
 70
32
  0
VERTEX
  5
388
330
17
100
AcDbEntity
  8
TOPO-CONTOUR-MAJOR
100
AcDbVertex
100
AcDb3dPolylineVertex
 10
176.728983721978
 20
-48.075020149350166
 30
1070.0
 70
32
  0
VERTEX
  5
389
330
17
100
AcDbEntity
  8
TOPO-CONTOUR-MAJOR
100
AcDbVertex
100
AcDb3dPolylineVertex
 10
175.9531877264999
 20
-79.23880417222112
 30
1070.0
 70
32
  0
VERTEX
  5
38A
330
17
100
AcDbEntity
  8
TOPO-CONTOUR-MAJOR
100
AcDbVertex
100
AcDb3dPolylineVertex
 10
175.20589658380982
 20
-95.43290289025754
 30
1070.0
 70
32
  0
VERTEX
  5
38B
330
17
100
AcDbEntity
  8
TOPO-CONTOUR-MAJOR
100
AcDbVertex
100
AcDb3dPolylineVertex
 10
174.52462597729522
 20
-130.69941131491214
 30
1070.0
 70
32
  0
VERTEX
  5
38C
330
17
100
AcDbEntity
  8
TOPO-CONTOUR-MAJOR
100
AcDbVertex
100
AcDb3dPolylineVertex
 10
173.84400146614598
 20
-145.8136292109266
 30
1070.0
 70
32
  0
VERTEX
  5
38D
330
17
100
AcDbEntity
  8
TOPO-CONTOUR-MAJOR
100
AcDbVertex
100
AcDb3dPolylineVertex
 10
173.92774378139387
 20
-164.95830521266907
 30
1070.0
 70
32
  0
VERTEX
  5
38E
330
17
100
AcDbEntity
  8
TOPO-CONTOUR-MAJOR
100
AcDbVertex
100
AcDb3dPolylineVertex
 10
173.4363880973408
 20
-181.08013763464987
 30
1070.0
 70
32
  0
VERTEX
  5
38F
330
17
100
AcDbEntity
  8
TOPO-CONTOUR-MAJOR
100
AcDbVertex
100
AcDb3dPolylineVertex
 10
172.95878656819167
 20
-185.0
 30
1070.0
 70
32
  0
SEQEND
  5
2F5
330
2F4
100
AcDbEntity
  8
TOPO-CONTOUR-MAJOR
  0
POLYLINE
  5
390
330
17
100
AcDbEntity
  8
TOPO-CONTOUR-MAJOR
100
AcDb3dPolyline
 66
1
 10
0.0
 20
0.0
 30
0.0
 70
8
  0
VERTEX
  5
392
330
17
100
AcDbEntity
  8
TOPO-CONTOUR-MAJOR
100
AcDbVertex
100
AcDb3dPolylineVertex
 10
329.0
 20
210.7435029230904
 30
1070.0
 70
32
  0
VERTEX
  5
393
330
17
100
AcDbEntity
  8
TOPO-CONTOUR-MAJOR
100
AcDbVertex
100
AcDb3dPolylineVertex
 10
327.3211774285203
 20
208.86668408568949
 30
1070.0
 70
32
  0
VERTEX
  5
394
330
17
100
AcDbEntity
  8
TOPO-CONTOUR-MAJOR
100
AcDbVertex
100
AcDb3dPolylineVertex
 10
325.08013763503914
 20
207.18173253638804
 30
1070.0
 70
32
  0
VERTEX
  5
395
330
17
100
AcDbEntity
  8
TOPO-CONTOUR-MAJOR
100
AcDbVertex
100
AcDb3dPolylineVertex
 10
324.07252310862987
 20
206.93192544887498
 30
1070.0
 70
32
  0
VERTEX
  5
396
330
17
100
AcDbEntity
  8
TOPO-CONTOUR-MAJOR
100
AcDbVertex
100
AcDb3dPolylineVertex
 10
322.0572940558113
 20
207.62719219435587
 30
1070.0
 70
32
  0
VERTEX
  5
397
330
17
100
AcDbEntity
  8
TOPO-CONTOUR-MAJOR
100
AcDbVertex
100
AcDb3dPolylineVertex
 10
320.7755547352593
 20
208.86668408568949
 30
1070.0
 70
32
  0
VERTEX
  5
398
330
17
100
AcDbEntity
  8
TOPO-CONTOUR-MAJOR
100
AcDbVertex
100
AcDb3dPolylineVertex
 10
320.23199871790393
 20
209.87429861165583
 30
1070.0
 70
32
  0
VERTEX
  5
399
330
17
100
AcDbEntity
  8
TOPO-CONTOUR-MAJOR
100
AcDbVertex
100
AcDb3dPolylineVertex
 10
320.13582335278875
 20
210.88191313762218
 30
1070.0
 70
32
  0
VERTEX
  5
39A
330
17
100
AcDbEntity
  8
TOPO-CONTOUR-MAJOR
100
AcDbVertex
100
AcDb3dPolylineVertex
 10
320.6254504200025
 20
211.88952766451985
 30
1070.0
 70
32
  0
VERTEX
  5
39B
330
17
100
AcDbEntity
  8
TOPO-CONTOUR-MAJOR
100
AcDbVertex
100
AcDb3dPolylineVertex
 10
326.0877521614484
 20
217.29942906381046
 30
1070.0
 70
32
  0
VERTEX
  5
39C
330
17
100
AcDbEntity
  8
TOPO-CONTOUR-MAJOR
100
AcDbVertex
100
AcDb3dPolylineVertex
 10
329.0
 20
219.4508194390962
 30
1070.0
 70
32
  0
SEQEND
  5
391
330
390
100
AcDbEntity
  8
TOPO-CONTOUR-MAJOR
  0
POLYLINE
  5
39D
330
17
100
AcDbEntity
  8
TOPO-CONTOUR-MAJOR
100
AcDb3dPolyline
 66
1
 10
0.0
 20
0.0
 30
0.0
 70
8
  0
VERTEX
  5
39F
330
17
100
AcDbEntity
  8
TOPO-CONTOUR-MAJOR
100
AcDbVertex
100
AcDb3dPolylineVertex
 10
258.44446134564794
 20
176.62301923986524
 30
1070.0
 70
32
  0
VERTEX
  5
3A0
330
17
100
AcDbEntity
  8
TOPO-CONTOUR-MAJOR
100
AcDbVertex
100
AcDb3dPolylineVertex
 10
259.5851934184511
 20
176.77861622252524
 30
1070.0
 70
32
  0
VERTEX
  5
3A1
330
17
100
AcDbEntity
  8
TOPO-CONTOUR-MAJOR
100
AcDbVertex
100
AcDb3dPolylineVertex
 10
260.84791715670815
 20
175.6154047138989
 30
1070.0
 70
32
  0
VERTEX
  5
3A2
330
17
100
AcDbEntity
  8
TOPO-CONTOUR-MAJOR
100
AcDbVertex
100
AcDb3dPolylineVertex
 10
260.5928079448595
 20
174.1532588557709
 30
1070.0
 70
32
  0
VERTEX
  5
3A3
330
17
100
AcDbEntity
  8
TOPO-CONTOUR-MAJOR
100
AcDbVertex
100
AcDb3dPolylineVertex
 10
259.5851934184511
 20
173.54735705370538
 30
1070.0
 70
32
  0
VERTEX
  5
3A4
330
17
100
AcDbEntity
  8
TOPO-CONTOUR-MAJOR
100
AcDbVertex
100
AcDb3dPolylineVertex
 10
258.57757889204186
 20
173.9987968813379
 30
1070.0
 70
32
  0
VERTEX
  5
3A5
330
17
100
AcDbEntity
  8
TOPO-CONTOUR-MAJOR
100
AcDbVertex
100
AcDb3dPolylineVertex
 10
258.2221586367187
 20
174.60779018700123
 30
1070.0
 70
32
  0
VERTEX
  5
3A6
330
17
100
AcDbEntity
  8
TOPO-CONTOUR-MAJOR
100
AcDbVertex
100
AcDb3dPolylineVertex
 10
258.1029539117534
 20
175.6154047138989
 30
1070.0
 70
32
  0
VERTEX
  5
3A7
330
17
100
AcDbEntity
  8
TOPO-CONTOUR-MAJOR
100
AcDbVertex
100
AcDb3dPolylineVertex
 10
258.44446134564794
 20
176.62301923986524
 30
1070.0
 70
32
  0
SEQEND
  5
39E
330
39D
100
AcDbEntity
  8
TOPO-CONTOUR-MAJOR
  0
POLYLINE
  5
3A8
330
17
100
AcDbEntity
  8
TOPO-CONTOUR-MAJOR
100
AcDb3dPolyline
 66
1
 10
0.0
 20
0.0
 30
0.0
 70
8
  0
VERTEX
  5
3AA
330
17
100
AcDbEntity
  8
TOPO-CONTOUR-MAJOR
100
AcDbVertex
100
AcDb3dPolylineVertex
 10
290.9866283561205
 20
148.40981250070035
 30
1070.0
 70
32
  0
VERTEX
  5
3AB
330
17
100
AcDbEntity
  8
TOPO-CONTOUR-MAJOR
100
AcDbVertex
100
AcDb3dPolylineVertex
 10
291.8288582635405
 20
149.10288150674677
 30
1070.0
 70
32
  0
VERTEX
  5
3AC
330
17
100
AcDbEntity
  8
TOPO-CONTOUR-MAJOR
100
AcDbVertex
100
AcDb3dPolylineVertex
 10
292.83647278994977
 20
149.32386325688003
 30
1070.0
 70
32
  0
VERTEX
  5
3AD
330
17
100
AcDbEntity
  8
TOPO-CONTOUR-MAJOR
100
AcDbVertex
100
AcDb3dPolylineVertex
 10
293.8440873163581
 20
148.51643958390983
 30
1070.0
 70
32
  0
VERTEX
  5
3AE
330
17
100
AcDbEntity
  8
TOPO-CONTOUR-MAJOR
100
AcDbVertex
100
AcDb3dPolylineVertex
 10
293.8857133679622
 20
147.402197974734
 30
1070.0
 70
32
  0
VERTEX
  5
3AF
330
17
100
AcDbEntity
  8
TOPO-CONTOUR-MAJOR
100
AcDbVertex
100
AcDb3dPolylineVertex
 10
291.8288582635405
 20
141.92228012349653
 30
1070.0
 70
32
  0
VERTEX
  5
3B0
330
17
100
AcDbEntity
  8
TOPO-CONTOUR-MAJOR
100
AcDbVertex
100
AcDb3dPolylineVertex
 10
290.8212437371312
 20
140.85375061422604
 30
1070.0
 70
32
  0
VERTEX
  5
3B1
330
17
100
AcDbEntity
  8
TOPO-CONTOUR-MAJOR
100
AcDbVertex
100
AcDb3dPolylineVertex
 10
289.81362921072196
 20
140.54939803436554
 30
1070.0
 70
32
  0
VERTEX
  5
3B2
330
17
100
AcDbEntity
  8
TOPO-CONTOUR-MAJOR
100
AcDbVertex
100
AcDb3dPolylineVertex
 10
288.4275973521809
 20
141.35651081614196
 30
1070.0
 70
32
  0
VERTEX
  5
3B3
330
17
100
AcDbEntity
  8
TOPO-CONTOUR-MAJOR
100
AcDbVertex
100
AcDb3dPolylineVertex
 10
287.96706496578867
 20
142.3641253421083
 30
1070.0
 70
32
  0
VERTEX
  5
3B4
330
17
100
AcDbEntity
  8
TOPO-CONTOUR-MAJOR
100
AcDbVertex
100
AcDb3dPolylineVertex
 10
288.0020231231242
 20
143.37173986900598
 30
1070.0
 70
32
  0
VERTEX
  5
3B5
330
17
100
AcDbEntity
  8
TOPO-CONTOUR-MAJOR
100
AcDbVertex
100
AcDb3dPolylineVertex
 10
290.9866283561205
 20
148.40981250070035
 30
1070.0
 70
32
  0
SEQEND
  5
3A9
330
3A8
100
AcDbEntity
  8
TOPO-CONTOUR-MAJOR
  0
POLYLINE
  5
3B6
330
17
100
AcDbEntity
  8
TOPO-CONTOUR-MAJOR
100
AcDb3dPolyline
 66
1
 10
0.0
 20
0.0
 30
0.0
 70
8
  0
VERTEX
  5
3B8
330
17
100
AcDbEntity
  8
TOPO-CONTOUR-MAJOR
100
AcDbVertex
100
AcDb3dPolylineVertex
 10
202.01036085216256
 20
21.45038217306137
 30
1070.0
 70
32
  0
VERTEX
  5
3B9
330
17
100
AcDbEntity
  8
TOPO-CONTOUR-MAJOR
100
AcDbVertex
100
AcDb3dPolylineVertex
 10
203.15877993954473
 20
21.791553306886335
 30
1070.0
 70
32
  0
VERTEX
  5
3BA
330
17
100
AcDbEntity
  8
TOPO-CONTOUR-MAJOR
100
AcDbVertex
100
AcDb3dPolylineVertex
 10
204.1663944659531
 20
21.516540253427216
 30
1070.0
 70
32
  0
VERTEX
  5
3BB
330
17
100
AcDbEntity
  8
TOPO-CONTOUR-MAJOR
100
AcDbVertex
100
AcDb3dPolylineVertex
 10
209.20446709799853
 20
16.67651034887573
 30
1070.0
 70
32
  0
VERTEX
  5
3BC
330
17
100
AcDbEntity
  8
TOPO-CONTOUR-MAJOR
100
AcDbVertex
100
AcDb3dPolylineVertex
 10
213.2349252036347
 20
16.674390382847744
 30
1070.0
 70
32
  0
VERTEX
  5
3BD
330
17
100
AcDbEntity
  8
TOPO-CONTOUR-MAJOR
100
AcDbVertex
100
AcDb3dPolylineVertex
 10
214.24253973004397
 20
16.375258317794362
 30
1070.0
 70
32
  0
VERTEX
  5
3BE
330
17
100
AcDbEntity
  8
TOPO-CONTOUR-MAJOR
100
AcDbVertex
100
AcDb3dPolylineVertex
 10
214.71908005687214
 20
15.404695014469326
 30
1070.0
 70
32
  0
VERTEX
  5
3BF
330
17
100
AcDbEntity
  8
TOPO-CONTOUR-MAJOR
100
AcDbVertex
100
AcDb3dPolylineVertex
 10
214.55677003814708
 20
14.39708048850298
 30
1070.0
 70
32
  0
VERTEX
  5
3C0
330
17
100
AcDbEntity
  8
TOPO-CONTOUR-MAJOR
100
AcDbVertex
100
AcDb3dPolylineVertex
 10
214.24253973004397
 20
14.128950647715097
 30
1070.0
 70
32
  0
VERTEX
  5
3C1
330
17
100
AcDbEntity
  8
TOPO-CONTOUR-MAJOR
100
AcDbVertex
100
AcDb3dPolylineVertex
 10
212.80044218113323
 20
14.39708048850298
 30
1070.0
 70
32
  0
VERTEX
  5
3C2
330
17
100
AcDbEntity
  8
TOPO-CONTOUR-MAJOR
100
AcDbVertex
100
AcDb3dPolylineVertex
 10
210.2120816244078
 20
16.21517502078046
 30
1070.0
 70
32
  0
VERTEX
  5
3C3
330
17
100
AcDbEntity
  8
TOPO-CONTOUR-MAJOR
100
AcDbVertex
100
AcDb3dPolylineVertex
 10
208.19685257158926
 20
16.0857346774372
 30
1070.0
 70
32
  0
VERTEX
  5
3C4
330
17
100
AcDbEntity
  8
TOPO-CONTOUR-MAJOR
100
AcDbVertex
100
AcDb3dPolylineVertex
 10
204.1663944659531
 20
14.559774032245098
 30
1070.0
 70
32
  0
VERTEX
  5
3C5
330
17
100
AcDbEntity
  8
TOPO-CONTOUR-MAJOR
100
AcDbVertex
100
AcDb3dPolylineVertex
 10
202.15116541313546
 20
14.904794420664345
 30
1070.0
 70
32
  0
VERTEX
  5
3C6
330
17
100
AcDbEntity
  8
TOPO-CONTOUR-MAJOR
100
AcDbVertex
100
AcDb3dPolylineVertex
 10
200.15001085590225
 20
16.412309541366994
 30
1070.0
 70
32
  0
VERTEX
  5
3C7
330
17
100
AcDbEntity
  8
TOPO-CONTOUR-MAJOR
100
AcDbVertex
100
AcDb3dPolylineVertex
 10
199.63312073982905
 20
17.41992406733334
 30
1070.0
 70
32
  0
VERTEX
  5
3C8
330
17
100
AcDbEntity
  8
TOPO-CONTOUR-MAJOR
100
AcDbVertex
100
AcDb3dPolylineVertex
 10
199.6058049653031
 20
18.42753859423101
 30
1070.0
 70
32
  0
VERTEX
  5
3C9
330
17
100
AcDbEntity
  8
TOPO-CONTOUR-MAJOR
100
AcDbVertex
100
AcDb3dPolylineVertex
 10
200.13593636031692
 20
19.580461553264897
 30
1070.0
 70
32
  0
VERTEX
  5
3CA
330
17
100
AcDbEntity
  8
TOPO-CONTOUR-MAJOR
100
AcDbVertex
100
AcDb3dPolylineVertex
 10
202.01036085216256
 20
21.45038217306137
 30
1070.0
 70
32
  0
SEQEND
  5
3B7
330
3B6
100
AcDbEntity
  8
TOPO-CONTOUR-MAJOR
  0
POLYLINE
  5
3CB
330
17
100
AcDbEntity
  8
TOPO-CONTOUR-MAJOR
100
AcDb3dPolyline
 66
1
 10
0.0
 20
0.0
 30
0.0
 70
8
  0
VERTEX
  5
3CD
330
17
100
AcDbEntity
  8
TOPO-CONTOUR-MAJOR
100
AcDbVertex
100
AcDb3dPolylineVertex
 10
163.44086928381813
 20
-185.0
 30
1070.0
 70
32
  0
VERTEX
  5
3CE
330
17
100
AcDbEntity
  8
TOPO-CONTOUR-MAJOR
100
AcDbVertex
100
AcDb3dPolylineVertex
 10
163.25005128079286
 20
-183.0953666875139
 30
1070.0
 70
32
  0
VERTEX
  5
3CF
330
17
100
AcDbEntity
  8
TOPO-CONTOUR-MAJOR
100
AcDbVertex
100
AcDb3dPolylineVertex
 10
163.8804102261622
 20
-172.01160689722747
 30
1070.0
 70
32
  0
VERTEX
  5
3D0
330
17
100
AcDbEntity
  8
TOPO-CONTOUR-MAJOR
100
AcDbVertex
100
AcDb3dPolylineVertex
 10
163.40534845822395
 20
-161.9354616329074
 30
1070.0
 70
32
  0
VERTEX
  5
3D1
330
17
100
AcDbEntity
  8
TOPO-CONTOUR-MAJOR
100
AcDbVertex
100
AcDb3dPolylineVertex
 10
163.16967177777042
 20
-143.79840015806258
 30
1070.0
 70
32
  0
VERTEX
  5
3D2
330
17
100
AcDbEntity
  8
TOPO-CONTOUR-MAJOR
100
AcDbVertex
100
AcDb3dPolylineVertex
 10
162.23433517774706
 20
-134.72986942064017
 30
1070.0
 70
32
  0
VERTEX
  5
3D3
330
17
100
AcDbEntity
  8
TOPO-CONTOUR-MAJOR
100
AcDbVertex
100
AcDb3dPolylineVertex
 10
162.94609005955311
 20
-123.64610962942243
 30
1070.0
 70
32
  0
VERTEX
  5
3D4
330
17
100
AcDbEntity
  8
TOPO-CONTOUR-MAJOR
100
AcDbVertex
100
AcDb3dPolylineVertex
 10
164.54978953112325
 20
-107.52427720744163
 30
1070.0
 70
32
  0
VERTEX
  5
3D5
330
17
100
AcDbEntity
  8
TOPO-CONTOUR-MAJOR
100
AcDbVertex
100
AcDb3dPolylineVertex
 10
164.6373806214712
 20
-103.4938191017136
 30
1070.0
 70
32
  0
VERTEX
  5
3D6
330
17
100
AcDbEntity
  8
TOPO-CONTOUR-MAJOR
100
AcDbVertex
100
AcDb3dPolylineVertex
 10
161.94427322444128
 20
-93.41767383739352
 30
1070.0
 70
32
  0
VERTEX
  5
3D7
330
17
100
AcDbEntity
  8
TOPO-CONTOUR-MAJOR
100
AcDbVertex
100
AcDb3dPolylineVertex
 10
161.05522295550412
 20
-88.37960120569915
 30
1070.0
 70
32
  0
VERTEX
  5
3D8
330
17
100
AcDbEntity
  8
TOPO-CONTOUR-MAJOR
100
AcDbVertex
100
AcDb3dPolylineVertex
 10
160.9876000114851
 20
-73.2653833096847
 30
1070.0
 70
32
  0
VERTEX
  5
3D9
330
17
100
AcDbEntity
  8
TOPO-CONTOUR-MAJOR
100
AcDbVertex
100
AcDb3dPolylineVertex
 10
159.79617103902424
 20
-65.20446709822863
 30
1070.0
 70
32
  0
VERTEX
  5
3DA
330
17
100
AcDbEntity
  8
TOPO-CONTOUR-MAJOR
100
AcDbVertex
100
AcDb3dPolylineVertex
 10
159.3198777214908
 20
-55.12832183390856
 30
1070.0
 70
32
  0
VERTEX
  5
3DB
330
17
100
AcDbEntity
  8
TOPO-CONTOUR-MAJOR
100
AcDbVertex
100
AcDb3dPolylineVertex
 10
156.88063840679956
 20
-36.99126035813242
 30
1070.0
 70
32
  0
VERTEX
  5
3DC
330
17
100
AcDbEntity
  8
TOPO-CONTOUR-MAJOR
100
AcDbVertex
100
AcDb3dPolylineVertex
 10
156.26695062411181
 20
-30.9455732004717
 30
1070.0
 70
32
  0
VERTEX
  5
3DD
330
17
100
AcDbEntity
  8
TOPO-CONTOUR-MAJOR
100
AcDbVertex
100
AcDb3dPolylineVertex
 10
156.06874782317493
 20
-23.892271514981985
 30
1070.0
 70
32
  0
VERTEX
  5
3DE
330
17
100
AcDbEntity
  8
TOPO-CONTOUR-MAJOR
100
AcDbVertex
100
AcDb3dPolylineVertex
 10
154.79328267190976
 20
-14.01737558423119
 30
1070.0
 70
32
  0
VERTEX
  5
3DF
330
17
100
AcDbEntity
  8
TOPO-CONTOUR-MAJOR
100
AcDbVertex
100
AcDb3dPolylineVertex
 10
153.7856681455005
 20
-13.829975423261644
 30
1070.0
 70
32
  0
VERTEX
  5
3E0
330
17
100
AcDbEntity
  8
TOPO-CONTOUR-MAJOR
100
AcDbVertex
100
AcDb3dPolylineVertex
 10
151.86614757730044
 20
-24.899886041879654
 30
1070.0
 70
32
  0
VERTEX
  5
3E1
330
17
100
AcDbEntity
  8
TOPO-CONTOUR-MAJOR
100
AcDbVertex
100
AcDb3dPolylineVertex
 10
149.15119196968206
 20
-34.97603130526841
 30
1070.0
 70
32
  0
VERTEX
  5
3E2
330
17
100
AcDbEntity
  8
TOPO-CONTOUR-MAJOR
100
AcDbVertex
100
AcDb3dPolylineVertex
 10
147.4162611578608
 20
-39.00648941099644
 30
1070.0
 70
32
  0
VERTEX
  5
3E3
330
17
100
AcDbEntity
  8
TOPO-CONTOUR-MAJOR
100
AcDbVertex
100
AcDb3dPolylineVertex
 10
144.7171374078198
 20
-52.40419784485811
 30
1070.0
 70
32
  0
VERTEX
  5
3E4
330
17
100
AcDbEntity
  8
TOPO-CONTOUR-MAJOR
100
AcDbVertex
100
AcDb3dPolylineVertex
 10
144.09746678769233
 20
-60.166394465602934
 30
1070.0
 70
32
  0
VERTEX
  5
3E5
330
17
100
AcDbEntity
  8
TOPO-CONTOUR-MAJOR
100
AcDbVertex
100
AcDb3dPolylineVertex
 10
142.93840455891257
 20
-67.21969615109265
 30
1070.0
 70
32
  0
VERTEX
  5
3E6
330
17
100
AcDbEntity
  8
TOPO-CONTOUR-MAJOR
100
AcDbVertex
100
AcDb3dPolylineVertex
 10
141.69429382859198
 20
-71.17502755441255
 30
1070.0
 70
32
  0
VERTEX
  5
3E7
330
17
100
AcDbEntity
  8
TOPO-CONTOUR-MAJOR
100
AcDbVertex
100
AcDb3dPolylineVertex
 10
140.68667930218362
 20
-69.06982077274648
 30
1070.0
 70
32
  0
VERTEX
  5
3E8
330
17
100
AcDbEntity
  8
TOPO-CONTOUR-MAJOR
100
AcDbVertex
100
AcDb3dPolylineVertex
 10
140.1157372609162
 20
-66.21208162419498
 30
1070.0
 70
32
  0
VERTEX
  5
3E9
330
17
100
AcDbEntity
  8
TOPO-CONTOUR-MAJOR
100
AcDbVertex
100
AcDb3dPolylineVertex
 10
137.6638357229558
 20
-43.72692531381888
 30
1070.0
 70
32
  0
VERTEX
  5
3EA
330
17
100
AcDbEntity
  8
TOPO-CONTOUR-MAJOR
100
AcDbVertex
100
AcDb3dPolylineVertex
 10
135.64860667013818
 20
-32.56823150826333
 30
1070.0
 70
32
  0
VERTEX
  5
3EB
330
17
100
AcDbEntity
  8
TOPO-CONTOUR-MAJOR
100
AcDbVertex
100
AcDb3dPolylineVertex
 10
133.63337761731964
 20
-27.97061491232218
 30
1070.0
 70
32
  0
VERTEX
  5
3EC
330
17
100
AcDbEntity
  8
TOPO-CONTOUR-MAJOR
100
AcDbVertex
100
AcDb3dPolylineVertex
 10
131.618148564502
 20
-21.221271269107415
 30
1070.0
 70
32
  0
VERTEX
  5
3ED
330
17
100
AcDbEntity
  8
TOPO-CONTOUR-MAJOR
100
AcDbVertex
100
AcDb3dPolylineVertex
 10
130.61053403809274
 20
-19.304606837267315
 30
1070.0
 70
32
  0
VERTEX
  5
3EE
330
17
100
AcDbEntity
  8
TOPO-CONTOUR-MAJOR
100
AcDbVertex
100
AcDb3dPolylineVertex
 10
129.60291951168347
 20
-18.452454119426164
 30
1070.0
 70
32
  0
VERTEX
  5
3EF
330
17
100
AcDbEntity
  8
TOPO-CONTOUR-MAJOR
100
AcDbVertex
100
AcDb3dPolylineVertex
 10
128.5953049852751
 20
-19.308377173494744
 30
1070.0
 70
32
  0
VERTEX
  5
3F0
330
17
100
AcDbEntity
  8
TOPO-CONTOUR-MAJOR
100
AcDbVertex
100
AcDb3dPolylineVertex
 10
126.58007593245657
 20
-24.984595587549975
 30
1070.0
 70
32
  0
VERTEX
  5
3F1
330
17
100
AcDbEntity
  8
TOPO-CONTOUR-MAJOR
100
AcDbVertex
100
AcDb3dPolylineVertex
 10
125.5724614060473
 20
-25.083375495566553
 30
1070.0
 70
32
  0
VERTEX
  5
3F2
330
17
100
AcDbEntity
  8
TOPO-CONTOUR-MAJOR
100
AcDbVertex
100
AcDb3dPolylineVertex
 10
124.56484687963894
 20
-22.618454725903433
 30
1070.0
 70
32
  0
VERTEX
  5
3F3
330
17
100
AcDbEntity
  8
TOPO-CONTOUR-MAJOR
100
AcDbVertex
100
AcDb3dPolylineVertex
 10
123.40838901455507
 20
-14.823740777559578
 30
1070.0
 70
32
  0
VERTEX
  5
3F4
330
17
100
AcDbEntity
  8
TOPO-CONTOUR-MAJOR
100
AcDbVertex
100
AcDb3dPolylineVertex
 10
120.53438877400276
 20
-2.623342581678836
 30
1070.0
 70
32
  0
VERTEX
  5
3F5
330
17
100
AcDbEntity
  8
TOPO-CONTOUR-MAJOR
100
AcDbVertex
100
AcDb3dPolylineVertex
 10
119.5267742475935
 20
-0.1517131824171836
 30
1070.0
 70
32
  0
VERTEX
  5
3F6
330
17
100
AcDbEntity
  8
TOPO-CONTOUR-MAJOR
100
AcDbVertex
100
AcDb3dPolylineVertex
 10
118.51915972118422
 20
1.2079841489166112
 30
1070.0
 70
32
  0
VERTEX
  5
3F7
330
17
100
AcDbEntity
  8
TOPO-CONTOUR-MAJOR
100
AcDbVertex
100
AcDb3dPolylineVertex
 10
117.51154519477495
 20
1.798185845875155
 30
1070.0
 70
32
  0
VERTEX
  5
3F8
330
17
100
AcDbEntity
  8
TOPO-CONTOUR-MAJOR
100
AcDbVertex
100
AcDb3dPolylineVertex
 10
116.50393066836659
 20
1.0724340214168842
 30
1070.0
 70
32
  0
VERTEX
  5
3F9
330
17
100
AcDbEntity
  8
TOPO-CONTOUR-MAJOR
100
AcDbVertex
100
AcDb3dPolylineVertex
 10
115.49631614195732
 20
-1.6273747986674598
 30
1070.0
 70
32
  0
VERTEX
  5
3FA
330
17
100
AcDbEntity
  8
TOPO-CONTOUR-MAJOR
100
AcDbVertex
100
AcDb3dPolylineVertex
 10
114.57177926671834
 20
-5.755210040137172
 30
1070.0
 70
32
  0
VERTEX
  5
3FB
330
17
100
AcDbEntity
  8
TOPO-CONTOUR-MAJOR
100
AcDbVertex
100
AcDb3dPolylineVertex
 10
113.02593047788135
 20
-21.87704246211797
 30
1070.0
 70
32
  0
VERTEX
  5
3FC
330
17
100
AcDbEntity
  8
TOPO-CONTOUR-MAJOR
100
AcDbVertex
100
AcDb3dPolylineVertex
 10
112.42001032758438
 20
-48.07502014935016
 30
1070.0
 70
32
  0
VERTEX
  5
3FD
330
17
100
AcDbEntity
  8
TOPO-CONTOUR-MAJOR
100
AcDbVertex
100
AcDb3dPolylineVertex
 10
111.81755210964172
 20
-62.18162351846695
 30
1070.0
 70
32
  0
VERTEX
  5
3FE
330
17
100
AcDbEntity
  8
TOPO-CONTOUR-MAJOR
100
AcDbVertex
100
AcDb3dPolylineVertex
 10
111.30467124546317
 20
-67.21969615109265
 30
1070.0
 70
32
  0
VERTEX
  5
3FF
330
17
100
AcDbEntity
  8
TOPO-CONTOUR-MAJOR
100
AcDbVertex
100
AcDb3dPolylineVertex
 10
111.7056271246592
 20
-73.2653833096847
 30
1070.0
 70
32
  0
VERTEX
  5
400
330
17
100
AcDbEntity
  8
TOPO-CONTOUR-MAJOR
100
AcDbVertex
100
AcDb3dPolylineVertex
 10
111.03356515922778
 20
-79.31107046734542
 30
1070.0
 70
32
  0
VERTEX
  5
401
330
17
100
AcDbEntity
  8
TOPO-CONTOUR-MAJOR
100
AcDbVertex
100
AcDb3dPolylineVertex
 10
112.02038748019203
 20
-89.38721573166549
 30
1070.0
 70
32
  0
VERTEX
  5
402
330
17
100
AcDbEntity
  8
TOPO-CONTOUR-MAJOR
100
AcDbVertex
100
AcDb3dPolylineVertex
 10
112.48870613129732
 20
-99.46336099598557
 30
1070.0
 70
32
  0
VERTEX
  5
403
330
17
100
AcDbEntity
  8
TOPO-CONTOUR-MAJOR
100
AcDbVertex
100
AcDb3dPolylineVertex
 10
112.18601719008565
 20
-112.562349839136
 30
1070.0
 70
32
  0
VERTEX
  5
404
330
17
100
AcDbEntity
  8
TOPO-CONTOUR-MAJOR
100
AcDbVertex
100
AcDb3dPolylineVertex
 10
110.99746229192314
 20
-125.66133868228644
 30
1070.0
 70
32
  0
VERTEX
  5
405
330
17
100
AcDbEntity
  8
TOPO-CONTOUR-MAJOR
100
AcDbVertex
100
AcDb3dPolylineVertex
 10
110.45824350991188
 20
-129.04037286610867
 30
1070.0
 70
32
  0
VERTEX
  5
406
330
17
100
AcDbEntity
  8
TOPO-CONTOUR-MAJOR
100
AcDbVertex
100
AcDb3dPolylineVertex
 10
109.45062898350261
 20
-131.63035095039032
 30
1070.0
 70
32
  0
VERTEX
  5
407
330
17
100
AcDbEntity
  8
TOPO-CONTOUR-MAJOR
100
AcDbVertex
100
AcDb3dPolylineVertex
 10
108.44301445709425
 20
-132.27854631695106
 30
1070.0
 70
32
  0
VERTEX
  5
408
330
17
100
AcDbEntity
  8
TOPO-CONTOUR-MAJOR
100
AcDbVertex
100
AcDb3dPolylineVertex
 10
107.43539993068498
 20
-132.1634637978294
 30
1070.0
 70
32
  0
VERTEX
  5
409
330
17
100
AcDbEntity
  8
TOPO-CONTOUR-MAJOR
100
AcDbVertex
100
AcDb3dPolylineVertex
 10
104.41255635145808
 20
-131.20494293983103
 30
1070.0
 70
32
  0
VERTEX
  5
40A
330
17
100
AcDbEntity
  8
TOPO-CONTOUR-MAJOR
100
AcDbVertex
100
AcDb3dPolylineVertex
 10
101.38971277223027
 20
-130.69312037720957
 30
1070.0
 70
32
  0
VERTEX
  5
40B
330
17
100
AcDbEntity
  8
TOPO-CONTOUR-MAJOR
100
AcDbVertex
100
AcDb3dPolylineVertex
 10
95.34402561377645
 20
-128.55569788379609
 30
1070.0
 70
32
  0
VERTEX
  5
40C
330
17
100
AcDbEntity
  8
TOPO-CONTOUR-MAJOR
100
AcDbVertex
100
AcDb3dPolylineVertex
 10
94.82931202458182
 20
-127.67656773515047
 30
1070.0
 70
32
  0
VERTEX
  5
40D
330
17
100
AcDbEntity
  8
TOPO-CONTOUR-MAJOR
100
AcDbVertex
100
AcDb3dPolylineVertex
 10
94.00155043132955
 20
-124.6537241563201
 30
1070.0
 70
32
  0
VERTEX
  5
40E
330
17
100
AcDbEntity
  8
TOPO-CONTOUR-MAJOR
100
AcDbVertex
100
AcDb3dPolylineVertex
 10
89.7895688181413
 20
-119.6156515236944
 30
1070.0
 70
32
  0
VERTEX
  5
40F
330
17
100
AcDbEntity
  8
TOPO-CONTOUR-MAJOR
100
AcDbVertex
100
AcDb3dPolylineVertex
 10
90.01207955567594
 20
-114.57757889200002
 30
1070.0
 70
32
  0
VERTEX
  5
410
330
17
100
AcDbEntity
  8
TOPO-CONTOUR-MAJOR
100
AcDbVertex
100
AcDb3dPolylineVertex
 10
89.29833845532175
 20
-113.69703712757259
 30
1070.0
 70
32
  0
VERTEX
  5
411
330
17
100
AcDbEntity
  8
TOPO-CONTOUR-MAJOR
100
AcDbVertex
100
AcDb3dPolylineVertex
 10
88.2907239289134
 20
-113.31755213914755
 30
1070.0
 70
32
  0
VERTEX
  5
412
330
17
100
AcDbEntity
  8
TOPO-CONTOUR-MAJOR
100
AcDbVertex
100
AcDb3dPolylineVertex
 10
87.28310940250412
 20
-111.7830696357155
 30
1070.0
 70
32
  0
VERTEX
  5
413
330
17
100
AcDbEntity
  8
TOPO-CONTOUR-MAJOR
100
AcDbVertex
100
AcDb3dPolylineVertex
 10
87.43696742604423
 20
-110.54712078627199
 30
1070.0
 70
32
  0
VERTEX
  5
414
330
17
100
AcDbEntity
  8
TOPO-CONTOUR-MAJOR
100
AcDbVertex
100
AcDb3dPolylineVertex
 10
88.84021474065803
 20
-108.53189173340797
 30
1070.0
 70
32
  0
VERTEX
  5
415
330
17
100
AcDbEntity
  8
TOPO-CONTOUR-MAJOR
100
AcDbVertex
100
AcDb3dPolylineVertex
 10
88.62304328461029
 20
-107.52427720744163
 30
1070.0
 70
32
  0
VERTEX
  5
416
330
17
100
AcDbEntity
  8
TOPO-CONTOUR-MAJOR
100
AcDbVertex
100
AcDb3dPolylineVertex
 10
86.61052275129504
 20
-105.50904815457761
 30
1070.0
 70
32
  0
VERTEX
  5
417
330
17
100
AcDbEntity
  8
TOPO-CONTOUR-MAJOR
100
AcDbVertex
100
AcDb3dPolylineVertex
 10
86.10748467963737
 20
-103.4938191017136
 30
1070.0
 70
32
  0
VERTEX
  5
418
330
17
100
AcDbEntity
  8
TOPO-CONTOUR-MAJOR
100
AcDbVertex
100
AcDb3dPolylineVertex
 10
87.25658973030401
 20
-97.44813194312155
 30
1070.0
 70
32
  0
VERTEX
  5
419
330
17
100
AcDbEntity
  8
TOPO-CONTOUR-MAJOR
100
AcDbVertex
100
AcDb3dPolylineVertex
 10
87.2689253032213
 20
-92.41005931142718
 30
1070.0
 70
32
  0
VERTEX
  5
41A
330
17
100
AcDbEntity
  8
TOPO-CONTOUR-MAJOR
100
AcDbVertex
100
AcDb3dPolylineVertex
 10
88.2907239289134
 20
-88.20692714949415
 30
1070.0
 70
32
  0
VERTEX
  5
41B
330
17
100
AcDbEntity
  8
TOPO-CONTOUR-MAJOR
100
AcDbVertex
100
AcDb3dPolylineVertex
 10
88.6762133500322
 20
-84.34914309997112
 30
1070.0
 70
32
  0
VERTEX
  5
41C
330
17
100
AcDbEntity
  8
TOPO-CONTOUR-MAJOR
100
AcDbVertex
100
AcDb3dPolylineVertex
 10
88.433938220303
 20
-82.3339140471071
 30
1070.0
 70
32
  0
VERTEX
  5
41D
330
17
100
AcDbEntity
  8
TOPO-CONTOUR-MAJOR
100
AcDbVertex
100
AcDb3dPolylineVertex
 10
86.52364709056187
 20
-78.30345594137907
 30
1070.0
 70
32
  0
VERTEX
  5
41E
330
17
100
AcDbEntity
  8
TOPO-CONTOUR-MAJOR
100
AcDbVertex
100
AcDb3dPolylineVertex
 10
86.09935507147341
 20
-76.28822688851506
 30
1070.0
 70
32
  0
VERTEX
  5
41F
330
17
100
AcDbEntity
  8
TOPO-CONTOUR-MAJOR
100
AcDbVertex
100
AcDb3dPolylineVertex
 10
86.51702938576871
 20
-74.27299783565104
 30
1070.0
 70
32
  0
VERTEX
  5
420
330
17
100
AcDbEntity
  8
TOPO-CONTOUR-MAJOR
100
AcDbVertex
100
AcDb3dPolylineVertex
 10
89.29833845532177
 20
-70.27611326352101
 30
1070.0
 70
32
  0
VERTEX
  5
421
330
17
100
AcDbEntity
  8
TOPO-CONTOUR-MAJOR
100
AcDbVertex
100
AcDb3dPolylineVertex
 10
90.1791800885244
 20
-65.20446709822863
 30
1070.0
 70
32
  0
VERTEX
  5
422
330
17
100
AcDbEntity
  8
TOPO-CONTOUR-MAJOR
100
AcDbVertex
100
AcDb3dPolylineVertex
 10
92.15720555548717
 20
-60.166394465602934
 30
1070.0
 70
32
  0
VERTEX
  5
423
330
17
100
AcDbEntity
  8
TOPO-CONTOUR-MAJOR
100
AcDbVertex
100
AcDb3dPolylineVertex
 10
92.95818737733683
 20
-52.1054782550782
 30
1070.0
 70
32
  0
VERTEX
  5
424
330
17
100
AcDbEntity
  8
TOPO-CONTOUR-MAJOR
100
AcDbVertex
100
AcDb3dPolylineVertex
 10
92.32118203454866
 20
-50.47373882298806
 30
1070.0
 70
32
  0
VERTEX
  5
425
330
17
100
AcDbEntity
  8
TOPO-CONTOUR-MAJOR
100
AcDbVertex
100
AcDb3dPolylineVertex
 10
90.30595298173102
 20
-48.91515014726327
 30
1070.0
 70
32
  0
VERTEX
  5
426
330
17
100
AcDbEntity
  8
TOPO-CONTOUR-MAJOR
100
AcDbVertex
100
AcDb3dPolylineVertex
 10
89.29833845532175
 20
-48.696246356915495
 30
1070.0
 70
32
  0
VERTEX
  5
427
330
17
100
AcDbEntity
  8
TOPO-CONTOUR-MAJOR
100
AcDbVertex
100
AcDb3dPolylineVertex
 10
87.61481858765876
 20
-49.08263467531651
 30
1070.0
 70
32
  0
VERTEX
  5
428
330
17
100
AcDbEntity
  8
TOPO-CONTOUR-MAJOR
100
AcDbVertex
100
AcDb3dPolylineVertex
 10
85.26788034968558
 20
-50.00630127052326
 30
1070.0
 70
32
  0
VERTEX
  5
429
330
17
100
AcDbEntity
  8
TOPO-CONTOUR-MAJOR
100
AcDbVertex
100
AcDb3dPolylineVertex
 10
83.25265129686795
 20
-51.25835919217161
 30
1070.0
 70
32
  0
VERTEX
  5
42A
330
17
100
AcDbEntity
  8
TOPO-CONTOUR-MAJOR
100
AcDbVertex
100
AcDb3dPolylineVertex
 10
80.22980771764014
 20
-53.72754675282898
 30
1070.0
 70
32
  0
VERTEX
  5
42B
330
17
100
AcDbEntity
  8
TOPO-CONTOUR-MAJOR
100
AcDbVertex
100
AcDb3dPolylineVertex
 10
79.04196459327063
 20
-55.12832183390855
 30
1070.0
 70
32
  0
VERTEX
  5
42C
330
17
100
AcDbEntity
  8
TOPO-CONTOUR-MAJOR
100
AcDbVertex
100
AcDb3dPolylineVertex
 10
78.68916933742659
 20
-56.135936359874904
 30
1070.0
 70
32
  0
VERTEX
  5
42D
330
17
100
AcDbEntity
  8
TOPO-CONTOUR-MAJOR
100
AcDbVertex
100
AcDb3dPolylineVertex
 10
78.80765611786228
 20
-57.14355088677257
 30
1070.0
 70
32
  0
VERTEX
  5
42E
330
17
100
AcDbEntity
  8
TOPO-CONTOUR-MAJOR
100
AcDbVertex
100
AcDb3dPolylineVertex
 10
79.91780374657651
 20
-60.166394465602934
 30
1070.0
 70
32
  0
VERTEX
  5
42F
330
17
100
AcDbEntity
  8
TOPO-CONTOUR-MAJOR
100
AcDbVertex
100
AcDb3dPolylineVertex
 10
81.5026733527485
 20
-63.18923804536462
 30
1070.0
 70
32
  0
VERTEX
  5
430
330
17
100
AcDbEntity
  8
TOPO-CONTOUR-MAJOR
100
AcDbVertex
100
AcDb3dPolylineVertex
 10
81.43620972573075
 20
-65.20446709822863
 30
1070.0
 70
32
  0
VERTEX
  5
431
330
17
100
AcDbEntity
  8
TOPO-CONTOUR-MAJOR
100
AcDbVertex
100
AcDb3dPolylineVertex
 10
80.69527065992168
 20
-68.227310677059
 30
1070.0
 70
32
  0
VERTEX
  5
432
330
17
100
AcDbEntity
  8
TOPO-CONTOUR-MAJOR
100
AcDbVertex
100
AcDb3dPolylineVertex
 10
82.69891365954072
 20
-75.28061236254871
 30
1070.0
 70
32
  0
VERTEX
  5
433
330
17
100
AcDbEntity
  8
TOPO-CONTOUR-MAJOR
100
AcDbVertex
100
AcDb3dPolylineVertex
 10
83.21883768943142
 20
-79.31107046734542
 30
1070.0
 70
32
  0
VERTEX
  5
434
330
17
100
AcDbEntity
  8
TOPO-CONTOUR-MAJOR
100
AcDbVertex
100
AcDb3dPolylineVertex
 10
82.74904944880996
 20
-80.31868499424309
 30
1070.0
 70
32
  0
VERTEX
  5
435
330
17
100
AcDbEntity
  8
TOPO-CONTOUR-MAJOR
100
AcDbVertex
100
AcDb3dPolylineVertex
 10
80.128320693316
 20
-83.34152857307345
 30
1070.0
 70
32
  0
VERTEX
  5
436
330
17
100
AcDbEntity
  8
TOPO-CONTOUR-MAJOR
100
AcDbVertex
100
AcDb3dPolylineVertex
 10
78.21457866482251
 20
-87.0284992450113
 30
1070.0
 70
32
  0
VERTEX
  5
437
330
17
100
AcDbEntity
  8
TOPO-CONTOUR-MAJOR
100
AcDbVertex
100
AcDb3dPolylineVertex
 10
77.20696413841324
 20
-87.8583931045725
 30
1070.0
 70
32
  0
VERTEX
  5
438
330
17
100
AcDbEntity
  8
TOPO-CONTOUR-MAJOR
100
AcDbVertex
100
AcDb3dPolylineVertex
 10
70.15366245355017
 20
-89.18654355800015
 30
1070.0
 70
32
  0
VERTEX
  5
439
330
17
100
AcDbEntity
  8
TOPO-CONTOUR-MAJOR
100
AcDbVertex
100
AcDb3dPolylineVertex
 10
68.13843340073163
 20
-88.50781077836845
 30
1070.0
 70
32
  0
VERTEX
  5
43A
330
17
100
AcDbEntity
  8
TOPO-CONTOUR-MAJOR
100
AcDbVertex
100
AcDb3dPolylineVertex
 10
65.11558982150473
 20
-86.62314712874152
 30
1070.0
 70
32
  0
VERTEX
  5
43B
330
17
100
AcDbEntity
  8
TOPO-CONTOUR-MAJOR
100
AcDbVertex
100
AcDb3dPolylineVertex
 10
62.09274624227783
 20
-85.91609784166872
 30
1070.0
 70
32
  0
VERTEX
  5
43C
330
17
100
AcDbEntity
  8
TOPO-CONTOUR-MAJOR
100
AcDbVertex
100
AcDb3dPolylineVertex
 10
59.069902663050925
 20
-84.38622069698684
 30
1070.0
 70
32
  0
VERTEX
  5
43D
330
17
100
AcDbEntity
  8
TOPO-CONTOUR-MAJOR
100
AcDbVertex
100
AcDb3dPolylineVertex
 10
55.039444557414754
 20
-83.25596581712645
 30
1070.0
 70
32
  0
VERTEX
  5
43E
330
17
100
AcDbEntity
  8
TOPO-CONTOUR-MAJOR
100
AcDbVertex
100
AcDb3dPolylineVertex
 10
47.98614287255077
 20
-78.47613592651123
 30
1070.0
 70
32
  0
VERTEX
  5
43F
330
17
100
AcDbEntity
  8
TOPO-CONTOUR-MAJOR
100
AcDbVertex
100
AcDb3dPolylineVertex
 10
46.88457975046061
 20
-77.2958414144814
 30
1070.0
 70
32
  0
VERTEX
  5
440
330
17
100
AcDbEntity
  8
TOPO-CONTOUR-MAJOR
100
AcDbVertex
100
AcDb3dPolylineVertex
 10
45.94567740806933
 20
-75.28061236254871
 30
1070.0
 70
32
  0
VERTEX
  5
441
330
17
100
AcDbEntity
  8
TOPO-CONTOUR-MAJOR
100
AcDbVertex
100
AcDb3dPolylineVertex
 10
45.81995669301684
 20
-74.27299783565104
 30
1070.0
 70
32
  0
VERTEX
  5
442
330
17
100
AcDbEntity
  8
TOPO-CONTOUR-MAJOR
100
AcDbVertex
100
AcDb3dPolylineVertex
 10
46.32347698997502
 20
-70.24253972992301
 30
1070.0
 70
32
  0
VERTEX
  5
443
330
17
100
AcDbEntity
  8
TOPO-CONTOUR-MAJOR
100
AcDbVertex
100
AcDb3dPolylineVertex
 10
45.14304198004092
 20
-68.227310677059
 30
1070.0
 70
32
  0
VERTEX
  5
444
330
17
100
AcDbEntity
  8
TOPO-CONTOUR-MAJOR
100
AcDbVertex
100
AcDb3dPolylineVertex
 10
43.9556847669146
 20
-67.16039854687135
 30
1070.0
 70
32
  0
VERTEX
  5
445
330
17
100
AcDbEntity
  8
TOPO-CONTOUR-MAJOR
100
AcDbVertex
100
AcDb3dPolylineVertex
 10
42.94807024050624
 20
-66.92834863222888
 30
1070.0
 70
32
  0
VERTEX
  5
446
330
17
100
AcDbEntity
  8
TOPO-CONTOUR-MAJOR
100
AcDbVertex
100
AcDb3dPolylineVertex
 10
39.92522666127843
 20
-67.77483130966533
 30
1070.0
 70
32
  0
VERTEX
  5
447
330
17
100
AcDbEntity
  8
TOPO-CONTOUR-MAJOR
100
AcDbVertex
100
AcDb3dPolylineVertex
 10
38.91761213486916
 20
-67.6440705277032
 30
1070.0
 70
32
  0
VERTEX
  5
448
330
17
100
AcDbEntity
  8
TOPO-CONTOUR-MAJOR
100
AcDbVertex
100
AcDb3dPolylineVertex
 10
35.89476855564226
 20
-66.05630594932526
 30
1070.0
 70
32
  0
VERTEX
  5
449
330
17
100
AcDbEntity
  8
TOPO-CONTOUR-MAJOR
100
AcDbVertex
100
AcDb3dPolylineVertex
 10
32.07073426510453
 20
-65.20446709822863
 30
1070.0
 70
32
  0
VERTEX
  5
44A
330
17
100
AcDbEntity
  8
TOPO-CONTOUR-MAJOR
100
AcDbVertex
100
AcDb3dPolylineVertex
 10
30.786125581566715
 20
-64.19685257133096
 30
1070.0
 70
32
  0
VERTEX
  5
44B
330
17
100
AcDbEntity
  8
TOPO-CONTOUR-MAJOR
100
AcDbVertex
100
AcDb3dPolylineVertex
 10
30.32476120555709
 20
-63.18923804536462
 30
1070.0
 70
32
  0
VERTEX
  5
44C
330
17
100
AcDbEntity
  8
TOPO-CONTOUR-MAJOR
100
AcDbVertex
100
AcDb3dPolylineVertex
 10
30.40080126257328
 20
-62.18162351846695
 30
1070.0
 70
32
  0
VERTEX
  5
44D
330
17
100
AcDbEntity
  8
TOPO-CONTOUR-MAJOR
100
AcDbVertex
100
AcDb3dPolylineVertex
 10
31.277937354109678
 20
-61.1740089925006
 30
1070.0
 70
32
  0
VERTEX
  5
44E
330
17
100
AcDbEntity
  8
TOPO-CONTOUR-MAJOR
100
AcDbVertex
100
AcDb3dPolylineVertex
 10
35.89476855564226
 20
-59.60349844383687
 30
1070.0
 70
32
  0
VERTEX
  5
44F
330
17
100
AcDbEntity
  8
TOPO-CONTOUR-MAJOR
100
AcDbVertex
100
AcDb3dPolylineVertex
 10
38.91761213486916
 20
-59.04705988041292
 30
1070.0
 70
32
  0
VERTEX
  5
450
330
17
100
AcDbEntity
  8
TOPO-CONTOUR-MAJOR
100
AcDbVertex
100
AcDb3dPolylineVertex
 10
40.33395005421974
 20
-58.15116541273892
 30
1070.0
 70
32
  0
VERTEX
  5
451
330
17
100
AcDbEntity
  8
TOPO-CONTOUR-MAJOR
100
AcDbVertex
100
AcDb3dPolylineVertex
 10
41.94045571409697
 20
-56.16069334834195
 30
1070.0
 70
32
  0
VERTEX
  5
452
330
17
100
AcDbEntity
  8
TOPO-CONTOUR-MAJOR
100
AcDbVertex
100
AcDb3dPolylineVertex
 10
42.11210125695808
 20
-54.12070730794221
 30
1070.0
 70
32
  0
VERTEX
  5
453
330
17
100
AcDbEntity
  8
TOPO-CONTOUR-MAJOR
100
AcDbVertex
100
AcDb3dPolylineVertex
 10
41.48261455314683
 20
-50.09024920221418
 30
1070.0
 70
32
  0
VERTEX
  5
454
330
17
100
AcDbEntity
  8
TOPO-CONTOUR-MAJOR
100
AcDbVertex
100
AcDb3dPolylineVertex
 10
40.9328411876877
 20
-49.70863629459606
 30
1070.0
 70
32
  0
VERTEX
  5
455
330
17
100
AcDbEntity
  8
TOPO-CONTOUR-MAJOR
100
AcDbVertex
100
AcDb3dPolylineVertex
 10
39.92522666127843
 20
-49.61643692738899
 30
1070.0
 70
32
  0
VERTEX
  5
456
330
17
100
AcDbEntity
  8
TOPO-CONTOUR-MAJOR
100
AcDbVertex
100
AcDb3dPolylineVertex
 10
37.9099976084608
 20
-49.85271133279412
 30
1070.0
 70
32
  0
VERTEX
  5
457
330
17
100
AcDbEntity
  8
TOPO-CONTOUR-MAJOR
100
AcDbVertex
100
AcDb3dPolylineVertex
 10
35.89476855564226
 20
-50.505860667490026
 30
1070.0
 70
32
  0
VERTEX
  5
458
330
17
100
AcDbEntity
  8
TOPO-CONTOUR-MAJOR
100
AcDbVertex
100
AcDb3dPolylineVertex
 10
29.849081397188456
 20
-53.890884494163515
 30
1070.0
 70
32
  0
VERTEX
  5
459
330
17
100
AcDbEntity
  8
TOPO-CONTOUR-MAJOR
100
AcDbVertex
100
AcDb3dPolylineVertex
 10
28.207648423575137
 20
-55.12832183390856
 30
1070.0
 70
32
  0
VERTEX
  5
45A
330
17
100
AcDbEntity
  8
TOPO-CONTOUR-MAJOR
100
AcDbVertex
100
AcDb3dPolylineVertex
 10
26.402399011113722
 20
-57.14355088677257
 30
1070.0
 70
32
  0
VERTEX
  5
45B
330
17
100
AcDbEntity
  8
TOPO-CONTOUR-MAJOR
100
AcDbVertex
100
AcDb3dPolylineVertex
 10
22.861280953159355
 20
-64.19685257133096
 30
1070.0
 70
32
  0
VERTEX
  5
45C
330
17
100
AcDbEntity
  8
TOPO-CONTOUR-MAJOR
100
AcDbVertex
100
AcDb3dPolylineVertex
 10
22.3912211478267
 20
-72.25776878278702
 30
1070.0
 70
32
  0
VERTEX
  5
45D
330
17
100
AcDbEntity
  8
TOPO-CONTOUR-MAJOR
100
AcDbVertex
100
AcDb3dPolylineVertex
 10
21.40062434761534
 20
-78.30345594137907
 30
1070.0
 70
32
  0
VERTEX
  5
45E
330
17
100
AcDbEntity
  8
TOPO-CONTOUR-MAJOR
100
AcDbVertex
100
AcDb3dPolylineVertex
 10
18.30026552243372
 20
-88.37960120569915
 30
1070.0
 70
32
  0
VERTEX
  5
45F
330
17
100
AcDbEntity
  8
TOPO-CONTOUR-MAJOR
100
AcDbVertex
100
AcDb3dPolylineVertex
 10
17.207870476656424
 20
-94.42528836429119
 30
1070.0
 70
32
  0
VERTEX
  5
460
330
17
100
AcDbEntity
  8
TOPO-CONTOUR-MAJOR
100
AcDbVertex
100
AcDb3dPolylineVertex
 10
17.142991412569685
 20
-98.4557464690879
 30
1070.0
 70
32
  0
VERTEX
  5
461
330
17
100
AcDbEntity
  8
TOPO-CONTOUR-MAJOR
100
AcDbVertex
100
AcDb3dPolylineVertex
 10
16.393115283095373
 20
-102.48620457481593
 30
1070.0
 70
32
  0
VERTEX
  5
462
330
17
100
AcDbEntity
  8
TOPO-CONTOUR-MAJOR
100
AcDbVertex
100
AcDb3dPolylineVertex
 10
17.281268054024864
 20
-111.55473531316966
 30
1070.0
 70
32
  0
VERTEX
  5
463
330
17
100
AcDbEntity
  8
TOPO-CONTOUR-MAJOR
100
AcDbVertex
100
AcDb3dPolylineVertex
 10
15.522877925694253
 20
-120.62326605059206
 30
1070.0
 70
32
  0
VERTEX
  5
464
330
17
100
AcDbEntity
  8
TOPO-CONTOUR-MAJOR
100
AcDbVertex
100
AcDb3dPolylineVertex
 10
15.070111699272184
 20
-124.6537241563201
 30
1070.0
 70
32
  0
VERTEX
  5
465
330
17
100
AcDbEntity
  8
TOPO-CONTOUR-MAJOR
100
AcDbVertex
100
AcDb3dPolylineVertex
 10
10.793615003656765
 20
-132.71464036777616
 30
1070.0
 70
32
  0
VERTEX
  5
466
330
17
100
AcDbEntity
  8
TOPO-CONTOUR-MAJOR
100
AcDbVertex
100
AcDb3dPolylineVertex
 10
10.259434243327085
 20
-134.72986942064017
 30
1070.0
 70
32
  0
VERTEX
  5
467
330
17
100
AcDbEntity
  8
TOPO-CONTOUR-MAJOR
100
AcDbVertex
100
AcDb3dPolylineVertex
 10
10.177012597452604
 20
-137.75271299947053
 30
1070.0
 70
32
  0
VERTEX
  5
468
330
17
100
AcDbEntity
  8
TOPO-CONTOUR-MAJOR
100
AcDbVertex
100
AcDb3dPolylineVertex
 10
9.527674170062062
 20
-140.7755565783009
 30
1070.0
 70
32
  0
VERTEX
  5
469
330
17
100
AcDbEntity
  8
TOPO-CONTOUR-MAJOR
100
AcDbVertex
100
AcDb3dPolylineVertex
 10
9.524667055198362
 20
-141.78317110519856
 30
1070.0
 70
32
  0
VERTEX
  5
46A
330
17
100
AcDbEntity
  8
TOPO-CONTOUR-MAJOR
100
AcDbVertex
100
AcDb3dPolylineVertex
 10
9.936372514071419
 20
-142.7907856311649
 30
1070.0
 70
32
  0
VERTEX
  5
46B
330
17
100
AcDbEntity
  8
TOPO-CONTOUR-MAJOR
100
AcDbVertex
100
AcDb3dPolylineVertex
 10
11.712019921825231
 20
-144.71599881421687
 30
1070.0
 70
32
  0
VERTEX
  5
46C
330
17
100
AcDbEntity
  8
TOPO-CONTOUR-MAJOR
100
AcDbVertex
100
AcDb3dPolylineVertex
 10
15.742478027461402
 20
-147.62610216530163
 30
1070.0
 70
32
  0
VERTEX
  5
46D
330
17
100
AcDbEntity
  8
TOPO-CONTOUR-MAJOR
100
AcDbVertex
100
AcDb3dPolylineVertex
 10
20.272609052653806
 20
-153.87454542238265
 30
1070.0
 70
32
  0
VERTEX
  5
46E
330
17
100
AcDbEntity
  8
TOPO-CONTOUR-MAJOR
100
AcDbVertex
100
AcDb3dPolylineVertex
 10
22.545153772473135
 20
-157.90500352717936
 30
1070.0
 70
32
  0
VERTEX
  5
46F
330
17
100
AcDbEntity
  8
TOPO-CONTOUR-MAJOR
100
AcDbVertex
100
AcDb3dPolylineVertex
 10
23.803394238733745
 20
-164.23571296691205
 30
1070.0
 70
32
  0
VERTEX
  5
470
330
17
100
AcDbEntity
  8
TOPO-CONTOUR-MAJOR
100
AcDbVertex
100
AcDb3dPolylineVertex
 10
27.833852344369916
 20
-171.62905318745283
 30
1070.0
 70
32
  0
VERTEX
  5
471
330
17
100
AcDbEntity
  8
TOPO-CONTOUR-MAJOR
100
AcDbVertex
100
AcDb3dPolylineVertex
 10
30.856695923596817
 20
-173.75313598021643
 30
1070.0
 70
32
  0
VERTEX
  5
472
330
17
100
AcDbEntity
  8
TOPO-CONTOUR-MAJOR
100
AcDbVertex
100
AcDb3dPolylineVertex
 10
34.8871540292339
 20
-175.5081686930567
 30
1070.0
 70
32
  0
VERTEX
  5
473
330
17
100
AcDbEntity
  8
TOPO-CONTOUR-MAJOR
100
AcDbVertex
100
AcDb3dPolylineVertex
 10
41.94045571409697
 20
-175.98643243610917
 30
1070.0
 70
32
  0
VERTEX
  5
474
330
17
100
AcDbEntity
  8
TOPO-CONTOUR-MAJOR
100
AcDbVertex
100
AcDb3dPolylineVertex
 10
46.97852834614241
 20
-176.78268834615025
 30
1070.0
 70
32
  0
VERTEX
  5
475
330
17
100
AcDbEntity
  8
TOPO-CONTOUR-MAJOR
100
AcDbVertex
100
AcDb3dPolylineVertex
 10
51.00898645177858
 20
-176.24459883784164
 30
1070.0
 70
32
  0
VERTEX
  5
476
330
17
100
AcDbEntity
  8
TOPO-CONTOUR-MAJOR
100
AcDbVertex
100
AcDb3dPolylineVertex
 10
52.01660097818694
 20
-175.57657901907777
 30
1070.0
 70
32
  0
VERTEX
  5
477
330
17
100
AcDbEntity
  8
TOPO-CONTOUR-MAJOR
100
AcDbVertex
100
AcDb3dPolylineVertex
 10
54.034043646464376
 20
-173.01922142412513
 30
1070.0
 70
32
  0
VERTEX
  5
478
330
17
100
AcDbEntity
  8
TOPO-CONTOUR-MAJOR
100
AcDbVertex
100
AcDb3dPolylineVertex
 10
55.039444557414754
 20
-172.28160382198593
 30
1070.0
 70
32
  0
VERTEX
  5
479
330
17
100
AcDbEntity
  8
TOPO-CONTOUR-MAJOR
100
AcDbVertex
100
AcDb3dPolylineVertex
 10
60.077517189459286
 20
-170.94345682535828
 30
1070.0
 70
32
  0
VERTEX
  5
47A
330
17
100
AcDbEntity
  8
TOPO-CONTOUR-MAJOR
100
AcDbVertex
100
AcDb3dPolylineVertex
 10
61.12750721528662
 20
-169.99637784436345
 30
1070.0
 70
32
  0
VERTEX
  5
47B
330
17
100
AcDbEntity
  8
TOPO-CONTOUR-MAJOR
100
AcDbVertex
100
AcDb3dPolylineVertex
 10
62.61298027308912
 20
-166.9735342655331
 30
1070.0
 70
32
  0
VERTEX
  5
47C
330
17
100
AcDbEntity
  8
TOPO-CONTOUR-MAJOR
100
AcDbVertex
100
AcDb3dPolylineVertex
 10
64.54227179677875
 20
-164.95830521266907
 30
1070.0
 70
32
  0
VERTEX
  5
47D
330
17
100
AcDbEntity
  8
TOPO-CONTOUR-MAJOR
100
AcDbVertex
100
AcDb3dPolylineVertex
 10
66.123204347914
 20
-164.45057472594846
 30
1070.0
 70
32
  0
VERTEX
  5
47E
330
17
100
AcDbEntity
  8
TOPO-CONTOUR-MAJOR
100
AcDbVertex
100
AcDb3dPolylineVertex
 10
69.1460479271409
 20
-164.87515643286187
 30
1070.0
 70
32
  0
VERTEX
  5
47F
330
17
100
AcDbEntity
  8
TOPO-CONTOUR-MAJOR
100
AcDbVertex
100
AcDb3dPolylineVertex
 10
69.89431732668467
 20
-163.9506906857714
 30
1070.0
 70
32
  0
VERTEX
  5
480
330
17
100
AcDbEntity
  8
TOPO-CONTOUR-MAJOR
100
AcDbVertex
100
AcDb3dPolylineVertex
 10
70.2177553227176
 20
-161.9354616329074
 30
1070.0
 70
32
  0
VERTEX
  5
481
330
17
100
AcDbEntity
  8
TOPO-CONTOUR-MAJOR
100
AcDbVertex
100
AcDb3dPolylineVertex
 10
71.59504917909285
 20
-159.92023258004338
 30
1070.0
 70
32
  0
VERTEX
  5
482
330
17
100
AcDbEntity
  8
TOPO-CONTOUR-MAJOR
100
AcDbVertex
100
AcDb3dPolylineVertex
 10
73.17650603277707
 20
-156.60976955856495
 30
1070.0
 70
32
  0
VERTEX
  5
483
330
17
100
AcDbEntity
  8
TOPO-CONTOUR-MAJOR
100
AcDbVertex
100
AcDb3dPolylineVertex
 10
74.18412055918634
 20
-155.39267200650727
 30
1070.0
 70
32
  0
VERTEX
  5
484
330
17
100
AcDbEntity
  8
TOPO-CONTOUR-MAJOR
100
AcDbVertex
100
AcDb3dPolylineVertex
 10
76.47502965719342
 20
-153.87454542238265
 30
1070.0
 70
32
  0
VERTEX
  5
485
330
17
100
AcDbEntity
  8
TOPO-CONTOUR-MAJOR
100
AcDbVertex
100
AcDb3dPolylineVertex
 10
79.22219319123178
 20
-152.67213038238762
 30
1070.0
 70
32
  0
VERTEX
  5
486
330
17
100
AcDbEntity
  8
TOPO-CONTOUR-MAJOR
100
AcDbVertex
100
AcDb3dPolylineVertex
 10
87.28310940250412
 20
-151.53433318615785
 30
1070.0
 70
32
  0
VERTEX
  5
487
330
17
100
AcDbEntity
  8
TOPO-CONTOUR-MAJOR
100
AcDbVertex
100
AcDb3dPolylineVertex
 10
96.35164014018574
 20
-152.94096729527354
 30
1070.0
 70
32
  0
VERTEX
  5
488
330
17
100
AcDbEntity
  8
TOPO-CONTOUR-MAJOR
100
AcDbVertex
100
AcDb3dPolylineVertex
 10
97.43257706223658
 20
-153.87454542238265
 30
1070.0
 70
32
  0
VERTEX
  5
489
330
17
100
AcDbEntity
  8
TOPO-CONTOUR-MAJOR
100
AcDbVertex
100
AcDb3dPolylineVertex
 10
98.04246561097173
 20
-154.882159948349
 30
1070.0
 70
32
  0
VERTEX
  5
48A
330
17
100
AcDbEntity
  8
TOPO-CONTOUR-MAJOR
100
AcDbVertex
100
AcDb3dPolylineVertex
 10
98.4339348628106
 20
-157.90500352717936
 30
1070.0
 70
32
  0
VERTEX
  5
48B
330
17
100
AcDbEntity
  8
TOPO-CONTOUR-MAJOR
100
AcDbVertex
100
AcDb3dPolylineVertex
 10
99.92160476107529
 20
-161.9354616329074
 30
1070.0
 70
32
  0
VERTEX
  5
48C
330
17
100
AcDbEntity
  8
TOPO-CONTOUR-MAJOR
100
AcDbVertex
100
AcDb3dPolylineVertex
 10
100.62672585939296
 20
-168.9887633183971
 30
1070.0
 70
32
  0
VERTEX
  5
48D
330
17
100
AcDbEntity
  8
TOPO-CONTOUR-MAJOR
100
AcDbVertex
100
AcDb3dPolylineVertex
 10
98.06414806142087
 20
-175.03445047698915
 30
1070.0
 70
32
  0
VERTEX
  5
48E
330
17
100
AcDbEntity
  8
TOPO-CONTOUR-MAJOR
100
AcDbVertex
100
AcDb3dPolylineVertex
 10
94.3364110873672
 20
-177.91334875650423
 30
1070.0
 70
32
  0
VERTEX
  5
48F
330
17
100
AcDbEntity
  8
TOPO-CONTOUR-MAJOR
100
AcDbVertex
100
AcDb3dPolylineVertex
 10
93.78025309860033
 20
-179.06490858178586
 30
1070.0
 70
32
  0
VERTEX
  5
490
330
17
100
AcDbEntity
  8
TOPO-CONTOUR-MAJOR
100
AcDbVertex
100
AcDb3dPolylineVertex
 10
94.25032993044795
 20
-180.07252310868353
 30
1070.0
 70
32
  0
VERTEX
  5
491
330
17
100
AcDbEntity
  8
TOPO-CONTOUR-MAJOR
100
AcDbVertex
100
AcDb3dPolylineVertex
 10
96.35164014018574
 20
-182.1900188311853
 30
1070.0
 70
32
  0
VERTEX
  5
492
330
17
100
AcDbEntity
  8
TOPO-CONTOUR-MAJOR
100
AcDbVertex
100
AcDb3dPolylineVertex
 10
96.6138762670206
 20
-184.10298121441156
 30
1070.0
 70
32
  0
VERTEX
  5
493
330
17
100
AcDbEntity
  8
TOPO-CONTOUR-MAJOR
100
AcDbVertex
100
AcDb3dPolylineVertex
 10
96.28588697094953
 20
-185.0
 30
1070.0
 70
32
  0
SEQEND
  5
3CC
330
3CB
100
AcDbEntity
  8
TOPO-CONTOUR-MAJOR
  0
POLYLINE
  5
494
330
17
100
AcDbEntity
  8
TOPO-CONTOUR-MINOR
100
AcDb3dPolyline
 66
1
 10
0.0
 20
0.0
 30
0.0
 70
8
  0
VERTEX
  5
496
330
17
100
AcDbEntity
  8
TOPO-CONTOUR-MINOR
100
AcDbVertex
100
AcDb3dPolylineVertex
 10
201.52528609264706
 20
415.0
 30
1071.0
 70
32
  0
VERTEX
  5
497
330
17
100
AcDbEntity
  8
TOPO-CONTOUR-MINOR
100
AcDbVertex
100
AcDb3dPolylineVertex
 10
203.15877993954473
 20
412.42886417729284
 30
1071.0
 70
32
  0
VERTEX
  5
498
330
17
100
AcDbEntity
  8
TOPO-CONTOUR-MINOR
100
AcDbVertex
100
AcDb3dPolylineVertex
 10
207.20893062479993
 20
407.3667457876727
 30
1071.0
 70
32
  0
VERTEX
  5
499
330
17
100
AcDbEntity
  8
TOPO-CONTOUR-MINOR
100
AcDbVertex
100
AcDb3dPolylineVertex
 10
212.0581543779484
 20
402.3286731559783
 30
1071.0
 70
32
  0
VERTEX
  5
49A
330
17
100
AcDbEntity
  8
TOPO-CONTOUR-MINOR
100
AcDbVertex
100
AcDb3dPolylineVertex
 10
216.85260270249344
 20
398.2982150502503
 30
1071.0
 70
32
  0
VERTEX
  5
49B
330
17
100
AcDbEntity
  8
TOPO-CONTOUR-MINOR
100
AcDbVertex
100
AcDb3dPolylineVertex
 10
227.61668834191545
 20
391.2449133656919
 30
1071.0
 70
32
  0
VERTEX
  5
49C
330
17
100
AcDbEntity
  8
TOPO-CONTOUR-MINOR
100
AcDbVertex
100
AcDb3dPolylineVertex
 10
228.5574793993546
 20
390.23729883879423
 30
1071.0
 70
32
  0
VERTEX
  5
49D
330
17
100
AcDbEntity
  8
TOPO-CONTOUR-MINOR
100
AcDbVertex
100
AcDb3dPolylineVertex
 10
228.49378437940905
 20
389.2296843128279
 30
1071.0
 70
32
  0
VERTEX
  5
49E
330
17
100
AcDbEntity
  8
TOPO-CONTOUR-MINOR
100
AcDbVertex
100
AcDb3dPolylineVertex
 10
225.32629952054322
 20
387.9467411807736
 30
1071.0
 70
32
  0
VERTEX
  5
49F
330
17
100
AcDbEntity
  8
TOPO-CONTOUR-MINOR
100
AcDbVertex
100
AcDb3dPolylineVertex
 10
219.2806123620894
 20
387.4463428752732
 30
1071.0
 70
32
  0
VERTEX
  5
4A0
330
17
100
AcDbEntity
  8
TOPO-CONTOUR-MINOR
100
AcDbVertex
100
AcDb3dPolylineVertex
 10
214.24253973004397
 20
387.68998634271253
 30
1071.0
 70
32
  0
VERTEX
  5
4A1
330
17
100
AcDbEntity
  8
TOPO-CONTOUR-MINOR
100
AcDbVertex
100
AcDb3dPolylineVertex
 10
210.2120816244078
 20
388.6915400310735
 30
1071.0
 70
32
  0
VERTEX
  5
4A2
330
17
100
AcDbEntity
  8
TOPO-CONTOUR-MINOR
100
AcDbVertex
100
AcDb3dPolylineVertex
 10
205.17400899236236
 20
390.8761088892877
 30
1071.0
 70
32
  0
VERTEX
  5
4A3
330
17
100
AcDbEntity
  8
TOPO-CONTOUR-MINOR
100
AcDbVertex
100
AcDb3dPolylineVertex
 10
196.61787211865726
 20
395.2753714704886
 30
1071.0
 70
32
  0
VERTEX
  5
4A4
330
17
100
AcDbEntity
  8
TOPO-CONTOUR-MINOR
100
AcDbVertex
100
AcDb3dPolylineVertex
 10
186.02933299059077
 20
404.23192298661155
 30
1071.0
 70
32
  0
VERTEX
  5
4A5
330
17
100
AcDbEntity
  8
TOPO-CONTOUR-MINOR
100
AcDbVertex
100
AcDb3dPolylineVertex
 10
184.01410393777223
 20
405.3936908071601
 30
1071.0
 70
32
  0
VERTEX
  5
4A6
330
17
100
AcDbEntity
  8
TOPO-CONTOUR-MINOR
100
AcDbVertex
100
AcDb3dPolylineVertex
 10
183.00648941136296
 20
405.12110691719636
 30
1071.0
 70
32
  0
VERTEX
  5
4A7
330
17
100
AcDbEntity
  8
TOPO-CONTOUR-MINOR
100
AcDbVertex
100
AcDb3dPolylineVertex
 10
182.6493778065613
 20
404.34390220884234
 30
1071.0
 70
32
  0
VERTEX
  5
4A8
330
17
100
AcDbEntity
  8
TOPO-CONTOUR-MINOR
100
AcDbVertex
100
AcDb3dPolylineVertex
 10
182.4988595158964
 20
402.3286731559783
 30
1071.0
 70
32
  0
VERTEX
  5
4A9
330
17
100
AcDbEntity
  8
TOPO-CONTOUR-MINOR
100
AcDbVertex
100
AcDb3dPolylineVertex
 10
183.2068157532078
 20
399.30582957621664
 30
1071.0
 70
32
  0
VERTEX
  5
4AA
330
17
100
AcDbEntity
  8
TOPO-CONTOUR-MINOR
100
AcDbVertex
100
AcDb3dPolylineVertex
 10
186.89701413506896
 20
392.25252789165825
 30
1071.0
 70
32
  0
VERTEX
  5
4AB
330
17
100
AcDbEntity
  8
TOPO-CONTOUR-MINOR
100
AcDbVertex
100
AcDb3dPolylineVertex
 10
191.89938922577437
 20
385.19922620709985
 30
1071.0
 70
32
  0
VERTEX
  5
4AC
330
17
100
AcDbEntity
  8
TOPO-CONTOUR-MINOR
100
AcDbVertex
100
AcDb3dPolylineVertex
 10
192.37045742716833
 20
384.1916116802022
 30
1071.0
 70
32
  0
VERTEX
  5
4AD
330
17
100
AcDbEntity
  8
TOPO-CONTOUR-MINOR
100
AcDbVertex
100
AcDb3dPolylineVertex
 10
192.02136997870497
 20
382.1763826273381
 30
1071.0
 70
32
  0
VERTEX
  5
4AE
330
17
100
AcDbEntity
  8
TOPO-CONTOUR-MINOR
100
AcDbVertex
100
AcDb3dPolylineVertex
 10
192.29541158911013
 20
381.1687681013718
 30
1071.0
 70
32
  0
VERTEX
  5
4AF
330
17
100
AcDbEntity
  8
TOPO-CONTOUR-MINOR
100
AcDbVertex
100
AcDb3dPolylineVertex
 10
194.34762565579192
 20
380.16115357447416
 30
1071.0
 70
32
  0
VERTEX
  5
4B0
330
17
100
AcDbEntity
  8
TOPO-CONTOUR-MINOR
100
AcDbVertex
100
AcDb3dPolylineVertex
 10
206.18162351877163
 20
376.71938881811116
 30
1071.0
 70
32
  0
VERTEX
  5
4B1
330
17
100
AcDbEntity
  8
TOPO-CONTOUR-MINOR
100
AcDbVertex
100
AcDb3dPolylineVertex
 10
214.1560657149654
 20
372.1002373639494
 30
1071.0
 70
32
  0
VERTEX
  5
4B2
330
17
100
AcDbEntity
  8
TOPO-CONTOUR-MINOR
100
AcDbVertex
100
AcDb3dPolylineVertex
 10
215.39471318270813
 20
371.09262283705175
 30
1071.0
 70
32
  0
VERTEX
  5
4B3
330
17
100
AcDbEntity
  8
TOPO-CONTOUR-MINOR
100
AcDbVertex
100
AcDb3dPolylineVertex
 10
215.68794344440911
 20
370.0850083110854
 30
1071.0
 70
32
  0
VERTEX
  5
4B4
330
17
100
AcDbEntity
  8
TOPO-CONTOUR-MINOR
100
AcDbVertex
100
AcDb3dPolylineVertex
 10
214.6182196783583
 20
369.07739378418773
 30
1071.0
 70
32
  0
VERTEX
  5
4B5
330
17
100
AcDbEntity
  8
TOPO-CONTOUR-MINOR
100
AcDbVertex
100
AcDb3dPolylineVertex
 10
206.18162351877163
 20
364.98821894605965
 30
1071.0
 70
32
  0
VERTEX
  5
4B6
330
17
100
AcDbEntity
  8
TOPO-CONTOUR-MINOR
100
AcDbVertex
100
AcDb3dPolylineVertex
 10
200.13593636031692
 20
363.03330395725465
 30
1071.0
 70
32
  0
VERTEX
  5
4B7
330
17
100
AcDbEntity
  8
TOPO-CONTOUR-MINOR
100
AcDbVertex
100
AcDb3dPolylineVertex
 10
198.506265353238
 20
362.02409209962934
 30
1071.0
 70
32
  0
VERTEX
  5
4B8
330
17
100
AcDbEntity
  8
TOPO-CONTOUR-MINOR
100
AcDbVertex
100
AcDb3dPolylineVertex
 10
196.77209131150516
 20
359.00124851986766
 30
1071.0
 70
32
  0
VERTEX
  5
4B9
330
17
100
AcDbEntity
  8
TOPO-CONTOUR-MINOR
100
AcDbVertex
100
AcDb3dPolylineVertex
 10
188.6041698808767
 20
347.91748872958124
 30
1071.0
 70
32
  0
VERTEX
  5
4BA
330
17
100
AcDbEntity
  8
TOPO-CONTOUR-MINOR
100
AcDbVertex
100
AcDb3dPolylineVertex
 10
187.9904523953776
 20
346.90987420361483
 30
1071.0
 70
32
  0
VERTEX
  5
4BB
330
17
100
AcDbEntity
  8
TOPO-CONTOUR-MINOR
100
AcDbVertex
100
AcDb3dPolylineVertex
 10
187.50091088431316
 20
344.8946451507509
 30
1071.0
 70
32
  0
VERTEX
  5
4BC
330
17
100
AcDbEntity
  8
TOPO-CONTOUR-MINOR
100
AcDbVertex
100
AcDb3dPolylineVertex
 10
188.0445620434084
 20
344.21758043723156
 30
1071.0
 70
32
  0
VERTEX
  5
4BD
330
17
100
AcDbEntity
  8
TOPO-CONTOUR-MINOR
100
AcDbVertex
100
AcDb3dPolylineVertex
 10
189.9076559730988
 20
344.8946451507509
 30
1071.0
 70
32
  0
VERTEX
  5
4BE
330
17
100
AcDbEntity
  8
TOPO-CONTOUR-MINOR
100
AcDbVertex
100
AcDb3dPolylineVertex
 10
197.11309278109002
 20
350.3403622485172
 30
1071.0
 70
32
  0
VERTEX
  5
4BF
330
17
100
AcDbEntity
  8
TOPO-CONTOUR-MINOR
100
AcDbVertex
100
AcDb3dPolylineVertex
 10
206.18162351877163
 20
354.6202036498351
 30
1071.0
 70
32
  0
VERTEX
  5
4C0
330
17
100
AcDbEntity
  8
TOPO-CONTOUR-MINOR
100
AcDbVertex
100
AcDb3dPolylineVertex
 10
212.22731067722543
 20
356.99673596777774
 30
1071.0
 70
32
  0
VERTEX
  5
4C1
330
17
100
AcDbEntity
  8
TOPO-CONTOUR-MINOR
100
AcDbVertex
100
AcDb3dPolylineVertex
 10
214.24253973004397
 20
357.34092217302646
 30
1071.0
 70
32
  0
VERTEX
  5
4C2
330
17
100
AcDbEntity
  8
TOPO-CONTOUR-MINOR
100
AcDbVertex
100
AcDb3dPolylineVertex
 10
216.2577687828616
 20
357.20550301730265
 30
1071.0
 70
32
  0
VERTEX
  5
4C3
330
17
100
AcDbEntity
  8
TOPO-CONTOUR-MINOR
100
AcDbVertex
100
AcDb3dPolylineVertex
 10
223.31107046772559
 20
355.23738479826756
 30
1071.0
 70
32
  0
VERTEX
  5
4C4
330
17
100
AcDbEntity
  8
TOPO-CONTOUR-MINOR
100
AcDbVertex
100
AcDb3dPolylineVertex
 10
225.5570931648283
 20
353.9631758881733
 30
1071.0
 70
32
  0
VERTEX
  5
4C5
330
17
100
AcDbEntity
  8
TOPO-CONTOUR-MINOR
100
AcDbVertex
100
AcDb3dPolylineVertex
 10
226.3339140469525
 20
352.2792321553664
 30
1071.0
 70
32
  0
VERTEX
  5
4C6
330
17
100
AcDbEntity
  8
TOPO-CONTOUR-MINOR
100
AcDbVertex
100
AcDb3dPolylineVertex
 10
226.2328931080831
 20
349.93271778244525
 30
1071.0
 70
32
  0
VERTEX
  5
4C7
330
17
100
AcDbEntity
  8
TOPO-CONTOUR-MINOR
100
AcDbVertex
100
AcDb3dPolylineVertex
 10
225.73537116002294
 20
347.91748872958124
 30
1071.0
 70
32
  0
VERTEX
  5
4C8
330
17
100
AcDbEntity
  8
TOPO-CONTOUR-MINOR
100
AcDbVertex
100
AcDb3dPolylineVertex
 10
224.45794304550978
 20
345.9022596767172
 30
1071.0
 70
32
  0
VERTEX
  5
4C9
330
17
100
AcDbEntity
  8
TOPO-CONTOUR-MINOR
100
AcDbVertex
100
AcDb3dPolylineVertex
 10
222.30345594131632
 20
344.27033203936605
 30
1071.0
 70
32
  0
VERTEX
  5
4CA
330
17
100
AcDbEntity
  8
TOPO-CONTOUR-MINOR
100
AcDbVertex
100
AcDb3dPolylineVertex
 10
215.57748458700365
 20
340.86418704502285
 30
1071.0
 70
32
  0
VERTEX
  5
4CB
330
17
100
AcDbEntity
  8
TOPO-CONTOUR-MINOR
100
AcDbVertex
100
AcDb3dPolylineVertex
 10
211.0248436187926
 20
337.84134346526116
 30
1071.0
 70
32
  0
VERTEX
  5
4CC
330
17
100
AcDbEntity
  8
TOPO-CONTOUR-MINOR
100
AcDbVertex
100
AcDb3dPolylineVertex
 10
208.19685257158926
 20
335.5638666098578
 30
1071.0
 70
32
  0
VERTEX
  5
4CD
330
17
100
AcDbEntity
  8
TOPO-CONTOUR-MINOR
100
AcDbVertex
100
AcDb3dPolylineVertex
 10
205.19365325728975
 20
331.79565630760044
 30
1071.0
 70
32
  0
VERTEX
  5
4CE
330
17
100
AcDbEntity
  8
TOPO-CONTOUR-MINOR
100
AcDbVertex
100
AcDb3dPolylineVertex
 10
202.15116541313546
 20
326.9714106763191
 30
1071.0
 70
32
  0
VERTEX
  5
4CF
330
17
100
AcDbEntity
  8
TOPO-CONTOUR-MINOR
100
AcDbVertex
100
AcDb3dPolylineVertex
 10
200.40482990143744
 20
322.7271255692467
 30
1071.0
 70
32
  0
VERTEX
  5
4D0
330
17
100
AcDbEntity
  8
TOPO-CONTOUR-MINOR
100
AcDbVertex
100
AcDb3dPolylineVertex
 10
200.13593636031692
 20
320.6543887925952
 30
1071.0
 70
32
  0
VERTEX
  5
4D1
330
17
100
AcDbEntity
  8
TOPO-CONTOUR-MINOR
100
AcDbVertex
100
AcDb3dPolylineVertex
 10
201.1435508867262
 20
317.45954243191784
 30
1071.0
 70
32
  0
VERTEX
  5
4D2
330
17
100
AcDbEntity
  8
TOPO-CONTOUR-MINOR
100
AcDbVertex
100
AcDb3dPolylineVertex
 10
204.16639446595306
 20
312.4343960349637
 30
1071.0
 70
32
  0
VERTEX
  5
4D3
330
17
100
AcDbEntity
  8
TOPO-CONTOUR-MINOR
100
AcDbVertex
100
AcDb3dPolylineVertex
 10
205.17400899236236
 20
311.363455392469
 30
1071.0
 70
32
  0
VERTEX
  5
4D4
330
17
100
AcDbEntity
  8
TOPO-CONTOUR-MINOR
100
AcDbVertex
100
AcDb3dPolylineVertex
 10
206.18162351877163
 20
310.88670112850116
 30
1071.0
 70
32
  0
VERTEX
  5
4D5
330
17
100
AcDbEntity
  8
TOPO-CONTOUR-MINOR
100
AcDbVertex
100
AcDb3dPolylineVertex
 10
209.20446709799853
 20
310.6927640089807
 30
1071.0
 70
32
  0
VERTEX
  5
4D6
330
17
100
AcDbEntity
  8
TOPO-CONTOUR-MINOR
100
AcDbVertex
100
AcDb3dPolylineVertex
 10
210.2120816244078
 20
310.31287953201866
 30
1071.0
 70
32
  0
VERTEX
  5
4D7
330
17
100
AcDbEntity
  8
TOPO-CONTOUR-MINOR
100
AcDbVertex
100
AcDb3dPolylineVertex
 10
211.21969615081707
 20
309.50434615736077
 30
1071.0
 70
32
  0
VERTEX
  5
4D8
330
17
100
AcDbEntity
  8
TOPO-CONTOUR-MINOR
100
AcDbVertex
100
AcDb3dPolylineVertex
 10
212.34164151010756
 20
306.6052931472659
 30
1071.0
 70
32
  0
VERTEX
  5
4D9
330
17
100
AcDbEntity
  8
TOPO-CONTOUR-MINOR
100
AcDbVertex
100
AcDb3dPolylineVertex
 10
213.2349252036347
 20
305.72392847936374
 30
1071.0
 70
32
  0
VERTEX
  5
4DA
330
17
100
AcDbEntity
  8
TOPO-CONTOUR-MINOR
100
AcDbVertex
100
AcDb3dPolylineVertex
 10
215.25015425645324
 20
305.37328074556467
 30
1071.0
 70
32
  0
VERTEX
  5
4DB
330
17
100
AcDbEntity
  8
TOPO-CONTOUR-MINOR
100
AcDbVertex
100
AcDb3dPolylineVertex
 10
227.34152857336176
 20
304.97405279302643
 30
1071.0
 70
32
  0
VERTEX
  5
4DC
330
17
100
AcDbEntity
  8
TOPO-CONTOUR-MINOR
100
AcDbVertex
100
AcDb3dPolylineVertex
 10
231.37198667899793
 20
306.28620394647953
 30
1071.0
 70
32
  0
VERTEX
  5
4DD
330
17
100
AcDbEntity
  8
TOPO-CONTOUR-MINOR
100
AcDbVertex
100
AcDb3dPolylineVertex
 10
232.49133590772956
 20
300.55960598867387
 30
1071.0
 70
32
  0
VERTEX
  5
4DE
330
17
100
AcDbEntity
  8
TOPO-CONTOUR-MINOR
100
AcDbVertex
100
AcDb3dPolylineVertex
 10
232.60322221584937
 20
298.54437693580985
 30
1071.0
 70
32
  0
VERTEX
  5
4DF
330
17
100
AcDbEntity
  8
TOPO-CONTOUR-MINOR
100
AcDbVertex
100
AcDb3dPolylineVertex
 10
232.0149537558715
 20
293.50630430318415
 30
1071.0
 70
32
  0
VERTEX
  5
4E0
330
17
100
AcDbEntity
  8
TOPO-CONTOUR-MINOR
100
AcDbVertex
100
AcDb3dPolylineVertex
 10
229.37840154977593
 20
286.45300261862576
 30
1071.0
 70
32
  0
VERTEX
  5
4E1
330
17
100
AcDbEntity
  8
TOPO-CONTOUR-MINOR
100
AcDbVertex
100
AcDb3dPolylineVertex
 10
228.71532143693548
 20
281.4149299869314
 30
1071.0
 70
32
  0
VERTEX
  5
4E2
330
17
100
AcDbEntity
  8
TOPO-CONTOUR-MINOR
100
AcDbVertex
100
AcDb3dPolylineVertex
 10
224.80607774924692
 20
276.3768573543057
 30
1071.0
 70
32
  0
VERTEX
  5
4E3
330
17
100
AcDbEntity
  8
TOPO-CONTOUR-MINOR
100
AcDbVertex
100
AcDb3dPolylineVertex
 10
223.6597502263969
 20
271.3387847226113
 30
1071.0
 70
32
  0
VERTEX
  5
4E4
330
17
100
AcDbEntity
  8
TOPO-CONTOUR-MINOR
100
AcDbVertex
100
AcDb3dPolylineVertex
 10
219.2806123620894
 20
266.54710411895206
 30
1071.0
 70
32
  0
VERTEX
  5
4E5
330
17
100
AcDbEntity
  8
TOPO-CONTOUR-MINOR
100
AcDbVertex
100
AcDb3dPolylineVertex
 10
216.14495420639577
 20
261.26263945829123
 30
1071.0
 70
32
  0
VERTEX
  5
4E6
330
17
100
AcDbEntity
  8
TOPO-CONTOUR-MINOR
100
AcDbVertex
100
AcDb3dPolylineVertex
 10
212.22731067722543
 20
256.8671067930941
 30
1071.0
 70
32
  0
VERTEX
  5
4E7
330
17
100
AcDbEntity
  8
TOPO-CONTOUR-MINOR
100
AcDbVertex
100
AcDb3dPolylineVertex
 10
208.19685257158926
 20
250.801217146277
 30
1071.0
 70
32
  0
VERTEX
  5
4E8
330
17
100
AcDbEntity
  8
TOPO-CONTOUR-MINOR
100
AcDbVertex
100
AcDb3dPolylineVertex
 10
200.13593636031692
 20
242.35250270877083
 30
1071.0
 70
32
  0
VERTEX
  5
4E9
330
17
100
AcDbEntity
  8
TOPO-CONTOUR-MINOR
100
AcDbVertex
100
AcDb3dPolylineVertex
 10
198.1207073074993
 20
241.04421039742905
 30
1071.0
 70
32
  0
VERTEX
  5
4EA
330
17
100
AcDbEntity
  8
TOPO-CONTOUR-MINOR
100
AcDbVertex
100
AcDb3dPolylineVertex
 10
194.0190878140293
 20
239.0951198777184
 30
1071.0
 70
32
  0
VERTEX
  5
4EB
330
17
100
AcDbEntity
  8
TOPO-CONTOUR-MINOR
100
AcDbVertex
100
AcDb3dPolylineVertex
 10
193.45944883964108
 20
238.08750535082072
 30
1071.0
 70
32
  0
VERTEX
  5
4EC
330
17
100
AcDbEntity
  8
TOPO-CONTOUR-MINOR
100
AcDbVertex
100
AcDb3dPolylineVertex
 10
192.46751142636077
 20
234.0570472450927
 30
1071.0
 70
32
  0
VERTEX
  5
4ED
330
17
100
AcDbEntity
  8
TOPO-CONTOUR-MINOR
100
AcDbVertex
100
AcDb3dPolylineVertex
 10
189.05217656981768
 20
229.5687767160098
 30
1071.0
 70
32
  0
VERTEX
  5
4EE
330
17
100
AcDbEntity
  8
TOPO-CONTOUR-MINOR
100
AcDbVertex
100
AcDb3dPolylineVertex
 10
188.4269140674228
 20
228.01136008743197
 30
1071.0
 70
32
  0
VERTEX
  5
4EF
330
17
100
AcDbEntity
  8
TOPO-CONTOUR-MINOR
100
AcDbVertex
100
AcDb3dPolylineVertex
 10
184.01410393777223
 20
210.17601792949242
 30
1071.0
 70
32
  0
VERTEX
  5
4F0
330
17
100
AcDbEntity
  8
TOPO-CONTOUR-MINOR
100
AcDbVertex
100
AcDb3dPolylineVertex
 10
183.00648941136296
 20
204.36628403665924
 30
1071.0
 70
32
  0
VERTEX
  5
4F1
330
17
100
AcDbEntity
  8
TOPO-CONTOUR-MINOR
100
AcDbVertex
100
AcDb3dPolylineVertex
 10
181.8511253099265
 20
192.74485166277736
 30
1071.0
 70
32
  0
VERTEX
  5
4F2
330
17
100
AcDbEntity
  8
TOPO-CONTOUR-MINOR
100
AcDbVertex
100
AcDb3dPolylineVertex
 10
179.94543086081146
 20
134.30320913065225
 30
1071.0
 70
32
  0
VERTEX
  5
4F3
330
17
100
AcDbEntity
  8
TOPO-CONTOUR-MINOR
100
AcDbVertex
100
AcDb3dPolylineVertex
 10
179.90170168050474
 20
108.10523144435138
 30
1071.0
 70
32
  0
VERTEX
  5
4F4
330
17
100
AcDbEntity
  8
TOPO-CONTOUR-MINOR
100
AcDbVertex
100
AcDb3dPolylineVertex
 10
179.404841146977
 20
79.89202470518649
 30
1071.0
 70
32
  0
VERTEX
  5
4F5
330
17
100
AcDbEntity
  8
TOPO-CONTOUR-MINOR
100
AcDbVertex
100
AcDb3dPolylineVertex
 10
177.551466950037
 20
41.60267270170152
 30
1071.0
 70
32
  0
VERTEX
  5
4F6
330
17
100
AcDbEntity
  8
TOPO-CONTOUR-MINOR
100
AcDbVertex
100
AcDb3dPolylineVertex
 10
175.95318772649992
 20
18.573799594512543
 30
1071.0
 70
32
  0
VERTEX
  5
4F7
330
17
100
AcDbEntity
  8
TOPO-CONTOUR-MINOR
100
AcDbVertex
100
AcDb3dPolylineVertex
 10
173.93795867368226
 20
-2.518084071474892
 30
1071.0
 70
32
  0
VERTEX
  5
4F8
330
17
100
AcDbEntity
  8
TOPO-CONTOUR-MINOR
100
AcDbVertex
100
AcDb3dPolylineVertex
 10
172.70170696156578
 20
-8.778053618967533
 30
1071.0
 70
32
  0
VERTEX
  5
4F9
330
17
100
AcDbEntity
  8
TOPO-CONTOUR-MINOR
100
AcDbVertex
100
AcDb3dPolylineVertex
 10
169.9075005680461
 20
-15.934200246964018
 30
1071.0
 70
32
  0
VERTEX
  5
4FA
330
17
100
AcDbEntity
  8
TOPO-CONTOUR-MINOR
100
AcDbVertex
100
AcDb3dPolylineVertex
 10
168.89988604163682
 20
-17.16178367268617
 30
1071.0
 70
32
  0
VERTEX
  5
4FB
330
17
100
AcDbEntity
  8
TOPO-CONTOUR-MINOR
100
AcDbVertex
100
AcDb3dPolylineVertex
 10
167.89227151522755
 20
-15.308776237980279
 30
1071.0
 70
32
  0
VERTEX
  5
4FC
330
17
100
AcDbEntity
  8
TOPO-CONTOUR-MINOR
100
AcDbVertex
100
AcDb3dPolylineVertex
 10
166.37317426915777
 20
-9.785668145865202
 30
1071.0
 70
32
  0
VERTEX
  5
4FD
330
17
100
AcDbEntity
  8
TOPO-CONTOUR-MINOR
100
AcDbVertex
100
AcDb3dPolylineVertex
 10
163.58426386395521
 20
27.496069331653416
 30
1071.0
 70
32
  0
VERTEX
  5
4FE
330
17
100
AcDbEntity
  8
TOPO-CONTOUR-MINOR
100
AcDbVertex
100
AcDb3dPolylineVertex
 10
163.150897027936
 20
48.65597438625992
 30
1071.0
 70
32
  0
VERTEX
  5
4FF
330
17
100
AcDbEntity
  8
TOPO-CONTOUR-MINOR
100
AcDbVertex
100
AcDb3dPolylineVertex
 10
163.21342209167415
 20
103.067158812657
 30
1071.0
 70
32
  0
VERTEX
  5
500
330
17
100
AcDbEntity
  8
TOPO-CONTOUR-MINOR
100
AcDbVertex
100
AcDb3dPolylineVertex
 10
162.77278116155296
 20
109.11284597031772
 30
1071.0
 70
32
  0
VERTEX
  5
501
330
17
100
AcDbEntity
  8
TOPO-CONTOUR-MINOR
100
AcDbVertex
100
AcDb3dPolylineVertex
 10
163.0926387408275
 20
118.18137670867145
 30
1071.0
 70
32
  0
VERTEX
  5
502
330
17
100
AcDbEntity
  8
TOPO-CONTOUR-MINOR
100
AcDbVertex
100
AcDb3dPolylineVertex
 10
163.88337888021547
 20
125.23467839322983
 30
1071.0
 70
32
  0
VERTEX
  5
503
330
17
100
AcDbEntity
  8
TOPO-CONTOUR-MINOR
100
AcDbVertex
100
AcDb3dPolylineVertex
 10
164.14519902179998
 20
132.28798007778823
 30
1071.0
 70
32
  0
VERTEX
  5
504
330
17
100
AcDbEntity
  8
TOPO-CONTOUR-MINOR
100
AcDbVertex
100
AcDb3dPolylineVertex
 10
165.19584993575282
 20
141.35651081614196
 30
1071.0
 70
32
  0
VERTEX
  5
505
330
17
100
AcDbEntity
  8
TOPO-CONTOUR-MINOR
100
AcDbVertex
100
AcDb3dPolylineVertex
 10
165.84727027723662
 20
151.43265607953072
 30
1071.0
 70
32
  0
VERTEX
  5
506
330
17
100
AcDbEntity
  8
TOPO-CONTOUR-MINOR
100
AcDbVertex
100
AcDb3dPolylineVertex
 10
165.7387720145633
 20
160.50118681788445
 30
1071.0
 70
32
  0
VERTEX
  5
507
330
17
100
AcDbEntity
  8
TOPO-CONTOUR-MINOR
100
AcDbVertex
100
AcDb3dPolylineVertex
 10
165.57997950705828
 20
161.5088013438508
 30
1071.0
 70
32
  0
VERTEX
  5
508
330
17
100
AcDbEntity
  8
TOPO-CONTOUR-MINOR
100
AcDbVertex
100
AcDb3dPolylineVertex
 10
164.86942793600065
 20
162.82332606047305
 30
1071.0
 70
32
  0
VERTEX
  5
509
330
17
100
AcDbEntity
  8
TOPO-CONTOUR-MINOR
100
AcDbVertex
100
AcDb3dPolylineVertex
 10
162.8541988831821
 20
159.91864115009156
 30
1071.0
 70
32
  0
VERTEX
  5
50A
330
17
100
AcDbEntity
  8
TOPO-CONTOUR-MINOR
100
AcDbVertex
100
AcDb3dPolylineVertex
 10
159.86115007137406
 20
153.44788513239473
 30
1071.0
 70
32
  0
VERTEX
  5
50B
330
17
100
AcDbEntity
  8
TOPO-CONTOUR-MINOR
100
AcDbVertex
100
AcDb3dPolylineVertex
 10
155.80089719831903
 20
141.5979009703637
 30
1071.0
 70
32
  0
VERTEX
  5
50C
330
17
100
AcDbEntity
  8
TOPO-CONTOUR-MINOR
100
AcDbVertex
100
AcDb3dPolylineVertex
 10
152.77805361909213
 20
134.95914634511522
 30
1071.0
 70
32
  0
VERTEX
  5
50D
330
17
100
AcDbEntity
  8
TOPO-CONTOUR-MINOR
100
AcDbVertex
100
AcDb3dPolylineVertex
 10
150.7628245662736
 20
129.0171010076897
 30
1071.0
 70
32
  0
VERTEX
  5
50E
330
17
100
AcDbEntity
  8
TOPO-CONTOUR-MINOR
100
AcDbVertex
100
AcDb3dPolylineVertex
 10
149.38459446304853
 20
121.20422028750181
 30
1071.0
 70
32
  0
VERTEX
  5
50F
330
17
100
AcDbEntity
  8
TOPO-CONTOUR-MINOR
100
AcDbVertex
100
AcDb3dPolylineVertex
 10
147.5702349747388
 20
114.15091860294342
 30
1071.0
 70
32
  0
VERTEX
  5
510
330
17
100
AcDbEntity
  8
TOPO-CONTOUR-MINOR
100
AcDbVertex
100
AcDb3dPolylineVertex
 10
144.7171374078198
 20
95.18276331159512
 30
1071.0
 70
32
  0
VERTEX
  5
511
330
17
100
AcDbEntity
  8
TOPO-CONTOUR-MINOR
100
AcDbVertex
100
AcDb3dPolylineVertex
 10
143.70952288141052
 20
92.4673326050218
 30
1071.0
 70
32
  0
VERTEX
  5
512
330
17
100
AcDbEntity
  8
TOPO-CONTOUR-MINOR
100
AcDbVertex
100
AcDb3dPolylineVertex
 10
142.70190835500125
 20
94.10862256461154
 30
1071.0
 70
32
  0
VERTEX
  5
513
330
17
100
AcDbEntity
  8
TOPO-CONTOUR-MINOR
100
AcDbVertex
100
AcDb3dPolylineVertex
 10
142.3353473918376
 20
97.02147165406495
 30
1071.0
 70
32
  0
VERTEX
  5
514
330
17
100
AcDbEntity
  8
TOPO-CONTOUR-MINOR
100
AcDbVertex
100
AcDb3dPolylineVertex
 10
142.43798787832807
 20
111.12807502318174
 30
1071.0
 70
32
  0
VERTEX
  5
515
330
17
100
AcDbEntity
  8
TOPO-CONTOUR-MINOR
100
AcDbVertex
100
AcDb3dPolylineVertex
 10
141.69429382859198
 20
118.60350463337926
 30
1071.0
 70
32
  0
VERTEX
  5
516
330
17
100
AcDbEntity
  8
TOPO-CONTOUR-MINOR
100
AcDbVertex
100
AcDb3dPolylineVertex
 10
140.68667930218362
 20
116.3270382798047
 30
1071.0
 70
32
  0
VERTEX
  5
517
330
17
100
AcDbEntity
  8
TOPO-CONTOUR-MINOR
100
AcDbVertex
100
AcDb3dPolylineVertex
 10
138.17296691361003
 20
101.05192975979298
 30
1071.0
 70
32
  0
VERTEX
  5
518
330
17
100
AcDbEntity
  8
TOPO-CONTOUR-MINOR
100
AcDbVertex
100
AcDb3dPolylineVertex
 10
135.89217594957375
 20
89.96816996857524
 30
1071.0
 70
32
  0
VERTEX
  5
519
330
17
100
AcDbEntity
  8
TOPO-CONTOUR-MINOR
100
AcDbVertex
100
AcDb3dPolylineVertex
 10
133.63337761731964
 20
75.61990354983307
 30
1071.0
 70
32
  0
VERTEX
  5
51A
330
17
100
AcDbEntity
  8
TOPO-CONTOUR-MINOR
100
AcDbVertex
100
AcDb3dPolylineVertex
 10
132.17926144590368
 20
69.81587944086641
 30
1071.0
 70
32
  0
VERTEX
  5
51B
330
17
100
AcDbEntity
  8
TOPO-CONTOUR-MINOR
100
AcDbVertex
100
AcDb3dPolylineVertex
 10
129.60291951168347
 20
62.307477622191115
 30
1071.0
 70
32
  0
VERTEX
  5
51C
330
17
100
AcDbEntity
  8
TOPO-CONTOUR-MINOR
100
AcDbVertex
100
AcDb3dPolylineVertex
 10
125.97192357720786
 20
46.6407453333959
 30
1071.0
 70
32
  0
VERTEX
  5
51D
330
17
100
AcDbEntity
  8
TOPO-CONTOUR-MINOR
100
AcDbVertex
100
AcDb3dPolylineVertex
 10
124.56484687963894
 20
42.42544891953901
 30
1071.0
 70
32
  0
VERTEX
  5
51E
330
17
100
AcDbEntity
  8
TOPO-CONTOUR-MINOR
100
AcDbVertex
100
AcDb3dPolylineVertex
 10
123.55723235322967
 20
41.62012846577812
 30
1071.0
 70
32
  0
VERTEX
  5
51F
330
17
100
AcDbEntity
  8
TOPO-CONTOUR-MINOR
100
AcDbVertex
100
AcDb3dPolylineVertex
 10
122.5496178268204
 20
43.14311912257475
 30
1071.0
 70
32
  0
VERTEX
  5
520
330
17
100
AcDbEntity
  8
TOPO-CONTOUR-MINOR
100
AcDbVertex
100
AcDb3dPolylineVertex
 10
119.52677424759351
 20
50.112753706805044
 30
1071.0
 70
32
  0
VERTEX
  5
521
330
17
100
AcDbEntity
  8
TOPO-CONTOUR-MINOR
100
AcDbVertex
100
AcDb3dPolylineVertex
 10
118.51915972118422
 20
51.347673752687825
 30
1071.0
 70
32
  0
VERTEX
  5
522
330
17
100
AcDbEntity
  8
TOPO-CONTOUR-MINOR
100
AcDbVertex
100
AcDb3dPolylineVertex
 10
117.51154519477495
 20
51.71068747657332
 30
1071.0
 70
32
  0
VERTEX
  5
523
330
17
100
AcDbEntity
  8
TOPO-CONTOUR-MINOR
100
AcDbVertex
100
AcDb3dPolylineVertex
 10
116.50393066836659
 20
51.03778023901581
 30
1071.0
 70
32
  0
VERTEX
  5
524
330
17
100
AcDbEntity
  8
TOPO-CONTOUR-MINOR
100
AcDbVertex
100
AcDb3dPolylineVertex
 10
115.49631614195732
 20
49.24640095659606
 30
1071.0
 70
32
  0
VERTEX
  5
525
330
17
100
AcDbEntity
  8
TOPO-CONTOUR-MINOR
100
AcDbVertex
100
AcDb3dPolylineVertex
 10
113.9082562039381
 20
43.61790175456554
 30
1071.0
 70
32
  0
VERTEX
  5
526
330
17
100
AcDbEntity
  8
TOPO-CONTOUR-MINOR
100
AcDbVertex
100
AcDb3dPolylineVertex
 10
114.01253459519107
 20
39.58744364883751
 30
1071.0
 70
32
  0
VERTEX
  5
527
330
17
100
AcDbEntity
  8
TOPO-CONTOUR-MINOR
100
AcDbVertex
100
AcDb3dPolylineVertex
 10
112.9541789316552
 20
33.54175649024546
 30
1071.0
 70
32
  0
VERTEX
  5
528
330
17
100
AcDbEntity
  8
TOPO-CONTOUR-MINOR
100
AcDbVertex
100
AcDb3dPolylineVertex
 10
111.66535914090973
 20
29.51129838451743
 30
1071.0
 70
32
  0
VERTEX
  5
529
330
17
100
AcDbEntity
  8
TOPO-CONTOUR-MINOR
100
AcDbVertex
100
AcDb3dPolylineVertex
 10
111.46585803632115
 20
26.469301181150062
 30
1071.0
 70
32
  0
VERTEX
  5
52A
330
17
100
AcDbEntity
  8
TOPO-CONTOUR-MINOR
100
AcDbVertex
100
AcDb3dPolylineVertex
 10
111.14064799159084
 20
29.51129838451743
 30
1071.0
 70
32
  0
VERTEX
  5
52B
330
17
100
AcDbEntity
  8
TOPO-CONTOUR-MINOR
100
AcDbVertex
100
AcDb3dPolylineVertex
 10
108.99782103918056
 20
33.54175649024546
 30
1071.0
 70
32
  0
VERTEX
  5
52C
330
17
100
AcDbEntity
  8
TOPO-CONTOUR-MINOR
100
AcDbVertex
100
AcDb3dPolylineVertex
 10
107.62399338045888
 20
39.58744364883751
 30
1071.0
 70
32
  0
VERTEX
  5
52D
330
17
100
AcDbEntity
  8
TOPO-CONTOUR-MINOR
100
AcDbVertex
100
AcDb3dPolylineVertex
 10
107.59750053072929
 20
40.59505817480385
 30
1071.0
 70
32
  0
VERTEX
  5
52E
330
17
100
AcDbEntity
  8
TOPO-CONTOUR-MINOR
100
AcDbVertex
100
AcDb3dPolylineVertex
 10
108.29068964024776
 20
41.60267270170152
 30
1071.0
 70
32
  0
VERTEX
  5
52F
330
17
100
AcDbEntity
  8
TOPO-CONTOUR-MINOR
100
AcDbVertex
100
AcDb3dPolylineVertex
 10
110.356164938795
 20
42.61028722766787
 30
1071.0
 70
32
  0
VERTEX
  5
530
330
17
100
AcDbEntity
  8
TOPO-CONTOUR-MINOR
100
AcDbVertex
100
AcDb3dPolylineVertex
 10
111.46244395363082
 20
43.61790175456554
 30
1071.0
 70
32
  0
VERTEX
  5
531
330
17
100
AcDbEntity
  8
TOPO-CONTOUR-MINOR
100
AcDbVertex
100
AcDb3dPolylineVertex
 10
111.66245727663645
 20
44.62551628053188
 30
1071.0
 70
32
  0
VERTEX
  5
532
330
17
100
AcDbEntity
  8
TOPO-CONTOUR-MINOR
100
AcDbVertex
100
AcDb3dPolylineVertex
 10
111.07630280184073
 20
46.6407453333959
 30
1071.0
 70
32
  0
VERTEX
  5
533
330
17
100
AcDbEntity
  8
TOPO-CONTOUR-MINOR
100
AcDbVertex
100
AcDb3dPolylineVertex
 10
111.01164380807718
 20
48.65597438625991
 30
1071.0
 70
32
  0
VERTEX
  5
534
330
17
100
AcDbEntity
  8
TOPO-CONTOUR-MINOR
100
AcDbVertex
100
AcDb3dPolylineVertex
 10
110.48387661488516
 20
49.66358891222626
 30
1071.0
 70
32
  0
VERTEX
  5
535
330
17
100
AcDbEntity
  8
TOPO-CONTOUR-MINOR
100
AcDbVertex
100
AcDb3dPolylineVertex
 10
106.42778540427571
 20
50.86368581528008
 30
1071.0
 70
32
  0
VERTEX
  5
536
330
17
100
AcDbEntity
  8
TOPO-CONTOUR-MINOR
100
AcDbVertex
100
AcDb3dPolylineVertex
 10
104.41255635145808
 20
50.85462869720809
 30
1071.0
 70
32
  0
VERTEX
  5
537
330
17
100
AcDbEntity
  8
TOPO-CONTOUR-MINOR
100
AcDbVertex
100
AcDb3dPolylineVertex
 10
98.36686919300337
 20
47.925016901908975
 30
1071.0
 70
32
  0
VERTEX
  5
538
330
17
100
AcDbEntity
  8
TOPO-CONTOUR-MINOR
100
AcDbVertex
100
AcDb3dPolylineVertex
 10
93.32879656095793
 20
46.103832929232496
 30
1071.0
 70
32
  0
VERTEX
  5
539
330
17
100
AcDbEntity
  8
TOPO-CONTOUR-MINOR
100
AcDbVertex
100
AcDb3dPolylineVertex
 10
92.32118203454866
 20
45.32921819477017
 30
1071.0
 70
32
  0
VERTEX
  5
53A
330
17
100
AcDbEntity
  8
TOPO-CONTOUR-MINOR
100
AcDbVertex
100
AcDb3dPolylineVertex
 10
89.75386227982534
 20
41.60267270170152
 30
1071.0
 70
32
  0
VERTEX
  5
53B
330
17
100
AcDbEntity
  8
TOPO-CONTOUR-MINOR
100
AcDbVertex
100
AcDb3dPolylineVertex
 10
86.31092185303159
 20
38.57982912193984
 30
1071.0
 70
32
  0
VERTEX
  5
53C
330
17
100
AcDbEntity
  8
TOPO-CONTOUR-MINOR
100
AcDbVertex
100
AcDb3dPolylineVertex
 10
83.94771500841821
 20
35.55698554310948
 30
1071.0
 70
32
  0
VERTEX
  5
53D
330
17
100
AcDbEntity
  8
TOPO-CONTOUR-MINOR
100
AcDbVertex
100
AcDb3dPolylineVertex
 10
82.03635311790134
 20
28.503683857619762
 30
1071.0
 70
32
  0
VERTEX
  5
53E
330
17
100
AcDbEntity
  8
TOPO-CONTOUR-MINOR
100
AcDbVertex
100
AcDb3dPolylineVertex
 10
79.74373748041026
 20
22.45799669995904
 30
1071.0
 70
32
  0
VERTEX
  5
53F
330
17
100
AcDbEntity
  8
TOPO-CONTOUR-MINOR
100
AcDbVertex
100
AcDb3dPolylineVertex
 10
77.05849724542591
 20
11.374236908741295
 30
1071.0
 70
32
  0
VERTEX
  5
540
330
17
100
AcDbEntity
  8
TOPO-CONTOUR-MINOR
100
AcDbVertex
100
AcDb3dPolylineVertex
 10
73.17650603277707
 20
4.532071340784523
 30
1071.0
 70
32
  0
VERTEX
  5
541
330
17
100
AcDbEntity
  8
TOPO-CONTOUR-MINOR
100
AcDbVertex
100
AcDb3dPolylineVertex
 10
69.94508830894767
 20
0.29047711845487356
 30
1071.0
 70
32
  0
VERTEX
  5
542
330
17
100
AcDbEntity
  8
TOPO-CONTOUR-MINOR
100
AcDbVertex
100
AcDb3dPolylineVertex
 10
67.13081887432327
 20
-2.6688011653039543
 30
1071.0
 70
32
  0
VERTEX
  5
543
330
17
100
AcDbEntity
  8
TOPO-CONTOUR-MINOR
100
AcDbVertex
100
AcDb3dPolylineVertex
 10
65.11558982150473
 20
-3.789637463288384
 30
1071.0
 70
32
  0
VERTEX
  5
544
330
17
100
AcDbEntity
  8
TOPO-CONTOUR-MINOR
100
AcDbVertex
100
AcDb3dPolylineVertex
 10
62.092746242277826
 20
-4.468338595566908
 30
1071.0
 70
32
  0
VERTEX
  5
545
330
17
100
AcDbEntity
  8
TOPO-CONTOUR-MINOR
100
AcDbVertex
100
AcDb3dPolylineVertex
 10
58.062288136641655
 20
-7.49350910722552
 30
1071.0
 70
32
  0
VERTEX
  5
546
330
17
100
AcDbEntity
  8
TOPO-CONTOUR-MINOR
100
AcDbVertex
100
AcDb3dPolylineVertex
 10
52.01660097818694
 20
-9.346342252893963
 30
1071.0
 70
32
  0
VERTEX
  5
547
330
17
100
AcDbEntity
  8
TOPO-CONTOUR-MINOR
100
AcDbVertex
100
AcDb3dPolylineVertex
 10
46.97852834614241
 20
-8.851545666954053
 30
1071.0
 70
32
  0
VERTEX
  5
548
330
17
100
AcDbEntity
  8
TOPO-CONTOUR-MINOR
100
AcDbVertex
100
AcDb3dPolylineVertex
 10
44.96329929332387
 20
-8.088271741790495
 30
1071.0
 70
32
  0
VERTEX
  5
549
330
17
100
AcDbEntity
  8
TOPO-CONTOUR-MINOR
100
AcDbVertex
100
AcDb3dPolylineVertex
 10
41.94045571409697
 20
-6.310169121447733
 30
1071.0
 70
32
  0
VERTEX
  5
54A
330
17
100
AcDbEntity
  8
TOPO-CONTOUR-MINOR
100
AcDbVertex
100
AcDb3dPolylineVertex
 10
37.9099976084608
 20
-5.252383520731392
 30
1071.0
 70
32
  0
VERTEX
  5
54B
330
17
100
AcDbEntity
  8
TOPO-CONTOUR-MINOR
100
AcDbVertex
100
AcDb3dPolylineVertex
 10
34.8871540292339
 20
-4.95363448631954
 30
1071.0
 70
32
  0
VERTEX
  5
54C
330
17
100
AcDbEntity
  8
TOPO-CONTOUR-MINOR
100
AcDbVertex
100
AcDb3dPolylineVertex
 10
32.87192497641536
 20
-5.289630807082941
 30
1071.0
 70
32
  0
VERTEX
  5
54D
330
17
100
AcDbEntity
  8
TOPO-CONTOUR-MINOR
100
AcDbVertex
100
AcDb3dPolylineVertex
 10
31.864310450006087
 20
-5.768352202837843
 30
1071.0
 70
32
  0
VERTEX
  5
54E
330
17
100
AcDbEntity
  8
TOPO-CONTOUR-MINOR
100
AcDbVertex
100
AcDb3dPolylineVertex
 10
25.818623291552285
 20
-11.884334936711483
 30
1071.0
 70
32
  0
VERTEX
  5
54F
330
17
100
AcDbEntity
  8
TOPO-CONTOUR-MINOR
100
AcDbVertex
100
AcDb3dPolylineVertex
 10
22.938522158896394
 20
-13.816126251593232
 30
1071.0
 70
32
  0
VERTEX
  5
550
330
17
100
AcDbEntity
  8
TOPO-CONTOUR-MINOR
100
AcDbVertex
100
AcDb3dPolylineVertex
 10
22.25529793858488
 20
-14.823740777559578
 30
1071.0
 70
32
  0
VERTEX
  5
551
330
17
100
AcDbEntity
  8
TOPO-CONTOUR-MINOR
100
AcDbVertex
100
AcDb3dPolylineVertex
 10
21.7679050257872
 20
-15.831355303525925
 30
1071.0
 70
32
  0
VERTEX
  5
552
330
17
100
AcDbEntity
  8
TOPO-CONTOUR-MINOR
100
AcDbVertex
100
AcDb3dPolylineVertex
 10
21.42598834424986
 20
-17.84658435638994
 30
1071.0
 70
32
  0
VERTEX
  5
553
330
17
100
AcDbEntity
  8
TOPO-CONTOUR-MINOR
100
AcDbVertex
100
AcDb3dPolylineVertex
 10
21.676435706074745
 20
-19.861813409253955
 30
1071.0
 70
32
  0
VERTEX
  5
554
330
17
100
AcDbEntity
  8
TOPO-CONTOUR-MINOR
100
AcDbVertex
100
AcDb3dPolylineVertex
 10
23.153222344015745
 20
-23.892271514981985
 30
1071.0
 70
32
  0
VERTEX
  5
555
330
17
100
AcDbEntity
  8
TOPO-CONTOUR-MINOR
100
AcDbVertex
100
AcDb3dPolylineVertex
 10
23.233034048627186
 20
-24.899886041879654
 30
1071.0
 70
32
  0
VERTEX
  5
556
330
17
100
AcDbEntity
  8
TOPO-CONTOUR-MINOR
100
AcDbVertex
100
AcDb3dPolylineVertex
 10
22.721561858969018
 20
-26.91511509474367
 30
1071.0
 70
32
  0
VERTEX
  5
557
330
17
100
AcDbEntity
  8
TOPO-CONTOUR-MINOR
100
AcDbVertex
100
AcDb3dPolylineVertex
 10
19.683863737076866
 20
-31.953187726438046
 30
1071.0
 70
32
  0
VERTEX
  5
558
330
17
100
AcDbEntity
  8
TOPO-CONTOUR-MINOR
100
AcDbVertex
100
AcDb3dPolylineVertex
 10
16.750092553870672
 20
-38.084004148031525
 30
1071.0
 70
32
  0
VERTEX
  5
559
330
17
100
AcDbEntity
  8
TOPO-CONTOUR-MINOR
100
AcDbVertex
100
AcDb3dPolylineVertex
 10
15.742478027461402
 20
-39.320987565451446
 30
1071.0
 70
32
  0
VERTEX
  5
55A
330
17
100
AcDbEntity
  8
TOPO-CONTOUR-MINOR
100
AcDbVertex
100
AcDb3dPolylineVertex
 10
12.719634448234501
 20
-41.08402947352368
 30
1071.0
 70
32
  0
VERTEX
  5
55B
330
17
100
AcDbEntity
  8
TOPO-CONTOUR-MINOR
100
AcDbVertex
100
AcDb3dPolylineVertex
 10
10.70440539541596
 20
-41.605240975777136
 30
1071.0
 70
32
  0
VERTEX
  5
55C
330
17
100
AcDbEntity
  8
TOPO-CONTOUR-MINOR
100
AcDbVertex
100
AcDb3dPolylineVertex
 10
6.67394728977979
 20
-41.3901380387837
 30
1071.0
 70
32
  0
VERTEX
  5
55D
330
17
100
AcDbEntity
  8
TOPO-CONTOUR-MINOR
100
AcDbVertex
100
AcDb3dPolylineVertex
 10
4.658718236962159
 20
-40.40974849588629
 30
1071.0
 70
32
  0
VERTEX
  5
55E
330
17
100
AcDbEntity
  8
TOPO-CONTOUR-MINOR
100
AcDbVertex
100
AcDb3dPolylineVertex
 10
0.6282601313259875
 20
-37.614131679654804
 30
1071.0
 70
32
  0
VERTEX
  5
55F
330
17
100
AcDbEntity
  8
TOPO-CONTOUR-MINOR
100
AcDbVertex
100
AcDb3dPolylineVertex
 10
-5.417427027128724
 20
-34.81677952552235
 30
1071.0
 70
32
  0
VERTEX
  5
560
330
17
100
AcDbEntity
  8
TOPO-CONTOUR-MINOR
100
AcDbVertex
100
AcDb3dPolylineVertex
 10
-6.7741410479734965
 20
-34.97603130526841
 30
1071.0
 70
32
  0
VERTEX
  5
561
330
17
100
AcDbEntity
  8
TOPO-CONTOUR-MINOR
100
AcDbVertex
100
AcDb3dPolylineVertex
 10
-8.037101846954515
 20
-35.983645832166076
 30
1071.0
 70
32
  0
VERTEX
  5
562
330
17
100
AcDbEntity
  8
TOPO-CONTOUR-MINOR
100
AcDbVertex
100
AcDb3dPolylineVertex
 10
-10.978828685698447
 20
-41.02171846386045
 30
1071.0
 70
32
  0
VERTEX
  5
563
330
17
100
AcDbEntity
  8
TOPO-CONTOUR-MINOR
100
AcDbVertex
100
AcDb3dPolylineVertex
 10
-11.62852129152758
 20
-44.044562043622136
 30
1071.0
 70
32
  0
VERTEX
  5
564
330
17
100
AcDbEntity
  8
TOPO-CONTOUR-MINOR
100
AcDbVertex
100
AcDb3dPolylineVertex
 10
-11.75670559096273
 20
-47.0674056224525
 30
1071.0
 70
32
  0
VERTEX
  5
565
330
17
100
AcDbEntity
  8
TOPO-CONTOUR-MINOR
100
AcDbVertex
100
AcDb3dPolylineVertex
 10
-10.312636890156686
 20
-55.12832183390856
 30
1071.0
 70
32
  0
VERTEX
  5
566
330
17
100
AcDbEntity
  8
TOPO-CONTOUR-MINOR
100
AcDbVertex
100
AcDb3dPolylineVertex
 10
-9.447885132764895
 20
-56.59965277051947
 30
1071.0
 70
32
  0
VERTEX
  5
567
330
17
100
AcDbEntity
  8
TOPO-CONTOUR-MINOR
100
AcDbVertex
100
AcDb3dPolylineVertex
 10
-6.970716352482617
 20
-59.15877993963659
 30
1071.0
 70
32
  0
VERTEX
  5
568
330
17
100
AcDbEntity
  8
TOPO-CONTOUR-MINOR
100
AcDbVertex
100
AcDb3dPolylineVertex
 10
-5.890702550719748
 20
-61.1740089925006
 30
1071.0
 70
32
  0
VERTEX
  5
569
330
17
100
AcDbEntity
  8
TOPO-CONTOUR-MINOR
100
AcDbVertex
100
AcDb3dPolylineVertex
 10
-5.371702376583836
 20
-63.18923804536462
 30
1071.0
 70
32
  0
VERTEX
  5
56A
330
17
100
AcDbEntity
  8
TOPO-CONTOUR-MINOR
100
AcDbVertex
100
AcDb3dPolylineVertex
 10
-5.102084576579143
 20
-66.21208162419498
 30
1071.0
 70
32
  0
VERTEX
  5
56B
330
17
100
AcDbEntity
  8
TOPO-CONTOUR-MINOR
100
AcDbVertex
100
AcDb3dPolylineVertex
 10
-0.89920823171652
 20
-77.2958414144814
 30
1071.0
 70
32
  0
VERTEX
  5
56C
330
17
100
AcDbEntity
  8
TOPO-CONTOUR-MINOR
100
AcDbVertex
100
AcDb3dPolylineVertex
 10
-0.837774987015495
 20
-79.31107046734542
 30
1071.0
 70
32
  0
VERTEX
  5
56D
330
17
100
AcDbEntity
  8
TOPO-CONTOUR-MINOR
100
AcDbVertex
100
AcDb3dPolylineVertex
 10
-1.9630467652804482
 20
-85.35675762593746
 30
1071.0
 70
32
  0
VERTEX
  5
56E
330
17
100
AcDbEntity
  8
TOPO-CONTOUR-MINOR
100
AcDbVertex
100
AcDb3dPolylineVertex
 10
-2.7544060086498914
 20
-92.41005931142718
 30
1071.0
 70
32
  0
VERTEX
  5
56F
330
17
100
AcDbEntity
  8
TOPO-CONTOUR-MINOR
100
AcDbVertex
100
AcDb3dPolylineVertex
 10
-1.891878340634142
 20
-98.4557464690879
 30
1071.0
 70
32
  0
VERTEX
  5
570
330
17
100
AcDbEntity
  8
TOPO-CONTOUR-MINOR
100
AcDbVertex
100
AcDb3dPolylineVertex
 10
-1.9501586275470735
 20
-102.48620457481593
 30
1071.0
 70
32
  0
VERTEX
  5
571
330
17
100
AcDbEntity
  8
TOPO-CONTOUR-MINOR
100
AcDbVertex
100
AcDb3dPolylineVertex
 10
-1.3370859957895975
 20
-106.51666268054396
 30
1071.0
 70
32
  0
VERTEX
  5
572
330
17
100
AcDbEntity
  8
TOPO-CONTOUR-MINOR
100
AcDbVertex
100
AcDb3dPolylineVertex
 10
-1.7217685097151831
 20
-111.55473531316966
 30
1071.0
 70
32
  0
VERTEX
  5
573
330
17
100
AcDbEntity
  8
TOPO-CONTOUR-MINOR
100
AcDbVertex
100
AcDb3dPolylineVertex
 10
-3.0335029529315958
 20
-114.57757889200002
 30
1071.0
 70
32
  0
VERTEX
  5
574
330
17
100
AcDbEntity
  8
TOPO-CONTOUR-MINOR
100
AcDbVertex
100
AcDb3dPolylineVertex
 10
-6.425041553537085
 20
-118.43581410365609
 30
1071.0
 70
32
  0
VERTEX
  5
575
330
17
100
AcDbEntity
  8
TOPO-CONTOUR-MINOR
100
AcDbVertex
100
AcDb3dPolylineVertex
 10
-12.098349312873518
 20
-123.64610962942243
 30
1071.0
 70
32
  0
VERTEX
  5
576
330
17
100
AcDbEntity
  8
TOPO-CONTOUR-MINOR
100
AcDbVertex
100
AcDb3dPolylineVertex
 10
-15.050255440495734
 20
-125.66133868228644
 30
1071.0
 70
32
  0
VERTEX
  5
577
330
17
100
AcDbEntity
  8
TOPO-CONTOUR-MINOR
100
AcDbVertex
100
AcDb3dPolylineVertex
 10
-17.508801344037238
 20
-126.67551453059404
 30
1071.0
 70
32
  0
VERTEX
  5
578
330
17
100
AcDbEntity
  8
TOPO-CONTOUR-MINOR
100
AcDbVertex
100
AcDb3dPolylineVertex
 10
-20.53164492326414
 20
-127.01714835679515
 30
1071.0
 70
32
  0
VERTEX
  5
579
330
17
100
AcDbEntity
  8
TOPO-CONTOUR-MINOR
100
AcDbVertex
100
AcDb3dPolylineVertex
 10
-29.60017566094575
 20
-128.9525347931587
 30
1071.0
 70
32
  0
VERTEX
  5
57A
330
17
100
AcDbEntity
  8
TOPO-CONTOUR-MINOR
100
AcDbVertex
100
AcDb3dPolylineVertex
 10
-31.23608659067123
 20
-129.69179678801447
 30
1071.0
 70
32
  0
VERTEX
  5
57B
330
17
100
AcDbEntity
  8
TOPO-CONTOUR-MINOR
100
AcDbVertex
100
AcDb3dPolylineVertex
 10
-31.994696943194064
 20
-130.69941131491214
 30
1071.0
 70
32
  0
VERTEX
  5
57C
330
17
100
AcDbEntity
  8
TOPO-CONTOUR-MINOR
100
AcDbVertex
100
AcDb3dPolylineVertex
 10
-32.17172067832385
 20
-131.7070258408785
 30
1071.0
 70
32
  0
VERTEX
  5
57D
330
17
100
AcDbEntity
  8
TOPO-CONTOUR-MINOR
100
AcDbVertex
100
AcDb3dPolylineVertex
 10
-31.615404713763386
 20
-134.07415034365732
 30
1071.0
 70
32
  0
VERTEX
  5
57E
330
17
100
AcDbEntity
  8
TOPO-CONTOUR-MINOR
100
AcDbVertex
100
AcDb3dPolylineVertex
 10
-28.59256113453648
 20
-139.45516651468097
 30
1071.0
 70
32
  0
VERTEX
  5
57F
330
17
100
AcDbEntity
  8
TOPO-CONTOUR-MINOR
100
AcDbVertex
100
AcDb3dPolylineVertex
 10
-26.799906189407416
 20
-143.79840015806258
 30
1071.0
 70
32
  0
VERTEX
  5
580
330
17
100
AcDbEntity
  8
TOPO-CONTOUR-MINOR
100
AcDbVertex
100
AcDb3dPolylineVertex
 10
-21.53925944967341
 20
-148.36013551752546
 30
1071.0
 70
32
  0
VERTEX
  5
581
330
17
100
AcDbEntity
  8
TOPO-CONTOUR-MINOR
100
AcDbVertex
100
AcDb3dPolylineVertex
 10
-18.62699329696678
 20
-152.86693089548498
 30
1071.0
 70
32
  0
VERTEX
  5
582
330
17
100
AcDbEntity
  8
TOPO-CONTOUR-MINOR
100
AcDbVertex
100
AcDb3dPolylineVertex
 10
-13.478343238401067
 20
-158.68809532121756
 30
1071.0
 70
32
  0
VERTEX
  5
583
330
17
100
AcDbEntity
  8
TOPO-CONTOUR-MINOR
100
AcDbVertex
100
AcDb3dPolylineVertex
 10
-10.455499659173256
 20
-160.83105732463497
 30
1071.0
 70
32
  0
VERTEX
  5
584
330
17
100
AcDbEntity
  8
TOPO-CONTOUR-MINOR
100
AcDbVertex
100
AcDb3dPolylineVertex
 10
-7.432656079946355
 20
-162.45787029790137
 30
1071.0
 70
32
  0
VERTEX
  5
585
330
17
100
AcDbEntity
  8
TOPO-CONTOUR-MINOR
100
AcDbVertex
100
AcDb3dPolylineVertex
 10
0.6282601313259875
 20
-165.3163225134533
 30
1071.0
 70
32
  0
VERTEX
  5
586
330
17
100
AcDbEntity
  8
TOPO-CONTOUR-MINOR
100
AcDbVertex
100
AcDb3dPolylineVertex
 10
4.658718236962159
 20
-166.07387426342308
 30
1071.0
 70
32
  0
VERTEX
  5
587
330
17
100
AcDbEntity
  8
TOPO-CONTOUR-MINOR
100
AcDbVertex
100
AcDb3dPolylineVertex
 10
6.67394728977979
 20
-167.4027167484814
 30
1071.0
 70
32
  0
VERTEX
  5
588
330
17
100
AcDbEntity
  8
TOPO-CONTOUR-MINOR
100
AcDbVertex
100
AcDb3dPolylineVertex
 10
8.167941260656319
 20
-168.9887633183971
 30
1071.0
 70
32
  0
VERTEX
  5
589
330
17
100
AcDbEntity
  8
TOPO-CONTOUR-MINOR
100
AcDbVertex
100
AcDb3dPolylineVertex
 10
9.717802716927512
 20
-172.01160689722747
 30
1071.0
 70
32
  0
VERTEX
  5
58A
330
17
100
AcDbEntity
  8
TOPO-CONTOUR-MINOR
100
AcDbVertex
100
AcDb3dPolylineVertex
 10
10.307992127073247
 20
-175.03445047698915
 30
1071.0
 70
32
  0
VERTEX
  5
58B
330
17
100
AcDbEntity
  8
TOPO-CONTOUR-MINOR
100
AcDbVertex
100
AcDb3dPolylineVertex
 10
10.124252979694731
 20
-177.04967952985317
 30
1071.0
 70
32
  0
VERTEX
  5
58C
330
17
100
AcDbEntity
  8
TOPO-CONTOUR-MINOR
100
AcDbVertex
100
AcDb3dPolylineVertex
 10
8.95213955424133
 20
-181.08013763464987
 30
1071.0
 70
32
  0
VERTEX
  5
58D
330
17
100
AcDbEntity
  8
TOPO-CONTOUR-MINOR
100
AcDbVertex
100
AcDb3dPolylineVertex
 10
8.8301628136041
 20
-183.0953666875139
 30
1071.0
 70
32
  0
VERTEX
  5
58E
330
17
100
AcDbEntity
  8
TOPO-CONTOUR-MINOR
100
AcDbVertex
100
AcDb3dPolylineVertex
 10
9.26724351239492
 20
-184.10298121441156
 30
1071.0
 70
32
  0
VERTEX
  5
58F
330
17
100
AcDbEntity
  8
TOPO-CONTOUR-MINOR
100
AcDbVertex
100
AcDb3dPolylineVertex
 10
10.32572184155778
 20
-185.0
 30
1071.0
 70
32
  0
SEQEND
  5
495
330
494
100
AcDbEntity
  8
TOPO-CONTOUR-MINOR
  0
POLYLINE
  5
590
330
17
100
AcDbEntity
  8
TOPO-CONTOUR-MINOR
100
AcDb3dPolyline
 66
1
 10
0.0
 20
0.0
 30
0.0
 70
8
  0
VERTEX
  5
592
330
17
100
AcDbEntity
  8
TOPO-CONTOUR-MINOR
100
AcDbVertex
100
AcDb3dPolylineVertex
 10
30.16884947034005
 20
-185.0
 30
1071.0
 70
32
  0
VERTEX
  5
593
330
17
100
AcDbEntity
  8
TOPO-CONTOUR-MINOR
100
AcDbVertex
100
AcDb3dPolylineVertex
 10
31.864310450006087
 20
-184.70355139951573
 30
1071.0
 70
32
  0
VERTEX
  5
594
330
17
100
AcDbEntity
  8
TOPO-CONTOUR-MINOR
100
AcDbVertex
100
AcDb3dPolylineVertex
 10
35.80981385423633
 20
-185.0
 30
1071.0
 70
32
  0
SEQEND
  5
591
330
590
100
AcDbEntity
  8
TOPO-CONTOUR-MINOR
  0
POLYLINE
  5
595
330
17
100
AcDbEntity
  8
TOPO-CONTOUR-MINOR
100
AcDb3dPolyline
 66
1
 10
0.0
 20
0.0
 30
0.0
 70
8
  0
VERTEX
  5
597
330
17
100
AcDbEntity
  8
TOPO-CONTOUR-MINOR
100
AcDbVertex
100
AcDb3dPolylineVertex
 10
258.49390587613016
 20
337.84134346526116
 30
1071.0
 70
32
  0
VERTEX
  5
598
330
17
100
AcDbEntity
  8
TOPO-CONTOUR-MINOR
100
AcDbVertex
100
AcDb3dPolylineVertex
 10
260.5928079448595
 20
337.5049436410525
 30
1071.0
 70
32
  0
VERTEX
  5
599
330
17
100
AcDbEntity
  8
TOPO-CONTOUR-MINOR
100
AcDbVertex
100
AcDb3dPolylineVertex
 10
265.63088057690493
 20
335.208265133538
 30
1071.0
 70
32
  0
VERTEX
  5
59A
330
17
100
AcDbEntity
  8
TOPO-CONTOUR-MINOR
100
AcDbVertex
100
AcDb3dPolylineVertex
 10
267.509494958322
 20
333.81088535953313
 30
1071.0
 70
32
  0
VERTEX
  5
59B
330
17
100
AcDbEntity
  8
TOPO-CONTOUR-MINOR
100
AcDbVertex
100
AcDb3dPolylineVertex
 10
268.10439232487926
 20
332.8032708335668
 30
1071.0
 70
32
  0
VERTEX
  5
59C
330
17
100
AcDbEntity
  8
TOPO-CONTOUR-MINOR
100
AcDbVertex
100
AcDb3dPolylineVertex
 10
268.4028432002523
 20
330.78804178070277
 30
1071.0
 70
32
  0
VERTEX
  5
59D
330
17
100
AcDbEntity
  8
TOPO-CONTOUR-MINOR
100
AcDbVertex
100
AcDb3dPolylineVertex
 10
268.1045245769164
 20
329.7804272547364
 30
1071.0
 70
32
  0
VERTEX
  5
59E
330
17
100
AcDbEntity
  8
TOPO-CONTOUR-MINOR
100
AcDbVertex
100
AcDb3dPolylineVertex
 10
267.1311628547695
 20
328.77281272783875
 30
1071.0
 70
32
  0
VERTEX
  5
59F
330
17
100
AcDbEntity
  8
TOPO-CONTOUR-MINOR
100
AcDbVertex
100
AcDb3dPolylineVertex
 10
263.45865218045543
 20
326.75758367497474
 30
1071.0
 70
32
  0
VERTEX
  5
5A0
330
17
100
AcDbEntity
  8
TOPO-CONTOUR-MINOR
100
AcDbVertex
100
AcDb3dPolylineVertex
 10
262.608036997678
 20
325.7908334230365
 30
1071.0
 70
32
  0
VERTEX
  5
5A1
330
17
100
AcDbEntity
  8
TOPO-CONTOUR-MINOR
100
AcDbVertex
100
AcDb3dPolylineVertex
 10
261.34738734218587
 20
322.7271255692467
 30
1071.0
 70
32
  0
VERTEX
  5
5A2
330
17
100
AcDbEntity
  8
TOPO-CONTOUR-MINOR
100
AcDbVertex
100
AcDb3dPolylineVertex
 10
261.4645960789904
 20
321.7195110432803
 30
1071.0
 70
32
  0
VERTEX
  5
5A3
330
17
100
AcDbEntity
  8
TOPO-CONTOUR-MINOR
100
AcDbVertex
100
AcDb3dPolylineVertex
 10
264.62326605049657
 20
318.40822449544913
 30
1071.0
 70
32
  0
VERTEX
  5
5A4
330
17
100
AcDbEntity
  8
TOPO-CONTOUR-MINOR
100
AcDbVertex
100
AcDb3dPolylineVertex
 10
269.9257897498986
 20
314.66620935779065
 30
1071.0
 70
32
  0
VERTEX
  5
5A5
330
17
100
AcDbEntity
  8
TOPO-CONTOUR-MINOR
100
AcDbVertex
100
AcDb3dPolylineVertex
 10
270.77253057126944
 20
313.6585948318243
 30
1071.0
 70
32
  0
VERTEX
  5
5A6
330
17
100
AcDbEntity
  8
TOPO-CONTOUR-MINOR
100
AcDbVertex
100
AcDb3dPolylineVertex
 10
271.00401690563615
 20
312.65098030492663
 30
1071.0
 70
32
  0
VERTEX
  5
5A7
330
17
100
AcDbEntity
  8
TOPO-CONTOUR-MINOR
100
AcDbVertex
100
AcDb3dPolylineVertex
 10
270.66895320895037
 20
311.5566061266391
 30
1071.0
 70
32
  0
VERTEX
  5
5A8
330
17
100
AcDbEntity
  8
TOPO-CONTOUR-MINOR
100
AcDbVertex
100
AcDb3dPolylineVertex
 10
267.8211093431298
 20
308.6205222001299
 30
1071.0
 70
32
  0
VERTEX
  5
5A9
330
17
100
AcDbEntity
  8
TOPO-CONTOUR-MINOR
100
AcDbVertex
100
AcDb3dPolylineVertex
 10
267.28795821830886
 20
306.6052931472659
 30
1071.0
 70
32
  0
VERTEX
  5
5AA
330
17
100
AcDbEntity
  8
TOPO-CONTOUR-MINOR
100
AcDbVertex
100
AcDb3dPolylineVertex
 10
267.36501382804124
 20
303.5824495675042
 30
1071.0
 70
32
  0
VERTEX
  5
5AB
330
17
100
AcDbEntity
  8
TOPO-CONTOUR-MINOR
100
AcDbVertex
100
AcDb3dPolylineVertex
 10
269.47508880934197
 20
299.5519914617762
 30
1071.0
 70
32
  0
VERTEX
  5
5AC
330
17
100
AcDbEntity
  8
TOPO-CONTOUR-MINOR
100
AcDbVertex
100
AcDb3dPolylineVertex
 10
268.9675268122746
 20
298.54437693580985
 30
1071.0
 70
32
  0
VERTEX
  5
5AD
330
17
100
AcDbEntity
  8
TOPO-CONTOUR-MINOR
100
AcDbVertex
100
AcDb3dPolylineVertex
 10
267.64610962972347
 20
297.80826762834295
 30
1071.0
 70
32
  0
VERTEX
  5
5AE
330
17
100
AcDbEntity
  8
TOPO-CONTOUR-MINOR
100
AcDbVertex
100
AcDb3dPolylineVertex
 10
262.608036997678
 20
297.1971661836775
 30
1071.0
 70
32
  0
VERTEX
  5
5AF
330
17
100
AcDbEntity
  8
TOPO-CONTOUR-MINOR
100
AcDbVertex
100
AcDb3dPolylineVertex
 10
260.5928079448595
 20
296.3492530446241
 30
1071.0
 70
32
  0
VERTEX
  5
5B0
330
17
100
AcDbEntity
  8
TOPO-CONTOUR-MINOR
100
AcDbVertex
100
AcDb3dPolylineVertex
 10
257.5699643656326
 20
294.3418937984452
 30
1071.0
 70
32
  0
VERTEX
  5
5B1
330
17
100
AcDbEntity
  8
TOPO-CONTOUR-MINOR
100
AcDbVertex
100
AcDb3dPolylineVertex
 10
256.5623498392242
 20
294.18806424759987
 30
1071.0
 70
32
  0
VERTEX
  5
5B2
330
17
100
AcDbEntity
  8
TOPO-CONTOUR-MINOR
100
AcDbVertex
100
AcDb3dPolylineVertex
 10
254.54712078640569
 20
296.05119144204036
 30
1071.0
 70
32
  0
VERTEX
  5
5B3
330
17
100
AcDbEntity
  8
TOPO-CONTOUR-MINOR
100
AcDbVertex
100
AcDb3dPolylineVertex
 10
253.71940822411625
 20
297.5367624089122
 30
1071.0
 70
32
  0
VERTEX
  5
5B4
330
17
100
AcDbEntity
  8
TOPO-CONTOUR-MINOR
100
AcDbVertex
100
AcDb3dPolylineVertex
 10
253.78485270938953
 20
301.5672205146402
 30
1071.0
 70
32
  0
VERTEX
  5
5B5
330
17
100
AcDbEntity
  8
TOPO-CONTOUR-MINOR
100
AcDbVertex
100
AcDb3dPolylineVertex
 10
252.7143518664402
 20
309.6281367260963
 30
1071.0
 70
32
  0
VERTEX
  5
5B6
330
17
100
AcDbEntity
  8
TOPO-CONTOUR-MINOR
100
AcDbVertex
100
AcDb3dPolylineVertex
 10
254.2826147712459
 20
314.66620935779065
 30
1071.0
 70
32
  0
VERTEX
  5
5B7
330
17
100
AcDbEntity
  8
TOPO-CONTOUR-MINOR
100
AcDbVertex
100
AcDb3dPolylineVertex
 10
254.5152517080354
 20
318.6966674635187
 30
1071.0
 70
32
  0
VERTEX
  5
5B8
330
17
100
AcDbEntity
  8
TOPO-CONTOUR-MINOR
100
AcDbVertex
100
AcDb3dPolylineVertex
 10
256.2209479597551
 20
321.71951104328036
 30
1071.0
 70
32
  0
VERTEX
  5
5B9
330
17
100
AcDbEntity
  8
TOPO-CONTOUR-MINOR
100
AcDbVertex
100
AcDb3dPolylineVertex
 10
256.1779554243596
 20
322.7271255692467
 30
1071.0
 70
32
  0
VERTEX
  5
5BA
330
17
100
AcDbEntity
  8
TOPO-CONTOUR-MINOR
100
AcDbVertex
100
AcDb3dPolylineVertex
 10
255.29587034942315
 20
324.7423546221107
 30
1071.0
 70
32
  0
VERTEX
  5
5BB
330
17
100
AcDbEntity
  8
TOPO-CONTOUR-MINOR
100
AcDbVertex
100
AcDb3dPolylineVertex
 10
255.25785943144217
 20
326.75758367497474
 30
1071.0
 70
32
  0
VERTEX
  5
5BC
330
17
100
AcDbEntity
  8
TOPO-CONTOUR-MINOR
100
AcDbVertex
100
AcDb3dPolylineVertex
 10
256.4442444879744
 20
329.7804272547364
 30
1071.0
 70
32
  0
VERTEX
  5
5BD
330
17
100
AcDbEntity
  8
TOPO-CONTOUR-MINOR
100
AcDbVertex
100
AcDb3dPolylineVertex
 10
257.074398107445
 20
335.82611441239715
 30
1071.0
 70
32
  0
VERTEX
  5
5BE
330
17
100
AcDbEntity
  8
TOPO-CONTOUR-MINOR
100
AcDbVertex
100
AcDb3dPolylineVertex
 10
257.5699643656326
 20
337.12225972186747
 30
1071.0
 70
32
  0
VERTEX
  5
5BF
330
17
100
AcDbEntity
  8
TOPO-CONTOUR-MINOR
100
AcDbVertex
100
AcDb3dPolylineVertex
 10
258.49390587613016
 20
337.84134346526116
 30
1071.0
 70
32
  0
SEQEND
  5
596
330
595
100
AcDbEntity
  8
TOPO-CONTOUR-MINOR
  0
POLYLINE
  5
5C0
330
17
100
AcDbEntity
  8
TOPO-CONTOUR-MINOR
100
AcDb3dPolyline
 66
1
 10
0.0
 20
0.0
 30
0.0
 70
8
  0
VERTEX
  5
5C2
330
17
100
AcDbEntity
  8
TOPO-CONTOUR-MINOR
100
AcDbVertex
100
AcDb3dPolylineVertex
 10
247.87280164890765
 20
275.36924282833934
 30
1071.0
 70
32
  0
VERTEX
  5
5C3
330
17
100
AcDbEntity
  8
TOPO-CONTOUR-MINOR
100
AcDbVertex
100
AcDb3dPolylineVertex
 10
249.50904815436024
 20
276.02339569686285
 30
1071.0
 70
32
  0
VERTEX
  5
5C4
330
17
100
AcDbEntity
  8
TOPO-CONTOUR-MINOR
100
AcDbVertex
100
AcDb3dPolylineVertex
 10
250.5166626807695
 20
275.9974552977416
 30
1071.0
 70
32
  0
VERTEX
  5
5C5
330
17
100
AcDbEntity
  8
TOPO-CONTOUR-MINOR
100
AcDbVertex
100
AcDb3dPolylineVertex
 10
256.5623498392242
 20
274.9569017746883
 30
1071.0
 70
32
  0
VERTEX
  5
5C6
330
17
100
AcDbEntity
  8
TOPO-CONTOUR-MINOR
100
AcDbVertex
100
AcDb3dPolylineVertex
 10
258.57757889204186
 20
274.1614872227143
 30
1071.0
 70
32
  0
VERTEX
  5
5C7
330
17
100
AcDbEntity
  8
TOPO-CONTOUR-MINOR
100
AcDbVertex
100
AcDb3dPolylineVertex
 10
261.7136151174762
 20
272.34639924857765
 30
1071.0
 70
32
  0
VERTEX
  5
5C8
330
17
100
AcDbEntity
  8
TOPO-CONTOUR-MINOR
100
AcDbVertex
100
AcDb3dPolylineVertex
 10
263.8989213259537
 20
270.33117019664496
 30
1071.0
 70
32
  0
VERTEX
  5
5C9
330
17
100
AcDbEntity
  8
TOPO-CONTOUR-MINOR
100
AcDbVertex
100
AcDb3dPolylineVertex
 10
263.83029148128134
 20
269.3235556697473
 30
1071.0
 70
32
  0
VERTEX
  5
5CA
330
17
100
AcDbEntity
  8
TOPO-CONTOUR-MINOR
100
AcDbVertex
100
AcDb3dPolylineVertex
 10
262.84919058842354
 20
268.31594114378095
 30
1071.0
 70
32
  0
VERTEX
  5
5CB
330
17
100
AcDbEntity
  8
TOPO-CONTOUR-MINOR
100
AcDbVertex
100
AcDb3dPolylineVertex
 10
258.57757889204186
 20
265.5976730281285
 30
1071.0
 70
32
  0
VERTEX
  5
5CC
330
17
100
AcDbEntity
  8
TOPO-CONTOUR-MINOR
100
AcDbVertex
100
AcDb3dPolylineVertex
 10
257.4765561409569
 20
264.2854830380529
 30
1071.0
 70
32
  0
VERTEX
  5
5CD
330
17
100
AcDbEntity
  8
TOPO-CONTOUR-MINOR
100
AcDbVertex
100
AcDb3dPolylineVertex
 10
257.5902376129188
 20
263.27786851115525
 30
1071.0
 70
32
  0
VERTEX
  5
5CE
330
17
100
AcDbEntity
  8
TOPO-CONTOUR-MINOR
100
AcDbVertex
100
AcDb3dPolylineVertex
 10
258.2850960676888
 20
262.2702539851889
 30
1071.0
 70
32
  0
VERTEX
  5
5CF
330
17
100
AcDbEntity
  8
TOPO-CONTOUR-MINOR
100
AcDbVertex
100
AcDb3dPolylineVertex
 10
261.3729186477354
 20
259.2474104054272
 30
1071.0
 70
32
  0
VERTEX
  5
5D0
330
17
100
AcDbEntity
  8
TOPO-CONTOUR-MINOR
100
AcDbVertex
100
AcDb3dPolylineVertex
 10
264.4898910002035
 20
255.2169522996992
 30
1071.0
 70
32
  0
VERTEX
  5
5D1
330
17
100
AcDbEntity
  8
TOPO-CONTOUR-MINOR
100
AcDbVertex
100
AcDb3dPolylineVertex
 10
264.857312327642
 20
253.20172324683517
 30
1071.0
 70
32
  0
VERTEX
  5
5D2
330
17
100
AcDbEntity
  8
TOPO-CONTOUR-MINOR
100
AcDbVertex
100
AcDb3dPolylineVertex
 10
264.2447947515004
 20
251.18649419490248
 30
1071.0
 70
32
  0
VERTEX
  5
5D3
330
17
100
AcDbEntity
  8
TOPO-CONTOUR-MINOR
100
AcDbVertex
100
AcDb3dPolylineVertex
 10
263.4653459362229
 20
250.17887966800484
 30
1071.0
 70
32
  0
VERTEX
  5
5D4
330
17
100
AcDbEntity
  8
TOPO-CONTOUR-MINOR
100
AcDbVertex
100
AcDb3dPolylineVertex
 10
261.60042247126876
 20
249.01935182569852
 30
1071.0
 70
32
  0
VERTEX
  5
5D5
330
17
100
AcDbEntity
  8
TOPO-CONTOUR-MINOR
100
AcDbVertex
100
AcDb3dPolylineVertex
 10
256.0583686447025
 20
248.1636506151408
 30
1071.0
 70
32
  0
VERTEX
  5
5D6
330
17
100
AcDbEntity
  8
TOPO-CONTOUR-MINOR
100
AcDbVertex
100
AcDb3dPolylineVertex
 10
252.31468607553936
 20
247.15603608917445
 30
1071.0
 70
32
  0
VERTEX
  5
5D7
330
17
100
AcDbEntity
  8
TOPO-CONTOUR-MINOR
100
AcDbVertex
100
AcDb3dPolylineVertex
 10
250.62772210985364
 20
246.14842156227678
 30
1071.0
 70
32
  0
VERTEX
  5
5D8
330
17
100
AcDbEntity
  8
TOPO-CONTOUR-MINOR
100
AcDbVertex
100
AcDb3dPolylineVertex
 10
250.39545082877981
 20
245.14080703631043
 30
1071.0
 70
32
  0
VERTEX
  5
5D9
330
17
100
AcDbEntity
  8
TOPO-CONTOUR-MINOR
100
AcDbVertex
100
AcDb3dPolylineVertex
 10
250.85721475336484
 20
241.1103489305824
 30
1071.0
 70
32
  0
VERTEX
  5
5DA
330
17
100
AcDbEntity
  8
TOPO-CONTOUR-MINOR
100
AcDbVertex
100
AcDb3dPolylineVertex
 10
250.0733631215832
 20
235.06466177199033
 30
1071.0
 70
32
  0
VERTEX
  5
5DB
330
17
100
AcDbEntity
  8
TOPO-CONTOUR-MINOR
100
AcDbVertex
100
AcDb3dPolylineVertex
 10
249.61635809628868
 20
234.0570472450927
 30
1071.0
 70
32
  0
VERTEX
  5
5DC
330
17
100
AcDbEntity
  8
TOPO-CONTOUR-MINOR
100
AcDbVertex
100
AcDb3dPolylineVertex
 10
247.49381910154258
 20
231.5196273539088
 30
1071.0
 70
32
  0
VERTEX
  5
5DD
330
17
100
AcDbEntity
  8
TOPO-CONTOUR-MINOR
100
AcDbVertex
100
AcDb3dPolylineVertex
 10
246.48620457513334
 20
230.91720772641767
 30
1071.0
 70
32
  0
VERTEX
  5
5DE
330
17
100
AcDbEntity
  8
TOPO-CONTOUR-MINOR
100
AcDbVertex
100
AcDb3dPolylineVertex
 10
245.47859004872407
 20
231.0042751636075
 30
1071.0
 70
32
  0
VERTEX
  5
5DF
330
17
100
AcDbEntity
  8
TOPO-CONTOUR-MINOR
100
AcDbVertex
100
AcDb3dPolylineVertex
 10
241.44813194308793
 20
232.15828502699154
 30
1071.0
 70
32
  0
VERTEX
  5
5E0
330
17
100
AcDbEntity
  8
TOPO-CONTOUR-MINOR
100
AcDbVertex
100
AcDb3dPolylineVertex
 10
238.425288363861
 20
233.8487479680882
 30
1071.0
 70
32
  0
VERTEX
  5
5E1
330
17
100
AcDbEntity
  8
TOPO-CONTOUR-MINOR
100
AcDbVertex
100
AcDb3dPolylineVertex
 10
237.41767383745173
 20
233.86689003761137
 30
1071.0
 70
32
  0
VERTEX
  5
5E2
330
17
100
AcDbEntity
  8
TOPO-CONTOUR-MINOR
100
AcDbVertex
100
AcDb3dPolylineVertex
 10
234.39483025822486
 20
232.23814962916413
 30
1071.0
 70
32
  0
VERTEX
  5
5E3
330
17
100
AcDbEntity
  8
TOPO-CONTOUR-MINOR
100
AcDbVertex
100
AcDb3dPolylineVertex
 10
231.13919325433403
 20
231.03420366626233
 30
1071.0
 70
32
  0
VERTEX
  5
5E4
330
17
100
AcDbEntity
  8
TOPO-CONTOUR-MINOR
100
AcDbVertex
100
AcDb3dPolylineVertex
 10
230.7796507229821
 20
229.0189746133983
 30
1071.0
 70
32
  0
VERTEX
  5
5E5
330
17
100
AcDbEntity
  8
TOPO-CONTOUR-MINOR
100
AcDbVertex
100
AcDb3dPolylineVertex
 10
231.968963630094
 20
223.98090198170394
 30
1071.0
 70
32
  0
VERTEX
  5
5E6
330
17
100
AcDbEntity
  8
TOPO-CONTOUR-MINOR
100
AcDbVertex
100
AcDb3dPolylineVertex
 10
231.80200555007755
 20
220.95805840194225
 30
1071.0
 70
32
  0
VERTEX
  5
5E7
330
17
100
AcDbEntity
  8
TOPO-CONTOUR-MINOR
100
AcDbVertex
100
AcDb3dPolylineVertex
 10
229.74161688587998
 20
216.92760029621422
 30
1071.0
 70
32
  0
VERTEX
  5
5E8
330
17
100
AcDbEntity
  8
TOPO-CONTOUR-MINOR
100
AcDbVertex
100
AcDb3dPolylineVertex
 10
228.34914309977012
 20
212.78601940673462
 30
1071.0
 70
32
  0
VERTEX
  5
5E9
330
17
100
AcDbEntity
  8
TOPO-CONTOUR-MINOR
100
AcDbVertex
100
AcDb3dPolylineVertex
 10
224.31868499413395
 20
205.57511595409233
 30
1071.0
 70
32
  0
VERTEX
  5
5EA
330
17
100
AcDbEntity
  8
TOPO-CONTOUR-MINOR
100
AcDbVertex
100
AcDb3dPolylineVertex
 10
221.5824158355488
 20
201.81338240019977
 30
1071.0
 70
32
  0
VERTEX
  5
5EB
330
17
100
AcDbEntity
  8
TOPO-CONTOUR-MINOR
100
AcDbVertex
100
AcDb3dPolylineVertex
 10
220.73084894390783
 20
198.7905388213694
 30
1071.0
 70
32
  0
VERTEX
  5
5EC
330
17
100
AcDbEntity
  8
TOPO-CONTOUR-MINOR
100
AcDbVertex
100
AcDb3dPolylineVertex
 10
216.57489849399954
 20
193.7524661887437
 30
1071.0
 70
32
  0
VERTEX
  5
5ED
330
17
100
AcDbEntity
  8
TOPO-CONTOUR-MINOR
100
AcDbVertex
100
AcDb3dPolylineVertex
 10
210.3698279683034
 20
189.722008083947
 30
1071.0
 70
32
  0
VERTEX
  5
5EE
330
17
100
AcDbEntity
  8
TOPO-CONTOUR-MINOR
100
AcDbVertex
100
AcDb3dPolylineVertex
 10
206.18162351877163
 20
186.55912213786183
 30
1071.0
 70
32
  0
VERTEX
  5
5EF
330
17
100
AcDbEntity
  8
TOPO-CONTOUR-MINOR
100
AcDbVertex
100
AcDb3dPolylineVertex
 10
204.259493311499
 20
184.6839354513213
 30
1071.0
 70
32
  0
VERTEX
  5
5F0
330
17
100
AcDbEntity
  8
TOPO-CONTOUR-MINOR
100
AcDbVertex
100
AcDb3dPolylineVertex
 10
202.44993669003642
 20
181.66109187249094
 30
1071.0
 70
32
  0
VERTEX
  5
5F1
330
17
100
AcDbEntity
  8
TOPO-CONTOUR-MINOR
100
AcDbVertex
100
AcDb3dPolylineVertex
 10
201.1435508867262
 20
180.59860410125333
 30
1071.0
 70
32
  0
VERTEX
  5
5F2
330
17
100
AcDbEntity
  8
TOPO-CONTOUR-MINOR
100
AcDbVertex
100
AcDb3dPolylineVertex
 10
200.13593636031692
 20
180.40525434878555
 30
1071.0
 70
32
  0
VERTEX
  5
5F3
330
17
100
AcDbEntity
  8
TOPO-CONTOUR-MINOR
100
AcDbVertex
100
AcDb3dPolylineVertex
 10
199.12832183390765
 20
181.14428320392142
 30
1071.0
 70
32
  0
VERTEX
  5
5F4
330
17
100
AcDbEntity
  8
TOPO-CONTOUR-MINOR
100
AcDbVertex
100
AcDb3dPolylineVertex
 10
198.3437525248
 20
182.66870639845726
 30
1071.0
 70
32
  0
VERTEX
  5
5F5
330
17
100
AcDbEntity
  8
TOPO-CONTOUR-MINOR
100
AcDbVertex
100
AcDb3dPolylineVertex
 10
198.04051259960931
 20
184.6839354513213
 30
1071.0
 70
32
  0
VERTEX
  5
5F6
330
17
100
AcDbEntity
  8
TOPO-CONTOUR-MINOR
100
AcDbVertex
100
AcDb3dPolylineVertex
 10
198.1425069077415
 20
188.71439355704933
 30
1071.0
 70
32
  0
VERTEX
  5
5F7
330
17
100
AcDbEntity
  8
TOPO-CONTOUR-MINOR
100
AcDbVertex
100
AcDb3dPolylineVertex
 10
197.69373086737363
 20
189.722008083947
 30
1071.0
 70
32
  0
VERTEX
  5
5F8
330
17
100
AcDbEntity
  8
TOPO-CONTOUR-MINOR
100
AcDbVertex
100
AcDb3dPolylineVertex
 10
196.10547825468075
 20
191.39973717906295
 30
1071.0
 70
32
  0
VERTEX
  5
5F9
330
17
100
AcDbEntity
  8
TOPO-CONTOUR-MINOR
100
AcDbVertex
100
AcDb3dPolylineVertex
 10
195.004157373979
 20
193.7524661887437
 30
1071.0
 70
32
  0
VERTEX
  5
5FA
330
17
100
AcDbEntity
  8
TOPO-CONTOUR-MINOR
100
AcDbVertex
100
AcDb3dPolylineVertex
 10
194.4919109318002
 20
200.80576787423342
 30
1071.0
 70
32
  0
VERTEX
  5
5FB
330
17
100
AcDbEntity
  8
TOPO-CONTOUR-MINOR
100
AcDbVertex
100
AcDb3dPolylineVertex
 10
194.5615936344447
 20
202.82099692709744
 30
1071.0
 70
32
  0
VERTEX
  5
5FC
330
17
100
AcDbEntity
  8
TOPO-CONTOUR-MINOR
100
AcDbVertex
100
AcDb3dPolylineVertex
 10
195.30980084464048
 20
206.85145503282547
 30
1071.0
 70
32
  0
VERTEX
  5
5FD
330
17
100
AcDbEntity
  8
TOPO-CONTOUR-MINOR
100
AcDbVertex
100
AcDb3dPolylineVertex
 10
196.94411742741408
 20
211.88952766451985
 30
1071.0
 70
32
  0
VERTEX
  5
5FE
330
17
100
AcDbEntity
  8
TOPO-CONTOUR-MINOR
100
AcDbVertex
100
AcDb3dPolylineVertex
 10
198.31535816100106
 20
217.9352148231119
 30
1071.0
 70
32
  0
VERTEX
  5
5FF
330
17
100
AcDbEntity
  8
TOPO-CONTOUR-MINOR
100
AcDbVertex
100
AcDb3dPolylineVertex
 10
199.4687438116997
 20
220.95805840194225
 30
1071.0
 70
32
  0
VERTEX
  5
600
330
17
100
AcDbEntity
  8
TOPO-CONTOUR-MINOR
100
AcDbVertex
100
AcDb3dPolylineVertex
 10
205.17400899236236
 20
231.45500062209638
 30
1071.0
 70
32
  0
VERTEX
  5
601
330
17
100
AcDbEntity
  8
TOPO-CONTOUR-MINOR
100
AcDbVertex
100
AcDb3dPolylineVertex
 10
206.18162351877163
 20
232.76281866933456
 30
1071.0
 70
32
  0
VERTEX
  5
602
330
17
100
AcDbEntity
  8
TOPO-CONTOUR-MINOR
100
AcDbVertex
100
AcDb3dPolylineVertex
 10
210.13385201646147
 20
235.06466177199036
 30
1071.0
 70
32
  0
VERTEX
  5
603
330
17
100
AcDbEntity
  8
TOPO-CONTOUR-MINOR
100
AcDbVertex
100
AcDb3dPolylineVertex
 10
213.2349252036347
 20
237.31230798051627
 30
1071.0
 70
32
  0
VERTEX
  5
604
330
17
100
AcDbEntity
  8
TOPO-CONTOUR-MINOR
100
AcDbVertex
100
AcDb3dPolylineVertex
 10
218.27299783568014
 20
239.34506117831336
 30
1071.0
 70
32
  0
VERTEX
  5
605
330
17
100
AcDbEntity
  8
TOPO-CONTOUR-MINOR
100
AcDbVertex
100
AcDb3dPolylineVertex
 10
221.40150674857506
 20
241.1103489305824
 30
1071.0
 70
32
  0
VERTEX
  5
606
330
17
100
AcDbEntity
  8
TOPO-CONTOUR-MINOR
100
AcDbVertex
100
AcDb3dPolylineVertex
 10
222.6799774865999
 20
242.11796345654875
 30
1071.0
 70
32
  0
VERTEX
  5
607
330
17
100
AcDbEntity
  8
TOPO-CONTOUR-MINOR
100
AcDbVertex
100
AcDb3dPolylineVertex
 10
224.33150730878543
 20
245.14080703631043
 30
1071.0
 70
32
  0
VERTEX
  5
608
330
17
100
AcDbEntity
  8
TOPO-CONTOUR-MINOR
100
AcDbVertex
100
AcDb3dPolylineVertex
 10
225.32629952054322
 20
246.11775084961596
 30
1071.0
 70
32
  0
VERTEX
  5
609
330
17
100
AcDbEntity
  8
TOPO-CONTOUR-MINOR
100
AcDbVertex
100
AcDb3dPolylineVertex
 10
230.36437215258863
 20
249.76159638827733
 30
1071.0
 70
32
  0
VERTEX
  5
60A
330
17
100
AcDbEntity
  8
TOPO-CONTOUR-MINOR
100
AcDbVertex
100
AcDb3dPolylineVertex
 10
232.3796012054063
 20
253.23770887566818
 30
1071.0
 70
32
  0
VERTEX
  5
60B
330
17
100
AcDbEntity
  8
TOPO-CONTOUR-MINOR
100
AcDbVertex
100
AcDb3dPolylineVertex
 10
235.4024447846341
 20
257.27588055102245
 30
1071.0
 70
32
  0
VERTEX
  5
60C
330
17
100
AcDbEntity
  8
TOPO-CONTOUR-MINOR
100
AcDbVertex
100
AcDb3dPolylineVertex
 10
240.2120423100734
 20
265.29309756401926
 30
1071.0
 70
32
  0
VERTEX
  5
60D
330
17
100
AcDbEntity
  8
TOPO-CONTOUR-MINOR
100
AcDbVertex
100
AcDb3dPolylineVertex
 10
245.47859004872407
 20
271.08485912918894
 30
1071.0
 70
32
  0
VERTEX
  5
60E
330
17
100
AcDbEntity
  8
TOPO-CONTOUR-MINOR
100
AcDbVertex
100
AcDb3dPolylineVertex
 10
247.87280164890765
 20
275.36924282833934
 30
1071.0
 70
32
  0
SEQEND
  5
5C1
330
5C0
100
AcDbEntity
  8
TOPO-CONTOUR-MINOR
  0
POLYLINE
  5
60F
330
17
100
AcDbEntity
  8
TOPO-CONTOUR-MINOR
100
AcDb3dPolyline
 66
1
 10
0.0
 20
0.0
 30
0.0
 70
8
  0
VERTEX
  5
611
330
17
100
AcDbEntity
  8
TOPO-CONTOUR-MINOR
100
AcDbVertex
100
AcDb3dPolylineVertex
 10
101.38971277223027
 20
189.21778913380362
 30
1071.0
 70
32
  0
VERTEX
  5
612
330
17
100
AcDbEntity
  8
TOPO-CONTOUR-MINOR
100
AcDbVertex
100
AcDb3dPolylineVertex
 10
99.7915077458225
 20
187.706779031083
 30
1071.0
 70
32
  0
VERTEX
  5
613
330
17
100
AcDbEntity
  8
TOPO-CONTOUR-MINOR
100
AcDbVertex
100
AcDb3dPolylineVertex
 10
99.54623395298313
 20
186.69916450418532
 30
1071.0
 70
32
  0
VERTEX
  5
614
330
17
100
AcDbEntity
  8
TOPO-CONTOUR-MINOR
100
AcDbVertex
100
AcDb3dPolylineVertex
 10
100.47811939062214
 20
185.69154997821897
 30
1071.0
 70
32
  0
VERTEX
  5
615
330
17
100
AcDbEntity
  8
TOPO-CONTOUR-MINOR
100
AcDbVertex
100
AcDb3dPolylineVertex
 10
102.39732729863952
 20
184.60692216010438
 30
1071.0
 70
32
  0
VERTEX
  5
616
330
17
100
AcDbEntity
  8
TOPO-CONTOUR-MINOR
100
AcDbVertex
100
AcDb3dPolylineVertex
 10
103.40494182504881
 20
185.56017535783087
 30
1071.0
 70
32
  0
VERTEX
  5
617
330
17
100
AcDbEntity
  8
TOPO-CONTOUR-MINOR
100
AcDbVertex
100
AcDb3dPolylineVertex
 10
103.40494182504881
 20
188.51797691819792
 30
1071.0
 70
32
  0
VERTEX
  5
618
330
17
100
AcDbEntity
  8
TOPO-CONTOUR-MINOR
100
AcDbVertex
100
AcDb3dPolylineVertex
 10
102.39732729863954
 20
189.54811465000432
 30
1071.0
 70
32
  0
VERTEX
  5
619
330
17
100
AcDbEntity
  8
TOPO-CONTOUR-MINOR
100
AcDbVertex
100
AcDb3dPolylineVertex
 10
101.38971277223027
 20
189.21778913380362
 30
1071.0
 70
32
  0
SEQEND
  5
610
330
60F
100
AcDbEntity
  8
TOPO-CONTOUR-MINOR
  0
POLYLINE
  5
61A
330
17
100
AcDbEntity
  8
TOPO-CONTOUR-MINOR
100
AcDb3dPolyline
 66
1
 10
0.0
 20
0.0
 30
0.0
 70
8
  0
VERTEX
  5
61C
330
17
100
AcDbEntity
  8
TOPO-CONTOUR-MINOR
100
AcDbVertex
100
AcDb3dPolylineVertex
 10
136.65622119654745
 20
188.72032390419977
 30
1071.0
 70
32
  0
VERTEX
  5
61D
330
17
100
AcDbEntity
  8
TOPO-CONTOUR-MINOR
100
AcDbVertex
100
AcDb3dPolylineVertex
 10
135.64860667013818
 20
188.69237176819394
 30
1071.0
 70
32
  0
VERTEX
  5
61E
330
17
100
AcDbEntity
  8
TOPO-CONTOUR-MINOR
100
AcDbVertex
100
AcDb3dPolylineVertex
 10
135.13921464697376
 20
183.67632092535496
 30
1071.0
 70
32
  0
VERTEX
  5
61F
330
17
100
AcDbEntity
  8
TOPO-CONTOUR-MINOR
100
AcDbVertex
100
AcDb3dPolylineVertex
 10
132.95271191611448
 20
173.60017566103488
 30
1071.0
 70
32
  0
VERTEX
  5
620
330
17
100
AcDbEntity
  8
TOPO-CONTOUR-MINOR
100
AcDbVertex
100
AcDb3dPolylineVertex
 10
131.66473745020934
 20
165.53925944957882
 30
1071.0
 70
32
  0
VERTEX
  5
621
330
17
100
AcDbEntity
  8
TOPO-CONTOUR-MINOR
100
AcDbVertex
100
AcDb3dPolylineVertex
 10
132.0553546588015
 20
156.47072871215641
 30
1071.0
 70
32
  0
VERTEX
  5
622
330
17
100
AcDbEntity
  8
TOPO-CONTOUR-MINOR
100
AcDbVertex
100
AcDb3dPolylineVertex
 10
132.62576309091128
 20
153.59602687995607
 30
1071.0
 70
32
  0
VERTEX
  5
623
330
17
100
AcDbEntity
  8
TOPO-CONTOUR-MINOR
100
AcDbVertex
100
AcDb3dPolylineVertex
 10
133.63337761731964
 20
153.9126574707377
 30
1071.0
 70
32
  0
VERTEX
  5
624
330
17
100
AcDbEntity
  8
TOPO-CONTOUR-MINOR
100
AcDbVertex
100
AcDb3dPolylineVertex
 10
135.64860667013818
 20
159.04433052755354
 30
1071.0
 70
32
  0
VERTEX
  5
625
330
17
100
AcDbEntity
  8
TOPO-CONTOUR-MINOR
100
AcDbVertex
100
AcDb3dPolylineVertex
 10
137.61946926982858
 20
169.56971755530685
 30
1071.0
 70
32
  0
VERTEX
  5
626
330
17
100
AcDbEntity
  8
TOPO-CONTOUR-MINOR
100
AcDbVertex
100
AcDb3dPolylineVertex
 10
137.65381458976663
 20
174.60779018700123
 30
1071.0
 70
32
  0
VERTEX
  5
627
330
17
100
AcDbEntity
  8
TOPO-CONTOUR-MINOR
100
AcDbVertex
100
AcDb3dPolylineVertex
 10
136.6926050689614
 20
183.67632092535496
 30
1071.0
 70
32
  0
VERTEX
  5
628
330
17
100
AcDbEntity
  8
TOPO-CONTOUR-MINOR
100
AcDbVertex
100
AcDb3dPolylineVertex
 10
136.65622119654745
 20
188.72032390419977
 30
1071.0
 70
32
  0
SEQEND
  5
61B
330
61A
100
AcDbEntity
  8
TOPO-CONTOUR-MINOR
  0
POLYLINE
  5
629
330
17
100
AcDbEntity
  8
TOPO-CONTOUR-MINOR
100
AcDb3dPolyline
 66
1
 10
0.0
 20
0.0
 30
0.0
 70
8
  0
VERTEX
  5
62B
330
17
100
AcDbEntity
  8
TOPO-CONTOUR-MINOR
100
AcDbVertex
100
AcDb3dPolylineVertex
 10
198.82943527321174
 20
176.62301923986524
 30
1071.0
 70
32
  0
VERTEX
  5
62C
330
17
100
AcDbEntity
  8
TOPO-CONTOUR-MINOR
100
AcDbVertex
100
AcDb3dPolylineVertex
 10
199.12832183390765
 20
176.9809212868123
 30
1071.0
 70
32
  0
VERTEX
  5
62D
330
17
100
AcDbEntity
  8
TOPO-CONTOUR-MINOR
100
AcDbVertex
100
AcDb3dPolylineVertex
 10
200.13593636031692
 20
176.87767044772755
 30
1071.0
 70
32
  0
VERTEX
  5
62E
330
17
100
AcDbEntity
  8
TOPO-CONTOUR-MINOR
100
AcDbVertex
100
AcDb3dPolylineVertex
 10
202.432307768328
 20
173.60017566103488
 30
1071.0
 70
32
  0
VERTEX
  5
62F
330
17
100
AcDbEntity
  8
TOPO-CONTOUR-MINOR
100
AcDbVertex
100
AcDb3dPolylineVertex
 10
206.18162351877163
 20
172.14714098713978
 30
1071.0
 70
32
  0
VERTEX
  5
630
330
17
100
AcDbEntity
  8
TOPO-CONTOUR-MINOR
100
AcDbVertex
100
AcDb3dPolylineVertex
 10
207.07738298631145
 20
171.58494660817084
 30
1071.0
 70
32
  0
VERTEX
  5
631
330
17
100
AcDbEntity
  8
TOPO-CONTOUR-MINOR
100
AcDbVertex
100
AcDb3dPolylineVertex
 10
207.81927510194686
 20
170.5773320812732
 30
1071.0
 70
32
  0
VERTEX
  5
632
330
17
100
AcDbEntity
  8
TOPO-CONTOUR-MINOR
100
AcDbVertex
100
AcDb3dPolylineVertex
 10
208.48458879077145
 20
167.55448850244284
 30
1071.0
 70
32
  0
VERTEX
  5
633
330
17
100
AcDbEntity
  8
TOPO-CONTOUR-MINOR
100
AcDbVertex
100
AcDb3dPolylineVertex
 10
208.3560973164874
 20
165.53925944957882
 30
1071.0
 70
32
  0
VERTEX
  5
634
330
17
100
AcDbEntity
  8
TOPO-CONTOUR-MINOR
100
AcDbVertex
100
AcDb3dPolylineVertex
 10
207.88205329620533
 20
164.53164492361248
 30
1071.0
 70
32
  0
VERTEX
  5
635
330
17
100
AcDbEntity
  8
TOPO-CONTOUR-MINOR
100
AcDbVertex
100
AcDb3dPolylineVertex
 10
206.18162351877163
 20
163.14209743380405
 30
1071.0
 70
32
  0
VERTEX
  5
636
330
17
100
AcDbEntity
  8
TOPO-CONTOUR-MINOR
100
AcDbVertex
100
AcDb3dPolylineVertex
 10
205.17400899236236
 20
162.83059917955597
 30
1071.0
 70
32
  0
VERTEX
  5
637
330
17
100
AcDbEntity
  8
TOPO-CONTOUR-MINOR
100
AcDbVertex
100
AcDb3dPolylineVertex
 10
203.15877993954473
 20
162.93197728041372
 30
1071.0
 70
32
  0
VERTEX
  5
638
330
17
100
AcDbEntity
  8
TOPO-CONTOUR-MINOR
100
AcDbVertex
100
AcDb3dPolylineVertex
 10
200.13593636031692
 20
164.18288691088964
 30
1071.0
 70
32
  0
VERTEX
  5
639
330
17
100
AcDbEntity
  8
TOPO-CONTOUR-MINOR
100
AcDbVertex
100
AcDb3dPolylineVertex
 10
198.70591691437815
 20
165.53925944957882
 30
1071.0
 70
32
  0
VERTEX
  5
63A
330
17
100
AcDbEntity
  8
TOPO-CONTOUR-MINOR
100
AcDbVertex
100
AcDb3dPolylineVertex
 10
196.10547825468075
 20
169.42254775317622
 30
1071.0
 70
32
  0
VERTEX
  5
63B
330
17
100
AcDbEntity
  8
TOPO-CONTOUR-MINOR
100
AcDbVertex
100
AcDb3dPolylineVertex
 10
195.7133588455361
 20
170.5773320812732
 30
1071.0
 70
32
  0
VERTEX
  5
63C
330
17
100
AcDbEntity
  8
TOPO-CONTOUR-MINOR
100
AcDbVertex
100
AcDb3dPolylineVertex
 10
196.0338752860417
 20
172.5925611341372
 30
1071.0
 70
32
  0
VERTEX
  5
63D
330
17
100
AcDbEntity
  8
TOPO-CONTOUR-MINOR
100
AcDbVertex
100
AcDb3dPolylineVertex
 10
198.1207073074993
 20
175.95388908651086
 30
1071.0
 70
32
  0
VERTEX
  5
63E
330
17
100
AcDbEntity
  8
TOPO-CONTOUR-MINOR
100
AcDbVertex
100
AcDb3dPolylineVertex
 10
198.82943527321174
 20
176.62301923986524
 30
1071.0
 70
32
  0
SEQEND
  5
62A
330
629
100
AcDbEntity
  8
TOPO-CONTOUR-MINOR
  0
POLYLINE
  5
63F
330
17
100
AcDbEntity
  8
TOPO-CONTOUR-MINOR
100
AcDb3dPolyline
 66
1
 10
0.0
 20
0.0
 30
0.0
 70
8
  0
VERTEX
  5
641
330
17
100
AcDbEntity
  8
TOPO-CONTOUR-MINOR
100
AcDbVertex
100
AcDb3dPolylineVertex
 10
214.33282689664165
 20
147.402197974734
 30
1071.0
 70
32
  0
VERTEX
  5
642
330
17
100
AcDbEntity
  8
TOPO-CONTOUR-MINOR
100
AcDbVertex
100
AcDb3dPolylineVertex
 10
215.25015425645324
 20
147.64393319591306
 30
1071.0
 70
32
  0
VERTEX
  5
643
330
17
100
AcDbEntity
  8
TOPO-CONTOUR-MINOR
100
AcDbVertex
100
AcDb3dPolylineVertex
 10
216.06426983504258
 20
147.402197974734
 30
1071.0
 70
32
  0
VERTEX
  5
644
330
17
100
AcDbEntity
  8
TOPO-CONTOUR-MINOR
100
AcDbVertex
100
AcDb3dPolylineVertex
 10
216.89858542624432
 20
146.39458344783634
 30
1071.0
 70
32
  0
VERTEX
  5
645
330
17
100
AcDbEntity
  8
TOPO-CONTOUR-MINOR
100
AcDbVertex
100
AcDb3dPolylineVertex
 10
216.92917617335695
 20
144.37935439497232
 30
1071.0
 70
32
  0
VERTEX
  5
646
330
17
100
AcDbEntity
  8
TOPO-CONTOUR-MINOR
100
AcDbVertex
100
AcDb3dPolylineVertex
 10
216.2577687828616
 20
142.65101750019767
 30
1071.0
 70
32
  0
VERTEX
  5
647
330
17
100
AcDbEntity
  8
TOPO-CONTOUR-MINOR
100
AcDbVertex
100
AcDb3dPolylineVertex
 10
215.25015425645324
 20
140.86516286972466
 30
1071.0
 70
32
  0
VERTEX
  5
648
330
17
100
AcDbEntity
  8
TOPO-CONTOUR-MINOR
100
AcDbVertex
100
AcDb3dPolylineVertex
 10
214.24253973004397
 20
139.82713709027263
 30
1071.0
 70
32
  0
VERTEX
  5
649
330
17
100
AcDbEntity
  8
TOPO-CONTOUR-MINOR
100
AcDbVertex
100
AcDb3dPolylineVertex
 10
213.2349252036347
 20
139.3049332098292
 30
1071.0
 70
32
  0
VERTEX
  5
64A
330
17
100
AcDbEntity
  8
TOPO-CONTOUR-MINOR
100
AcDbVertex
100
AcDb3dPolylineVertex
 10
210.7614619295066
 20
139.34128176327795
 30
1071.0
 70
32
  0
VERTEX
  5
64B
330
17
100
AcDbEntity
  8
TOPO-CONTOUR-MINOR
100
AcDbVertex
100
AcDb3dPolylineVertex
 10
209.3393726290098
 20
140.3488962892443
 30
1071.0
 70
32
  0
VERTEX
  5
64C
330
17
100
AcDbEntity
  8
TOPO-CONTOUR-MINOR
100
AcDbVertex
100
AcDb3dPolylineVertex
 10
209.17134830794657
 20
141.35651081614196
 30
1071.0
 70
32
  0
VERTEX
  5
64D
330
17
100
AcDbEntity
  8
TOPO-CONTOUR-MINOR
100
AcDbVertex
100
AcDb3dPolylineVertex
 10
209.4156551473722
 20
142.3641253421083
 30
1071.0
 70
32
  0
VERTEX
  5
64E
330
17
100
AcDbEntity
  8
TOPO-CONTOUR-MINOR
100
AcDbVertex
100
AcDb3dPolylineVertex
 10
211.6887647109869
 20
145.38696892187
 30
1071.0
 70
32
  0
VERTEX
  5
64F
330
17
100
AcDbEntity
  8
TOPO-CONTOUR-MINOR
100
AcDbVertex
100
AcDb3dPolylineVertex
 10
214.33282689664165
 20
147.402197974734
 30
1071.0
 70
32
  0
SEQEND
  5
640
330
63F
100
AcDbEntity
  8
TOPO-CONTOUR-MINOR
  0
POLYLINE
  5
650
330
17
100
AcDbEntity
  8
TOPO-CONTOUR-MINOR
100
AcDb3dPolyline
 66
1
 10
0.0
 20
0.0
 30
0.0
 70
8
  0
VERTEX
  5
652
330
17
100
AcDbEntity
  8
TOPO-CONTOUR-MINOR
100
AcDbVertex
100
AcDb3dPolylineVertex
 10
199.50402535372194
 20
109.11284597031772
 30
1071.0
 70
32
  0
VERTEX
  5
653
330
17
100
AcDbEntity
  8
TOPO-CONTOUR-MINOR
100
AcDbVertex
100
AcDb3dPolylineVertex
 10
201.1435508867262
 20
109.6814931560169
 30
1071.0
 70
32
  0
VERTEX
  5
654
330
17
100
AcDbEntity
  8
TOPO-CONTOUR-MINOR
100
AcDbVertex
100
AcDb3dPolylineVertex
 10
202.14735463087646
 20
109.11284597031772
 30
1071.0
 70
32
  0
VERTEX
  5
655
330
17
100
AcDbEntity
  8
TOPO-CONTOUR-MINOR
100
AcDbVertex
100
AcDb3dPolylineVertex
 10
202.34284780928155
 20
107.09761691838503
 30
1071.0
 70
32
  0
VERTEX
  5
656
330
17
100
AcDbEntity
  8
TOPO-CONTOUR-MINOR
100
AcDbVertex
100
AcDb3dPolylineVertex
 10
202.02952710546904
 20
106.09000239148736
 30
1071.0
 70
32
  0
VERTEX
  5
657
330
17
100
AcDbEntity
  8
TOPO-CONTOUR-MINOR
100
AcDbVertex
100
AcDb3dPolylineVertex
 10
200.69705215968497
 20
104.07477333862334
 30
1071.0
 70
32
  0
VERTEX
  5
658
330
17
100
AcDbEntity
  8
TOPO-CONTOUR-MINOR
100
AcDbVertex
100
AcDb3dPolylineVertex
 10
199.3808605309382
 20
103.067158812657
 30
1071.0
 70
32
  0
VERTEX
  5
659
330
17
100
AcDbEntity
  8
TOPO-CONTOUR-MINOR
100
AcDbVertex
100
AcDb3dPolylineVertex
 10
198.1207073074993
 20
102.96767199861361
 30
1071.0
 70
32
  0
VERTEX
  5
65A
330
17
100
AcDbEntity
  8
TOPO-CONTOUR-MINOR
100
AcDbVertex
100
AcDb3dPolylineVertex
 10
197.11309278109002
 20
104.06765502097329
 30
1071.0
 70
32
  0
VERTEX
  5
65B
330
17
100
AcDbEntity
  8
TOPO-CONTOUR-MINOR
100
AcDbVertex
100
AcDb3dPolylineVertex
 10
197.11309278109002
 20
105.24369030101099
 30
1071.0
 70
32
  0
VERTEX
  5
65C
330
17
100
AcDbEntity
  8
TOPO-CONTOUR-MINOR
100
AcDbVertex
100
AcDb3dPolylineVertex
 10
198.1207073074993
 20
107.5006058482802
 30
1071.0
 70
32
  0
VERTEX
  5
65D
330
17
100
AcDbEntity
  8
TOPO-CONTOUR-MINOR
100
AcDbVertex
100
AcDb3dPolylineVertex
 10
199.50402535372194
 20
109.11284597031772
 30
1071.0
 70
32
  0
SEQEND
  5
651
330
650
100
AcDbEntity
  8
TOPO-CONTOUR-MINOR
  0
POLYLINE
  5
65E
330
17
100
AcDbEntity
  8
TOPO-CONTOUR-MINOR
100
AcDb3dPolyline
 66
1
 10
0.0
 20
0.0
 30
0.0
 70
8
  0
VERTEX
  5
660
330
17
100
AcDbEntity
  8
TOPO-CONTOUR-MINOR
100
AcDbVertex
100
AcDb3dPolylineVertex
 10
107.43539993068498
 20
96.81906034347351
 30
1071.0
 70
32
  0
VERTEX
  5
661
330
17
100
AcDbEntity
  8
TOPO-CONTOUR-MINOR
100
AcDbVertex
100
AcDb3dPolylineVertex
 10
106.14340577597679
 20
95.00624260120094
 30
1071.0
 70
32
  0
VERTEX
  5
662
330
17
100
AcDbEntity
  8
TOPO-CONTOUR-MINOR
100
AcDbVertex
100
AcDb3dPolylineVertex
 10
106.12236716603847
 20
93.99862807430328
 30
1071.0
 70
32
  0
VERTEX
  5
663
330
17
100
AcDbEntity
  8
TOPO-CONTOUR-MINOR
100
AcDbVertex
100
AcDb3dPolylineVertex
 10
107.43539993068498
 20
92.76673836308679
 30
1071.0
 70
32
  0
VERTEX
  5
664
330
17
100
AcDbEntity
  8
TOPO-CONTOUR-MINOR
100
AcDbVertex
100
AcDb3dPolylineVertex
 10
108.44301445709425
 20
93.16194467553649
 30
1071.0
 70
32
  0
VERTEX
  5
665
330
17
100
AcDbEntity
  8
TOPO-CONTOUR-MINOR
100
AcDbVertex
100
AcDb3dPolylineVertex
 10
108.73820321998542
 20
95.00624260120094
 30
1071.0
 70
32
  0
VERTEX
  5
666
330
17
100
AcDbEntity
  8
TOPO-CONTOUR-MINOR
100
AcDbVertex
100
AcDb3dPolylineVertex
 10
108.44301445709425
 20
96.70931172854472
 30
1071.0
 70
32
  0
VERTEX
  5
667
330
17
100
AcDbEntity
  8
TOPO-CONTOUR-MINOR
100
AcDbVertex
100
AcDb3dPolylineVertex
 10
107.43539993068498
 20
96.81906034347351
 30
1071.0
 70
32
  0
SEQEND
  5
65F
330
65E
100
AcDbEntity
  8
TOPO-CONTOUR-MINOR
  0
POLYLINE
  5
668
330
17
100
AcDbEntity
  8
TOPO-CONTOUR-MINOR
100
AcDb3dPolyline
 66
1
 10
0.0
 20
0.0
 30
0.0
 70
8
  0
VERTEX
  5
66A
330
17
100
AcDbEntity
  8
TOPO-CONTOUR-MINOR
100
AcDbVertex
100
AcDb3dPolylineVertex
 10
109.35641826957725
 20
16.412309541366994
 30
1071.0
 70
32
  0
VERTEX
  5
66B
330
17
100
AcDbEntity
  8
TOPO-CONTOUR-MINOR
100
AcDbVertex
100
AcDb3dPolylineVertex
 10
110.3616765812174
 20
15.404695014469326
 30
1071.0
 70
32
  0
VERTEX
  5
66C
330
17
100
AcDbEntity
  8
TOPO-CONTOUR-MINOR
100
AcDbVertex
100
AcDb3dPolylineVertex
 10
110.94690611885248
 20
11.374236908741295
 30
1071.0
 70
32
  0
VERTEX
  5
66D
330
17
100
AcDbEntity
  8
TOPO-CONTOUR-MINOR
100
AcDbVertex
100
AcDb3dPolylineVertex
 10
110.45824350991188
 20
9.107471598508974
 30
1071.0
 70
32
  0
VERTEX
  5
66E
330
17
100
AcDbEntity
  8
TOPO-CONTOUR-MINOR
100
AcDbVertex
100
AcDb3dPolylineVertex
 10
109.45062898350261
 20
8.838056936104035
 30
1071.0
 70
32
  0
VERTEX
  5
66F
330
17
100
AcDbEntity
  8
TOPO-CONTOUR-MINOR
100
AcDbVertex
100
AcDb3dPolylineVertex
 10
108.44301445709425
 20
9.42791054569524
 30
1071.0
 70
32
  0
VERTEX
  5
670
330
17
100
AcDbEntity
  8
TOPO-CONTOUR-MINOR
100
AcDbVertex
100
AcDb3dPolylineVertex
 10
107.88994890760284
 20
10.366622382774949
 30
1071.0
 70
32
  0
VERTEX
  5
671
330
17
100
AcDbEntity
  8
TOPO-CONTOUR-MINOR
100
AcDbVertex
100
AcDb3dPolylineVertex
 10
107.33874372765732
 20
14.39708048850298
 30
1071.0
 70
32
  0
VERTEX
  5
672
330
17
100
AcDbEntity
  8
TOPO-CONTOUR-MINOR
100
AcDbVertex
100
AcDb3dPolylineVertex
 10
107.63905332898162
 20
15.404695014469324
 30
1071.0
 70
32
  0
VERTEX
  5
673
330
17
100
AcDbEntity
  8
TOPO-CONTOUR-MINOR
100
AcDbVertex
100
AcDb3dPolylineVertex
 10
109.35641826957725
 20
16.412309541366994
 30
1071.0
 70
32
  0
SEQEND
  5
669
330
668
100
AcDbEntity
  8
TOPO-CONTOUR-MINOR
  0
POLYLINE
  5
674
330
17
100
AcDbEntity
  8
TOPO-CONTOUR-MINOR
100
AcDb3dPolyline
 66
1
 10
0.0
 20
0.0
 30
0.0
 70
8
  0
VERTEX
  5
676
330
17
100
AcDbEntity
  8
TOPO-CONTOUR-MINOR
100
AcDbVertex
100
AcDb3dPolylineVertex
 10
86.7251795472463
 20
-10.793282671831548
 30
1071.0
 70
32
  0
VERTEX
  5
677
330
17
100
AcDbEntity
  8
TOPO-CONTOUR-MINOR
100
AcDbVertex
100
AcDb3dPolylineVertex
 10
89.29833845532175
 20
-10.15874207469492
 30
1071.0
 70
32
  0
VERTEX
  5
678
330
17
100
AcDbEntity
  8
TOPO-CONTOUR-MINOR
100
AcDbVertex
100
AcDb3dPolylineVertex
 10
91.3135675081403
 20
-10.53191066437161
 30
1071.0
 70
32
  0
VERTEX
  5
679
330
17
100
AcDbEntity
  8
TOPO-CONTOUR-MINOR
100
AcDbVertex
100
AcDb3dPolylineVertex
 10
94.3364110873672
 20
-12.837591987292369
 30
1071.0
 70
32
  0
VERTEX
  5
67A
330
17
100
AcDbEntity
  8
TOPO-CONTOUR-MINOR
100
AcDbVertex
100
AcDb3dPolylineVertex
 10
98.36686919300337
 20
-14.237145921842568
 30
1071.0
 70
32
  0
VERTEX
  5
67B
330
17
100
AcDbEntity
  8
TOPO-CONTOUR-MINOR
100
AcDbVertex
100
AcDb3dPolylineVertex
 10
100.38209824582191
 20
-15.46600318831345
 30
1071.0
 70
32
  0
VERTEX
  5
67C
330
17
100
AcDbEntity
  8
TOPO-CONTOUR-MINOR
100
AcDbVertex
100
AcDb3dPolylineVertex
 10
104.70638854770718
 20
-16.838969830423594
 30
1071.0
 70
32
  0
VERTEX
  5
67D
330
17
100
AcDbEntity
  8
TOPO-CONTOUR-MINOR
100
AcDbVertex
100
AcDb3dPolylineVertex
 10
104.45482848697068
 20
-17.84658435638994
 30
1071.0
 70
32
  0
VERTEX
  5
67E
330
17
100
AcDbEntity
  8
TOPO-CONTOUR-MINOR
100
AcDbVertex
100
AcDb3dPolylineVertex
 10
100.19575135995278
 20
-19.861813409253955
 30
1071.0
 70
32
  0
VERTEX
  5
67F
330
17
100
AcDbEntity
  8
TOPO-CONTOUR-MINOR
100
AcDbVertex
100
AcDb3dPolylineVertex
 10
100.03278363810215
 20
-20.869427936151624
 30
1071.0
 70
32
  0
VERTEX
  5
680
330
17
100
AcDbEntity
  8
TOPO-CONTOUR-MINOR
100
AcDbVertex
100
AcDb3dPolylineVertex
 10
102.24338275433958
 20
-23.89227151498199
 30
1071.0
 70
32
  0
VERTEX
  5
681
330
17
100
AcDbEntity
  8
TOPO-CONTOUR-MINOR
100
AcDbVertex
100
AcDb3dPolylineVertex
 10
102.67449595419109
 20
-25.907500567846
 30
1071.0
 70
32
  0
VERTEX
  5
682
330
17
100
AcDbEntity
  8
TOPO-CONTOUR-MINOR
100
AcDbVertex
100
AcDb3dPolylineVertex
 10
101.82547023120648
 20
-26.91511509474367
 30
1071.0
 70
32
  0
VERTEX
  5
683
330
17
100
AcDbEntity
  8
TOPO-CONTOUR-MINOR
100
AcDbVertex
100
AcDb3dPolylineVertex
 10
99.37448371941264
 20
-28.37389663982163
 30
1071.0
 70
32
  0
VERTEX
  5
684
330
17
100
AcDbEntity
  8
TOPO-CONTOUR-MINOR
100
AcDbVertex
100
AcDb3dPolylineVertex
 10
96.35164014018574
 20
-33.21191532385568
 30
1071.0
 70
32
  0
VERTEX
  5
685
330
17
100
AcDbEntity
  8
TOPO-CONTOUR-MINOR
100
AcDbVertex
100
AcDb3dPolylineVertex
 10
95.34402561377647
 20
-34.04709419036408
 30
1071.0
 70
32
  0
VERTEX
  5
686
330
17
100
AcDbEntity
  8
TOPO-CONTOUR-MINOR
100
AcDbVertex
100
AcDb3dPolylineVertex
 10
87.28310940250412
 20
-36.821791762997464
 30
1071.0
 70
32
  0
VERTEX
  5
687
330
17
100
AcDbEntity
  8
TOPO-CONTOUR-MINOR
100
AcDbVertex
100
AcDb3dPolylineVertex
 10
83.25265129686795
 20
-36.95684392086439
 30
1071.0
 70
32
  0
VERTEX
  5
688
330
17
100
AcDbEntity
  8
TOPO-CONTOUR-MINOR
100
AcDbVertex
100
AcDb3dPolylineVertex
 10
81.23742224404941
 20
-36.46931056981349
 30
1071.0
 70
32
  0
VERTEX
  5
689
330
17
100
AcDbEntity
  8
TOPO-CONTOUR-MINOR
100
AcDbVertex
100
AcDb3dPolylineVertex
 10
80.22980771764014
 20
-35.66974197819393
 30
1071.0
 70
32
  0
VERTEX
  5
68A
330
17
100
AcDbEntity
  8
TOPO-CONTOUR-MINOR
100
AcDbVertex
100
AcDb3dPolylineVertex
 10
77.06456488046675
 20
-28.930344147607684
 30
1071.0
 70
32
  0
VERTEX
  5
68B
330
17
100
AcDbEntity
  8
TOPO-CONTOUR-MINOR
100
AcDbVertex
100
AcDb3dPolylineVertex
 10
76.61350469693825
 20
-26.91511509474367
 30
1071.0
 70
32
  0
VERTEX
  5
68C
330
17
100
AcDbEntity
  8
TOPO-CONTOUR-MINOR
100
AcDbVertex
100
AcDb3dPolylineVertex
 10
76.77681996342136
 20
-21.87704246211797
 30
1071.0
 70
32
  0
VERTEX
  5
68D
330
17
100
AcDbEntity
  8
TOPO-CONTOUR-MINOR
100
AcDbVertex
100
AcDb3dPolylineVertex
 10
77.34126880124282
 20
-19.86181340925395
 30
1071.0
 70
32
  0
VERTEX
  5
68E
330
17
100
AcDbEntity
  8
TOPO-CONTOUR-MINOR
100
AcDbVertex
100
AcDb3dPolylineVertex
 10
81.73291184013763
 20
-12.808511724695563
 30
1071.0
 70
32
  0
VERTEX
  5
68F
330
17
100
AcDbEntity
  8
TOPO-CONTOUR-MINOR
100
AcDbVertex
100
AcDb3dPolylineVertex
 10
83.25265129686795
 20
-11.539155230628555
 30
1071.0
 70
32
  0
VERTEX
  5
690
330
17
100
AcDbEntity
  8
TOPO-CONTOUR-MINOR
100
AcDbVertex
100
AcDb3dPolylineVertex
 10
86.7251795472463
 20
-10.793282671831548
 30
1071.0
 70
32
  0
SEQEND
  5
675
330
674
100
AcDbEntity
  8
TOPO-CONTOUR-MINOR
  0
POLYLINE
  5
691
330
17
100
AcDbEntity
  8
TOPO-CONTOUR-MINOR
100
AcDb3dPolyline
 66
1
 10
0.0
 20
0.0
 30
0.0
 70
8
  0
VERTEX
  5
693
330
17
100
AcDbEntity
  8
TOPO-CONTOUR-MINOR
100
AcDbVertex
100
AcDb3dPolylineVertex
 10
50.44654144067095
 20
415.0
 30
1072.0
 70
32
  0
VERTEX
  5
694
330
17
100
AcDbEntity
  8
TOPO-CONTOUR-MINOR
100
AcDbVertex
100
AcDb3dPolylineVertex
 10
62.45641953631275
 20
411.39720389340073
 30
1072.0
 70
32
  0
VERTEX
  5
695
330
17
100
AcDbEntity
  8
TOPO-CONTOUR-MINOR
100
AcDbVertex
100
AcDb3dPolylineVertex
 10
68.13843340073163
 20
410.4637343428416
 30
1072.0
 70
32
  0
VERTEX
  5
696
330
17
100
AcDbEntity
  8
TOPO-CONTOUR-MINOR
100
AcDbVertex
100
AcDb3dPolylineVertex
 10
71.16127697995944
 20
410.8578683899688
 30
1072.0
 70
32
  0
VERTEX
  5
697
330
17
100
AcDbEntity
  8
TOPO-CONTOUR-MINOR
100
AcDbVertex
100
AcDb3dPolylineVertex
 10
76.19934961200397
 20
412.21408340976006
 30
1072.0
 70
32
  0
VERTEX
  5
698
330
17
100
AcDbEntity
  8
TOPO-CONTOUR-MINOR
100
AcDbVertex
100
AcDb3dPolylineVertex
 10
79.22219319123178
 20
413.3335902456536
 30
1072.0
 70
32
  0
VERTEX
  5
699
330
17
100
AcDbEntity
  8
TOPO-CONTOUR-MINOR
100
AcDbVertex
100
AcDb3dPolylineVertex
 10
82.23916424622696
 20
415.0
 30
1072.0
 70
32
  0
SEQEND
  5
692
330
691
100
AcDbEntity
  8
TOPO-CONTOUR-MINOR
  0
POLYLINE
  5
69A
330
17
100
AcDbEntity
  8
TOPO-CONTOUR-MINOR
100
AcDb3dPolyline
 66
1
 10
0.0
 20
0.0
 30
0.0
 70
8
  0
VERTEX
  5
69C
330
17
100
AcDbEntity
  8
TOPO-CONTOUR-MINOR
100
AcDbVertex
100
AcDb3dPolylineVertex
 10
127.55080767957735
 20
415.0
 30
1072.0
 70
32
  0
VERTEX
  5
69D
330
17
100
AcDbEntity
  8
TOPO-CONTOUR-MINOR
100
AcDbVertex
100
AcDb3dPolylineVertex
 10
127.64975521907579
 20
411.39720389340073
 30
1072.0
 70
32
  0
VERTEX
  5
69E
330
17
100
AcDbEntity
  8
TOPO-CONTOUR-MINOR
100
AcDbVertex
100
AcDb3dPolylineVertex
 10
126.58007593245657
 20
408.3952353836106
 30
1072.0
 70
32
  0
VERTEX
  5
69F
330
17
100
AcDbEntity
  8
TOPO-CONTOUR-MINOR
100
AcDbVertex
100
AcDb3dPolylineVertex
 10
125.5724614060473
 20
407.6651347071232
 30
1072.0
 70
32
  0
VERTEX
  5
6A0
330
17
100
AcDbEntity
  8
TOPO-CONTOUR-MINOR
100
AcDbVertex
100
AcDb3dPolylineVertex
 10
124.56484687963894
 20
407.5297906719783
 30
1072.0
 70
32
  0
VERTEX
  5
6A1
330
17
100
AcDbEntity
  8
TOPO-CONTOUR-MINOR
100
AcDbVertex
100
AcDb3dPolylineVertex
 10
122.5496178268204
 20
407.9945362890652
 30
1072.0
 70
32
  0
VERTEX
  5
6A2
330
17
100
AcDbEntity
  8
TOPO-CONTOUR-MINOR
100
AcDbVertex
100
AcDb3dPolylineVertex
 10
121.16463799905374
 20
407.3667457876727
 30
1072.0
 70
32
  0
VERTEX
  5
6A3
330
17
100
AcDbEntity
  8
TOPO-CONTOUR-MINOR
100
AcDbVertex
100
AcDb3dPolylineVertex
 10
120.40716795314943
 20
406.35913126170635
 30
1072.0
 70
32
  0
VERTEX
  5
6A4
330
17
100
AcDbEntity
  8
TOPO-CONTOUR-MINOR
100
AcDbVertex
100
AcDb3dPolylineVertex
 10
119.05250693848306
 20
402.3286731559783
 30
1072.0
 70
32
  0
VERTEX
  5
6A5
330
17
100
AcDbEntity
  8
TOPO-CONTOUR-MINOR
100
AcDbVertex
100
AcDb3dPolylineVertex
 10
116.48954673343938
 20
399.30582957621664
 30
1072.0
 70
32
  0
VERTEX
  5
6A6
330
17
100
AcDbEntity
  8
TOPO-CONTOUR-MINOR
100
AcDbVertex
100
AcDb3dPolylineVertex
 10
113.48108708913878
 20
393.43777382869814
 30
1072.0
 70
32
  0
VERTEX
  5
6A7
330
17
100
AcDbEntity
  8
TOPO-CONTOUR-MINOR
100
AcDbVertex
100
AcDb3dPolylineVertex
 10
111.46585803632115
 20
389.9910700780935
 30
1072.0
 70
32
  0
VERTEX
  5
6A8
330
17
100
AcDbEntity
  8
TOPO-CONTOUR-MINOR
100
AcDbVertex
100
AcDb3dPolylineVertex
 10
110.69419018127292
 20
389.2296843128279
 30
1072.0
 70
32
  0
VERTEX
  5
6A9
330
17
100
AcDbEntity
  8
TOPO-CONTOUR-MINOR
100
AcDbVertex
100
AcDb3dPolylineVertex
 10
109.45062898350261
 20
388.74280531941565
 30
1072.0
 70
32
  0
VERTEX
  5
6AA
330
17
100
AcDbEntity
  8
TOPO-CONTOUR-MINOR
100
AcDbVertex
100
AcDb3dPolylineVertex
 10
106.42778540427571
 20
388.87104754209645
 30
1072.0
 70
32
  0
VERTEX
  5
6AB
330
17
100
AcDbEntity
  8
TOPO-CONTOUR-MINOR
100
AcDbVertex
100
AcDb3dPolylineVertex
 10
105.14444550521233
 20
388.2220697859302
 30
1072.0
 70
32
  0
VERTEX
  5
6AC
330
17
100
AcDbEntity
  8
TOPO-CONTOUR-MINOR
100
AcDbVertex
100
AcDb3dPolylineVertex
 10
104.81511620693436
 20
387.21445525996387
 30
1072.0
 70
32
  0
VERTEX
  5
6AD
330
17
100
AcDbEntity
  8
TOPO-CONTOUR-MINOR
100
AcDbVertex
100
AcDb3dPolylineVertex
 10
105.03863386139253
 20
385.19922620709985
 30
1072.0
 70
32
  0
VERTEX
  5
6AE
330
17
100
AcDbEntity
  8
TOPO-CONTOUR-MINOR
100
AcDbVertex
100
AcDb3dPolylineVertex
 10
107.43356013615144
 20
380.16115357447416
 30
1072.0
 70
32
  0
VERTEX
  5
6AF
330
17
100
AcDbEntity
  8
TOPO-CONTOUR-MINOR
100
AcDbVertex
100
AcDb3dPolylineVertex
 10
108.42740798711093
 20
377.1383099956438
 30
1072.0
 70
32
  0
VERTEX
  5
6B0
330
17
100
AcDbEntity
  8
TOPO-CONTOUR-MINOR
100
AcDbVertex
100
AcDb3dPolylineVertex
 10
109.96699577668292
 20
374.1154664158821
 30
1072.0
 70
32
  0
VERTEX
  5
6B1
330
17
100
AcDbEntity
  8
TOPO-CONTOUR-MINOR
100
AcDbVertex
100
AcDb3dPolylineVertex
 10
110.12167807736739
 20
373.10785188991576
 30
1072.0
 70
32
  0
VERTEX
  5
6B2
330
17
100
AcDbEntity
  8
TOPO-CONTOUR-MINOR
100
AcDbVertex
100
AcDb3dPolylineVertex
 10
108.81997686028922
 20
371.09262283705175
 30
1072.0
 70
32
  0
VERTEX
  5
6B3
330
17
100
AcDbEntity
  8
TOPO-CONTOUR-MINOR
100
AcDbVertex
100
AcDb3dPolylineVertex
 10
104.31159333746443
 20
367.0621647313237
 30
1072.0
 70
32
  0
VERTEX
  5
6B4
330
17
100
AcDbEntity
  8
TOPO-CONTOUR-MINOR
100
AcDbVertex
100
AcDb3dPolylineVertex
 10
102.6579027313018
 20
365.0469356784597
 30
1072.0
 70
32
  0
VERTEX
  5
6B5
330
17
100
AcDbEntity
  8
TOPO-CONTOUR-MINOR
100
AcDbVertex
100
AcDb3dPolylineVertex
 10
100.34733898189384
 20
361.0164775727317
 30
1072.0
 70
32
  0
VERTEX
  5
6B6
330
17
100
AcDbEntity
  8
TOPO-CONTOUR-MINOR
100
AcDbVertex
100
AcDb3dPolylineVertex
 10
99.67938114769673
 20
357.9936339939013
 30
1072.0
 70
32
  0
VERTEX
  5
6B7
330
17
100
AcDbEntity
  8
TOPO-CONTOUR-MINOR
100
AcDbVertex
100
AcDb3dPolylineVertex
 10
100.38209824582191
 20
355.2660921671072
 30
1072.0
 70
32
  0
VERTEX
  5
6B8
330
17
100
AcDbEntity
  8
TOPO-CONTOUR-MINOR
100
AcDbVertex
100
AcDb3dPolylineVertex
 10
101.38971277223028
 20
353.93574822974324
 30
1072.0
 70
32
  0
VERTEX
  5
6B9
330
17
100
AcDbEntity
  8
TOPO-CONTOUR-MINOR
100
AcDbVertex
100
AcDb3dPolylineVertex
 10
102.39732729863954
 20
353.9596839001005
 30
1072.0
 70
32
  0
VERTEX
  5
6BA
330
17
100
AcDbEntity
  8
TOPO-CONTOUR-MINOR
100
AcDbVertex
100
AcDb3dPolylineVertex
 10
104.41255635145808
 20
355.1557997570546
 30
1072.0
 70
32
  0
VERTEX
  5
6BB
330
17
100
AcDbEntity
  8
TOPO-CONTOUR-MINOR
100
AcDbVertex
100
AcDb3dPolylineVertex
 10
106.42778540427571
 20
354.63546729723794
 30
1072.0
 70
32
  0
VERTEX
  5
6BC
330
17
100
AcDbEntity
  8
TOPO-CONTOUR-MINOR
100
AcDbVertex
100
AcDb3dPolylineVertex
 10
109.45062898350261
 20
352.0262971352044
 30
1072.0
 70
32
  0
VERTEX
  5
6BD
330
17
100
AcDbEntity
  8
TOPO-CONTOUR-MINOR
100
AcDbVertex
100
AcDb3dPolylineVertex
 10
113.48108708913878
 20
346.62220401346406
 30
1072.0
 70
32
  0
VERTEX
  5
6BE
330
17
100
AcDbEntity
  8
TOPO-CONTOUR-MINOR
100
AcDbVertex
100
AcDb3dPolylineVertex
 10
116.24243658876637
 20
343.8870306238532
 30
1072.0
 70
32
  0
VERTEX
  5
6BF
330
17
100
AcDbEntity
  8
TOPO-CONTOUR-MINOR
100
AcDbVertex
100
AcDb3dPolylineVertex
 10
118.51915972118422
 20
342.6751423422629
 30
1072.0
 70
32
  0
VERTEX
  5
6C0
330
17
100
AcDbEntity
  8
TOPO-CONTOUR-MINOR
100
AcDbVertex
100
AcDb3dPolylineVertex
 10
122.5496178268204
 20
341.96529647006804
 30
1072.0
 70
32
  0
VERTEX
  5
6C1
330
17
100
AcDbEntity
  8
TOPO-CONTOUR-MINOR
100
AcDbVertex
100
AcDb3dPolylineVertex
 10
124.56484687963894
 20
341.2278845375165
 30
1072.0
 70
32
  0
VERTEX
  5
6C2
330
17
100
AcDbEntity
  8
TOPO-CONTOUR-MINOR
100
AcDbVertex
100
AcDb3dPolylineVertex
 10
127.34390402418012
 20
338.84895799215883
 30
1072.0
 70
32
  0
VERTEX
  5
6C3
330
17
100
AcDbEntity
  8
TOPO-CONTOUR-MINOR
100
AcDbVertex
100
AcDb3dPolylineVertex
 10
128.61050902201885
 20
336.8337289392948
 30
1072.0
 70
32
  0
VERTEX
  5
6C4
330
17
100
AcDbEntity
  8
TOPO-CONTOUR-MINOR
100
AcDbVertex
100
AcDb3dPolylineVertex
 10
129.17756187051043
 20
334.8184998864308
 30
1072.0
 70
32
  0
VERTEX
  5
6C5
330
17
100
AcDbEntity
  8
TOPO-CONTOUR-MINOR
100
AcDbVertex
100
AcDb3dPolylineVertex
 10
129.12851391518552
 20
332.8032708335668
 30
1072.0
 70
32
  0
VERTEX
  5
6C6
330
17
100
AcDbEntity
  8
TOPO-CONTOUR-MINOR
100
AcDbVertex
100
AcDb3dPolylineVertex
 10
127.33954666428599
 20
326.75758367497474
 30
1072.0
 70
32
  0
VERTEX
  5
6C7
330
17
100
AcDbEntity
  8
TOPO-CONTOUR-MINOR
100
AcDbVertex
100
AcDb3dPolylineVertex
 10
127.27999382848176
 20
324.7423546221107
 30
1072.0
 70
32
  0
VERTEX
  5
6C8
330
17
100
AcDbEntity
  8
TOPO-CONTOUR-MINOR
100
AcDbVertex
100
AcDb3dPolylineVertex
 10
129.10069044104506
 20
320.7118965163827
 30
1072.0
 70
32
  0
VERTEX
  5
6C9
330
17
100
AcDbEntity
  8
TOPO-CONTOUR-MINOR
100
AcDbVertex
100
AcDb3dPolylineVertex
 10
129.61395182971128
 20
318.6966674635187
 30
1072.0
 70
32
  0
VERTEX
  5
6CA
330
17
100
AcDbEntity
  8
TOPO-CONTOUR-MINOR
100
AcDbVertex
100
AcDb3dPolylineVertex
 10
129.46514099967607
 20
310.63575125299394
 30
1072.0
 70
32
  0
VERTEX
  5
6CB
330
17
100
AcDbEntity
  8
TOPO-CONTOUR-MINOR
100
AcDbVertex
100
AcDb3dPolylineVertex
 10
130.54627893073226
 20
299.5519914617762
 30
1072.0
 70
32
  0
VERTEX
  5
6CC
330
17
100
AcDbEntity
  8
TOPO-CONTOUR-MINOR
100
AcDbVertex
100
AcDb3dPolylineVertex
 10
133.04365005470572
 20
293.50630430318415
 30
1072.0
 70
32
  0
VERTEX
  5
6CD
330
17
100
AcDbEntity
  8
TOPO-CONTOUR-MINOR
100
AcDbVertex
100
AcDb3dPolylineVertex
 10
135.21774766449494
 20
283.4301590397954
 30
1072.0
 70
32
  0
VERTEX
  5
6CE
330
17
100
AcDbEntity
  8
TOPO-CONTOUR-MINOR
100
AcDbVertex
100
AcDb3dPolylineVertex
 10
135.85857821225304
 20
274.36162830144167
 30
1072.0
 70
32
  0
VERTEX
  5
6CF
330
17
100
AcDbEntity
  8
TOPO-CONTOUR-MINOR
100
AcDbVertex
100
AcDb3dPolylineVertex
 10
135.7142753216236
 20
267.3083266168833
 30
1072.0
 70
32
  0
VERTEX
  5
6D0
330
17
100
AcDbEntity
  8
TOPO-CONTOUR-MINOR
100
AcDbVertex
100
AcDb3dPolylineVertex
 10
136.06417829246686
 20
252.19410872086883
 30
1072.0
 70
32
  0
VERTEX
  5
6D1
330
17
100
AcDbEntity
  8
TOPO-CONTOUR-MINOR
100
AcDbVertex
100
AcDb3dPolylineVertex
 10
135.38578109761056
 20
243.12557798344642
 30
1072.0
 70
32
  0
VERTEX
  5
6D2
330
17
100
AcDbEntity
  8
TOPO-CONTOUR-MINOR
100
AcDbVertex
100
AcDb3dPolylineVertex
 10
135.0000282906555
 20
230.02658914029598
 30
1072.0
 70
32
  0
VERTEX
  5
6D3
330
17
100
AcDbEntity
  8
TOPO-CONTOUR-MINOR
100
AcDbVertex
100
AcDb3dPolylineVertex
 10
134.0996724021729
 20
222.97328745480627
 30
1072.0
 70
32
  0
VERTEX
  5
6D4
330
17
100
AcDbEntity
  8
TOPO-CONTOUR-MINOR
100
AcDbVertex
100
AcDb3dPolylineVertex
 10
132.11827840813356
 20
214.9123712433502
 30
1072.0
 70
32
  0
VERTEX
  5
6D5
330
17
100
AcDbEntity
  8
TOPO-CONTOUR-MINOR
100
AcDbVertex
100
AcDb3dPolylineVertex
 10
130.38760066620094
 20
204.83622597996145
 30
1072.0
 70
32
  0
VERTEX
  5
6D6
330
17
100
AcDbEntity
  8
TOPO-CONTOUR-MINOR
100
AcDbVertex
100
AcDb3dPolylineVertex
 10
127.22815309790525
 20
194.76008071564138
 30
1072.0
 70
32
  0
VERTEX
  5
6D7
330
17
100
AcDbEntity
  8
TOPO-CONTOUR-MINOR
100
AcDbVertex
100
AcDb3dPolylineVertex
 10
126.61082829195551
 20
191.7372371358797
 30
1072.0
 70
32
  0
VERTEX
  5
6D8
330
17
100
AcDbEntity
  8
TOPO-CONTOUR-MINOR
100
AcDbVertex
100
AcDb3dPolylineVertex
 10
123.87477055648179
 20
166.5468739764765
 30
1072.0
 70
32
  0
VERTEX
  5
6D9
330
17
100
AcDbEntity
  8
TOPO-CONTOUR-MINOR
100
AcDbVertex
100
AcDb3dPolylineVertex
 10
123.76725355468574
 20
160.50118681788445
 30
1072.0
 70
32
  0
VERTEX
  5
6DA
330
17
100
AcDbEntity
  8
TOPO-CONTOUR-MINOR
100
AcDbVertex
100
AcDb3dPolylineVertex
 10
122.70593856979
 20
150.42504155356437
 30
1072.0
 70
32
  0
VERTEX
  5
6DB
330
17
100
AcDbEntity
  8
TOPO-CONTOUR-MINOR
100
AcDbVertex
100
AcDb3dPolylineVertex
 10
123.09364129716931
 20
144.37935439497232
 30
1072.0
 70
32
  0
VERTEX
  5
6DC
330
17
100
AcDbEntity
  8
TOPO-CONTOUR-MINOR
100
AcDbVertex
100
AcDb3dPolylineVertex
 10
122.5496178268204
 20
140.0066230957844
 30
1072.0
 70
32
  0
VERTEX
  5
6DD
330
17
100
AcDbEntity
  8
TOPO-CONTOUR-MINOR
100
AcDbVertex
100
AcDb3dPolylineVertex
 10
121.54200330041112
 20
141.49460129934798
 30
1072.0
 70
32
  0
VERTEX
  5
6DE
330
17
100
AcDbEntity
  8
TOPO-CONTOUR-MINOR
100
AcDbVertex
100
AcDb3dPolylineVertex
 10
120.20361087719992
 20
149.4174270266667
 30
1072.0
 70
32
  0
VERTEX
  5
6DF
330
17
100
AcDbEntity
  8
TOPO-CONTOUR-MINOR
100
AcDbVertex
100
AcDb3dPolylineVertex
 10
118.51915972118421
 20
153.89613988730386
 30
1072.0
 70
32
  0
VERTEX
  5
6E0
330
17
100
AcDbEntity
  8
TOPO-CONTOUR-MINOR
100
AcDbVertex
100
AcDb3dPolylineVertex
 10
116.50393066836659
 20
156.35837001442798
 30
1072.0
 70
32
  0
VERTEX
  5
6E1
330
17
100
AcDbEntity
  8
TOPO-CONTOUR-MINOR
100
AcDbVertex
100
AcDb3dPolylineVertex
 10
114.48870161554805
 20
156.62029454199825
 30
1072.0
 70
32
  0
VERTEX
  5
6E2
330
17
100
AcDbEntity
  8
TOPO-CONTOUR-MINOR
100
AcDbVertex
100
AcDb3dPolylineVertex
 10
113.48108708913878
 20
158.46833200772423
 30
1072.0
 70
32
  0
VERTEX
  5
6E3
330
17
100
AcDbEntity
  8
TOPO-CONTOUR-MINOR
100
AcDbVertex
100
AcDb3dPolylineVertex
 10
109.45062898350261
 20
184.2726014658744
 30
1072.0
 70
32
  0
VERTEX
  5
6E4
330
17
100
AcDbEntity
  8
TOPO-CONTOUR-MINOR
100
AcDbVertex
100
AcDb3dPolylineVertex
 10
108.44301445709425
 20
192.7157859995254
 30
1072.0
 70
32
  0
VERTEX
  5
6E5
330
17
100
AcDbEntity
  8
TOPO-CONTOUR-MINOR
100
AcDbVertex
100
AcDb3dPolylineVertex
 10
107.99977559611314
 20
199.79815334733576
 30
1072.0
 70
32
  0
VERTEX
  5
6E6
330
17
100
AcDbEntity
  8
TOPO-CONTOUR-MINOR
100
AcDbVertex
100
AcDb3dPolylineVertex
 10
107.43539993068498
 20
201.6514084441453
 30
1072.0
 70
32
  0
VERTEX
  5
6E7
330
17
100
AcDbEntity
  8
TOPO-CONTOUR-MINOR
100
AcDbVertex
100
AcDb3dPolylineVertex
 10
106.42778540427571
 20
202.5574092340644
 30
1072.0
 70
32
  0
VERTEX
  5
6E8
330
17
100
AcDbEntity
  8
TOPO-CONTOUR-MINOR
100
AcDbVertex
100
AcDb3dPolylineVertex
 10
104.41255635145808
 20
202.58343472397723
 30
1072.0
 70
32
  0
VERTEX
  5
6E9
330
17
100
AcDbEntity
  8
TOPO-CONTOUR-MINOR
100
AcDbVertex
100
AcDb3dPolylineVertex
 10
98.36686919300337
 20
200.79108118886305
 30
1072.0
 70
32
  0
VERTEX
  5
6EA
330
17
100
AcDbEntity
  8
TOPO-CONTOUR-MINOR
100
AcDbVertex
100
AcDb3dPolylineVertex
 10
95.34402561377647
 20
199.02230609467054
 30
1072.0
 70
32
  0
VERTEX
  5
6EB
330
17
100
AcDbEntity
  8
TOPO-CONTOUR-MINOR
100
AcDbVertex
100
AcDb3dPolylineVertex
 10
91.3135675081403
 20
195.17863495336258
 30
1072.0
 70
32
  0
VERTEX
  5
6EC
330
17
100
AcDbEntity
  8
TOPO-CONTOUR-MINOR
100
AcDbVertex
100
AcDb3dPolylineVertex
 10
89.29833845532174
 20
193.7704234205377
 30
1072.0
 70
32
  0
VERTEX
  5
6ED
330
17
100
AcDbEntity
  8
TOPO-CONTOUR-MINOR
100
AcDbVertex
100
AcDb3dPolylineVertex
 10
87.28310940250411
 20
192.8560351044268
 30
1072.0
 70
32
  0
VERTEX
  5
6EE
330
17
100
AcDbEntity
  8
TOPO-CONTOUR-MINOR
100
AcDbVertex
100
AcDb3dPolylineVertex
 10
84.26026582327631
 20
192.27327853237207
 30
1072.0
 70
32
  0
VERTEX
  5
6EF
330
17
100
AcDbEntity
  8
TOPO-CONTOUR-MINOR
100
AcDbVertex
100
AcDb3dPolylineVertex
 10
75.19173508559561
 20
192.3111264916701
 30
1072.0
 70
32
  0
VERTEX
  5
6F0
330
17
100
AcDbEntity
  8
TOPO-CONTOUR-MINOR
100
AcDbVertex
100
AcDb3dPolylineVertex
 10
70.15366245355017
 20
191.1308420080067
 30
1072.0
 70
32
  0
VERTEX
  5
6F1
330
17
100
AcDbEntity
  8
TOPO-CONTOUR-MINOR
100
AcDbVertex
100
AcDb3dPolylineVertex
 10
64.10797529509546
 20
191.67699575271345
 30
1072.0
 70
32
  0
VERTEX
  5
6F2
330
17
100
AcDbEntity
  8
TOPO-CONTOUR-MINOR
100
AcDbVertex
100
AcDb3dPolylineVertex
 10
60.077517189459286
 20
190.4815327618698
 30
1072.0
 70
32
  0
VERTEX
  5
6F3
330
17
100
AcDbEntity
  8
TOPO-CONTOUR-MINOR
100
AcDbVertex
100
AcDb3dPolylineVertex
 10
58.062288136641655
 20
190.38437627847713
 30
1072.0
 70
32
  0
VERTEX
  5
6F4
330
17
100
AcDbEntity
  8
TOPO-CONTOUR-MINOR
100
AcDbVertex
100
AcDb3dPolylineVertex
 10
47.98614287255077
 20
193.3868925931672
 30
1072.0
 70
32
  0
VERTEX
  5
6F5
330
17
100
AcDbEntity
  8
TOPO-CONTOUR-MINOR
100
AcDbVertex
100
AcDb3dPolylineVertex
 10
44.963116656749065
 20
195.76769524160773
 30
1072.0
 70
32
  0
VERTEX
  5
6F6
330
17
100
AcDbEntity
  8
TOPO-CONTOUR-MINOR
100
AcDbVertex
100
AcDb3dPolylineVertex
 10
42.94807024050624
 20
196.53418056043364
 30
1072.0
 70
32
  0
VERTEX
  5
6F7
330
17
100
AcDbEntity
  8
TOPO-CONTOUR-MINOR
100
AcDbVertex
100
AcDb3dPolylineVertex
 10
39.92522666127843
 20
196.53350314813378
 30
1072.0
 70
32
  0
VERTEX
  5
6F8
330
17
100
AcDbEntity
  8
TOPO-CONTOUR-MINOR
100
AcDbVertex
100
AcDb3dPolylineVertex
 10
33.732013762894304
 20
195.76769524160773
 30
1072.0
 70
32
  0
VERTEX
  5
6F9
330
17
100
AcDbEntity
  8
TOPO-CONTOUR-MINOR
100
AcDbVertex
100
AcDb3dPolylineVertex
 10
30.955998040473826
 20
194.76008071564138
 30
1072.0
 70
32
  0
VERTEX
  5
6FA
330
17
100
AcDbEntity
  8
TOPO-CONTOUR-MINOR
100
AcDbVertex
100
AcDb3dPolylineVertex
 10
28.179807557785267
 20
189.722008083947
 30
1072.0
 70
32
  0
VERTEX
  5
6FB
330
17
100
AcDbEntity
  8
TOPO-CONTOUR-MINOR
100
AcDbVertex
100
AcDb3dPolylineVertex
 10
31.864310450006087
 20
181.53751462714794
 30
1072.0
 70
32
  0
VERTEX
  5
6FC
330
17
100
AcDbEntity
  8
TOPO-CONTOUR-MINOR
100
AcDbVertex
100
AcDb3dPolylineVertex
 10
35.89476855564226
 20
177.33292336085248
 30
1072.0
 70
32
  0
VERTEX
  5
6FD
330
17
100
AcDbEntity
  8
TOPO-CONTOUR-MINOR
100
AcDbVertex
100
AcDb3dPolylineVertex
 10
44.96329929332387
 20
172.84212978802213
 30
1072.0
 70
32
  0
VERTEX
  5
6FE
330
17
100
AcDbEntity
  8
TOPO-CONTOUR-MINOR
100
AcDbVertex
100
AcDb3dPolylineVertex
 10
47.98614287255077
 20
171.87557001282187
 30
1072.0
 70
32
  0
VERTEX
  5
6FF
330
17
100
AcDbEntity
  8
TOPO-CONTOUR-MINOR
100
AcDbVertex
100
AcDb3dPolylineVertex
 10
48.99375739896004
 20
171.06905445551934
 30
1072.0
 70
32
  0
VERTEX
  5
700
330
17
100
AcDbEntity
  8
TOPO-CONTOUR-MINOR
100
AcDbVertex
100
AcDb3dPolylineVertex
 10
49.77785137935939
 20
169.56971755530685
 30
1072.0
 70
32
  0
VERTEX
  5
701
330
17
100
AcDbEntity
  8
TOPO-CONTOUR-MINOR
100
AcDbVertex
100
AcDb3dPolylineVertex
 10
50.33432953742678
 20
165.53925944957882
 30
1072.0
 70
32
  0
VERTEX
  5
702
330
17
100
AcDbEntity
  8
TOPO-CONTOUR-MINOR
100
AcDbVertex
100
AcDb3dPolylineVertex
 10
49.723433858239794
 20
161.5088013438508
 30
1072.0
 70
32
  0
VERTEX
  5
703
330
17
100
AcDbEntity
  8
TOPO-CONTOUR-MINOR
100
AcDbVertex
100
AcDb3dPolylineVertex
 10
51.188728540795985
 20
157.47834323812276
 30
1072.0
 70
32
  0
VERTEX
  5
704
330
17
100
AcDbEntity
  8
TOPO-CONTOUR-MINOR
100
AcDbVertex
100
AcDb3dPolylineVertex
 10
50.96678112392892
 20
153.44788513239473
 30
1072.0
 70
32
  0
VERTEX
  5
705
330
17
100
AcDbEntity
  8
TOPO-CONTOUR-MINOR
100
AcDbVertex
100
AcDb3dPolylineVertex
 10
52.752837074525075
 20
149.4174270266667
 30
1072.0
 70
32
  0
VERTEX
  5
706
330
17
100
AcDbEntity
  8
TOPO-CONTOUR-MINOR
100
AcDbVertex
100
AcDb3dPolylineVertex
 10
53.317300750154175
 20
147.402197974734
 30
1072.0
 70
32
  0
VERTEX
  5
707
330
17
100
AcDbEntity
  8
TOPO-CONTOUR-MINOR
100
AcDbVertex
100
AcDb3dPolylineVertex
 10
53.43036806648517
 20
143.37173986900598
 30
1072.0
 70
32
  0
VERTEX
  5
708
330
17
100
AcDbEntity
  8
TOPO-CONTOUR-MINOR
100
AcDbVertex
100
AcDb3dPolylineVertex
 10
54.10471437541847
 20
139.34128176327795
 30
1072.0
 70
32
  0
VERTEX
  5
709
330
17
100
AcDbEntity
  8
TOPO-CONTOUR-MINOR
100
AcDbVertex
100
AcDb3dPolylineVertex
 10
53.040890423061384
 20
137.32605271041393
 30
1072.0
 70
32
  0
VERTEX
  5
70A
330
17
100
AcDbEntity
  8
TOPO-CONTOUR-MINOR
100
AcDbVertex
100
AcDb3dPolylineVertex
 10
48.518047903222275
 20
132.28798007778823
 30
1072.0
 70
32
  0
VERTEX
  5
70B
330
17
100
AcDbEntity
  8
TOPO-CONTOUR-MINOR
100
AcDbVertex
100
AcDb3dPolylineVertex
 10
47.1445495879419
 20
129.26513649895787
 30
1072.0
 70
32
  0
VERTEX
  5
70C
330
17
100
AcDbEntity
  8
TOPO-CONTOUR-MINOR
100
AcDbVertex
100
AcDb3dPolylineVertex
 10
45.97091381973314
 20
127.74143415420684
 30
1072.0
 70
32
  0
VERTEX
  5
70D
330
17
100
AcDbEntity
  8
TOPO-CONTOUR-MINOR
100
AcDbVertex
100
AcDb3dPolylineVertex
 10
44.96329929332387
 20
126.93350378369661
 30
1072.0
 70
32
  0
VERTEX
  5
70E
330
17
100
AcDbEntity
  8
TOPO-CONTOUR-MINOR
100
AcDbVertex
100
AcDb3dPolylineVertex
 10
41.89424224387391
 20
126.24229292012751
 30
1072.0
 70
32
  0
VERTEX
  5
70F
330
17
100
AcDbEntity
  8
TOPO-CONTOUR-MINOR
100
AcDbVertex
100
AcDb3dPolylineVertex
 10
37.9099976084608
 20
123.27364269705888
 30
1072.0
 70
32
  0
VERTEX
  5
710
330
17
100
AcDbEntity
  8
TOPO-CONTOUR-MINOR
100
AcDbVertex
100
AcDb3dPolylineVertex
 10
34.8871540292339
 20
122.83507834001603
 30
1072.0
 70
32
  0
VERTEX
  5
711
330
17
100
AcDbEntity
  8
TOPO-CONTOUR-MINOR
100
AcDbVertex
100
AcDb3dPolylineVertex
 10
31.864310450006087
 20
123.75349000935407
 30
1072.0
 70
32
  0
VERTEX
  5
712
330
17
100
AcDbEntity
  8
TOPO-CONTOUR-MINOR
100
AcDbVertex
100
AcDb3dPolylineVertex
 10
30.856695923596817
 20
123.64783847608972
 30
1072.0
 70
32
  0
VERTEX
  5
713
330
17
100
AcDbEntity
  8
TOPO-CONTOUR-MINOR
100
AcDbVertex
100
AcDb3dPolylineVertex
 10
27.833852344369916
 20
122.43354276085051
 30
1072.0
 70
32
  0
VERTEX
  5
714
330
17
100
AcDbEntity
  8
TOPO-CONTOUR-MINOR
100
AcDbVertex
100
AcDb3dPolylineVertex
 10
26.826237817960646
 20
122.41881032168625
 30
1072.0
 70
32
  0
VERTEX
  5
715
330
17
100
AcDbEntity
  8
TOPO-CONTOUR-MINOR
100
AcDbVertex
100
AcDb3dPolylineVertex
 10
24.81100876514302
 20
124.32276971382863
 30
1072.0
 70
32
  0
VERTEX
  5
716
330
17
100
AcDbEntity
  8
TOPO-CONTOUR-MINOR
100
AcDbVertex
100
AcDb3dPolylineVertex
 10
22.795779712324475
 20
124.55710991159349
 30
1072.0
 70
32
  0
VERTEX
  5
717
330
17
100
AcDbEntity
  8
TOPO-CONTOUR-MINOR
100
AcDbVertex
100
AcDb3dPolylineVertex
 10
21.788165185916114
 20
124.05058735175889
 30
1072.0
 70
32
  0
VERTEX
  5
718
330
17
100
AcDbEntity
  8
TOPO-CONTOUR-MINOR
100
AcDbVertex
100
AcDb3dPolylineVertex
 10
20.780550659506844
 20
122.92661860418977
 30
1072.0
 70
32
  0
VERTEX
  5
719
330
17
100
AcDbEntity
  8
TOPO-CONTOUR-MINOR
100
AcDbVertex
100
AcDb3dPolylineVertex
 10
18.765321606688303
 20
119.03585544388518
 30
1072.0
 70
32
  0
VERTEX
  5
71A
330
17
100
AcDbEntity
  8
TOPO-CONTOUR-MINOR
100
AcDbVertex
100
AcDb3dPolylineVertex
 10
17.757707080279943
 20
118.08171236779619
 30
1072.0
 70
32
  0
VERTEX
  5
71B
330
17
100
AcDbEntity
  8
TOPO-CONTOUR-MINOR
100
AcDbVertex
100
AcDb3dPolylineVertex
 10
14.734863501052132
 20
116.41325919064046
 30
1072.0
 70
32
  0
VERTEX
  5
71C
330
17
100
AcDbEntity
  8
TOPO-CONTOUR-MINOR
100
AcDbVertex
100
AcDb3dPolylineVertex
 10
13.727248974643771
 20
115.26857563321278
 30
1072.0
 70
32
  0
VERTEX
  5
71D
330
17
100
AcDbEntity
  8
TOPO-CONTOUR-MINOR
100
AcDbVertex
100
AcDb3dPolylineVertex
 10
12.60046590697397
 20
113.14330407604574
 30
1072.0
 70
32
  0
VERTEX
  5
71E
330
17
100
AcDbEntity
  8
TOPO-CONTOUR-MINOR
100
AcDbVertex
100
AcDb3dPolylineVertex
 10
11.957213118496567
 20
110.12046049721539
 30
1072.0
 70
32
  0
VERTEX
  5
71F
330
17
100
AcDbEntity
  8
TOPO-CONTOUR-MINOR
100
AcDbVertex
100
AcDb3dPolylineVertex
 10
9.6967908690076
 20
107.64884410471402
 30
1072.0
 70
32
  0
VERTEX
  5
720
330
17
100
AcDbEntity
  8
TOPO-CONTOUR-MINOR
100
AcDbVertex
100
AcDb3dPolylineVertex
 10
9.383465654934556
 20
106.09000239148736
 30
1072.0
 70
32
  0
VERTEX
  5
721
330
17
100
AcDbEntity
  8
TOPO-CONTOUR-MINOR
100
AcDbVertex
100
AcDb3dPolylineVertex
 10
9.568218771484256
 20
105.08238786552101
 30
1072.0
 70
32
  0
VERTEX
  5
722
330
17
100
AcDbEntity
  8
TOPO-CONTOUR-MINOR
100
AcDbVertex
100
AcDb3dPolylineVertex
 10
10.112624107548706
 20
104.07477333862334
 30
1072.0
 70
32
  0
VERTEX
  5
723
330
17
100
AcDbEntity
  8
TOPO-CONTOUR-MINOR
100
AcDbVertex
100
AcDb3dPolylineVertex
 10
12.00078476755552
 20
102.05954428575933
 30
1072.0
 70
32
  0
VERTEX
  5
724
330
17
100
AcDbEntity
  8
TOPO-CONTOUR-MINOR
100
AcDbVertex
100
AcDb3dPolylineVertex
 10
12.653940556037089
 20
101.05192975979298
 30
1072.0
 70
32
  0
VERTEX
  5
725
330
17
100
AcDbEntity
  8
TOPO-CONTOUR-MINOR
100
AcDbVertex
100
AcDb3dPolylineVertex
 10
12.855622128212092
 20
100.04431523289531
 30
1072.0
 70
32
  0
VERTEX
  5
726
330
17
100
AcDbEntity
  8
TOPO-CONTOUR-MINOR
100
AcDbVertex
100
AcDb3dPolylineVertex
 10
12.549259091270468
 20
99.03670070692897
 30
1072.0
 70
32
  0
VERTEX
  5
727
330
17
100
AcDbEntity
  8
TOPO-CONTOUR-MINOR
100
AcDbVertex
100
AcDb3dPolylineVertex
 10
10.448289231524033
 20
96.01385712716728
 30
1072.0
 70
32
  0
VERTEX
  5
728
330
17
100
AcDbEntity
  8
TOPO-CONTOUR-MINOR
100
AcDbVertex
100
AcDb3dPolylineVertex
 10
10.423785208360142
 20
95.00624260120094
 30
1072.0
 70
32
  0
VERTEX
  5
729
330
17
100
AcDbEntity
  8
TOPO-CONTOUR-MINOR
100
AcDbVertex
100
AcDb3dPolylineVertex
 10
15.742478027461402
 20
89.96503376684015
 30
1072.0
 70
32
  0
VERTEX
  5
72A
330
17
100
AcDbEntity
  8
TOPO-CONTOUR-MINOR
100
AcDbVertex
100
AcDb3dPolylineVertex
 10
21.788165185916114
 20
86.43609408801166
 30
1072.0
 70
32
  0
VERTEX
  5
72B
330
17
100
AcDbEntity
  8
TOPO-CONTOUR-MINOR
100
AcDbVertex
100
AcDb3dPolylineVertex
 10
23.803394238733745
 20
86.47356661169533
 30
1072.0
 70
32
  0
VERTEX
  5
72C
330
17
100
AcDbEntity
  8
TOPO-CONTOUR-MINOR
100
AcDbVertex
100
AcDb3dPolylineVertex
 10
25.818623291552285
 20
87.74179223788764
 30
1072.0
 70
32
  0
VERTEX
  5
72D
330
17
100
AcDbEntity
  8
TOPO-CONTOUR-MINOR
100
AcDbVertex
100
AcDb3dPolylineVertex
 10
26.826237817960646
 20
87.24335792563207
 30
1072.0
 70
32
  0
VERTEX
  5
72E
330
17
100
AcDbEntity
  8
TOPO-CONTOUR-MINOR
100
AcDbVertex
100
AcDb3dPolylineVertex
 10
29.849081397188456
 20
83.9641586097066
 30
1072.0
 70
32
  0
VERTEX
  5
72F
330
17
100
AcDbEntity
  8
TOPO-CONTOUR-MINOR
100
AcDbVertex
100
AcDb3dPolylineVertex
 10
31.799643653680384
 20
82.91486828401686
 30
1072.0
 70
32
  0
VERTEX
  5
730
330
17
100
AcDbEntity
  8
TOPO-CONTOUR-MINOR
100
AcDbVertex
100
AcDb3dPolylineVertex
 10
34.8871540292339
 20
82.2133531305384
 30
1072.0
 70
32
  0
VERTEX
  5
731
330
17
100
AcDbEntity
  8
TOPO-CONTOUR-MINOR
100
AcDbVertex
100
AcDb3dPolylineVertex
 10
37.9099976084608
 20
82.33235840957587
 30
1072.0
 70
32
  0
VERTEX
  5
732
330
17
100
AcDbEntity
  8
TOPO-CONTOUR-MINOR
100
AcDbVertex
100
AcDb3dPolylineVertex
 10
41.94045571409697
 20
80.98595369638593
 30
1072.0
 70
32
  0
VERTEX
  5
733
330
17
100
AcDbEntity
  8
TOPO-CONTOUR-MINOR
100
AcDbVertex
100
AcDb3dPolylineVertex
 10
44.96329929332387
 20
80.86968628160392
 30
1072.0
 70
32
  0
VERTEX
  5
734
330
17
100
AcDbEntity
  8
TOPO-CONTOUR-MINOR
100
AcDbVertex
100
AcDb3dPolylineVertex
 10
46.97852834614241
 20
80.41176635423318
 30
1072.0
 70
32
  0
VERTEX
  5
735
330
17
100
AcDbEntity
  8
TOPO-CONTOUR-MINOR
100
AcDbVertex
100
AcDb3dPolylineVertex
 10
54.031830031005484
 20
76.16995042657602
 30
1072.0
 70
32
  0
VERTEX
  5
736
330
17
100
AcDbEntity
  8
TOPO-CONTOUR-MINOR
100
AcDbVertex
100
AcDb3dPolylineVertex
 10
56.047059083823115
 20
75.26040983892256
 30
1072.0
 70
32
  0
VERTEX
  5
737
330
17
100
AcDbEntity
  8
TOPO-CONTOUR-MINOR
100
AcDbVertex
100
AcDb3dPolylineVertex
 10
58.062288136641655
 20
75.09719665524773
 30
1072.0
 70
32
  0
VERTEX
  5
738
330
17
100
AcDbEntity
  8
TOPO-CONTOUR-MINOR
100
AcDbVertex
100
AcDb3dPolylineVertex
 10
60.077517189459286
 20
75.39924825460025
 30
1072.0
 70
32
  0
VERTEX
  5
739
330
17
100
AcDbEntity
  8
TOPO-CONTOUR-MINOR
100
AcDbVertex
100
AcDb3dPolylineVertex
 10
63.100360768687096
 20
75.1368453516176
 30
1072.0
 70
32
  0
VERTEX
  5
73A
330
17
100
AcDbEntity
  8
TOPO-CONTOUR-MINOR
100
AcDbVertex
100
AcDb3dPolylineVertex
 10
64.10797529509546
 20
75.58520162493626
 30
1072.0
 70
32
  0
VERTEX
  5
73B
330
17
100
AcDbEntity
  8
TOPO-CONTOUR-MINOR
100
AcDbVertex
100
AcDb3dPolylineVertex
 10
66.123204347914
 20
77.22000996566345
 30
1072.0
 70
32
  0
VERTEX
  5
73C
330
17
100
AcDbEntity
  8
TOPO-CONTOUR-MINOR
100
AcDbVertex
100
AcDb3dPolylineVertex
 10
71.16127697995944
 20
79.81862593349884
 30
1072.0
 70
32
  0
VERTEX
  5
73D
330
17
100
AcDbEntity
  8
TOPO-CONTOUR-MINOR
100
AcDbVertex
100
AcDb3dPolylineVertex
 10
73.17650603277707
 20
79.90538401867758
 30
1072.0
 70
32
  0
VERTEX
  5
73E
330
17
100
AcDbEntity
  8
TOPO-CONTOUR-MINOR
100
AcDbVertex
100
AcDb3dPolylineVertex
 10
77.20696413841324
 20
79.30881764204915
 30
1072.0
 70
32
  0
VERTEX
  5
73F
330
17
100
AcDbEntity
  8
TOPO-CONTOUR-MINOR
100
AcDbVertex
100
AcDb3dPolylineVertex
 10
83.25265129686795
 20
79.30934416266979
 30
1072.0
 70
32
  0
VERTEX
  5
740
330
17
100
AcDbEntity
  8
TOPO-CONTOUR-MINOR
100
AcDbVertex
100
AcDb3dPolylineVertex
 10
84.26026582327631
 20
78.73392219099813
 30
1072.0
 70
32
  0
VERTEX
  5
741
330
17
100
AcDbEntity
  8
TOPO-CONTOUR-MINOR
100
AcDbVertex
100
AcDb3dPolylineVertex
 10
86.35300958052026
 20
74.85395207256079
 30
1072.0
 70
32
  0
VERTEX
  5
742
330
17
100
AcDbEntity
  8
TOPO-CONTOUR-MINOR
100
AcDbVertex
100
AcDb3dPolylineVertex
 10
86.6127156095877
 20
73.84633754659444
 30
1072.0
 70
32
  0
VERTEX
  5
743
330
17
100
AcDbEntity
  8
TOPO-CONTOUR-MINOR
100
AcDbVertex
100
AcDb3dPolylineVertex
 10
84.83440991863566
 20
69.81587944086641
 30
1072.0
 70
32
  0
VERTEX
  5
744
330
17
100
AcDbEntity
  8
TOPO-CONTOUR-MINOR
100
AcDbVertex
100
AcDb3dPolylineVertex
 10
85.00615180944996
 20
68.80826491396874
 30
1072.0
 70
32
  0
VERTEX
  5
745
330
17
100
AcDbEntity
  8
TOPO-CONTOUR-MINOR
100
AcDbVertex
100
AcDb3dPolylineVertex
 10
86.55125889387179
 20
65.78542133513838
 30
1072.0
 70
32
  0
VERTEX
  5
746
330
17
100
AcDbEntity
  8
TOPO-CONTOUR-MINOR
100
AcDbVertex
100
AcDb3dPolylineVertex
 10
86.33482529644625
 20
64.77780680917203
 30
1072.0
 70
32
  0
VERTEX
  5
747
330
17
100
AcDbEntity
  8
TOPO-CONTOUR-MINOR
100
AcDbVertex
100
AcDb3dPolylineVertex
 10
85.26788034968558
 20
63.472977463680266
 30
1072.0
 70
32
  0
VERTEX
  5
748
330
17
100
AcDbEntity
  8
TOPO-CONTOUR-MINOR
100
AcDbVertex
100
AcDb3dPolylineVertex
 10
82.24503677045868
 20
62.15171258950197
 30
1072.0
 70
32
  0
VERTEX
  5
749
330
17
100
AcDbEntity
  8
TOPO-CONTOUR-MINOR
100
AcDbVertex
100
AcDb3dPolylineVertex
 10
80.75854425785215
 20
60.747348703444004
 30
1072.0
 70
32
  0
VERTEX
  5
74A
330
17
100
AcDbEntity
  8
TOPO-CONTOUR-MINOR
100
AcDbVertex
100
AcDb3dPolylineVertex
 10
79.23312308462437
 20
57.72450512368232
 30
1072.0
 70
32
  0
VERTEX
  5
74B
330
17
100
AcDbEntity
  8
TOPO-CONTOUR-MINOR
100
AcDbVertex
100
AcDb3dPolylineVertex
 10
79.18750265269765
 20
55.709276070818305
 30
1072.0
 70
32
  0
VERTEX
  5
74C
330
17
100
AcDbEntity
  8
TOPO-CONTOUR-MINOR
100
AcDbVertex
100
AcDb3dPolylineVertex
 10
77.20696413841324
 20
55.37395595198138
 30
1072.0
 70
32
  0
VERTEX
  5
74D
330
17
100
AcDbEntity
  8
TOPO-CONTOUR-MINOR
100
AcDbVertex
100
AcDb3dPolylineVertex
 10
76.19934961200397
 20
54.791837884547526
 30
1072.0
 70
32
  0
VERTEX
  5
74E
330
17
100
AcDbEntity
  8
TOPO-CONTOUR-MINOR
100
AcDbVertex
100
AcDb3dPolylineVertex
 10
73.54023855633508
 20
52.686432491987944
 30
1072.0
 70
32
  0
VERTEX
  5
74F
330
17
100
AcDbEntity
  8
TOPO-CONTOUR-MINOR
100
AcDbVertex
100
AcDb3dPolylineVertex
 10
71.16127697995944
 20
50.27482221815305
 30
1072.0
 70
32
  0
VERTEX
  5
750
330
17
100
AcDbEntity
  8
TOPO-CONTOUR-MINOR
100
AcDbVertex
100
AcDb3dPolylineVertex
 10
69.1460479271409
 20
50.556171122788605
 30
1072.0
 70
32
  0
VERTEX
  5
751
330
17
100
AcDbEntity
  8
TOPO-CONTOUR-MINOR
100
AcDbVertex
100
AcDb3dPolylineVertex
 10
67.13081887432327
 20
51.666187720979245
 30
1072.0
 70
32
  0
VERTEX
  5
752
330
17
100
AcDbEntity
  8
TOPO-CONTOUR-MINOR
100
AcDbVertex
100
AcDb3dPolylineVertex
 10
64.10797529509546
 20
55.03318253701441
 30
1072.0
 70
32
  0
VERTEX
  5
753
330
17
100
AcDbEntity
  8
TOPO-CONTOUR-MINOR
100
AcDbVertex
100
AcDb3dPolylineVertex
 10
61.085131715868556
 20
57.26919164835982
 30
1072.0
 70
32
  0
VERTEX
  5
754
330
17
100
AcDbEntity
  8
TOPO-CONTOUR-MINOR
100
AcDbVertex
100
AcDb3dPolylineVertex
 10
60.077517189459286
 20
57.61074688276416
 30
1072.0
 70
32
  0
VERTEX
  5
755
330
17
100
AcDbEntity
  8
TOPO-CONTOUR-MINOR
100
AcDbVertex
100
AcDb3dPolylineVertex
 10
59.069902663050925
 20
57.42670259654315
 30
1072.0
 70
32
  0
VERTEX
  5
756
330
17
100
AcDbEntity
  8
TOPO-CONTOUR-MINOR
100
AcDbVertex
100
AcDb3dPolylineVertex
 10
54.6948863995417
 20
54.70166154485196
 30
1072.0
 70
32
  0
VERTEX
  5
757
330
17
100
AcDbEntity
  8
TOPO-CONTOUR-MINOR
100
AcDbVertex
100
AcDb3dPolylineVertex
 10
53.75370119873823
 20
53.69404701795429
 30
1072.0
 70
32
  0
VERTEX
  5
758
330
17
100
AcDbEntity
  8
TOPO-CONTOUR-MINOR
100
AcDbVertex
100
AcDb3dPolylineVertex
 10
50.83125058843255
 20
48.65597438625991
 30
1072.0
 70
32
  0
VERTEX
  5
759
330
17
100
AcDbEntity
  8
TOPO-CONTOUR-MINOR
100
AcDbVertex
100
AcDb3dPolylineVertex
 10
48.35071940829296
 20
40.59505817480385
 30
1072.0
 70
32
  0
VERTEX
  5
75A
330
17
100
AcDbEntity
  8
TOPO-CONTOUR-MINOR
100
AcDbVertex
100
AcDb3dPolylineVertex
 10
45.76114219773257
 20
37.57221459597349
 30
1072.0
 70
32
  0
VERTEX
  5
75B
330
17
100
AcDbEntity
  8
TOPO-CONTOUR-MINOR
100
AcDbVertex
100
AcDb3dPolylineVertex
 10
43.9556847669146
 20
36.07144162069531
 30
1072.0
 70
32
  0
VERTEX
  5
75C
330
17
100
AcDbEntity
  8
TOPO-CONTOUR-MINOR
100
AcDbVertex
100
AcDb3dPolylineVertex
 10
38.91761213486916
 20
33.97008911507361
 30
1072.0
 70
32
  0
VERTEX
  5
75D
330
17
100
AcDbEntity
  8
TOPO-CONTOUR-MINOR
100
AcDbVertex
100
AcDb3dPolylineVertex
 10
34.8871540292339
 20
33.81542410308009
 30
1072.0
 70
32
  0
VERTEX
  5
75E
330
17
100
AcDbEntity
  8
TOPO-CONTOUR-MINOR
100
AcDbVertex
100
AcDb3dPolylineVertex
 10
32.87192497641536
 20
33.380800222705304
 30
1072.0
 70
32
  0
VERTEX
  5
75F
330
17
100
AcDbEntity
  8
TOPO-CONTOUR-MINOR
100
AcDbVertex
100
AcDb3dPolylineVertex
 10
29.849081397188456
 20
31.371289715512734
 30
1072.0
 70
32
  0
VERTEX
  5
760
330
17
100
AcDbEntity
  8
TOPO-CONTOUR-MINOR
100
AcDbVertex
100
AcDb3dPolylineVertex
 10
26.68416705669471
 20
27.496069331653416
 30
1072.0
 70
32
  0
VERTEX
  5
761
330
17
100
AcDbEntity
  8
TOPO-CONTOUR-MINOR
100
AcDbVertex
100
AcDb3dPolylineVertex
 10
21.788165185916114
 20
25.28023961158571
 30
1072.0
 70
32
  0
VERTEX
  5
762
330
17
100
AcDbEntity
  8
TOPO-CONTOUR-MINOR
100
AcDbVertex
100
AcDb3dPolylineVertex
 10
20.217317296700628
 20
23.465611225925386
 30
1072.0
 70
32
  0
VERTEX
  5
763
330
17
100
AcDbEntity
  8
TOPO-CONTOUR-MINOR
100
AcDbVertex
100
AcDb3dPolylineVertex
 10
16.44839555292755
 20
16.412309541366994
 30
1072.0
 70
32
  0
VERTEX
  5
764
330
17
100
AcDbEntity
  8
TOPO-CONTOUR-MINOR
100
AcDbVertex
100
AcDb3dPolylineVertex
 10
14.086549313886799
 20
13.38946596160531
 30
1072.0
 70
32
  0
VERTEX
  5
765
330
17
100
AcDbEntity
  8
TOPO-CONTOUR-MINOR
100
AcDbVertex
100
AcDb3dPolylineVertex
 10
12.719634448234501
 20
9.464072811850311
 30
1072.0
 70
32
  0
VERTEX
  5
766
330
17
100
AcDbEntity
  8
TOPO-CONTOUR-MINOR
100
AcDbVertex
100
AcDb3dPolylineVertex
 10
11.712019921825231
 20
7.9038748278498625
 30
1072.0
 70
32
  0
VERTEX
  5
767
330
17
100
AcDbEntity
  8
TOPO-CONTOUR-MINOR
100
AcDbVertex
100
AcDb3dPolylineVertex
 10
10.70440539541596
 20
6.902169088449323
 30
1072.0
 70
32
  0
VERTEX
  5
768
330
17
100
AcDbEntity
  8
TOPO-CONTOUR-MINOR
100
AcDbVertex
100
AcDb3dPolylineVertex
 10
6.645582582003235
 20
4.320935224182904
 30
1072.0
 70
32
  0
VERTEX
  5
769
330
17
100
AcDbEntity
  8
TOPO-CONTOUR-MINOR
100
AcDbVertex
100
AcDb3dPolylineVertex
 10
-0.3793543950832827
 20
-1.9275817642717672
 30
1072.0
 70
32
  0
VERTEX
  5
76A
330
17
100
AcDbEntity
  8
TOPO-CONTOUR-MINOR
100
AcDbVertex
100
AcDb3dPolylineVertex
 10
-2.394583447900914
 20
-2.7144273991463326
 30
1072.0
 70
32
  0
VERTEX
  5
76B
330
17
100
AcDbEntity
  8
TOPO-CONTOUR-MINOR
100
AcDbVertex
100
AcDb3dPolylineVertex
 10
-5.417427027128724
 20
-2.287347294498291
 30
1072.0
 70
32
  0
VERTEX
  5
76C
330
17
100
AcDbEntity
  8
TOPO-CONTOUR-MINOR
100
AcDbVertex
100
AcDb3dPolylineVertex
 10
-9.447885132764895
 20
0.11346985565968085
 30
1072.0
 70
32
  0
VERTEX
  5
76D
330
17
100
AcDbEntity
  8
TOPO-CONTOUR-MINOR
100
AcDbVertex
100
AcDb3dPolylineVertex
 10
-13.478343238401067
 20
3.2027965982648867
 30
1072.0
 70
32
  0
VERTEX
  5
76E
330
17
100
AcDbEntity
  8
TOPO-CONTOUR-MINOR
100
AcDbVertex
100
AcDb3dPolylineVertex
 10
-19.52403039685487
 20
4.821319856224031
 30
1072.0
 70
32
  0
VERTEX
  5
76F
330
17
100
AcDbEntity
  8
TOPO-CONTOUR-MINOR
100
AcDbVertex
100
AcDb3dPolylineVertex
 10
-21.53925944967341
 20
4.692791896483042
 30
1072.0
 70
32
  0
VERTEX
  5
770
330
17
100
AcDbEntity
  8
TOPO-CONTOUR-MINOR
100
AcDbVertex
100
AcDb3dPolylineVertex
 10
-25.56971755530958
 20
3.57196618713795
 30
1072.0
 70
32
  0
VERTEX
  5
771
330
17
100
AcDbEntity
  8
TOPO-CONTOUR-MINOR
100
AcDbVertex
100
AcDb3dPolylineVertex
 10
-28.59256113453648
 20
1.8109570414357685
 30
1072.0
 70
32
  0
VERTEX
  5
772
330
17
100
AcDbEntity
  8
TOPO-CONTOUR-MINOR
100
AcDbVertex
100
AcDb3dPolylineVertex
 10
-29.60017566094575
 20
0.7032386194899598
 30
1072.0
 70
32
  0
VERTEX
  5
773
330
17
100
AcDbEntity
  8
TOPO-CONTOUR-MINOR
100
AcDbVertex
100
AcDb3dPolylineVertex
 10
-30.60779018735502
 20
-1.301717728558447
 30
1072.0
 70
32
  0
VERTEX
  5
774
330
17
100
AcDbEntity
  8
TOPO-CONTOUR-MINOR
100
AcDbVertex
100
AcDb3dPolylineVertex
 10
-31.181552177285447
 20
-3.7399809872731566
 30
1072.0
 70
32
  0
VERTEX
  5
775
330
17
100
AcDbEntity
  8
TOPO-CONTOUR-MINOR
100
AcDbVertex
100
AcDb3dPolylineVertex
 10
-31.161645209776466
 20
-5.755210040137172
 30
1072.0
 70
32
  0
VERTEX
  5
776
330
17
100
AcDbEntity
  8
TOPO-CONTOUR-MINOR
100
AcDbVertex
100
AcDb3dPolylineVertex
 10
-26.5559440703395
 20
-20.869427936151624
 30
1072.0
 70
32
  0
VERTEX
  5
777
330
17
100
AcDbEntity
  8
TOPO-CONTOUR-MINOR
100
AcDbVertex
100
AcDb3dPolylineVertex
 10
-26.512352180411956
 20
-23.892271514981985
 30
1072.0
 70
32
  0
VERTEX
  5
778
330
17
100
AcDbEntity
  8
TOPO-CONTOUR-MINOR
100
AcDbVertex
100
AcDb3dPolylineVertex
 10
-27.566115851453816
 20
-26.91511509474367
 30
1072.0
 70
32
  0
VERTEX
  5
779
330
17
100
AcDbEntity
  8
TOPO-CONTOUR-MINOR
100
AcDbVertex
100
AcDb3dPolylineVertex
 10
-30.42564404148848
 20
-31.953187726438046
 30
1072.0
 70
32
  0
VERTEX
  5
77A
330
17
100
AcDbEntity
  8
TOPO-CONTOUR-MINOR
100
AcDbVertex
100
AcDb3dPolylineVertex
 10
-32.47500236133
 20
-36.99126035813242
 30
1072.0
 70
32
  0
VERTEX
  5
77B
330
17
100
AcDbEntity
  8
TOPO-CONTOUR-MINOR
100
AcDbVertex
100
AcDb3dPolylineVertex
 10
-36.653477345808824
 20
-42.509608398337264
 30
1072.0
 70
32
  0
VERTEX
  5
77C
330
17
100
AcDbEntity
  8
TOPO-CONTOUR-MINOR
100
AcDbVertex
100
AcDb3dPolylineVertex
 10
-38.53139897483683
 20
-44.044562043622136
 30
1072.0
 70
32
  0
VERTEX
  5
77D
330
17
100
AcDbEntity
  8
TOPO-CONTOUR-MINOR
100
AcDbVertex
100
AcDb3dPolylineVertex
 10
-42.699164504263535
 20
-45.82939346317983
 30
1072.0
 70
32
  0
VERTEX
  5
77E
330
17
100
AcDbEntity
  8
TOPO-CONTOUR-MINOR
100
AcDbVertex
100
AcDb3dPolylineVertex
 10
-44.714393557081166
 20
-46.017609210496666
 30
1072.0
 70
32
  0
VERTEX
  5
77F
330
17
100
AcDbEntity
  8
TOPO-CONTOUR-MINOR
100
AcDbVertex
100
AcDb3dPolylineVertex
 10
-47.73723713630807
 20
-45.79461496783299
 30
1072.0
 70
32
  0
VERTEX
  5
780
330
17
100
AcDbEntity
  8
TOPO-CONTOUR-MINOR
100
AcDbVertex
100
AcDb3dPolylineVertex
 10
-49.335305686941425
 20
-46.05979109648615
 30
1072.0
 70
32
  0
VERTEX
  5
781
330
17
100
AcDbEntity
  8
TOPO-CONTOUR-MINOR
100
AcDbVertex
100
AcDb3dPolylineVertex
 10
-54.231064289102804
 20
-49.08263467531651
 30
1072.0
 70
32
  0
VERTEX
  5
782
330
17
100
AcDbEntity
  8
TOPO-CONTOUR-MINOR
100
AcDbVertex
100
AcDb3dPolylineVertex
 10
-58.06914526500178
 20
-52.1054782550782
 30
1072.0
 70
32
  0
VERTEX
  5
783
330
17
100
AcDbEntity
  8
TOPO-CONTOUR-MINOR
100
AcDbVertex
100
AcDb3dPolylineVertex
 10
-62.85145503244439
 20
-53.716575528681275
 30
1072.0
 70
32
  0
VERTEX
  5
784
330
17
100
AcDbEntity
  8
TOPO-CONTOUR-MINOR
100
AcDbVertex
100
AcDb3dPolylineVertex
 10
-64.86668408526202
 20
-53.3681192152565
 30
1072.0
 70
32
  0
VERTEX
  5
785
330
17
100
AcDbEntity
  8
TOPO-CONTOUR-MINOR
100
AcDbVertex
100
AcDb3dPolylineVertex
 10
-68.8971421908982
 20
-51.203232247990705
 30
1072.0
 70
32
  0
VERTEX
  5
786
330
17
100
AcDbEntity
  8
TOPO-CONTOUR-MINOR
100
AcDbVertex
100
AcDb3dPolylineVertex
 10
-73.93521482294364
 20
-50.020008796756905
 30
1072.0
 70
32
  0
VERTEX
  5
787
330
17
100
AcDbEntity
  8
TOPO-CONTOUR-MINOR
100
AcDbVertex
100
AcDb3dPolylineVertex
 10
-75.95044387576127
 20
-48.654112874009016
 30
1072.0
 70
32
  0
VERTEX
  5
788
330
17
100
AcDbEntity
  8
TOPO-CONTOUR-MINOR
100
AcDbVertex
100
AcDb3dPolylineVertex
 10
-78.97328745498908
 20
-44.83581592339679
 30
1072.0
 70
32
  0
VERTEX
  5
789
330
17
100
AcDbEntity
  8
TOPO-CONTOUR-MINOR
100
AcDbVertex
100
AcDb3dPolylineVertex
 10
-83.00374556062525
 20
-42.42204564288129
 30
1072.0
 70
32
  0
VERTEX
  5
78A
330
17
100
AcDbEntity
  8
TOPO-CONTOUR-MINOR
100
AcDbVertex
100
AcDb3dPolylineVertex
 10
-89.04943271907905
 20
-41.42129000614022
 30
1072.0
 70
32
  0
VERTEX
  5
78B
330
17
100
AcDbEntity
  8
TOPO-CONTOUR-MINOR
100
AcDbVertex
100
AcDb3dPolylineVertex
 10
-90.05704724548832
 20
-41.916529952484964
 30
1072.0
 70
32
  0
VERTEX
  5
78C
330
17
100
AcDbEntity
  8
TOPO-CONTOUR-MINOR
100
AcDbVertex
100
AcDb3dPolylineVertex
 10
-90.76984286966967
 20
-43.03694751672447
 30
1072.0
 70
32
  0
VERTEX
  5
78D
330
17
100
AcDbEntity
  8
TOPO-CONTOUR-MINOR
100
AcDbVertex
100
AcDb3dPolylineVertex
 10
-90.87249516266726
 20
-53.11309278104454
 30
1072.0
 70
32
  0
VERTEX
  5
78E
330
17
100
AcDbEntity
  8
TOPO-CONTOUR-MINOR
100
AcDbVertex
100
AcDb3dPolylineVertex
 10
-91.82599024604792
 20
-56.135936359874904
 30
1072.0
 70
32
  0
VERTEX
  5
78F
330
17
100
AcDbEntity
  8
TOPO-CONTOUR-MINOR
100
AcDbVertex
100
AcDb3dPolylineVertex
 10
-94.13644168829181
 20
-59.15877993963658
 30
1072.0
 70
32
  0
VERTEX
  5
790
330
17
100
AcDbEntity
  8
TOPO-CONTOUR-MINOR
100
AcDbVertex
100
AcDb3dPolylineVertex
 10
-94.64492346426712
 20
-60.166394465602934
 30
1072.0
 70
32
  0
VERTEX
  5
791
330
17
100
AcDbEntity
  8
TOPO-CONTOUR-MINOR
100
AcDbVertex
100
AcDb3dPolylineVertex
 10
-94.70033962400274
 20
-61.1740089925006
 30
1072.0
 70
32
  0
VERTEX
  5
792
330
17
100
AcDbEntity
  8
TOPO-CONTOUR-MINOR
100
AcDbVertex
100
AcDb3dPolylineVertex
 10
-93.13143158488703
 20
-66.21208162419498
 30
1072.0
 70
32
  0
VERTEX
  5
793
330
17
100
AcDbEntity
  8
TOPO-CONTOUR-MINOR
100
AcDbVertex
100
AcDb3dPolylineVertex
 10
-92.93334881137456
 20
-71.25015425682068
 30
1072.0
 70
32
  0
VERTEX
  5
794
330
17
100
AcDbEntity
  8
TOPO-CONTOUR-MINOR
100
AcDbVertex
100
AcDb3dPolylineVertex
 10
-92.4135792993309
 20
-73.2653833096847
 30
1072.0
 70
32
  0
VERTEX
  5
795
330
17
100
AcDbEntity
  8
TOPO-CONTOUR-MINOR
100
AcDbVertex
100
AcDb3dPolylineVertex
 10
-89.56731872701668
 20
-77.2958414144814
 30
1072.0
 70
32
  0
VERTEX
  5
796
330
17
100
AcDbEntity
  8
TOPO-CONTOUR-MINOR
100
AcDbVertex
100
AcDb3dPolylineVertex
 10
-88.04181819267069
 20
-80.79773354193641
 30
1072.0
 70
32
  0
VERTEX
  5
797
330
17
100
AcDbEntity
  8
TOPO-CONTOUR-MINOR
100
AcDbVertex
100
AcDb3dPolylineVertex
 10
-85.72570172906212
 20
-84.34914309997112
 30
1072.0
 70
32
  0
VERTEX
  5
798
330
17
100
AcDbEntity
  8
TOPO-CONTOUR-MINOR
100
AcDbVertex
100
AcDb3dPolylineVertex
 10
-84.35215131744079
 20
-87.37198667880148
 30
1072.0
 70
32
  0
VERTEX
  5
799
330
17
100
AcDbEntity
  8
TOPO-CONTOUR-MINOR
100
AcDbVertex
100
AcDb3dPolylineVertex
 10
-84.10991925229625
 20
-89.38721573166549
 30
1072.0
 70
32
  0
VERTEX
  5
79A
330
17
100
AcDbEntity
  8
TOPO-CONTOUR-MINOR
100
AcDbVertex
100
AcDb3dPolylineVertex
 10
-84.51303166535814
 20
-93.41767383739352
 30
1072.0
 70
32
  0
VERTEX
  5
79B
330
17
100
AcDbEntity
  8
TOPO-CONTOUR-MINOR
100
AcDbVertex
100
AcDb3dPolylineVertex
 10
-84.30559505043075
 20
-99.46336099598557
 30
1072.0
 70
32
  0
VERTEX
  5
79C
330
17
100
AcDbEntity
  8
TOPO-CONTOUR-MINOR
100
AcDbVertex
100
AcDb3dPolylineVertex
 10
-81.99613103421598
 20
-104.18729919875483
 30
1072.0
 70
32
  0
VERTEX
  5
79D
330
17
100
AcDbEntity
  8
TOPO-CONTOUR-MINOR
100
AcDbVertex
100
AcDb3dPolylineVertex
 10
-81.34657238552869
 20
-108.53189173340797
 30
1072.0
 70
32
  0
VERTEX
  5
79E
330
17
100
AcDbEntity
  8
TOPO-CONTOUR-MINOR
100
AcDbVertex
100
AcDb3dPolylineVertex
 10
-80.7414218532702
 20
-110.54712078627199
 30
1072.0
 70
32
  0
VERTEX
  5
79F
330
17
100
AcDbEntity
  8
TOPO-CONTOUR-MINOR
100
AcDbVertex
100
AcDb3dPolylineVertex
 10
-79.98090198139744
 20
-112.22081187632088
 30
1072.0
 70
32
  0
VERTEX
  5
7A0
330
17
100
AcDbEntity
  8
TOPO-CONTOUR-MINOR
100
AcDbVertex
100
AcDb3dPolylineVertex
 10
-77.54561496635135
 20
-115.58519341889769
 30
1072.0
 70
32
  0
VERTEX
  5
7A1
330
17
100
AcDbEntity
  8
TOPO-CONTOUR-MINOR
100
AcDbVertex
100
AcDb3dPolylineVertex
 10
-76.95805840217054
 20
-117.05638617315387
 30
1072.0
 70
32
  0
VERTEX
  5
7A2
330
17
100
AcDbEntity
  8
TOPO-CONTOUR-MINOR
100
AcDbVertex
100
AcDb3dPolylineVertex
 10
-76.02925959851322
 20
-125.66133868228644
 30
1072.0
 70
32
  0
VERTEX
  5
7A3
330
17
100
AcDbEntity
  8
TOPO-CONTOUR-MINOR
100
AcDbVertex
100
AcDb3dPolylineVertex
 10
-74.2974337138117
 20
-130.69941131491214
 30
1072.0
 70
32
  0
VERTEX
  5
7A4
330
17
100
AcDbEntity
  8
TOPO-CONTOUR-MINOR
100
AcDbVertex
100
AcDb3dPolylineVertex
 10
-73.02118709401189
 20
-136.74509847350419
 30
1072.0
 70
32
  0
VERTEX
  5
7A5
330
17
100
AcDbEntity
  8
TOPO-CONTOUR-MINOR
100
AcDbVertex
100
AcDb3dPolylineVertex
 10
-72.54155545832694
 20
-140.7755565783009
 30
1072.0
 70
32
  0
VERTEX
  5
7A6
330
17
100
AcDbEntity
  8
TOPO-CONTOUR-MINOR
100
AcDbVertex
100
AcDb3dPolylineVertex
 10
-71.48935214156572
 20
-143.79840015806258
 30
1072.0
 70
32
  0
VERTEX
  5
7A7
330
17
100
AcDbEntity
  8
TOPO-CONTOUR-MINOR
100
AcDbVertex
100
AcDb3dPolylineVertex
 10
-71.12724625116807
 20
-151.85931636951864
 30
1072.0
 70
32
  0
VERTEX
  5
7A8
330
17
100
AcDbEntity
  8
TOPO-CONTOUR-MINOR
100
AcDbVertex
100
AcDb3dPolylineVertex
 10
-70.54504291360742
 20
-155.88977447524667
 30
1072.0
 70
32
  0
VERTEX
  5
7A9
330
17
100
AcDbEntity
  8
TOPO-CONTOUR-MINOR
100
AcDbVertex
100
AcDb3dPolylineVertex
 10
-70.58489151482223
 20
-164.95830521266907
 30
1072.0
 70
32
  0
VERTEX
  5
7AA
330
17
100
AcDbEntity
  8
TOPO-CONTOUR-MINOR
100
AcDbVertex
100
AcDb3dPolylineVertex
 10
-68.3875195114372
 20
-174.02683595009148
 30
1072.0
 70
32
  0
VERTEX
  5
7AB
330
17
100
AcDbEntity
  8
TOPO-CONTOUR-MINOR
100
AcDbVertex
100
AcDb3dPolylineVertex
 10
-68.13056669396764
 20
-179.06490858178586
 30
1072.0
 70
32
  0
VERTEX
  5
7AC
330
17
100
AcDbEntity
  8
TOPO-CONTOUR-MINOR
100
AcDbVertex
100
AcDb3dPolylineVertex
 10
-67.11508719136613
 20
-184.10298121441156
 30
1072.0
 70
32
  0
VERTEX
  5
7AD
330
17
100
AcDbEntity
  8
TOPO-CONTOUR-MINOR
100
AcDbVertex
100
AcDb3dPolylineVertex
 10
-66.71825673192016
 20
-185.0
 30
1072.0
 70
32
  0
SEQEND
  5
69B
330
69A
100
AcDbEntity
  8
TOPO-CONTOUR-MINOR
  0
POLYLINE
  5
7AE
330
17
100
AcDbEntity
  8
TOPO-CONTOUR-MINOR
100
AcDb3dPolyline
 66
1
 10
0.0
 20
0.0
 30
0.0
 70
8
  0
VERTEX
  5
7B0
330
17
100
AcDbEntity
  8
TOPO-CONTOUR-MINOR
100
AcDbVertex
100
AcDb3dPolylineVertex
 10
198.1459680800614
 20
415.0
 30
1072.0
 70
32
  0
VERTEX
  5
7B1
330
17
100
AcDbEntity
  8
TOPO-CONTOUR-MINOR
100
AcDbVertex
100
AcDb3dPolylineVertex
 10
200.74625891219029
 20
410.3895893674344
 30
1072.0
 70
32
  0
VERTEX
  5
7B2
330
17
100
AcDbEntity
  8
TOPO-CONTOUR-MINOR
100
AcDbVertex
100
AcDb3dPolylineVertex
 10
208.19685257158926
 20
401.6901326879678
 30
1072.0
 70
32
  0
VERTEX
  5
7B3
330
17
100
AcDbEntity
  8
TOPO-CONTOUR-MINOR
100
AcDbVertex
100
AcDb3dPolylineVertex
 10
215.84101290552337
 20
394.26775694452226
 30
1072.0
 70
32
  0
VERTEX
  5
7B4
330
17
100
AcDbEntity
  8
TOPO-CONTOUR-MINOR
100
AcDbVertex
100
AcDb3dPolylineVertex
 10
216.69722237862652
 20
393.2601424185559
 30
1072.0
 70
32
  0
VERTEX
  5
7B5
330
17
100
AcDbEntity
  8
TOPO-CONTOUR-MINOR
100
AcDbVertex
100
AcDb3dPolylineVertex
 10
216.68856338772443
 20
392.25252789165825
 30
1072.0
 70
32
  0
VERTEX
  5
7B6
330
17
100
AcDbEntity
  8
TOPO-CONTOUR-MINOR
100
AcDbVertex
100
AcDb3dPolylineVertex
 10
214.24253973004397
 20
391.9871956877158
 30
1072.0
 70
32
  0
VERTEX
  5
7B7
330
17
100
AcDbEntity
  8
TOPO-CONTOUR-MINOR
100
AcDbVertex
100
AcDb3dPolylineVertex
 10
211.21969615081707
 20
392.8239117606446
 30
1072.0
 70
32
  0
VERTEX
  5
7B8
330
17
100
AcDbEntity
  8
TOPO-CONTOUR-MINOR
100
AcDbVertex
100
AcDb3dPolylineVertex
 10
208.19685257158926
 20
394.3690822728132
 30
1072.0
 70
32
  0
VERTEX
  5
7B9
330
17
100
AcDbEntity
  8
TOPO-CONTOUR-MINOR
100
AcDbVertex
100
AcDb3dPolylineVertex
 10
200.13593636031692
 20
399.3951523208739
 30
1072.0
 70
32
  0
VERTEX
  5
7BA
330
17
100
AcDbEntity
  8
TOPO-CONTOUR-MINOR
100
AcDbVertex
100
AcDb3dPolylineVertex
 10
190.1299778776823
 20
409.3819748405367
 30
1072.0
 70
32
  0
VERTEX
  5
7BB
330
17
100
AcDbEntity
  8
TOPO-CONTOUR-MINOR
100
AcDbVertex
100
AcDb3dPolylineVertex
 10
185.58231081723872
 20
415.0
 30
1072.0
 70
32
  0
SEQEND
  5
7AF
330
7AE
100
AcDbEntity
  8
TOPO-CONTOUR-MINOR
  0
POLYLINE
  5
7BC
330
17
100
AcDbEntity
  8
TOPO-CONTOUR-MINOR
100
AcDb3dPolyline
 66
1
 10
0.0
 20
0.0
 30
0.0
 70
8
  0
VERTEX
  5
7BE
330
17
100
AcDbEntity
  8
TOPO-CONTOUR-MINOR
100
AcDbVertex
100
AcDb3dPolylineVertex
 10
206.76154131899773
 20
348.9251032564789
 30
1072.0
 70
32
  0
VERTEX
  5
7BF
330
17
100
AcDbEntity
  8
TOPO-CONTOUR-MINOR
100
AcDbVertex
100
AcDb3dPolylineVertex
 10
209.20446709799853
 20
348.6733945879533
 30
1072.0
 70
32
  0
VERTEX
  5
7C0
330
17
100
AcDbEntity
  8
TOPO-CONTOUR-MINOR
100
AcDbVertex
100
AcDb3dPolylineVertex
 10
210.36734274695945
 20
347.91748872958124
 30
1072.0
 70
32
  0
VERTEX
  5
7C1
330
17
100
AcDbEntity
  8
TOPO-CONTOUR-MINOR
100
AcDbVertex
100
AcDb3dPolylineVertex
 10
210.7376976582975
 20
346.9098742036149
 30
1072.0
 70
32
  0
VERTEX
  5
7C2
330
17
100
AcDbEntity
  8
TOPO-CONTOUR-MINOR
100
AcDbVertex
100
AcDb3dPolylineVertex
 10
210.32738787113695
 20
344.8946451507509
 30
1072.0
 70
32
  0
VERTEX
  5
7C3
330
17
100
AcDbEntity
  8
TOPO-CONTOUR-MINOR
100
AcDbVertex
100
AcDb3dPolylineVertex
 10
207.9311212498048
 20
341.8718015709892
 30
1072.0
 70
32
  0
VERTEX
  5
7C4
330
17
100
AcDbEntity
  8
TOPO-CONTOUR-MINOR
100
AcDbVertex
100
AcDb3dPolylineVertex
 10
202.15116541313546
 20
335.70274745879414
 30
1072.0
 70
32
  0
VERTEX
  5
7C5
330
17
100
AcDbEntity
  8
TOPO-CONTOUR-MINOR
100
AcDbVertex
100
AcDb3dPolylineVertex
 10
198.00061577916776
 20
329.7804272547364
 30
1072.0
 70
32
  0
VERTEX
  5
7C6
330
17
100
AcDbEntity
  8
TOPO-CONTOUR-MINOR
100
AcDbVertex
100
AcDb3dPolylineVertex
 10
194.74740556043167
 20
322.7271255692467
 30
1072.0
 70
32
  0
VERTEX
  5
7C7
330
17
100
AcDbEntity
  8
TOPO-CONTOUR-MINOR
100
AcDbVertex
100
AcDb3dPolylineVertex
 10
192.4935659000485
 20
314.66620935779065
 30
1072.0
 70
32
  0
VERTEX
  5
7C8
330
17
100
AcDbEntity
  8
TOPO-CONTOUR-MINOR
100
AcDbVertex
100
AcDb3dPolylineVertex
 10
191.33038605676643
 20
306.6052931472659
 30
1072.0
 70
32
  0
VERTEX
  5
7C9
330
17
100
AcDbEntity
  8
TOPO-CONTOUR-MINOR
100
AcDbVertex
100
AcDb3dPolylineVertex
 10
189.73832586692714
 20
289.47584619838744
 30
1072.0
 70
32
  0
VERTEX
  5
7CA
330
17
100
AcDbEntity
  8
TOPO-CONTOUR-MINOR
100
AcDbVertex
100
AcDb3dPolylineVertex
 10
189.4231519165595
 20
278.3920864071697
 30
1072.0
 70
32
  0
VERTEX
  5
7CB
330
17
100
AcDbEntity
  8
TOPO-CONTOUR-MINOR
100
AcDbVertex
100
AcDb3dPolylineVertex
 10
188.04283215294006
 20
255.2169522996992
 30
1072.0
 70
32
  0
VERTEX
  5
7CC
330
17
100
AcDbEntity
  8
TOPO-CONTOUR-MINOR
100
AcDbVertex
100
AcDb3dPolylineVertex
 10
187.3514664698515
 20
248.1636506151408
 30
1072.0
 70
32
  0
VERTEX
  5
7CD
330
17
100
AcDbEntity
  8
TOPO-CONTOUR-MINOR
100
AcDbVertex
100
AcDb3dPolylineVertex
 10
185.48808124794652
 20
238.08750535082072
 30
1072.0
 70
32
  0
VERTEX
  5
7CE
330
17
100
AcDbEntity
  8
TOPO-CONTOUR-MINOR
100
AcDbVertex
100
AcDb3dPolylineVertex
 10
183.56151578750823
 20
231.03420366626233
 30
1072.0
 70
32
  0
VERTEX
  5
7CF
330
17
100
AcDbEntity
  8
TOPO-CONTOUR-MINOR
100
AcDbVertex
100
AcDb3dPolylineVertex
 10
181.62296370727842
 20
221.9656729288399
 30
1072.0
 70
32
  0
VERTEX
  5
7D0
330
17
100
AcDbEntity
  8
TOPO-CONTOUR-MINOR
100
AcDbVertex
100
AcDb3dPolylineVertex
 10
176.7622692234049
 20
192.74485166277736
 30
1072.0
 70
32
  0
VERTEX
  5
7D1
330
17
100
AcDbEntity
  8
TOPO-CONTOUR-MINOR
100
AcDbVertex
100
AcDb3dPolylineVertex
 10
176.5645505645785
 20
185.69154997821897
 30
1072.0
 70
32
  0
VERTEX
  5
7D2
330
17
100
AcDbEntity
  8
TOPO-CONTOUR-MINOR
100
AcDbVertex
100
AcDb3dPolylineVertex
 10
177.06990573189196
 20
167.55448850244284
 30
1072.0
 70
32
  0
VERTEX
  5
7D3
330
17
100
AcDbEntity
  8
TOPO-CONTOUR-MINOR
100
AcDbVertex
100
AcDb3dPolylineVertex
 10
175.23602324439796
 20
138.33366723638028
 30
1072.0
 70
32
  0
VERTEX
  5
7D4
330
17
100
AcDbEntity
  8
TOPO-CONTOUR-MINOR
100
AcDbVertex
100
AcDb3dPolylineVertex
 10
174.92355664169375
 20
122.21183481439948
 30
1072.0
 70
32
  0
VERTEX
  5
7D5
330
17
100
AcDbEntity
  8
TOPO-CONTOUR-MINOR
100
AcDbVertex
100
AcDb3dPolylineVertex
 10
175.04706904819145
 20
103.067158812657
 30
1072.0
 70
32
  0
VERTEX
  5
7D6
330
17
100
AcDbEntity
  8
TOPO-CONTOUR-MINOR
100
AcDbVertex
100
AcDb3dPolylineVertex
 10
174.52664450550924
 20
95.00624260120094
 30
1072.0
 70
32
  0
VERTEX
  5
7D7
330
17
100
AcDbEntity
  8
TOPO-CONTOUR-MINOR
100
AcDbVertex
100
AcDb3dPolylineVertex
 10
173.237000344859
 20
85.93771186377853
 30
1072.0
 70
32
  0
VERTEX
  5
7D8
330
17
100
AcDbEntity
  8
TOPO-CONTOUR-MINOR
100
AcDbVertex
100
AcDb3dPolylineVertex
 10
173.2811135708656
 20
83.92248281091452
 30
1072.0
 70
32
  0
VERTEX
  5
7D9
330
17
100
AcDbEntity
  8
TOPO-CONTOUR-MINOR
100
AcDbVertex
100
AcDb3dPolylineVertex
 10
174.01554385004818
 20
79.89202470518649
 30
1072.0
 70
32
  0
VERTEX
  5
7DA
330
17
100
AcDbEntity
  8
TOPO-CONTOUR-MINOR
100
AcDbVertex
100
AcDb3dPolylineVertex
 10
174.09133117922943
 20
76.8691811254248
 30
1072.0
 70
32
  0
VERTEX
  5
7DB
330
17
100
AcDbEntity
  8
TOPO-CONTOUR-MINOR
100
AcDbVertex
100
AcDb3dPolylineVertex
 10
173.93795867368226
 20
74.73911074779956
 30
1072.0
 70
32
  0
VERTEX
  5
7DC
330
17
100
AcDbEntity
  8
TOPO-CONTOUR-MINOR
100
AcDbVertex
100
AcDb3dPolylineVertex
 10
172.930344147273
 20
70.68337827092013
 30
1072.0
 70
32
  0
VERTEX
  5
7DD
330
17
100
AcDbEntity
  8
TOPO-CONTOUR-MINOR
100
AcDbVertex
100
AcDb3dPolylineVertex
 10
171.92272962086372
 20
69.39390816511738
 30
1072.0
 70
32
  0
VERTEX
  5
7DE
330
17
100
AcDbEntity
  8
TOPO-CONTOUR-MINOR
100
AcDbVertex
100
AcDb3dPolylineVertex
 10
170.91511509445445
 20
71.79304561776314
 30
1072.0
 70
32
  0
VERTEX
  5
7DF
330
17
100
AcDbEntity
  8
TOPO-CONTOUR-MINOR
100
AcDbVertex
100
AcDb3dPolylineVertex
 10
170.61398459200177
 20
74.85395207256079
 30
1072.0
 70
32
  0
VERTEX
  5
7E0
330
17
100
AcDbEntity
  8
TOPO-CONTOUR-MINOR
100
AcDbVertex
100
AcDb3dPolylineVertex
 10
170.64721919559918
 20
78.88441017828882
 30
1072.0
 70
32
  0
VERTEX
  5
7E1
330
17
100
AcDbEntity
  8
TOPO-CONTOUR-MINOR
100
AcDbVertex
100
AcDb3dPolylineVertex
 10
171.2245009237605
 20
84.93009733688086
 30
1072.0
 70
32
  0
VERTEX
  5
7E2
330
17
100
AcDbEntity
  8
TOPO-CONTOUR-MINOR
100
AcDbVertex
100
AcDb3dPolylineVertex
 10
169.9075005680461
 20
96.63872659499964
 30
1072.0
 70
32
  0
VERTEX
  5
7E3
330
17
100
AcDbEntity
  8
TOPO-CONTOUR-MINOR
100
AcDbVertex
100
AcDb3dPolylineVertex
 10
169.68953649180563
 20
109.11284597031772
 30
1072.0
 70
32
  0
VERTEX
  5
7E4
330
17
100
AcDbEntity
  8
TOPO-CONTOUR-MINOR
100
AcDbVertex
100
AcDb3dPolylineVertex
 10
170.50048114835562
 20
128.25752197299153
 30
1072.0
 70
32
  0
VERTEX
  5
7E5
330
17
100
AcDbEntity
  8
TOPO-CONTOUR-MINOR
100
AcDbVertex
100
AcDb3dPolylineVertex
 10
171.67407111854052
 20
140.3488962892443
 30
1072.0
 70
32
  0
VERTEX
  5
7E6
330
17
100
AcDbEntity
  8
TOPO-CONTOUR-MINOR
100
AcDbVertex
100
AcDb3dPolylineVertex
 10
172.1446728115803
 20
159.49357229098678
 30
1072.0
 70
32
  0
VERTEX
  5
7E7
330
17
100
AcDbEntity
  8
TOPO-CONTOUR-MINOR
100
AcDbVertex
100
AcDb3dPolylineVertex
 10
175.35176052744498
 20
194.76008071564138
 30
1072.0
 70
32
  0
VERTEX
  5
7E8
330
17
100
AcDbEntity
  8
TOPO-CONTOUR-MINOR
100
AcDbVertex
100
AcDb3dPolylineVertex
 10
173.70469943114063
 20
210.88191313762218
 30
1072.0
 70
32
  0
VERTEX
  5
7E9
330
17
100
AcDbEntity
  8
TOPO-CONTOUR-MINOR
100
AcDbVertex
100
AcDb3dPolylineVertex
 10
172.930344147273
 20
215.37230366572447
 30
1072.0
 70
32
  0
VERTEX
  5
7EA
330
17
100
AcDbEntity
  8
TOPO-CONTOUR-MINOR
100
AcDbVertex
100
AcDb3dPolylineVertex
 10
171.92272962086372
 20
217.86924578834558
 30
1072.0
 70
32
  0
VERTEX
  5
7EB
330
17
100
AcDbEntity
  8
TOPO-CONTOUR-MINOR
100
AcDbVertex
100
AcDb3dPolylineVertex
 10
169.9075005680461
 20
221.17205378789689
 30
1072.0
 70
32
  0
VERTEX
  5
7EC
330
17
100
AcDbEntity
  8
TOPO-CONTOUR-MINOR
100
AcDbVertex
100
AcDb3dPolylineVertex
 10
167.12759183230958
 20
227.0037455605343
 30
1072.0
 70
32
  0
VERTEX
  5
7ED
330
17
100
AcDbEntity
  8
TOPO-CONTOUR-MINOR
100
AcDbVertex
100
AcDb3dPolylineVertex
 10
165.345158918452
 20
234.0570472450927
 30
1072.0
 70
32
  0
VERTEX
  5
7EE
330
17
100
AcDbEntity
  8
TOPO-CONTOUR-MINOR
100
AcDbVertex
100
AcDb3dPolylineVertex
 10
163.9629497293643
 20
244.13319250941277
 30
1072.0
 70
32
  0
VERTEX
  5
7EF
330
17
100
AcDbEntity
  8
TOPO-CONTOUR-MINOR
100
AcDbVertex
100
AcDb3dPolylineVertex
 10
163.4739065973088
 20
254.20933777373284
 30
1072.0
 70
32
  0
VERTEX
  5
7F0
330
17
100
AcDbEntity
  8
TOPO-CONTOUR-MINOR
100
AcDbVertex
100
AcDb3dPolylineVertex
 10
163.58235613869272
 20
259.2474104054272
 30
1072.0
 70
32
  0
VERTEX
  5
7F1
330
17
100
AcDbEntity
  8
TOPO-CONTOUR-MINOR
100
AcDbVertex
100
AcDb3dPolylineVertex
 10
164.23022470466194
 20
266.30071209091693
 30
1072.0
 70
32
  0
VERTEX
  5
7F2
330
17
100
AcDbEntity
  8
TOPO-CONTOUR-MINOR
100
AcDbVertex
100
AcDb3dPolylineVertex
 10
167.14659479087032
 20
276.3768573543057
 30
1072.0
 70
32
  0
VERTEX
  5
7F3
330
17
100
AcDbEntity
  8
TOPO-CONTOUR-MINOR
100
AcDbVertex
100
AcDb3dPolylineVertex
 10
168.89988604163682
 20
279.79081780921433
 30
1072.0
 70
32
  0
VERTEX
  5
7F4
330
17
100
AcDbEntity
  8
TOPO-CONTOUR-MINOR
100
AcDbVertex
100
AcDb3dPolylineVertex
 10
169.9075005680461
 20
280.7175789740744
 30
1072.0
 70
32
  0
VERTEX
  5
7F5
330
17
100
AcDbEntity
  8
TOPO-CONTOUR-MINOR
100
AcDbVertex
100
AcDb3dPolylineVertex
 10
170.91511509445445
 20
280.9201722201029
 30
1072.0
 70
32
  0
VERTEX
  5
7F6
330
17
100
AcDbEntity
  8
TOPO-CONTOUR-MINOR
100
AcDbVertex
100
AcDb3dPolylineVertex
 10
174.94557320009062
 20
279.7539751315305
 30
1072.0
 70
32
  0
VERTEX
  5
7F7
330
17
100
AcDbEntity
  8
TOPO-CONTOUR-MINOR
100
AcDbVertex
100
AcDb3dPolylineVertex
 10
175.9531877264999
 20
280.49718357327646
 30
1072.0
 70
32
  0
VERTEX
  5
7F8
330
17
100
AcDbEntity
  8
TOPO-CONTOUR-MINOR
100
AcDbVertex
100
AcDb3dPolylineVertex
 10
176.96080225290916
 20
282.7505213871255
 30
1072.0
 70
32
  0
VERTEX
  5
7F9
330
17
100
AcDbEntity
  8
TOPO-CONTOUR-MINOR
100
AcDbVertex
100
AcDb3dPolylineVertex
 10
178.47409737267847
 20
290.4834607243538
 30
1072.0
 70
32
  0
VERTEX
  5
7FA
330
17
100
AcDbEntity
  8
TOPO-CONTOUR-MINOR
100
AcDbVertex
100
AcDb3dPolylineVertex
 10
182.10020099652763
 20
316.68143841065466
 30
1072.0
 70
32
  0
VERTEX
  5
7FB
330
17
100
AcDbEntity
  8
TOPO-CONTOUR-MINOR
100
AcDbVertex
100
AcDb3dPolylineVertex
 10
183.19235089544776
 20
322.7271255692467
 30
1072.0
 70
32
  0
VERTEX
  5
7FC
330
17
100
AcDbEntity
  8
TOPO-CONTOUR-MINOR
100
AcDbVertex
100
AcDb3dPolylineVertex
 10
184.40089194606009
 20
326.75758367497474
 30
1072.0
 70
32
  0
VERTEX
  5
7FD
330
17
100
AcDbEntity
  8
TOPO-CONTOUR-MINOR
100
AcDbVertex
100
AcDb3dPolylineVertex
 10
187.7467711206371
 20
333.81088535953313
 30
1072.0
 70
32
  0
VERTEX
  5
7FE
330
17
100
AcDbEntity
  8
TOPO-CONTOUR-MINOR
100
AcDbVertex
100
AcDb3dPolylineVertex
 10
189.63172018972097
 20
336.8337289392948
 30
1072.0
 70
32
  0
VERTEX
  5
7FF
330
17
100
AcDbEntity
  8
TOPO-CONTOUR-MINOR
100
AcDbVertex
100
AcDb3dPolylineVertex
 10
192.07502014904458
 20
339.79809035133883
 30
1072.0
 70
32
  0
VERTEX
  5
800
330
17
100
AcDbEntity
  8
TOPO-CONTOUR-MINOR
100
AcDbVertex
100
AcDb3dPolylineVertex
 10
198.12070730749932
 20
344.82056213542575
 30
1072.0
 70
32
  0
VERTEX
  5
801
330
17
100
AcDbEntity
  8
TOPO-CONTOUR-MINOR
100
AcDbVertex
100
AcDb3dPolylineVertex
 10
203.15877993954473
 20
347.88632138853666
 30
1072.0
 70
32
  0
VERTEX
  5
802
330
17
100
AcDbEntity
  8
TOPO-CONTOUR-MINOR
100
AcDbVertex
100
AcDb3dPolylineVertex
 10
206.76154131899773
 20
348.9251032564789
 30
1072.0
 70
32
  0
SEQEND
  5
7BD
330
7BC
100
AcDbEntity
  8
TOPO-CONTOUR-MINOR
  0
POLYLINE
  5
803
330
17
100
AcDbEntity
  8
TOPO-CONTOUR-MINOR
100
AcDb3dPolyline
 66
1
 10
0.0
 20
0.0
 30
0.0
 70
8
  0
VERTEX
  5
805
330
17
100
AcDbEntity
  8
TOPO-CONTOUR-MINOR
100
AcDbVertex
100
AcDb3dPolylineVertex
 10
92.22212540226403
 20
73.84633754659444
 30
1072.0
 70
32
  0
VERTEX
  5
806
330
17
100
AcDbEntity
  8
TOPO-CONTOUR-MINOR
100
AcDbVertex
100
AcDb3dPolylineVertex
 10
93.32879656095793
 20
73.86605114223505
 30
1072.0
 70
32
  0
VERTEX
  5
807
330
17
100
AcDbEntity
  8
TOPO-CONTOUR-MINOR
100
AcDbVertex
100
AcDb3dPolylineVertex
 10
94.3364110873672
 20
73.27210938834801
 30
1072.0
 70
32
  0
VERTEX
  5
808
330
17
100
AcDbEntity
  8
TOPO-CONTOUR-MINOR
100
AcDbVertex
100
AcDb3dPolylineVertex
 10
95.04106810563408
 20
71.83110849373043
 30
1072.0
 70
32
  0
VERTEX
  5
809
330
17
100
AcDbEntity
  8
TOPO-CONTOUR-MINOR
100
AcDbVertex
100
AcDb3dPolylineVertex
 10
94.3364110873672
 20
64.89960889530666
 30
1072.0
 70
32
  0
VERTEX
  5
80A
330
17
100
AcDbEntity
  8
TOPO-CONTOUR-MINOR
100
AcDbVertex
100
AcDb3dPolylineVertex
 10
93.32879656095793
 20
63.349297861528555
 30
1072.0
 70
32
  0
VERTEX
  5
80B
330
17
100
AcDbEntity
  8
TOPO-CONTOUR-MINOR
100
AcDbVertex
100
AcDb3dPolylineVertex
 10
92.32118203454866
 20
63.14628396706867
 30
1072.0
 70
32
  0
VERTEX
  5
80C
330
17
100
AcDbEntity
  8
TOPO-CONTOUR-MINOR
100
AcDbVertex
100
AcDb3dPolylineVertex
 10
91.3135675081403
 20
64.5344441838728
 30
1072.0
 70
32
  0
VERTEX
  5
80D
330
17
100
AcDbEntity
  8
TOPO-CONTOUR-MINOR
100
AcDbVertex
100
AcDb3dPolylineVertex
 10
91.13596414111241
 20
65.78542133513838
 30
1072.0
 70
32
  0
VERTEX
  5
80E
330
17
100
AcDbEntity
  8
TOPO-CONTOUR-MINOR
100
AcDbVertex
100
AcDb3dPolylineVertex
 10
93.10303191058485
 20
69.81587944086641
 30
1072.0
 70
32
  0
VERTEX
  5
80F
330
17
100
AcDbEntity
  8
TOPO-CONTOUR-MINOR
100
AcDbVertex
100
AcDb3dPolylineVertex
 10
91.3380795830583
 20
72.83872301969677
 30
1072.0
 70
32
  0
VERTEX
  5
810
330
17
100
AcDbEntity
  8
TOPO-CONTOUR-MINOR
100
AcDbVertex
100
AcDb3dPolylineVertex
 10
92.22212540226403
 20
73.84633754659444
 30
1072.0
 70
32
  0
SEQEND
  5
804
330
803
100
AcDbEntity
  8
TOPO-CONTOUR-MINOR
  0
POLYLINE
  5
811
330
17
100
AcDbEntity
  8
TOPO-CONTOUR-MINOR
100
AcDb3dPolyline
 66
1
 10
0.0
 20
0.0
 30
0.0
 70
8
  0
VERTEX
  5
813
330
17
100
AcDbEntity
  8
TOPO-CONTOUR-MINOR
100
AcDbVertex
100
AcDb3dPolylineVertex
 10
-88.04181819267069
 20
-31.8636208419573
 30
1072.0
 70
32
  0
VERTEX
  5
814
330
17
100
AcDbEntity
  8
TOPO-CONTOUR-MINOR
100
AcDbVertex
100
AcDb3dPolylineVertex
 10
-89.04943271907905
 20
-32.20972158921657
 30
1072.0
 70
32
  0
VERTEX
  5
815
330
17
100
AcDbEntity
  8
TOPO-CONTOUR-MINOR
100
AcDbVertex
100
AcDb3dPolylineVertex
 10
-89.40092172957532
 20
-32.960802253335714
 30
1072.0
 70
32
  0
VERTEX
  5
816
330
17
100
AcDbEntity
  8
TOPO-CONTOUR-MINOR
100
AcDbVertex
100
AcDb3dPolylineVertex
 10
-89.04943271907905
 20
-33.764655809630874
 30
1072.0
 70
32
  0
VERTEX
  5
817
330
17
100
AcDbEntity
  8
TOPO-CONTOUR-MINOR
100
AcDbVertex
100
AcDb3dPolylineVertex
 10
-87.03420366626142
 20
-34.32419989920244
 30
1072.0
 70
32
  0
VERTEX
  5
818
330
17
100
AcDbEntity
  8
TOPO-CONTOUR-MINOR
100
AcDbVertex
100
AcDb3dPolylineVertex
 10
-85.01897461344288
 20
-36.434757072444256
 30
1072.0
 70
32
  0
VERTEX
  5
819
330
17
100
AcDbEntity
  8
TOPO-CONTOUR-MINOR
100
AcDbVertex
100
AcDb3dPolylineVertex
 10
-84.01136008703452
 20
-36.97215137424727
 30
1072.0
 70
32
  0
VERTEX
  5
81A
330
17
100
AcDbEntity
  8
TOPO-CONTOUR-MINOR
100
AcDbVertex
100
AcDb3dPolylineVertex
 10
-83.00374556062525
 20
-36.47622200380319
 30
1072.0
 70
32
  0
VERTEX
  5
81B
330
17
100
AcDbEntity
  8
TOPO-CONTOUR-MINOR
100
AcDbVertex
100
AcDb3dPolylineVertex
 10
-82.75323217953031
 20
-34.97603130526841
 30
1072.0
 70
32
  0
VERTEX
  5
81C
330
17
100
AcDbEntity
  8
TOPO-CONTOUR-MINOR
100
AcDbVertex
100
AcDb3dPolylineVertex
 10
-83.11676548771085
 20
-33.96841677930206
 30
1072.0
 70
32
  0
VERTEX
  5
81D
330
17
100
AcDbEntity
  8
TOPO-CONTOUR-MINOR
100
AcDbVertex
100
AcDb3dPolylineVertex
 10
-88.04181819267069
 20
-31.8636208419573
 30
1072.0
 70
32
  0
SEQEND
  5
812
330
811
100
AcDbEntity
  8
TOPO-CONTOUR-MINOR
  0
POLYLINE
  5
81E
330
17
100
AcDbEntity
  8
TOPO-CONTOUR-MINOR
100
AcDb3dPolyline
 66
1
 10
0.0
 20
0.0
 30
0.0
 70
8
  0
VERTEX
  5
820
330
17
100
AcDbEntity
  8
TOPO-CONTOUR-MINOR
100
AcDbVertex
100
AcDb3dPolylineVertex
 10
-91.06466177189759
 20
-37.500520185760635
 30
1072.0
 70
32
  0
VERTEX
  5
821
330
17
100
AcDbEntity
  8
TOPO-CONTOUR-MINOR
100
AcDbVertex
100
AcDb3dPolylineVertex
 10
-92.04381587893435
 20
-37.99887488503009
 30
1072.0
 70
32
  0
VERTEX
  5
822
330
17
100
AcDbEntity
  8
TOPO-CONTOUR-MINOR
100
AcDbVertex
100
AcDb3dPolylineVertex
 10
-91.52186324297853
 20
-39.00648941099644
 30
1072.0
 70
32
  0
VERTEX
  5
823
330
17
100
AcDbEntity
  8
TOPO-CONTOUR-MINOR
100
AcDbVertex
100
AcDb3dPolylineVertex
 10
-91.06466177189759
 20
-39.20487229658557
 30
1072.0
 70
32
  0
VERTEX
  5
824
330
17
100
AcDbEntity
  8
TOPO-CONTOUR-MINOR
100
AcDbVertex
100
AcDb3dPolylineVertex
 10
-90.73888291178109
 20
-39.00648941099644
 30
1072.0
 70
32
  0
VERTEX
  5
825
330
17
100
AcDbEntity
  8
TOPO-CONTOUR-MINOR
100
AcDbVertex
100
AcDb3dPolylineVertex
 10
-90.5443752495663
 20
-37.99887488503009
 30
1072.0
 70
32
  0
VERTEX
  5
826
330
17
100
AcDbEntity
  8
TOPO-CONTOUR-MINOR
100
AcDbVertex
100
AcDb3dPolylineVertex
 10
-91.06466177189759
 20
-37.500520185760635
 30
1072.0
 70
32
  0
SEQEND
  5
81F
330
81E
100
AcDbEntity
  8
TOPO-CONTOUR-MINOR
  0
POLYLINE
  5
827
330
17
100
AcDbEntity
  8
TOPO-CONTOUR-MINOR
100
AcDb3dPolyline
 66
1
 10
0.0
 20
0.0
 30
0.0
 70
8
  0
VERTEX
  5
829
330
17
100
AcDbEntity
  8
TOPO-CONTOUR-MINOR
100
AcDbVertex
100
AcDb3dPolylineVertex
 10
36.807435795814115
 20
415.0
 30
1073.0
 70
32
  0
VERTEX
  5
82A
330
17
100
AcDbEntity
  8
TOPO-CONTOUR-MINOR
100
AcDbVertex
100
AcDb3dPolylineVertex
 10
42.94807024050624
 20
412.07248463827614
 30
1073.0
 70
32
  0
VERTEX
  5
82B
330
17
100
AcDbEntity
  8
TOPO-CONTOUR-MINOR
100
AcDbVertex
100
AcDb3dPolylineVertex
 10
48.71143973203225
 20
410.3895893674344
 30
1073.0
 70
32
  0
VERTEX
  5
82C
330
17
100
AcDbEntity
  8
TOPO-CONTOUR-MINOR
100
AcDbVertex
100
AcDb3dPolylineVertex
 10
55.03944455741476
 20
407.3151727184392
 30
1073.0
 70
32
  0
VERTEX
  5
82D
330
17
100
AcDbEntity
  8
TOPO-CONTOUR-MINOR
100
AcDbVertex
100
AcDb3dPolylineVertex
 10
61.53550414713379
 20
405.3515167348087
 30
1073.0
 70
32
  0
VERTEX
  5
82E
330
17
100
AcDbEntity
  8
TOPO-CONTOUR-MINOR
100
AcDbVertex
100
AcDb3dPolylineVertex
 10
65.11558982150473
 20
404.75673158664813
 30
1073.0
 70
32
  0
VERTEX
  5
82F
330
17
100
AcDbEntity
  8
TOPO-CONTOUR-MINOR
100
AcDbVertex
100
AcDb3dPolylineVertex
 10
70.15366245355017
 20
404.84409724358784
 30
1073.0
 70
32
  0
VERTEX
  5
830
330
17
100
AcDbEntity
  8
TOPO-CONTOUR-MINOR
100
AcDbVertex
100
AcDb3dPolylineVertex
 10
76.19934961200397
 20
405.9274259610931
 30
1073.0
 70
32
  0
VERTEX
  5
831
330
17
100
AcDbEntity
  8
TOPO-CONTOUR-MINOR
100
AcDbVertex
100
AcDb3dPolylineVertex
 10
78.21457866482251
 20
405.6764950988189
 30
1073.0
 70
32
  0
VERTEX
  5
832
330
17
100
AcDbEntity
  8
TOPO-CONTOUR-MINOR
100
AcDbVertex
100
AcDb3dPolylineVertex
 10
78.55609715758112
 20
405.3515167348087
 30
1073.0
 70
32
  0
VERTEX
  5
833
330
17
100
AcDbEntity
  8
TOPO-CONTOUR-MINOR
100
AcDbVertex
100
AcDb3dPolylineVertex
 10
78.47305708578395
 20
402.3286731559783
 30
1073.0
 70
32
  0
VERTEX
  5
834
330
17
100
AcDbEntity
  8
TOPO-CONTOUR-MINOR
100
AcDbVertex
100
AcDb3dPolylineVertex
 10
78.88783676917238
 20
401.32105862908065
 30
1073.0
 70
32
  0
VERTEX
  5
835
330
17
100
AcDbEntity
  8
TOPO-CONTOUR-MINOR
100
AcDbVertex
100
AcDb3dPolylineVertex
 10
81.06693614150778
 20
399.30582957621664
 30
1073.0
 70
32
  0
VERTEX
  5
836
330
17
100
AcDbEntity
  8
TOPO-CONTOUR-MINOR
100
AcDbVertex
100
AcDb3dPolylineVertex
 10
80.77018270257469
 20
392.25252789165825
 30
1073.0
 70
32
  0
VERTEX
  5
837
330
17
100
AcDbEntity
  8
TOPO-CONTOUR-MINOR
100
AcDbVertex
100
AcDb3dPolylineVertex
 10
82.42554270657352
 20
388.2220697859302
 30
1073.0
 70
32
  0
VERTEX
  5
838
330
17
100
AcDbEntity
  8
TOPO-CONTOUR-MINOR
100
AcDbVertex
100
AcDb3dPolylineVertex
 10
82.76375432259162
 20
386.2068407330662
 30
1073.0
 70
32
  0
VERTEX
  5
839
330
17
100
AcDbEntity
  8
TOPO-CONTOUR-MINOR
100
AcDbVertex
100
AcDb3dPolylineVertex
 10
82.41155340854064
 20
385.19922620709985
 30
1073.0
 70
32
  0
VERTEX
  5
83A
330
17
100
AcDbEntity
  8
TOPO-CONTOUR-MINOR
100
AcDbVertex
100
AcDb3dPolylineVertex
 10
80.02291263498986
 20
382.17638262733817
 30
1073.0
 70
32
  0
VERTEX
  5
83B
330
17
100
AcDbEntity
  8
TOPO-CONTOUR-MINOR
100
AcDbVertex
100
AcDb3dPolylineVertex
 10
79.71307639833176
 20
381.1687681013718
 30
1073.0
 70
32
  0
VERTEX
  5
83C
330
17
100
AcDbEntity
  8
TOPO-CONTOUR-MINOR
100
AcDbVertex
100
AcDb3dPolylineVertex
 10
80.17496891529878
 20
377.1383099956438
 30
1073.0
 70
32
  0
VERTEX
  5
83D
330
17
100
AcDbEntity
  8
TOPO-CONTOUR-MINOR
100
AcDbVertex
100
AcDb3dPolylineVertex
 10
79.58346058941318
 20
373.10785188991576
 30
1073.0
 70
32
  0
VERTEX
  5
83E
330
17
100
AcDbEntity
  8
TOPO-CONTOUR-MINOR
100
AcDbVertex
100
AcDb3dPolylineVertex
 10
78.52287988692134
 20
371.09262283705175
 30
1073.0
 70
32
  0
VERTEX
  5
83F
330
17
100
AcDbEntity
  8
TOPO-CONTOUR-MINOR
100
AcDbVertex
100
AcDb3dPolylineVertex
 10
75.40441712374758
 20
367.0621647313237
 30
1073.0
 70
32
  0
VERTEX
  5
840
330
17
100
AcDbEntity
  8
TOPO-CONTOUR-MINOR
100
AcDbVertex
100
AcDb3dPolylineVertex
 10
74.93413875800525
 20
366.0545502053574
 30
1073.0
 70
32
  0
VERTEX
  5
841
330
17
100
AcDbEntity
  8
TOPO-CONTOUR-MINOR
100
AcDbVertex
100
AcDb3dPolylineVertex
 10
75.02475445839119
 20
364.03932115249336
 30
1073.0
 70
32
  0
VERTEX
  5
842
330
17
100
AcDbEntity
  8
TOPO-CONTOUR-MINOR
100
AcDbVertex
100
AcDb3dPolylineVertex
 10
75.95609889193626
 20
362.02409209962934
 30
1073.0
 70
32
  0
VERTEX
  5
843
330
17
100
AcDbEntity
  8
TOPO-CONTOUR-MINOR
100
AcDbVertex
100
AcDb3dPolylineVertex
 10
77.20696413841324
 20
360.78069751805157
 30
1073.0
 70
32
  0
VERTEX
  5
844
330
17
100
AcDbEntity
  8
TOPO-CONTOUR-MINOR
100
AcDbVertex
100
AcDb3dPolylineVertex
 10
81.23742224404941
 20
359.839008654977
 30
1073.0
 70
32
  0
VERTEX
  5
845
330
17
100
AcDbEntity
  8
TOPO-CONTOUR-MINOR
100
AcDbVertex
100
AcDb3dPolylineVertex
 10
84.17749185060707
 20
357.99363399390137
 30
1073.0
 70
32
  0
VERTEX
  5
846
330
17
100
AcDbEntity
  8
TOPO-CONTOUR-MINOR
100
AcDbVertex
100
AcDb3dPolylineVertex
 10
88.2907239289134
 20
355.9868055409307
 30
1073.0
 70
32
  0
VERTEX
  5
847
330
17
100
AcDbEntity
  8
TOPO-CONTOUR-MINOR
100
AcDbVertex
100
AcDb3dPolylineVertex
 10
90.30595298173102
 20
354.5644754144475
 30
1073.0
 70
32
  0
VERTEX
  5
848
330
17
100
AcDbEntity
  8
TOPO-CONTOUR-MINOR
100
AcDbVertex
100
AcDb3dPolylineVertex
 10
91.3135675081403
 20
353.1734822810507
 30
1073.0
 70
32
  0
VERTEX
  5
849
330
17
100
AcDbEntity
  8
TOPO-CONTOUR-MINOR
100
AcDbVertex
100
AcDb3dPolylineVertex
 10
92.32118203454866
 20
350.0172667339804
 30
1073.0
 70
32
  0
VERTEX
  5
84A
330
17
100
AcDbEntity
  8
TOPO-CONTOUR-MINOR
100
AcDbVertex
100
AcDb3dPolylineVertex
 10
94.37886393998626
 20
339.8565725181252
 30
1073.0
 70
32
  0
VERTEX
  5
84B
330
17
100
AcDbEntity
  8
TOPO-CONTOUR-MINOR
100
AcDbVertex
100
AcDb3dPolylineVertex
 10
97.3592546665941
 20
329.3241263982973
 30
1073.0
 70
32
  0
VERTEX
  5
84C
330
17
100
AcDbEntity
  8
TOPO-CONTOUR-MINOR
100
AcDbVertex
100
AcDb3dPolylineVertex
 10
100.38209824582191
 20
321.7967266637393
 30
1073.0
 70
32
  0
VERTEX
  5
84D
330
17
100
AcDbEntity
  8
TOPO-CONTOUR-MINOR
100
AcDbVertex
100
AcDb3dPolylineVertex
 10
102.39732729863954
 20
319.83384890445365
 30
1073.0
 70
32
  0
VERTEX
  5
84E
330
17
100
AcDbEntity
  8
TOPO-CONTOUR-MINOR
100
AcDbVertex
100
AcDb3dPolylineVertex
 10
103.40494182504881
 20
319.4537341506666
 30
1073.0
 70
32
  0
VERTEX
  5
84F
330
17
100
AcDbEntity
  8
TOPO-CONTOUR-MINOR
100
AcDbVertex
100
AcDb3dPolylineVertex
 10
104.41255635145808
 20
319.63439999100683
 30
1073.0
 70
32
  0
VERTEX
  5
850
330
17
100
AcDbEntity
  8
TOPO-CONTOUR-MINOR
100
AcDbVertex
100
AcDb3dPolylineVertex
 10
105.42017087786644
 20
321.32071746441704
 30
1073.0
 70
32
  0
VERTEX
  5
851
330
17
100
AcDbEntity
  8
TOPO-CONTOUR-MINOR
100
AcDbVertex
100
AcDb3dPolylineVertex
 10
106.15088444296921
 20
327.7651982018724
 30
1073.0
 70
32
  0
VERTEX
  5
852
330
17
100
AcDbEntity
  8
TOPO-CONTOUR-MINOR
100
AcDbVertex
100
AcDb3dPolylineVertex
 10
106.6265668240425
 20
336.8337289392948
 30
1073.0
 70
32
  0
VERTEX
  5
853
330
17
100
AcDbEntity
  8
TOPO-CONTOUR-MINOR
100
AcDbVertex
100
AcDb3dPolylineVertex
 10
106.94160441468699
 20
338.84895799215883
 30
1073.0
 70
32
  0
VERTEX
  5
854
330
17
100
AcDbEntity
  8
TOPO-CONTOUR-MINOR
100
AcDbVertex
100
AcDb3dPolylineVertex
 10
107.67019534441378
 20
340.86418704502285
 30
1073.0
 70
32
  0
VERTEX
  5
855
330
17
100
AcDbEntity
  8
TOPO-CONTOUR-MINOR
100
AcDbVertex
100
AcDb3dPolylineVertex
 10
108.44301445709425
 20
341.6368030277902
 30
1073.0
 70
32
  0
VERTEX
  5
856
330
17
100
AcDbEntity
  8
TOPO-CONTOUR-MINOR
100
AcDbVertex
100
AcDb3dPolylineVertex
 10
110.45824350991188
 20
341.3787900244962
 30
1073.0
 70
32
  0
VERTEX
  5
857
330
17
100
AcDbEntity
  8
TOPO-CONTOUR-MINOR
100
AcDbVertex
100
AcDb3dPolylineVertex
 10
114.62282369967006
 20
338.84895799215883
 30
1073.0
 70
32
  0
VERTEX
  5
858
330
17
100
AcDbEntity
  8
TOPO-CONTOUR-MINOR
100
AcDbVertex
100
AcDb3dPolylineVertex
 10
116.62920895660122
 20
336.8337289392948
 30
1073.0
 70
32
  0
VERTEX
  5
859
330
17
100
AcDbEntity
  8
TOPO-CONTOUR-MINOR
100
AcDbVertex
100
AcDb3dPolylineVertex
 10
117.14969498916963
 20
335.82611441239715
 30
1073.0
 70
32
  0
VERTEX
  5
85A
330
17
100
AcDbEntity
  8
TOPO-CONTOUR-MINOR
100
AcDbVertex
100
AcDb3dPolylineVertex
 10
117.10677821833733
 20
334.8184998864308
 30
1073.0
 70
32
  0
VERTEX
  5
85B
330
17
100
AcDbEntity
  8
TOPO-CONTOUR-MINOR
100
AcDbVertex
100
AcDb3dPolylineVertex
 10
115.06225563490027
 20
329.7804272547364
 30
1073.0
 70
32
  0
VERTEX
  5
85C
330
17
100
AcDbEntity
  8
TOPO-CONTOUR-MINOR
100
AcDbVertex
100
AcDb3dPolylineVertex
 10
114.68233153357671
 20
327.7651982018724
 30
1073.0
 70
32
  0
VERTEX
  5
85D
330
17
100
AcDbEntity
  8
TOPO-CONTOUR-MINOR
100
AcDbVertex
100
AcDb3dPolylineVertex
 10
114.72348326390227
 20
325.7499691490084
 30
1073.0
 70
32
  0
VERTEX
  5
85E
330
17
100
AcDbEntity
  8
TOPO-CONTOUR-MINOR
100
AcDbVertex
100
AcDb3dPolylineVertex
 10
119.3120873302858
 20
291.49107525125146
 30
1073.0
 70
32
  0
VERTEX
  5
85F
330
17
100
AcDbEntity
  8
TOPO-CONTOUR-MINOR
100
AcDbVertex
100
AcDb3dPolylineVertex
 10
121.54200330041112
 20
277.9304671078698
 30
1073.0
 70
32
  0
VERTEX
  5
860
330
17
100
AcDbEntity
  8
TOPO-CONTOUR-MINOR
100
AcDbVertex
100
AcDb3dPolylineVertex
 10
124.58003651859018
 20
264.2854830380529
 30
1073.0
 70
32
  0
VERTEX
  5
861
330
17
100
AcDbEntity
  8
TOPO-CONTOUR-MINOR
100
AcDbVertex
100
AcDb3dPolylineVertex
 10
125.7869821860384
 20
255.2169522996992
 30
1073.0
 70
32
  0
VERTEX
  5
862
330
17
100
AcDbEntity
  8
TOPO-CONTOUR-MINOR
100
AcDbVertex
100
AcDb3dPolylineVertex
 10
126.3127824910353
 20
248.1636506151408
 30
1073.0
 70
32
  0
VERTEX
  5
863
330
17
100
AcDbEntity
  8
TOPO-CONTOUR-MINOR
100
AcDbVertex
100
AcDb3dPolylineVertex
 10
128.11158867540448
 20
242.11796345654875
 30
1073.0
 70
32
  0
VERTEX
  5
864
330
17
100
AcDbEntity
  8
TOPO-CONTOUR-MINOR
100
AcDbVertex
100
AcDb3dPolylineVertex
 10
129.21396800060415
 20
235.06466177199036
 30
1073.0
 70
32
  0
VERTEX
  5
865
330
17
100
AcDbEntity
  8
TOPO-CONTOUR-MINOR
100
AcDbVertex
100
AcDb3dPolylineVertex
 10
129.7152521337507
 20
228.01136008743197
 30
1073.0
 70
32
  0
VERTEX
  5
866
330
17
100
AcDbEntity
  8
TOPO-CONTOUR-MINOR
100
AcDbVertex
100
AcDb3dPolylineVertex
 10
129.60136752686273
 20
224.98851650767028
 30
1073.0
 70
32
  0
VERTEX
  5
867
330
17
100
AcDbEntity
  8
TOPO-CONTOUR-MINOR
100
AcDbVertex
100
AcDb3dPolylineVertex
 10
128.5953049852751
 20
222.27591247493882
 30
1073.0
 70
32
  0
VERTEX
  5
868
330
17
100
AcDbEntity
  8
TOPO-CONTOUR-MINOR
100
AcDbVertex
100
AcDb3dPolylineVertex
 10
122.5496178268204
 20
213.28913168740354
 30
1073.0
 70
32
  0
VERTEX
  5
869
330
17
100
AcDbEntity
  8
TOPO-CONTOUR-MINOR
100
AcDbVertex
100
AcDb3dPolylineVertex
 10
120.57903063705568
 20
202.82099692709744
 30
1073.0
 70
32
  0
VERTEX
  5
86A
330
17
100
AcDbEntity
  8
TOPO-CONTOUR-MINOR
100
AcDbVertex
100
AcDb3dPolylineVertex
 10
119.5267742475935
 20
201.58674948553332
 30
1073.0
 70
32
  0
VERTEX
  5
86B
330
17
100
AcDbEntity
  8
TOPO-CONTOUR-MINOR
100
AcDbVertex
100
AcDb3dPolylineVertex
 10
118.51915972118422
 20
202.16007006642656
 30
1073.0
 70
32
  0
VERTEX
  5
86C
330
17
100
AcDbEntity
  8
TOPO-CONTOUR-MINOR
100
AcDbVertex
100
AcDb3dPolylineVertex
 10
116.39776384931467
 20
204.83622597996145
 30
1073.0
 70
32
  0
VERTEX
  5
86D
330
17
100
AcDbEntity
  8
TOPO-CONTOUR-MINOR
100
AcDbVertex
100
AcDb3dPolylineVertex
 10
114.48870161554805
 20
206.35628272936725
 30
1073.0
 70
32
  0
VERTEX
  5
86E
330
17
100
AcDbEntity
  8
TOPO-CONTOUR-MINOR
100
AcDbVertex
100
AcDb3dPolylineVertex
 10
111.46585803632115
 20
207.31415795241594
 30
1073.0
 70
32
  0
VERTEX
  5
86F
330
17
100
AcDbEntity
  8
TOPO-CONTOUR-MINOR
100
AcDbVertex
100
AcDb3dPolylineVertex
 10
108.44301445709425
 20
207.3605512778302
 30
1073.0
 70
32
  0
VERTEX
  5
870
330
17
100
AcDbEntity
  8
TOPO-CONTOUR-MINOR
100
AcDbVertex
100
AcDb3dPolylineVertex
 10
105.42017087786644
 20
206.50529164198218
 30
1073.0
 70
32
  0
VERTEX
  5
871
330
17
100
AcDbEntity
  8
TOPO-CONTOUR-MINOR
100
AcDbVertex
100
AcDb3dPolylineVertex
 10
96.35164014018574
 20
202.50038279216233
 30
1073.0
 70
32
  0
VERTEX
  5
872
330
17
100
AcDbEntity
  8
TOPO-CONTOUR-MINOR
100
AcDbVertex
100
AcDb3dPolylineVertex
 10
94.3364110873672
 20
201.14142547321526
 30
1073.0
 70
32
  0
VERTEX
  5
873
330
17
100
AcDbEntity
  8
TOPO-CONTOUR-MINOR
100
AcDbVertex
100
AcDb3dPolylineVertex
 10
91.29213729889777
 20
197.78292429447174
 30
1073.0
 70
32
  0
VERTEX
  5
874
330
17
100
AcDbEntity
  8
TOPO-CONTOUR-MINOR
100
AcDbVertex
100
AcDb3dPolylineVertex
 10
89.29833845532175
 20
196.11782526779535
 30
1073.0
 70
32
  0
VERTEX
  5
875
330
17
100
AcDbEntity
  8
TOPO-CONTOUR-MINOR
100
AcDbVertex
100
AcDb3dPolylineVertex
 10
87.28310940250412
 20
195.03678104150129
 30
1073.0
 70
32
  0
VERTEX
  5
876
330
17
100
AcDbEntity
  8
TOPO-CONTOUR-MINOR
100
AcDbVertex
100
AcDb3dPolylineVertex
 10
85.26788034968558
 20
194.50897946579698
 30
1073.0
 70
32
  0
VERTEX
  5
877
330
17
100
AcDbEntity
  8
TOPO-CONTOUR-MINOR
100
AcDbVertex
100
AcDb3dPolylineVertex
 10
75.19173508559561
 20
194.81810109657803
 30
1073.0
 70
32
  0
VERTEX
  5
878
330
17
100
AcDbEntity
  8
TOPO-CONTOUR-MINOR
100
AcDbVertex
100
AcDb3dPolylineVertex
 10
70.15366245355017
 20
194.28749449115622
 30
1073.0
 70
32
  0
VERTEX
  5
879
330
17
100
AcDbEntity
  8
TOPO-CONTOUR-MINOR
100
AcDbVertex
100
AcDb3dPolylineVertex
 10
64.10797529509546
 20
194.76626798948564
 30
1073.0
 70
32
  0
VERTEX
  5
87A
330
17
100
AcDbEntity
  8
TOPO-CONTOUR-MINOR
100
AcDbVertex
100
AcDb3dPolylineVertex
 10
58.062288136641655
 20
194.01323385998472
 30
1073.0
 70
32
  0
VERTEX
  5
87B
330
17
100
AcDbEntity
  8
TOPO-CONTOUR-MINOR
100
AcDbVertex
100
AcDb3dPolylineVertex
 10
50.00137192536931
 20
195.90890706967576
 30
1073.0
 70
32
  0
VERTEX
  5
87C
330
17
100
AcDbEntity
  8
TOPO-CONTOUR-MINOR
100
AcDbVertex
100
AcDb3dPolylineVertex
 10
45.97091381973314
 20
198.5190752075066
 30
1073.0
 70
32
  0
VERTEX
  5
87D
330
17
100
AcDbEntity
  8
TOPO-CONTOUR-MINOR
100
AcDbVertex
100
AcDb3dPolylineVertex
 10
43.9556847669146
 20
199.31808250689173
 30
1073.0
 70
32
  0
VERTEX
  5
87E
330
17
100
AcDbEntity
  8
TOPO-CONTOUR-MINOR
100
AcDbVertex
100
AcDb3dPolylineVertex
 10
30.856695923596817
 20
199.7654145403745
 30
1073.0
 70
32
  0
VERTEX
  5
87F
330
17
100
AcDbEntity
  8
TOPO-CONTOUR-MINOR
100
AcDbVertex
100
AcDb3dPolylineVertex
 10
20.780550659506844
 20
198.82378171461303
 30
1073.0
 70
32
  0
VERTEX
  5
880
330
17
100
AcDbEntity
  8
TOPO-CONTOUR-MINOR
100
AcDbVertex
100
AcDb3dPolylineVertex
 10
15.742478027461402
 20
196.26305732140412
 30
1073.0
 70
32
  0
VERTEX
  5
881
330
17
100
AcDbEntity
  8
TOPO-CONTOUR-MINOR
100
AcDbVertex
100
AcDb3dPolylineVertex
 10
10.70440539541596
 20
194.59174975838064
 30
1073.0
 70
32
  0
VERTEX
  5
882
330
17
100
AcDbEntity
  8
TOPO-CONTOUR-MINOR
100
AcDbVertex
100
AcDb3dPolylineVertex
 10
6.67394728977979
 20
194.09372788336998
 30
1073.0
 70
32
  0
VERTEX
  5
883
330
17
100
AcDbEntity
  8
TOPO-CONTOUR-MINOR
100
AcDbVertex
100
AcDb3dPolylineVertex
 10
-2.3945834479009136
 20
193.87903536787874
 30
1073.0
 70
32
  0
VERTEX
  5
884
330
17
100
AcDbEntity
  8
TOPO-CONTOUR-MINOR
100
AcDbVertex
100
AcDb3dPolylineVertex
 10
-6.085436283451634
 20
192.74485166277736
 30
1073.0
 70
32
  0
VERTEX
  5
885
330
17
100
AcDbEntity
  8
TOPO-CONTOUR-MINOR
100
AcDbVertex
100
AcDb3dPolylineVertex
 10
-6.61980501272318
 20
191.7372371358797
 30
1073.0
 70
32
  0
VERTEX
  5
886
330
17
100
AcDbEntity
  8
TOPO-CONTOUR-MINOR
100
AcDbVertex
100
AcDb3dPolylineVertex
 10
-6.564921198718471
 20
190.72962260991335
 30
1073.0
 70
32
  0
VERTEX
  5
887
330
17
100
AcDbEntity
  8
TOPO-CONTOUR-MINOR
100
AcDbVertex
100
AcDb3dPolylineVertex
 10
-5.457880950821519
 20
184.6839354513213
 30
1073.0
 70
32
  0
VERTEX
  5
888
330
17
100
AcDbEntity
  8
TOPO-CONTOUR-MINOR
100
AcDbVertex
100
AcDb3dPolylineVertex
 10
-5.259794171169718
 20
180.65347734559327
 30
1073.0
 70
32
  0
VERTEX
  5
889
330
17
100
AcDbEntity
  8
TOPO-CONTOUR-MINOR
100
AcDbVertex
100
AcDb3dPolylineVertex
 10
-3.817903725706933
 20
174.60779018700123
 30
1073.0
 70
32
  0
VERTEX
  5
88A
330
17
100
AcDbEntity
  8
TOPO-CONTOUR-MINOR
100
AcDbVertex
100
AcDb3dPolylineVertex
 10
-2.244597747383167
 20
170.5773320812732
 30
1073.0
 70
32
  0
VERTEX
  5
88B
330
17
100
AcDbEntity
  8
TOPO-CONTOUR-MINOR
100
AcDbVertex
100
AcDb3dPolylineVertex
 10
-2.1947382042779786
 20
169.56971755530685
 30
1073.0
 70
32
  0
VERTEX
  5
88C
330
17
100
AcDbEntity
  8
TOPO-CONTOUR-MINOR
100
AcDbVertex
100
AcDb3dPolylineVertex
 10
-3.848435848935387
 20
161.5088013438508
 30
1073.0
 70
32
  0
VERTEX
  5
88D
330
17
100
AcDbEntity
  8
TOPO-CONTOUR-MINOR
100
AcDbVertex
100
AcDb3dPolylineVertex
 10
-4.457291839957077
 20
160.50118681788445
 30
1073.0
 70
32
  0
VERTEX
  5
88E
330
17
100
AcDbEntity
  8
TOPO-CONTOUR-MINOR
100
AcDbVertex
100
AcDb3dPolylineVertex
 10
-7.698265202427274
 20
157.47834323812276
 30
1073.0
 70
32
  0
VERTEX
  5
88F
330
17
100
AcDbEntity
  8
TOPO-CONTOUR-MINOR
100
AcDbVertex
100
AcDb3dPolylineVertex
 10
-12.595174244726486
 20
149.4174270266667
 30
1073.0
 70
32
  0
VERTEX
  5
890
330
17
100
AcDbEntity
  8
TOPO-CONTOUR-MINOR
100
AcDbVertex
100
AcDb3dPolylineVertex
 10
-13.478343238401067
 20
147.41983398460653
 30
1073.0
 70
32
  0
VERTEX
  5
891
330
17
100
AcDbEntity
  8
TOPO-CONTOUR-MINOR
100
AcDbVertex
100
AcDb3dPolylineVertex
 10
-14.485957764809427
 20
146.48622355916774
 30
1073.0
 70
32
  0
VERTEX
  5
892
330
17
100
AcDbEntity
  8
TOPO-CONTOUR-MINOR
100
AcDbVertex
100
AcDb3dPolylineVertex
 10
-15.493572291218698
 20
146.62614319615224
 30
1073.0
 70
32
  0
VERTEX
  5
893
330
17
100
AcDbEntity
  8
TOPO-CONTOUR-MINOR
100
AcDbVertex
100
AcDb3dPolylineVertex
 10
-17.508801344037238
 20
148.03365222706398
 30
1073.0
 70
32
  0
VERTEX
  5
894
330
17
100
AcDbEntity
  8
TOPO-CONTOUR-MINOR
100
AcDbVertex
100
AcDb3dPolylineVertex
 10
-19.524030396854865
 20
148.46071125806404
 30
1073.0
 70
32
  0
VERTEX
  5
895
330
17
100
AcDbEntity
  8
TOPO-CONTOUR-MINOR
100
AcDbVertex
100
AcDb3dPolylineVertex
 10
-22.54687397608268
 20
147.5834834480659
 30
1073.0
 70
32
  0
VERTEX
  5
896
330
17
100
AcDbEntity
  8
TOPO-CONTOUR-MINOR
100
AcDbVertex
100
AcDb3dPolylineVertex
 10
-27.58494660812721
 20
145.35862397339295
 30
1073.0
 70
32
  0
VERTEX
  5
897
330
17
100
AcDbEntity
  8
TOPO-CONTOUR-MINOR
100
AcDbVertex
100
AcDb3dPolylineVertex
 10
-28.925754462697675
 20
144.37935439497232
 30
1073.0
 70
32
  0
VERTEX
  5
898
330
17
100
AcDbEntity
  8
TOPO-CONTOUR-MINOR
100
AcDbVertex
100
AcDb3dPolylineVertex
 10
-29.591664016932526
 20
143.37173986900598
 30
1073.0
 70
32
  0
VERTEX
  5
899
330
17
100
AcDbEntity
  8
TOPO-CONTOUR-MINOR
100
AcDbVertex
100
AcDb3dPolylineVertex
 10
-30.03066195931159
 20
141.35651081614196
 30
1073.0
 70
32
  0
VERTEX
  5
89A
330
17
100
AcDbEntity
  8
TOPO-CONTOUR-MINOR
100
AcDbVertex
100
AcDb3dPolylineVertex
 10
-29.61072329848733
 20
139.34128176327795
 30
1073.0
 70
32
  0
VERTEX
  5
89B
330
17
100
AcDbEntity
  8
TOPO-CONTOUR-MINOR
100
AcDbVertex
100
AcDb3dPolylineVertex
 10
-27.784751029561452
 20
136.31843818351626
 30
1073.0
 70
32
  0
VERTEX
  5
89C
330
17
100
AcDbEntity
  8
TOPO-CONTOUR-MINOR
100
AcDbVertex
100
AcDb3dPolylineVertex
 10
-27.61205074709416
 20
135.31082365754992
 30
1073.0
 70
32
  0
VERTEX
  5
89D
330
17
100
AcDbEntity
  8
TOPO-CONTOUR-MINOR
100
AcDbVertex
100
AcDb3dPolylineVertex
 10
-28.313938942156806
 20
132.28798007778823
 30
1073.0
 70
32
  0
VERTEX
  5
89E
330
17
100
AcDbEntity
  8
TOPO-CONTOUR-MINOR
100
AcDbVertex
100
AcDb3dPolylineVertex
 10
-27.777757405996503
 20
129.26513649895787
 30
1073.0
 70
32
  0
VERTEX
  5
89F
330
17
100
AcDbEntity
  8
TOPO-CONTOUR-MINOR
100
AcDbVertex
100
AcDb3dPolylineVertex
 10
-27.971741121734638
 20
128.25752197299153
 30
1073.0
 70
32
  0
VERTEX
  5
8A0
330
17
100
AcDbEntity
  8
TOPO-CONTOUR-MINOR
100
AcDbVertex
100
AcDb3dPolylineVertex
 10
-30.60779018735502
 20
125.57996831328185
 30
1073.0
 70
32
  0
VERTEX
  5
8A1
330
17
100
AcDbEntity
  8
TOPO-CONTOUR-MINOR
100
AcDbVertex
100
AcDb3dPolylineVertex
 10
-32.929187020814794
 20
122.21183481439948
 30
1073.0
 70
32
  0
VERTEX
  5
8A2
330
17
100
AcDbEntity
  8
TOPO-CONTOUR-MINOR
100
AcDbVertex
100
AcDb3dPolylineVertex
 10
-36.653477345808824
 20
119.52383301469992
 30
1073.0
 70
32
  0
VERTEX
  5
8A3
330
17
100
AcDbEntity
  8
TOPO-CONTOUR-MINOR
100
AcDbVertex
100
AcDb3dPolylineVertex
 10
-42.699164504263535
 20
116.11330066420132
 30
1073.0
 70
32
  0
VERTEX
  5
8A4
330
17
100
AcDbEntity
  8
TOPO-CONTOUR-MINOR
100
AcDbVertex
100
AcDb3dPolylineVertex
 10
-43.67467988783229
 20
115.15853312890977
 30
1073.0
 70
32
  0
VERTEX
  5
8A5
330
17
100
AcDbEntity
  8
TOPO-CONTOUR-MINOR
100
AcDbVertex
100
AcDb3dPolylineVertex
 10
-44.636126832423464
 20
113.14330407604575
 30
1073.0
 70
32
  0
VERTEX
  5
8A6
330
17
100
AcDbEntity
  8
TOPO-CONTOUR-MINOR
100
AcDbVertex
100
AcDb3dPolylineVertex
 10
-46.72962260989971
 20
110.09416295019359
 30
1073.0
 70
32
  0
VERTEX
  5
8A7
330
17
100
AcDbEntity
  8
TOPO-CONTOUR-MINOR
100
AcDbVertex
100
AcDb3dPolylineVertex
 10
-49.080954613276084
 20
105.08238786552101
 30
1073.0
 70
32
  0
VERTEX
  5
8A8
330
17
100
AcDbEntity
  8
TOPO-CONTOUR-MINOR
100
AcDbVertex
100
AcDb3dPolylineVertex
 10
-50.70629551257902
 20
97.02147165406495
 30
1073.0
 70
32
  0
VERTEX
  5
8A9
330
17
100
AcDbEntity
  8
TOPO-CONTOUR-MINOR
100
AcDbVertex
100
AcDb3dPolylineVertex
 10
-51.23780396276844
 20
89.96816996857524
 30
1073.0
 70
32
  0
VERTEX
  5
8AA
330
17
100
AcDbEntity
  8
TOPO-CONTOUR-MINOR
100
AcDbVertex
100
AcDb3dPolylineVertex
 10
-51.76769524194424
 20
88.6209519647147
 30
1073.0
 70
32
  0
VERTEX
  5
8AB
330
17
100
AcDbEntity
  8
TOPO-CONTOUR-MINOR
100
AcDbVertex
100
AcDb3dPolylineVertex
 10
-54.70481124830831
 20
83.92248281091452
 30
1073.0
 70
32
  0
VERTEX
  5
8AC
330
17
100
AcDbEntity
  8
TOPO-CONTOUR-MINOR
100
AcDbVertex
100
AcDb3dPolylineVertex
 10
-60.83622597962585
 20
79.57156530731638
 30
1073.0
 70
32
  0
VERTEX
  5
8AD
330
17
100
AcDbEntity
  8
TOPO-CONTOUR-MINOR
100
AcDbVertex
100
AcDb3dPolylineVertex
 10
-63.85906955885275
 20
78.35537531838534
 30
1073.0
 70
32
  0
VERTEX
  5
8AE
330
17
100
AcDbEntity
  8
TOPO-CONTOUR-MINOR
100
AcDbVertex
100
AcDb3dPolylineVertex
 10
-67.73563820061833
 20
75.86156659945846
 30
1073.0
 70
32
  0
VERTEX
  5
8AF
330
17
100
AcDbEntity
  8
TOPO-CONTOUR-MINOR
100
AcDbVertex
100
AcDb3dPolylineVertex
 10
-70.91237124371673
 20
72.98644424201304
 30
1073.0
 70
32
  0
VERTEX
  5
8B0
330
17
100
AcDbEntity
  8
TOPO-CONTOUR-MINOR
100
AcDbVertex
100
AcDb3dPolylineVertex
 10
-75.53657338645077
 20
70.82349396683276
 30
1073.0
 70
32
  0
VERTEX
  5
8B1
330
17
100
AcDbEntity
  8
TOPO-CONTOUR-MINOR
100
AcDbVertex
100
AcDb3dPolylineVertex
 10
-79.98090198139744
 20
66.63838268957552
 30
1073.0
 70
32
  0
VERTEX
  5
8B2
330
17
100
AcDbEntity
  8
TOPO-CONTOUR-MINOR
100
AcDbVertex
100
AcDb3dPolylineVertex
 10
-83.3644497117316
 20
60.747348703444004
 30
1073.0
 70
32
  0
VERTEX
  5
8B3
330
17
100
AcDbEntity
  8
TOPO-CONTOUR-MINOR
100
AcDbVertex
100
AcDb3dPolylineVertex
 10
-84.65893086779005
 20
52.686432491987944
 30
1073.0
 70
32
  0
VERTEX
  5
8B4
330
17
100
AcDbEntity
  8
TOPO-CONTOUR-MINOR
100
AcDbVertex
100
AcDb3dPolylineVertex
 10
-86.07529797005715
 20
47.648359859362245
 30
1073.0
 70
32
  0
VERTEX
  5
8B5
330
17
100
AcDbEntity
  8
TOPO-CONTOUR-MINOR
100
AcDbVertex
100
AcDb3dPolylineVertex
 10
-86.24677142571616
 20
46.6407453333959
 30
1073.0
 70
32
  0
VERTEX
  5
8B6
330
17
100
AcDbEntity
  8
TOPO-CONTOUR-MINOR
100
AcDbVertex
100
AcDb3dPolylineVertex
 10
-85.90423785390827
 20
45.63313080742955
 30
1073.0
 70
32
  0
VERTEX
  5
8B7
330
17
100
AcDbEntity
  8
TOPO-CONTOUR-MINOR
100
AcDbVertex
100
AcDb3dPolylineVertex
 10
-85.00566999665078
 20
44.62551628053188
 30
1073.0
 70
32
  0
VERTEX
  5
8B8
330
17
100
AcDbEntity
  8
TOPO-CONTOUR-MINOR
100
AcDbVertex
100
AcDb3dPolylineVertex
 10
-78.97328745498908
 20
41.38069589895025
 30
1073.0
 70
32
  0
VERTEX
  5
8B9
330
17
100
AcDbEntity
  8
TOPO-CONTOUR-MINOR
100
AcDbVertex
100
AcDb3dPolylineVertex
 10
-75.95044387576127
 20
38.48427596888232
 30
1073.0
 70
32
  0
VERTEX
  5
8BA
330
17
100
AcDbEntity
  8
TOPO-CONTOUR-MINOR
100
AcDbVertex
100
AcDb3dPolylineVertex
 10
-72.3548414914454
 20
36.56460006907582
 30
1073.0
 70
32
  0
VERTEX
  5
8BB
330
17
100
AcDbEntity
  8
TOPO-CONTOUR-MINOR
100
AcDbVertex
100
AcDb3dPolylineVertex
 10
-69.90475671730746
 20
31.514137837682863
 30
1073.0
 70
32
  0
VERTEX
  5
8BC
330
17
100
AcDbEntity
  8
TOPO-CONTOUR-MINOR
100
AcDbVertex
100
AcDb3dPolylineVertex
 10
-68.82754396819087
 20
30.518912910483778
 30
1073.0
 70
32
  0
VERTEX
  5
8BD
330
17
100
AcDbEntity
  8
TOPO-CONTOUR-MINOR
100
AcDbVertex
100
AcDb3dPolylineVertex
 10
-64.86668408526202
 20
28.345191629199142
 30
1073.0
 70
32
  0
VERTEX
  5
8BE
330
17
100
AcDbEntity
  8
TOPO-CONTOUR-MINOR
100
AcDbVertex
100
AcDb3dPolylineVertex
 10
-62.85145503244439
 20
27.91840186602088
 30
1073.0
 70
32
  0
VERTEX
  5
8BF
330
17
100
AcDbEntity
  8
TOPO-CONTOUR-MINOR
100
AcDbVertex
100
AcDb3dPolylineVertex
 10
-56.80576787398968
 20
29.76573531197578
 30
1073.0
 70
32
  0
VERTEX
  5
8C0
330
17
100
AcDbEntity
  8
TOPO-CONTOUR-MINOR
100
AcDbVertex
100
AcDb3dPolylineVertex
 10
-52.77530976835351
 20
30.090731736663308
 30
1073.0
 70
32
  0
VERTEX
  5
8C1
330
17
100
AcDbEntity
  8
TOPO-CONTOUR-MINOR
100
AcDbVertex
100
AcDb3dPolylineVertex
 10
-44.80059065226498
 20
28.503683857619762
 30
1073.0
 70
32
  0
VERTEX
  5
8C2
330
17
100
AcDbEntity
  8
TOPO-CONTOUR-MINOR
100
AcDbVertex
100
AcDb3dPolylineVertex
 10
-42.728778925447564
 20
27.496069331653416
 30
1073.0
 70
32
  0
VERTEX
  5
8C3
330
17
100
AcDbEntity
  8
TOPO-CONTOUR-MINOR
100
AcDbVertex
100
AcDb3dPolylineVertex
 10
-42.12198791150344
 20
26.48845480568707
 30
1073.0
 70
32
  0
VERTEX
  5
8C4
330
17
100
AcDbEntity
  8
TOPO-CONTOUR-MINOR
100
AcDbVertex
100
AcDb3dPolylineVertex
 10
-40.691873285864254
 20
21.45038217306137
 30
1073.0
 70
32
  0
VERTEX
  5
8C5
330
17
100
AcDbEntity
  8
TOPO-CONTOUR-MINOR
100
AcDbVertex
100
AcDb3dPolylineVertex
 10
-40.90014914207062
 20
19.435153120197356
 30
1073.0
 70
32
  0
VERTEX
  5
8C6
330
17
100
AcDbEntity
  8
TOPO-CONTOUR-MINOR
100
AcDbVertex
100
AcDb3dPolylineVertex
 10
-42.691940123822754
 20
17.41992406733334
 30
1073.0
 70
32
  0
VERTEX
  5
8C7
330
17
100
AcDbEntity
  8
TOPO-CONTOUR-MINOR
100
AcDbVertex
100
AcDb3dPolylineVertex
 10
-45.72200808349044
 20
15.832807070829364
 30
1073.0
 70
32
  0
VERTEX
  5
8C8
330
17
100
AcDbEntity
  8
TOPO-CONTOUR-MINOR
100
AcDbVertex
100
AcDb3dPolylineVertex
 10
-47.73723713630807
 20
14.339076670640805
 30
1073.0
 70
32
  0
VERTEX
  5
8C9
330
17
100
AcDbEntity
  8
TOPO-CONTOUR-MINOR
100
AcDbVertex
100
AcDb3dPolylineVertex
 10
-50.76008071553588
 20
9.955081003654303
 30
1073.0
 70
32
  0
VERTEX
  5
8CA
330
17
100
AcDbEntity
  8
TOPO-CONTOUR-MINOR
100
AcDbVertex
100
AcDb3dPolylineVertex
 10
-53.78292429476278
 20
7.256327795528843
 30
1073.0
 70
32
  0
VERTEX
  5
8CB
330
17
100
AcDbEntity
  8
TOPO-CONTOUR-MINOR
100
AcDbVertex
100
AcDb3dPolylineVertex
 10
-56.80576787398968
 20
5.57521797192206
 30
1073.0
 70
32
  0
VERTEX
  5
8CC
330
17
100
AcDbEntity
  8
TOPO-CONTOUR-MINOR
100
AcDbVertex
100
AcDb3dPolylineVertex
 10
-61.84384050603512
 20
3.75812960493563
 30
1073.0
 70
32
  0
VERTEX
  5
8CD
330
17
100
AcDbEntity
  8
TOPO-CONTOUR-MINOR
100
AcDbVertex
100
AcDb3dPolylineVertex
 10
-63.85906955885275
 20
2.511389163660213
 30
1073.0
 70
32
  0
VERTEX
  5
8CE
330
17
100
AcDbEntity
  8
TOPO-CONTOUR-MINOR
100
AcDbVertex
100
AcDb3dPolylineVertex
 10
-70.91237124371673
 20
-3.057880680583941
 30
1073.0
 70
32
  0
VERTEX
  5
8CF
330
17
100
AcDbEntity
  8
TOPO-CONTOUR-MINOR
100
AcDbVertex
100
AcDb3dPolylineVertex
 10
-74.9428293493529
 20
-4.608125731411221
 30
1073.0
 70
32
  0
VERTEX
  5
8D0
330
17
100
AcDbEntity
  8
TOPO-CONTOUR-MINOR
100
AcDbVertex
100
AcDb3dPolylineVertex
 10
-84.01136008703452
 20
-5.737515089642789
 30
1073.0
 70
32
  0
VERTEX
  5
8D1
330
17
100
AcDbEntity
  8
TOPO-CONTOUR-MINOR
100
AcDbVertex
100
AcDb3dPolylineVertex
 10
-86.02658913985215
 20
-5.550900589866548
 30
1073.0
 70
32
  0
VERTEX
  5
8D2
330
17
100
AcDbEntity
  8
TOPO-CONTOUR-MINOR
100
AcDbVertex
100
AcDb3dPolylineVertex
 10
-87.03420366626142
 20
-5.1304891176322815
 30
1073.0
 70
32
  0
VERTEX
  5
8D3
330
17
100
AcDbEntity
  8
TOPO-CONTOUR-MINOR
100
AcDbVertex
100
AcDb3dPolylineVertex
 10
-88.59144645364927
 20
-3.7399809872731566
 30
1073.0
 70
32
  0
VERTEX
  5
8D4
330
17
100
AcDbEntity
  8
TOPO-CONTOUR-MINOR
100
AcDbVertex
100
AcDb3dPolylineVertex
 10
-91.06466177189759
 20
-0.298199703890524
 30
1073.0
 70
32
  0
VERTEX
  5
8D5
330
17
100
AcDbEntity
  8
TOPO-CONTOUR-MINOR
100
AcDbVertex
100
AcDb3dPolylineVertex
 10
-94.08750535112449
 20
1.9877015030086762
 30
1073.0
 70
32
  0
VERTEX
  5
8D6
330
17
100
AcDbEntity
  8
TOPO-CONTOUR-MINOR
100
AcDbVertex
100
AcDb3dPolylineVertex
 10
-98.11796345676066
 20
6.030808013658987
 30
1073.0
 70
32
  0
VERTEX
  5
8D7
330
17
100
AcDbEntity
  8
TOPO-CONTOUR-MINOR
100
AcDbVertex
100
AcDb3dPolylineVertex
 10
-101.66324321308868
 20
8.351393329910934
 30
1073.0
 70
32
  0
VERTEX
  5
8D8
330
17
100
AcDbEntity
  8
TOPO-CONTOUR-MINOR
100
AcDbVertex
100
AcDb3dPolylineVertex
 10
-103.1560360888061
 20
10.149066775631743
 30
1073.0
 70
32
  0
VERTEX
  5
8D9
330
17
100
AcDbEntity
  8
TOPO-CONTOUR-MINOR
100
AcDbVertex
100
AcDb3dPolylineVertex
 10
-104.16365061521537
 20
10.160011432626757
 30
1073.0
 70
32
  0
VERTEX
  5
8DA
330
17
100
AcDbEntity
  8
TOPO-CONTOUR-MINOR
100
AcDbVertex
100
AcDb3dPolylineVertex
 10
-106.178879668033
 20
8.850992185607158
 30
1073.0
 70
32
  0
VERTEX
  5
8DB
330
17
100
AcDbEntity
  8
TOPO-CONTOUR-MINOR
100
AcDbVertex
100
AcDb3dPolylineVertex
 10
-107.7923177336644
 20
7.343778803013265
 30
1073.0
 70
32
  0
VERTEX
  5
8DC
330
17
100
AcDbEntity
  8
TOPO-CONTOUR-MINOR
100
AcDbVertex
100
AcDb3dPolylineVertex
 10
-108.16407060832502
 20
6.336164277046919
 30
1073.0
 70
32
  0
VERTEX
  5
8DD
330
17
100
AcDbEntity
  8
TOPO-CONTOUR-MINOR
100
AcDbVertex
100
AcDb3dPolylineVertex
 10
-108.5452929580558
 20
3.3133206982165575
 30
1073.0
 70
32
  0
VERTEX
  5
8DE
330
17
100
AcDbEntity
  8
TOPO-CONTOUR-MINOR
100
AcDbVertex
100
AcDb3dPolylineVertex
 10
-110.83539060048511
 20
-2.732366460375488
 30
1073.0
 70
32
  0
VERTEX
  5
8DF
330
17
100
AcDbEntity
  8
TOPO-CONTOUR-MINOR
100
AcDbVertex
100
AcDb3dPolylineVertex
 10
-110.79662308276863
 20
-3.7399809872731566
 30
1073.0
 70
32
  0
VERTEX
  5
8E0
330
17
100
AcDbEntity
  8
TOPO-CONTOUR-MINOR
100
AcDbVertex
100
AcDb3dPolylineVertex
 10
-109.47407311389146
 20
-6.762824566103518
 30
1073.0
 70
32
  0
VERTEX
  5
8E1
330
17
100
AcDbEntity
  8
TOPO-CONTOUR-MINOR
100
AcDbVertex
100
AcDb3dPolylineVertex
 10
-109.08165292601525
 20
-8.778053618967533
 30
1073.0
 70
32
  0
VERTEX
  5
8E2
330
17
100
AcDbEntity
  8
TOPO-CONTOUR-MINOR
100
AcDbVertex
100
AcDb3dPolylineVertex
 10
-109.55673069410531
 20
-17.84658435638994
 30
1073.0
 70
32
  0
VERTEX
  5
8E3
330
17
100
AcDbEntity
  8
TOPO-CONTOUR-MINOR
100
AcDbVertex
100
AcDb3dPolylineVertex
 10
-109.07660329470447
 20
-20.869427936151624
 30
1073.0
 70
32
  0
VERTEX
  5
8E4
330
17
100
AcDbEntity
  8
TOPO-CONTOUR-MINOR
100
AcDbVertex
100
AcDb3dPolylineVertex
 10
-107.65607592566468
 20
-24.899886041879654
 30
1073.0
 70
32
  0
VERTEX
  5
8E5
330
17
100
AcDbEntity
  8
TOPO-CONTOUR-MINOR
100
AcDbVertex
100
AcDb3dPolylineVertex
 10
-107.69330131339638
 20
-29.93795867357403
 30
1073.0
 70
32
  0
VERTEX
  5
8E6
330
17
100
AcDbEntity
  8
TOPO-CONTOUR-MINOR
100
AcDbVertex
100
AcDb3dPolylineVertex
 10
-107.08025487942295
 20
-33.96841677930206
 30
1073.0
 70
32
  0
VERTEX
  5
8E7
330
17
100
AcDbEntity
  8
TOPO-CONTOUR-MINOR
100
AcDbVertex
100
AcDb3dPolylineVertex
 10
-106.88432860156325
 20
-37.99887488503009
 30
1073.0
 70
32
  0
VERTEX
  5
8E8
330
17
100
AcDbEntity
  8
TOPO-CONTOUR-MINOR
100
AcDbVertex
100
AcDb3dPolylineVertex
 10
-105.65172132317704
 20
-44.044562043622136
 30
1073.0
 70
32
  0
VERTEX
  5
8E9
330
17
100
AcDbEntity
  8
TOPO-CONTOUR-MINOR
100
AcDbVertex
100
AcDb3dPolylineVertex
 10
-106.17887966803299
 20
-45.8676229129906
 30
1073.0
 70
32
  0
VERTEX
  5
8EA
330
17
100
AcDbEntity
  8
TOPO-CONTOUR-MINOR
100
AcDbVertex
100
AcDb3dPolylineVertex
 10
-107.82093113137253
 20
-49.08263467531651
 30
1073.0
 70
32
  0
VERTEX
  5
8EB
330
17
100
AcDbEntity
  8
TOPO-CONTOUR-MINOR
100
AcDbVertex
100
AcDb3dPolylineVertex
 10
-107.92561673472599
 20
-50.09024920221418
 30
1073.0
 70
32
  0
VERTEX
  5
8EC
330
17
100
AcDbEntity
  8
TOPO-CONTOUR-MINOR
100
AcDbVertex
100
AcDb3dPolylineVertex
 10
-107.67894549078414
 20
-51.09786372818053
 30
1073.0
 70
32
  0
VERTEX
  5
8ED
330
17
100
AcDbEntity
  8
TOPO-CONTOUR-MINOR
100
AcDbVertex
100
AcDb3dPolylineVertex
 10
-104.94084704825416
 20
-56.135936359874904
 30
1073.0
 70
32
  0
VERTEX
  5
8EE
330
17
100
AcDbEntity
  8
TOPO-CONTOUR-MINOR
100
AcDbVertex
100
AcDb3dPolylineVertex
 10
-102.89539592189595
 20
-63.18923804536462
 30
1073.0
 70
32
  0
VERTEX
  5
8EF
330
17
100
AcDbEntity
  8
TOPO-CONTOUR-MINOR
100
AcDbVertex
100
AcDb3dPolylineVertex
 10
-102.82175686862999
 20
-68.227310677059
 30
1073.0
 70
32
  0
VERTEX
  5
8F0
330
17
100
AcDbEntity
  8
TOPO-CONTOUR-MINOR
100
AcDbVertex
100
AcDb3dPolylineVertex
 10
-101.83114999351021
 20
-71.25015425682068
 30
1073.0
 70
32
  0
VERTEX
  5
8F1
330
17
100
AcDbEntity
  8
TOPO-CONTOUR-MINOR
100
AcDbVertex
100
AcDb3dPolylineVertex
 10
-101.6038982724996
 20
-73.2653833096847
 30
1073.0
 70
32
  0
VERTEX
  5
8F2
330
17
100
AcDbEntity
  8
TOPO-CONTOUR-MINOR
100
AcDbVertex
100
AcDb3dPolylineVertex
 10
-102.31728403382297
 20
-81.32629952020943
 30
1073.0
 70
32
  0
VERTEX
  5
8F3
330
17
100
AcDbEntity
  8
TOPO-CONTOUR-MINOR
100
AcDbVertex
100
AcDb3dPolylineVertex
 10
-102.13248938672126
 20
-85.35675762593746
 30
1073.0
 70
32
  0
VERTEX
  5
8F4
330
17
100
AcDbEntity
  8
TOPO-CONTOUR-MINOR
100
AcDbVertex
100
AcDb3dPolylineVertex
 10
-101.2489063223766
 20
-89.38721573166549
 30
1073.0
 70
32
  0
VERTEX
  5
8F5
330
17
100
AcDbEntity
  8
TOPO-CONTOUR-MINOR
100
AcDbVertex
100
AcDb3dPolylineVertex
 10
-101.01239313364512
 20
-93.41767383739352
 30
1073.0
 70
32
  0
VERTEX
  5
8F6
330
17
100
AcDbEntity
  8
TOPO-CONTOUR-MINOR
100
AcDbVertex
100
AcDb3dPolylineVertex
 10
-99.12557798316993
 20
-96.94842156947585
 30
1073.0
 70
32
  0
VERTEX
  5
8F7
330
17
100
AcDbEntity
  8
TOPO-CONTOUR-MINOR
100
AcDbVertex
100
AcDb3dPolylineVertex
 10
-98.54157399065149
 20
-99.46336099598557
 30
1073.0
 70
32
  0
VERTEX
  5
8F8
330
17
100
AcDbEntity
  8
TOPO-CONTOUR-MINOR
100
AcDbVertex
100
AcDb3dPolylineVertex
 10
-98.90974920018078
 20
-106.51666268054396
 30
1073.0
 70
32
  0
VERTEX
  5
8F9
330
17
100
AcDbEntity
  8
TOPO-CONTOUR-MINOR
100
AcDbVertex
100
AcDb3dPolylineVertex
 10
-97.81522210799145
 20
-110.54712078627199
 30
1073.0
 70
32
  0
VERTEX
  5
8FA
330
17
100
AcDbEntity
  8
TOPO-CONTOUR-MINOR
100
AcDbVertex
100
AcDb3dPolylineVertex
 10
-98.11796345676066
 20
-111.71199134202796
 30
1073.0
 70
32
  0
VERTEX
  5
8FB
330
17
100
AcDbEntity
  8
TOPO-CONTOUR-MINOR
100
AcDbVertex
100
AcDb3dPolylineVertex
 10
-100.0145122116308
 20
-114.57757889200002
 30
1073.0
 70
32
  0
VERTEX
  5
8FC
330
17
100
AcDbEntity
  8
TOPO-CONTOUR-MINOR
100
AcDbVertex
100
AcDb3dPolylineVertex
 10
-100.15844352636137
 20
-116.59280794486403
 30
1073.0
 70
32
  0
VERTEX
  5
8FD
330
17
100
AcDbEntity
  8
TOPO-CONTOUR-MINOR
100
AcDbVertex
100
AcDb3dPolylineVertex
 10
-99.86875761510295
 20
-122.63849510345608
 30
1073.0
 70
32
  0
VERTEX
  5
8FE
330
17
100
AcDbEntity
  8
TOPO-CONTOUR-MINOR
100
AcDbVertex
100
AcDb3dPolylineVertex
 10
-98.32709866222119
 20
-126.66895320918411
 30
1073.0
 70
32
  0
VERTEX
  5
8FF
330
17
100
AcDbEntity
  8
TOPO-CONTOUR-MINOR
100
AcDbVertex
100
AcDb3dPolylineVertex
 10
-98.11559460753817
 20
-129.69179678801447
 30
1073.0
 70
32
  0
VERTEX
  5
900
330
17
100
AcDbEntity
  8
TOPO-CONTOUR-MINOR
100
AcDbVertex
100
AcDb3dPolylineVertex
 10
-97.06117050263758
 20
-133.7222548937425
 30
1073.0
 70
32
  0
VERTEX
  5
901
330
17
100
AcDbEntity
  8
TOPO-CONTOUR-MINOR
100
AcDbVertex
100
AcDb3dPolylineVertex
 10
-97.19164447091774
 20
-137.75271299947053
 30
1073.0
 70
32
  0
VERTEX
  5
902
330
17
100
AcDbEntity
  8
TOPO-CONTOUR-MINOR
100
AcDbVertex
100
AcDb3dPolylineVertex
 10
-98.34642790933607
 20
-144.80601468402892
 30
1073.0
 70
32
  0
VERTEX
  5
903
330
17
100
AcDbEntity
  8
TOPO-CONTOUR-MINOR
100
AcDbVertex
100
AcDb3dPolylineVertex
 10
-97.27910714222196
 20
-149.84408731665462
 30
1073.0
 70
32
  0
VERTEX
  5
904
330
17
100
AcDbEntity
  8
TOPO-CONTOUR-MINOR
100
AcDbVertex
100
AcDb3dPolylineVertex
 10
-97.97682771739514
 20
-153.87454542238265
 30
1073.0
 70
32
  0
VERTEX
  5
905
330
17
100
AcDbEntity
  8
TOPO-CONTOUR-MINOR
100
AcDbVertex
100
AcDb3dPolylineVertex
 10
-97.93226557619795
 20
-155.88977447524667
 30
1073.0
 70
32
  0
VERTEX
  5
906
330
17
100
AcDbEntity
  8
TOPO-CONTOUR-MINOR
100
AcDbVertex
100
AcDb3dPolylineVertex
 10
-95.48762274430814
 20
-162.94307615980506
 30
1073.0
 70
32
  0
VERTEX
  5
907
330
17
100
AcDbEntity
  8
TOPO-CONTOUR-MINOR
100
AcDbVertex
100
AcDb3dPolylineVertex
 10
-95.10084524989237
 20
-164.95830521266905
 30
1073.0
 70
32
  0
VERTEX
  5
908
330
17
100
AcDbEntity
  8
TOPO-CONTOUR-MINOR
100
AcDbVertex
100
AcDb3dPolylineVertex
 10
-95.48585267172768
 20
-172.01160689722747
 30
1073.0
 70
32
  0
VERTEX
  5
909
330
17
100
AcDbEntity
  8
TOPO-CONTOUR-MINOR
100
AcDbVertex
100
AcDb3dPolylineVertex
 10
-96.0849283245775
 20
-175.03445047698915
 30
1073.0
 70
32
  0
VERTEX
  5
90A
330
17
100
AcDbEntity
  8
TOPO-CONTOUR-MINOR
100
AcDbVertex
100
AcDb3dPolylineVertex
 10
-96.16320221850222
 20
-180.07252310868353
 30
1073.0
 70
32
  0
VERTEX
  5
90B
330
17
100
AcDbEntity
  8
TOPO-CONTOUR-MINOR
100
AcDbVertex
100
AcDb3dPolylineVertex
 10
-97.27786918219074
 20
-183.0953666875139
 30
1073.0
 70
32
  0
VERTEX
  5
90C
330
17
100
AcDbEntity
  8
TOPO-CONTOUR-MINOR
100
AcDbVertex
100
AcDb3dPolylineVertex
 10
-98.10233393491266
 20
-184.10298121441156
 30
1073.0
 70
32
  0
VERTEX
  5
90D
330
17
100
AcDbEntity
  8
TOPO-CONTOUR-MINOR
100
AcDbVertex
100
AcDb3dPolylineVertex
 10
-99.93161971939965
 20
-185.0
 30
1073.0
 70
32
  0
SEQEND
  5
828
330
827
100
AcDbEntity
  8
TOPO-CONTOUR-MINOR
  0
POLYLINE
  5
90E
330
17
100
AcDbEntity
  8
TOPO-CONTOUR-MINOR
100
AcDb3dPolyline
 66
1
 10
0.0
 20
0.0
 30
0.0
 70
8
  0
VERTEX
  5
910
330
17
100
AcDbEntity
  8
TOPO-CONTOUR-MINOR
100
AcDbVertex
100
AcDb3dPolylineVertex
 10
192.52415183833196
 20
415.0
 30
1073.0
 70
32
  0
VERTEX
  5
911
330
17
100
AcDbEntity
  8
TOPO-CONTOUR-MINOR
100
AcDbVertex
100
AcDb3dPolylineVertex
 10
192.07502014904458
 20
414.67128422386725
 30
1073.0
 70
32
  0
VERTEX
  5
912
330
17
100
AcDbEntity
  8
TOPO-CONTOUR-MINOR
100
AcDbVertex
100
AcDb3dPolylineVertex
 10
191.55406871751543
 20
415.0
 30
1073.0
 70
32
  0
SEQEND
  5
90F
330
90E
100
AcDbEntity
  8
TOPO-CONTOUR-MINOR
  0
POLYLINE
  5
913
330
17
100
AcDbEntity
  8
TOPO-CONTOUR-MINOR
100
AcDb3dPolyline
 66
1
 10
0.0
 20
0.0
 30
0.0
 70
8
  0
VERTEX
  5
915
330
17
100
AcDbEntity
  8
TOPO-CONTOUR-MINOR
100
AcDbVertex
100
AcDb3dPolylineVertex
 10
15.321605117306957
 20
415.0
 30
1074.0
 70
32
  0
VERTEX
  5
916
330
17
100
AcDbEntity
  8
TOPO-CONTOUR-MINOR
100
AcDbVertex
100
AcDb3dPolylineVertex
 10
16.750092553870672
 20
414.7108971559966
 30
1074.0
 70
32
  0
VERTEX
  5
917
330
17
100
AcDbEntity
  8
TOPO-CONTOUR-MINOR
100
AcDbVertex
100
AcDb3dPolylineVertex
 10
28.668150582535674
 20
410.3895893674344
 30
1074.0
 70
32
  0
VERTEX
  5
918
330
17
100
AcDbEntity
  8
TOPO-CONTOUR-MINOR
100
AcDbVertex
100
AcDb3dPolylineVertex
 10
34.8871540292339
 20
407.52810725246434
 30
1074.0
 70
32
  0
VERTEX
  5
919
330
17
100
AcDbEntity
  8
TOPO-CONTOUR-MINOR
100
AcDbVertex
100
AcDb3dPolylineVertex
 10
47.33413355308769
 20
403.33628768194467
 30
1074.0
 70
32
  0
VERTEX
  5
91A
330
17
100
AcDbEntity
  8
TOPO-CONTOUR-MINOR
100
AcDbVertex
100
AcDb3dPolylineVertex
 10
51.60337027470646
 20
401.32105862908065
 30
1074.0
 70
32
  0
VERTEX
  5
91B
330
17
100
AcDbEntity
  8
TOPO-CONTOUR-MINOR
100
AcDbVertex
100
AcDb3dPolylineVertex
 10
52.57377105678421
 20
400.3134441031143
 30
1074.0
 70
32
  0
VERTEX
  5
91C
330
17
100
AcDbEntity
  8
TOPO-CONTOUR-MINOR
100
AcDbVertex
100
AcDb3dPolylineVertex
 10
52.46431016015714
 20
399.30582957621664
 30
1074.0
 70
32
  0
VERTEX
  5
91D
330
17
100
AcDbEntity
  8
TOPO-CONTOUR-MINOR
100
AcDbVertex
100
AcDb3dPolylineVertex
 10
51.00898645177858
 20
398.1440361435956
 30
1074.0
 70
32
  0
VERTEX
  5
91E
330
17
100
AcDbEntity
  8
TOPO-CONTOUR-MINOR
100
AcDbVertex
100
AcDb3dPolylineVertex
 10
48.99375739896004
 20
397.2789793265571
 30
1074.0
 70
32
  0
VERTEX
  5
91F
330
17
100
AcDbEntity
  8
TOPO-CONTOUR-MINOR
100
AcDbVertex
100
AcDb3dPolylineVertex
 10
41.22916337641772
 20
395.2753714704886
 30
1074.0
 70
32
  0
VERTEX
  5
920
330
17
100
AcDbEntity
  8
TOPO-CONTOUR-MINOR
100
AcDbVertex
100
AcDb3dPolylineVertex
 10
39.97871926315664
 20
394.26775694452226
 30
1074.0
 70
32
  0
VERTEX
  5
921
330
17
100
AcDbEntity
  8
TOPO-CONTOUR-MINOR
100
AcDbVertex
100
AcDb3dPolylineVertex
 10
40.32337788887021
 20
393.2601424185559
 30
1074.0
 70
32
  0
VERTEX
  5
922
330
17
100
AcDbEntity
  8
TOPO-CONTOUR-MINOR
100
AcDbVertex
100
AcDb3dPolylineVertex
 10
41.946307022899575
 20
392.25252789165825
 30
1074.0
 70
32
  0
VERTEX
  5
923
330
17
100
AcDbEntity
  8
TOPO-CONTOUR-MINOR
100
AcDbVertex
100
AcDb3dPolylineVertex
 10
48.488710667153
 20
390.23729883879423
 30
1074.0
 70
32
  0
VERTEX
  5
924
330
17
100
AcDbEntity
  8
TOPO-CONTOUR-MINOR
100
AcDbVertex
100
AcDb3dPolylineVertex
 10
50.89627991836082
 20
389.2296843128278
 30
1074.0
 70
32
  0
VERTEX
  5
925
330
17
100
AcDbEntity
  8
TOPO-CONTOUR-MINOR
100
AcDbVertex
100
AcDb3dPolylineVertex
 10
52.29118192059389
 20
388.2220697859302
 30
1074.0
 70
32
  0
VERTEX
  5
926
330
17
100
AcDbEntity
  8
TOPO-CONTOUR-MINOR
100
AcDbVertex
100
AcDb3dPolylineVertex
 10
51.770489289363084
 20
385.19922620709985
 30
1074.0
 70
32
  0
VERTEX
  5
927
330
17
100
AcDbEntity
  8
TOPO-CONTOUR-MINOR
100
AcDbVertex
100
AcDb3dPolylineVertex
 10
52.851637658749226
 20
380.16115357447416
 30
1074.0
 70
32
  0
VERTEX
  5
928
330
17
100
AcDbEntity
  8
TOPO-CONTOUR-MINOR
100
AcDbVertex
100
AcDb3dPolylineVertex
 10
53.017503603631084
 20
377.1383099956438
 30
1074.0
 70
32
  0
VERTEX
  5
929
330
17
100
AcDbEntity
  8
TOPO-CONTOUR-MINOR
100
AcDbVertex
100
AcDb3dPolylineVertex
 10
52.521833174525014
 20
375.1230809427798
 30
1074.0
 70
32
  0
VERTEX
  5
92A
330
17
100
AcDbEntity
  8
TOPO-CONTOUR-MINOR
100
AcDbVertex
100
AcDb3dPolylineVertex
 10
50.18115669273318
 20
371.09262283705175
 30
1074.0
 70
32
  0
VERTEX
  5
92B
330
17
100
AcDbEntity
  8
TOPO-CONTOUR-MINOR
100
AcDbVertex
100
AcDb3dPolylineVertex
 10
50.00724925699426
 20
370.0850083110854
 30
1074.0
 70
32
  0
VERTEX
  5
92C
330
17
100
AcDbEntity
  8
TOPO-CONTOUR-MINOR
100
AcDbVertex
100
AcDb3dPolylineVertex
 10
50.25425356013902
 20
369.07739378418773
 30
1074.0
 70
32
  0
VERTEX
  5
92D
330
17
100
AcDbEntity
  8
TOPO-CONTOUR-MINOR
100
AcDbVertex
100
AcDb3dPolylineVertex
 10
51.604291110524926
 20
367.0621647313237
 30
1074.0
 70
32
  0
VERTEX
  5
92E
330
17
100
AcDbEntity
  8
TOPO-CONTOUR-MINOR
100
AcDbVertex
100
AcDb3dPolylineVertex
 10
55.63635783886715
 20
363.0317066255957
 30
1074.0
 70
32
  0
VERTEX
  5
92F
330
17
100
AcDbEntity
  8
TOPO-CONTOUR-MINOR
100
AcDbVertex
100
AcDb3dPolylineVertex
 10
57.32967669218796
 20
359.00124851986766
 30
1074.0
 70
32
  0
VERTEX
  5
930
330
17
100
AcDbEntity
  8
TOPO-CONTOUR-MINOR
100
AcDbVertex
100
AcDb3dPolylineVertex
 10
60.24185867690489
 20
354.9707904141396
 30
1074.0
 70
32
  0
VERTEX
  5
931
330
17
100
AcDbEntity
  8
TOPO-CONTOUR-MINOR
100
AcDbVertex
100
AcDb3dPolylineVertex
 10
61.36808792157997
 20
351.94794683530927
 30
1074.0
 70
32
  0
VERTEX
  5
932
330
17
100
AcDbEntity
  8
TOPO-CONTOUR-MINOR
100
AcDbVertex
100
AcDb3dPolylineVertex
 10
64.10797529509546
 20
347.3770515909886
 30
1074.0
 70
32
  0
VERTEX
  5
933
330
17
100
AcDbEntity
  8
TOPO-CONTOUR-MINOR
100
AcDbVertex
100
AcDb3dPolylineVertex
 10
65.11558982150473
 20
346.20371688000097
 30
1074.0
 70
32
  0
VERTEX
  5
934
330
17
100
AcDbEntity
  8
TOPO-CONTOUR-MINOR
100
AcDbVertex
100
AcDb3dPolylineVertex
 10
68.13843340073163
 20
344.2157317608429
 30
1074.0
 70
32
  0
VERTEX
  5
935
330
17
100
AcDbEntity
  8
TOPO-CONTOUR-MINOR
100
AcDbVertex
100
AcDb3dPolylineVertex
 10
69.1460479271409
 20
342.35251422378207
 30
1074.0
 70
32
  0
VERTEX
  5
936
330
17
100
AcDbEntity
  8
TOPO-CONTOUR-MINOR
100
AcDbVertex
100
AcDb3dPolylineVertex
 10
72.1688915063678
 20
333.9622286818146
 30
1074.0
 70
32
  0
VERTEX
  5
937
330
17
100
AcDbEntity
  8
TOPO-CONTOUR-MINOR
100
AcDbVertex
100
AcDb3dPolylineVertex
 10
72.98984119286462
 20
332.8032708335668
 30
1074.0
 70
32
  0
VERTEX
  5
938
330
17
100
AcDbEntity
  8
TOPO-CONTOUR-MINOR
100
AcDbVertex
100
AcDb3dPolylineVertex
 10
74.18412055918634
 20
332.073889567704
 30
1074.0
 70
32
  0
VERTEX
  5
939
330
17
100
AcDbEntity
  8
TOPO-CONTOUR-MINOR
100
AcDbVertex
100
AcDb3dPolylineVertex
 10
76.19934961200397
 20
332.50075844400953
 30
1074.0
 70
32
  0
VERTEX
  5
93A
330
17
100
AcDbEntity
  8
TOPO-CONTOUR-MINOR
100
AcDbVertex
100
AcDb3dPolylineVertex
 10
77.20696413841324
 20
332.2435860850465
 30
1074.0
 70
32
  0
VERTEX
  5
93B
330
17
100
AcDbEntity
  8
TOPO-CONTOUR-MINOR
100
AcDbVertex
100
AcDb3dPolylineVertex
 10
78.0349693939579
 20
330.78804178070277
 30
1074.0
 70
32
  0
VERTEX
  5
93C
330
17
100
AcDbEntity
  8
TOPO-CONTOUR-MINOR
100
AcDbVertex
100
AcDb3dPolylineVertex
 10
80.22980771764014
 20
318.206866347014
 30
1074.0
 70
32
  0
VERTEX
  5
93D
330
17
100
AcDbEntity
  8
TOPO-CONTOUR-MINOR
100
AcDbVertex
100
AcDb3dPolylineVertex
 10
81.23742224404941
 20
316.2721867128163
 30
1074.0
 70
32
  0
VERTEX
  5
93E
330
17
100
AcDbEntity
  8
TOPO-CONTOUR-MINOR
100
AcDbVertex
100
AcDb3dPolylineVertex
 10
83.61229203103144
 20
313.6585948318243
 30
1074.0
 70
32
  0
VERTEX
  5
93F
330
17
100
AcDbEntity
  8
TOPO-CONTOUR-MINOR
100
AcDbVertex
100
AcDb3dPolylineVertex
 10
84.68501173812007
 20
310.63575125299394
 30
1074.0
 70
32
  0
VERTEX
  5
940
330
17
100
AcDbEntity
  8
TOPO-CONTOUR-MINOR
100
AcDbVertex
100
AcDb3dPolylineVertex
 10
84.49484058027278
 20
308.6205222001299
 30
1074.0
 70
32
  0
VERTEX
  5
941
330
17
100
AcDbEntity
  8
TOPO-CONTOUR-MINOR
100
AcDbVertex
100
AcDb3dPolylineVertex
 10
82.74091476914897
 20
305.59767862036824
 30
1074.0
 70
32
  0
VERTEX
  5
942
330
17
100
AcDbEntity
  8
TOPO-CONTOUR-MINOR
100
AcDbVertex
100
AcDb3dPolylineVertex
 10
82.48239659597787
 20
304.5900640944019
 30
1074.0
 70
32
  0
VERTEX
  5
943
330
17
100
AcDbEntity
  8
TOPO-CONTOUR-MINOR
100
AcDbVertex
100
AcDb3dPolylineVertex
 10
83.25265129686795
 20
303.9744324499753
 30
1074.0
 70
32
  0
VERTEX
  5
944
330
17
100
AcDbEntity
  8
TOPO-CONTOUR-MINOR
100
AcDbVertex
100
AcDb3dPolylineVertex
 10
84.26026582327631
 20
303.8131530349269
 30
1074.0
 70
32
  0
VERTEX
  5
945
330
17
100
AcDbEntity
  8
TOPO-CONTOUR-MINOR
100
AcDbVertex
100
AcDb3dPolylineVertex
 10
87.28310940250412
 20
304.04206573365866
 30
1074.0
 70
32
  0
VERTEX
  5
946
330
17
100
AcDbEntity
  8
TOPO-CONTOUR-MINOR
100
AcDbVertex
100
AcDb3dPolylineVertex
 10
88.2907239289134
 20
304.6783575160476
 30
1074.0
 70
32
  0
VERTEX
  5
947
330
17
100
AcDbEntity
  8
TOPO-CONTOUR-MINOR
100
AcDbVertex
100
AcDb3dPolylineVertex
 10
89.8206163448951
 20
306.6052931472659
 30
1074.0
 70
32
  0
VERTEX
  5
948
330
17
100
AcDbEntity
  8
TOPO-CONTOUR-MINOR
100
AcDbVertex
100
AcDb3dPolylineVertex
 10
91.05736142642112
 20
307.61290767323226
 30
1074.0
 70
32
  0
VERTEX
  5
949
330
17
100
AcDbEntity
  8
TOPO-CONTOUR-MINOR
100
AcDbVertex
100
AcDb3dPolylineVertex
 10
94.3364110873672
 20
309.2188722127196
 30
1074.0
 70
32
  0
VERTEX
  5
94A
330
17
100
AcDbEntity
  8
TOPO-CONTOUR-MINOR
100
AcDbVertex
100
AcDb3dPolylineVertex
 10
95.34402561377647
 20
309.4029742066697
 30
1074.0
 70
32
  0
VERTEX
  5
94B
330
17
100
AcDbEntity
  8
TOPO-CONTOUR-MINOR
100
AcDbVertex
100
AcDb3dPolylineVertex
 10
96.35164014018574
 20
308.46036007059126
 30
1074.0
 70
32
  0
VERTEX
  5
94C
330
17
100
AcDbEntity
  8
TOPO-CONTOUR-MINOR
100
AcDbVertex
100
AcDb3dPolylineVertex
 10
97.3592546665941
 20
306.1334528639816
 30
1074.0
 70
32
  0
VERTEX
  5
94D
330
17
100
AcDbEntity
  8
TOPO-CONTOUR-MINOR
100
AcDbVertex
100
AcDb3dPolylineVertex
 10
100.99773839939752
 20
293.50630430318415
 30
1074.0
 70
32
  0
VERTEX
  5
94E
330
17
100
AcDbEntity
  8
TOPO-CONTOUR-MINOR
100
AcDbVertex
100
AcDb3dPolylineVertex
 10
102.92483922239876
 20
285.4453880926594
 30
1074.0
 70
32
  0
VERTEX
  5
94F
330
17
100
AcDbEntity
  8
TOPO-CONTOUR-MINOR
100
AcDbVertex
100
AcDb3dPolylineVertex
 10
106.05047287574983
 20
271.3387847226113
 30
1074.0
 70
32
  0
VERTEX
  5
950
330
17
100
AcDbEntity
  8
TOPO-CONTOUR-MINOR
100
AcDbVertex
100
AcDb3dPolylineVertex
 10
107.67164883757394
 20
260.2550249323249
 30
1074.0
 70
32
  0
VERTEX
  5
951
330
17
100
AcDbEntity
  8
TOPO-CONTOUR-MINOR
100
AcDbVertex
100
AcDb3dPolylineVertex
 10
108.00591632294683
 20
241.1103489305824
 30
1074.0
 70
32
  0
VERTEX
  5
952
330
17
100
AcDbEntity
  8
TOPO-CONTOUR-MINOR
100
AcDbVertex
100
AcDb3dPolylineVertex
 10
107.85411104023558
 20
225.99613103456795
 30
1074.0
 70
32
  0
VERTEX
  5
953
330
17
100
AcDbEntity
  8
TOPO-CONTOUR-MINOR
100
AcDbVertex
100
AcDb3dPolylineVertex
 10
107.43539993068498
 20
222.02535436689047
 30
1074.0
 70
32
  0
VERTEX
  5
954
330
17
100
AcDbEntity
  8
TOPO-CONTOUR-MINOR
100
AcDbVertex
100
AcDb3dPolylineVertex
 10
106.42778540427571
 20
219.42656736416276
 30
1074.0
 70
32
  0
VERTEX
  5
955
330
17
100
AcDbEntity
  8
TOPO-CONTOUR-MINOR
100
AcDbVertex
100
AcDb3dPolylineVertex
 10
105.42017087786644
 20
218.57076144818353
 30
1074.0
 70
32
  0
VERTEX
  5
956
330
17
100
AcDbEntity
  8
TOPO-CONTOUR-MINOR
100
AcDbVertex
100
AcDb3dPolylineVertex
 10
100.38209824582191
 20
216.63540717216176
 30
1074.0
 70
32
  0
VERTEX
  5
957
330
17
100
AcDbEntity
  8
TOPO-CONTOUR-MINOR
100
AcDbVertex
100
AcDb3dPolylineVertex
 10
98.36686919300337
 20
215.2645074680555
 30
1074.0
 70
32
  0
VERTEX
  5
958
330
17
100
AcDbEntity
  8
TOPO-CONTOUR-MINOR
100
AcDbVertex
100
AcDb3dPolylineVertex
 10
97.49399908012794
 20
213.90475671738386
 30
1074.0
 70
32
  0
VERTEX
  5
959
330
17
100
AcDbEntity
  8
TOPO-CONTOUR-MINOR
100
AcDbVertex
100
AcDb3dPolylineVertex
 10
97.25108492317435
 20
212.8971421904862
 30
1074.0
 70
32
  0
VERTEX
  5
95A
330
17
100
AcDbEntity
  8
TOPO-CONTOUR-MINOR
100
AcDbVertex
100
AcDb3dPolylineVertex
 10
97.65875949124802
 20
209.87429861165583
 30
1074.0
 70
32
  0
VERTEX
  5
95B
330
17
100
AcDbEntity
  8
TOPO-CONTOUR-MINOR
100
AcDbVertex
100
AcDb3dPolylineVertex
 10
97.3592546665941
 20
208.6089707642647
 30
1074.0
 70
32
  0
VERTEX
  5
95C
330
17
100
AcDbEntity
  8
TOPO-CONTOUR-MINOR
100
AcDbVertex
100
AcDb3dPolylineVertex
 10
96.81494163022646
 20
207.85906955879182
 30
1074.0
 70
32
  0
VERTEX
  5
95D
330
17
100
AcDbEntity
  8
TOPO-CONTOUR-MINOR
100
AcDbVertex
100
AcDb3dPolylineVertex
 10
92.32118203454866
 20
204.28802634176077
 30
1074.0
 70
32
  0
VERTEX
  5
95E
330
17
100
AcDbEntity
  8
TOPO-CONTOUR-MINOR
100
AcDbVertex
100
AcDb3dPolylineVertex
 10
90.30595298173102
 20
200.77680708772016
 30
1074.0
 70
32
  0
VERTEX
  5
95F
330
17
100
AcDbEntity
  8
TOPO-CONTOUR-MINOR
100
AcDbVertex
100
AcDb3dPolylineVertex
 10
88.56322690895627
 20
198.7905388213694
 30
1074.0
 70
32
  0
VERTEX
  5
960
330
17
100
AcDbEntity
  8
TOPO-CONTOUR-MINOR
100
AcDbVertex
100
AcDb3dPolylineVertex
 10
87.09869360212033
 20
197.78292429447174
 30
1074.0
 70
32
  0
VERTEX
  5
961
330
17
100
AcDbEntity
  8
TOPO-CONTOUR-MINOR
100
AcDbVertex
100
AcDb3dPolylineVertex
 10
85.26788034968558
 20
197.10851392240664
 30
1074.0
 70
32
  0
VERTEX
  5
962
330
17
100
AcDbEntity
  8
TOPO-CONTOUR-MINOR
100
AcDbVertex
100
AcDb3dPolylineVertex
 10
75.19173508559561
 20
197.47216596690916
 30
1074.0
 70
32
  0
VERTEX
  5
963
330
17
100
AcDbEntity
  8
TOPO-CONTOUR-MINOR
100
AcDbVertex
100
AcDb3dPolylineVertex
 10
58.062288136641655
 20
196.72357457095308
 30
1074.0
 70
32
  0
VERTEX
  5
964
330
17
100
AcDbEntity
  8
TOPO-CONTOUR-MINOR
100
AcDbVertex
100
AcDb3dPolylineVertex
 10
51.00898645177858
 20
197.93264036231963
 30
1074.0
 70
32
  0
VERTEX
  5
965
330
17
100
AcDbEntity
  8
TOPO-CONTOUR-MINOR
100
AcDbVertex
100
AcDb3dPolylineVertex
 10
45.97091381973314
 20
200.7278418395254
 30
1074.0
 70
32
  0
VERTEX
  5
966
330
17
100
AcDbEntity
  8
TOPO-CONTOUR-MINOR
100
AcDbVertex
100
AcDb3dPolylineVertex
 10
43.9556847669146
 20
201.30961991011773
 30
1074.0
 70
32
  0
VERTEX
  5
967
330
17
100
AcDbEntity
  8
TOPO-CONTOUR-MINOR
100
AcDbVertex
100
AcDb3dPolylineVertex
 10
30.856695923596817
 20
201.77110312183743
 30
1074.0
 70
32
  0
VERTEX
  5
968
330
17
100
AcDbEntity
  8
TOPO-CONTOUR-MINOR
100
AcDbVertex
100
AcDb3dPolylineVertex
 10
20.780550659506844
 20
200.92180840540564
 30
1074.0
 70
32
  0
VERTEX
  5
969
330
17
100
AcDbEntity
  8
TOPO-CONTOUR-MINOR
100
AcDbVertex
100
AcDb3dPolylineVertex
 10
13.727248974643771
 20
197.66881941523854
 30
1074.0
 70
32
  0
VERTEX
  5
96A
330
17
100
AcDbEntity
  8
TOPO-CONTOUR-MINOR
100
AcDbVertex
100
AcDb3dPolylineVertex
 10
9.6967908690076
 20
196.68123531936163
 30
1074.0
 70
32
  0
VERTEX
  5
96B
330
17
100
AcDbEntity
  8
TOPO-CONTOUR-MINOR
100
AcDbVertex
100
AcDb3dPolylineVertex
 10
6.67394728977979
 20
196.4407364346213
 30
1074.0
 70
32
  0
VERTEX
  5
96C
330
17
100
AcDbEntity
  8
TOPO-CONTOUR-MINOR
100
AcDbVertex
100
AcDb3dPolylineVertex
 10
-5.417427027128724
 20
196.96638501146282
 30
1074.0
 70
32
  0
VERTEX
  5
96D
330
17
100
AcDbEntity
  8
TOPO-CONTOUR-MINOR
100
AcDbVertex
100
AcDb3dPolylineVertex
 10
-15.493572291218698
 20
196.22713804608105
 30
1074.0
 70
32
  0
VERTEX
  5
96E
330
17
100
AcDbEntity
  8
TOPO-CONTOUR-MINOR
100
AcDbVertex
100
AcDb3dPolylineVertex
 10
-22.54687397608268
 20
194.80092144830456
 30
1074.0
 70
32
  0
VERTEX
  5
96F
330
17
100
AcDbEntity
  8
TOPO-CONTOUR-MINOR
100
AcDbVertex
100
AcDb3dPolylineVertex
 10
-27.138515861152783
 20
189.722008083947
 30
1074.0
 70
32
  0
VERTEX
  5
970
330
17
100
AcDbEntity
  8
TOPO-CONTOUR-MINOR
100
AcDbVertex
100
AcDb3dPolylineVertex
 10
-29.11414409172865
 20
185.69154997821897
 30
1074.0
 70
32
  0
VERTEX
  5
971
330
17
100
AcDbEntity
  8
TOPO-CONTOUR-MINOR
100
AcDbVertex
100
AcDb3dPolylineVertex
 10
-34.63824829299119
 20
180.30853895747774
 30
1074.0
 70
32
  0
VERTEX
  5
972
330
17
100
AcDbEntity
  8
TOPO-CONTOUR-MINOR
100
AcDbVertex
100
AcDb3dPolylineVertex
 10
-38.668706398627364
 20
173.62331056368254
 30
1074.0
 70
32
  0
VERTEX
  5
973
330
17
100
AcDbEntity
  8
TOPO-CONTOUR-MINOR
100
AcDbVertex
100
AcDb3dPolylineVertex
 10
-39.98081858440929
 20
170.5773320812732
 30
1074.0
 70
32
  0
VERTEX
  5
974
330
17
100
AcDbEntity
  8
TOPO-CONTOUR-MINOR
100
AcDbVertex
100
AcDb3dPolylineVertex
 10
-42.699164504263535
 20
167.7630004982699
 30
1074.0
 70
32
  0
VERTEX
  5
975
330
17
100
AcDbEntity
  8
TOPO-CONTOUR-MINOR
100
AcDbVertex
100
AcDb3dPolylineVertex
 10
-44.84916262072898
 20
164.53164492361248
 30
1074.0
 70
32
  0
VERTEX
  5
976
330
17
100
AcDbEntity
  8
TOPO-CONTOUR-MINOR
100
AcDbVertex
100
AcDb3dPolylineVertex
 10
-47.73723713630807
 20
161.22526392472784
 30
1074.0
 70
32
  0
VERTEX
  5
977
330
17
100
AcDbEntity
  8
TOPO-CONTOUR-MINOR
100
AcDbVertex
100
AcDb3dPolylineVertex
 10
-53.66176221235797
 20
152.44027060642838
 30
1074.0
 70
32
  0
VERTEX
  5
978
330
17
100
AcDbEntity
  8
TOPO-CONTOUR-MINOR
100
AcDbVertex
100
AcDb3dPolylineVertex
 10
-59.82861145321658
 20
146.27239059516234
 30
1074.0
 70
32
  0
VERTEX
  5
979
330
17
100
AcDbEntity
  8
TOPO-CONTOUR-MINOR
100
AcDbVertex
100
AcDb3dPolylineVertex
 10
-61.84384050603512
 20
143.69230702106242
 30
1074.0
 70
32
  0
VERTEX
  5
97A
330
17
100
AcDbEntity
  8
TOPO-CONTOUR-MINOR
100
AcDbVertex
100
AcDb3dPolylineVertex
 10
-63.768318951399166
 20
139.34128176327795
 30
1074.0
 70
32
  0
VERTEX
  5
97B
330
17
100
AcDbEntity
  8
TOPO-CONTOUR-MINOR
100
AcDbVertex
100
AcDb3dPolylineVertex
 10
-65.38501736723069
 20
134.30320913065225
 30
1074.0
 70
32
  0
VERTEX
  5
97C
330
17
100
AcDbEntity
  8
TOPO-CONTOUR-MINOR
100
AcDbVertex
100
AcDb3dPolylineVertex
 10
-67.88952766448892
 20
128.58215559851288
 30
1074.0
 70
32
  0
VERTEX
  5
97D
330
17
100
AcDbEntity
  8
TOPO-CONTOUR-MINOR
100
AcDbVertex
100
AcDb3dPolylineVertex
 10
-70.35358293622335
 20
117.17376218177377
 30
1074.0
 70
32
  0
VERTEX
  5
97E
330
17
100
AcDbEntity
  8
TOPO-CONTOUR-MINOR
100
AcDbVertex
100
AcDb3dPolylineVertex
 10
-72.5034531893013
 20
110.12046049721539
 30
1074.0
 70
32
  0
VERTEX
  5
97F
330
17
100
AcDbEntity
  8
TOPO-CONTOUR-MINOR
100
AcDbVertex
100
AcDb3dPolylineVertex
 10
-74.9428293493529
 20
104.65069647300663
 30
1074.0
 70
32
  0
VERTEX
  5
980
330
17
100
AcDbEntity
  8
TOPO-CONTOUR-MINOR
100
AcDbVertex
100
AcDb3dPolylineVertex
 10
-75.56491461367808
 20
101.05192975979298
 30
1074.0
 70
32
  0
VERTEX
  5
981
330
17
100
AcDbEntity
  8
TOPO-CONTOUR-MINOR
100
AcDbVertex
100
AcDb3dPolylineVertex
 10
-81.99613103421598
 20
93.48599669611627
 30
1074.0
 70
32
  0
VERTEX
  5
982
330
17
100
AcDbEntity
  8
TOPO-CONTOUR-MINOR
100
AcDbVertex
100
AcDb3dPolylineVertex
 10
-84.01136008703452
 20
90.3039982147894
 30
1074.0
 70
32
  0
VERTEX
  5
983
330
17
100
AcDbEntity
  8
TOPO-CONTOUR-MINOR
100
AcDbVertex
100
AcDb3dPolylineVertex
 10
-85.79637524412311
 20
85.93771186377853
 30
1074.0
 70
32
  0
VERTEX
  5
984
330
17
100
AcDbEntity
  8
TOPO-CONTOUR-MINOR
100
AcDbVertex
100
AcDb3dPolylineVertex
 10
-92.1876108859595
 20
77.87679565232247
 30
1074.0
 70
32
  0
VERTEX
  5
985
330
17
100
AcDbEntity
  8
TOPO-CONTOUR-MINOR
100
AcDbVertex
100
AcDb3dPolylineVertex
 10
-93.07989082471522
 20
75.96726649140479
 30
1074.0
 70
32
  0
VERTEX
  5
986
330
17
100
AcDbEntity
  8
TOPO-CONTOUR-MINOR
100
AcDbVertex
100
AcDb3dPolylineVertex
 10
-93.94382184935573
 20
72.83872301969677
 30
1074.0
 70
32
  0
VERTEX
  5
987
330
17
100
AcDbEntity
  8
TOPO-CONTOUR-MINOR
100
AcDbVertex
100
AcDb3dPolylineVertex
 10
-96.75841544010008
 20
66.79303586203605
 30
1074.0
 70
32
  0
VERTEX
  5
988
330
17
100
AcDbEntity
  8
TOPO-CONTOUR-MINOR
100
AcDbVertex
100
AcDb3dPolylineVertex
 10
-100.06803647073725
 20
60.747348703444004
 30
1074.0
 70
32
  0
VERTEX
  5
989
330
17
100
AcDbEntity
  8
TOPO-CONTOUR-MINOR
100
AcDbVertex
100
AcDb3dPolylineVertex
 10
-104.31092580687022
 20
54.70166154485196
 30
1074.0
 70
32
  0
VERTEX
  5
98A
330
17
100
AcDbEntity
  8
TOPO-CONTOUR-MINOR
100
AcDbVertex
100
AcDb3dPolylineVertex
 10
-106.69574986523233
 20
46.6407453333959
 30
1074.0
 70
32
  0
VERTEX
  5
98B
330
17
100
AcDbEntity
  8
TOPO-CONTOUR-MINOR
100
AcDbVertex
100
AcDb3dPolylineVertex
 10
-109.58054929977703
 20
39.58744364883751
 30
1074.0
 70
32
  0
VERTEX
  5
98C
330
17
100
AcDbEntity
  8
TOPO-CONTOUR-MINOR
100
AcDbVertex
100
AcDb3dPolylineVertex
 10
-112.61969230505537
 20
24.473225752823055
 30
1074.0
 70
32
  0
VERTEX
  5
98D
330
17
100
AcDbEntity
  8
TOPO-CONTOUR-MINOR
100
AcDbVertex
100
AcDb3dPolylineVertex
 10
-115.5008322280936
 20
13.38946596160531
 30
1074.0
 70
32
  0
VERTEX
  5
98E
330
17
100
AcDbEntity
  8
TOPO-CONTOUR-MINOR
100
AcDbVertex
100
AcDb3dPolylineVertex
 10
-116.14671640544034
 20
6.336164277046919
 30
1074.0
 70
32
  0
VERTEX
  5
98F
330
17
100
AcDbEntity
  8
TOPO-CONTOUR-MINOR
100
AcDbVertex
100
AcDb3dPolylineVertex
 10
-116.11954482201841
 20
-6.762824566103518
 30
1074.0
 70
32
  0
VERTEX
  5
990
330
17
100
AcDbEntity
  8
TOPO-CONTOUR-MINOR
100
AcDbVertex
100
AcDb3dPolylineVertex
 10
-114.91498966194496
 20
-18.85419888328761
 30
1074.0
 70
32
  0
VERTEX
  5
991
330
17
100
AcDbEntity
  8
TOPO-CONTOUR-MINOR
100
AcDbVertex
100
AcDb3dPolylineVertex
 10
-115.55867762971926
 20
-23.892271514981985
 30
1074.0
 70
32
  0
VERTEX
  5
992
330
17
100
AcDbEntity
  8
TOPO-CONTOUR-MINOR
100
AcDbVertex
100
AcDb3dPolylineVertex
 10
-115.25908139998228
 20
-27.92272962071002
 30
1074.0
 70
32
  0
VERTEX
  5
993
330
17
100
AcDbEntity
  8
TOPO-CONTOUR-MINOR
100
AcDbVertex
100
AcDb3dPolylineVertex
 10
-115.94148603730176
 20
-34.97603130526841
 30
1074.0
 70
32
  0
VERTEX
  5
994
330
17
100
AcDbEntity
  8
TOPO-CONTOUR-MINOR
100
AcDbVertex
100
AcDb3dPolylineVertex
 10
-115.77117242647921
 20
-41.02171846386045
 30
1074.0
 70
32
  0
VERTEX
  5
995
330
17
100
AcDbEntity
  8
TOPO-CONTOUR-MINOR
100
AcDbVertex
100
AcDb3dPolylineVertex
 10
-116.5427225638455
 20
-47.0674056224525
 30
1074.0
 70
32
  0
VERTEX
  5
996
330
17
100
AcDbEntity
  8
TOPO-CONTOUR-MINOR
100
AcDbVertex
100
AcDb3dPolylineVertex
 10
-115.05597640861858
 20
-57.14355088677257
 30
1074.0
 70
32
  0
VERTEX
  5
997
330
17
100
AcDbEntity
  8
TOPO-CONTOUR-MINOR
100
AcDbVertex
100
AcDb3dPolylineVertex
 10
-114.979365970945
 20
-62.18162351846695
 30
1074.0
 70
32
  0
VERTEX
  5
998
330
17
100
AcDbEntity
  8
TOPO-CONTOUR-MINOR
100
AcDbVertex
100
AcDb3dPolylineVertex
 10
-112.98788546849627
 20
-69.23492520395666
 30
1074.0
 70
32
  0
VERTEX
  5
999
330
17
100
AcDbEntity
  8
TOPO-CONTOUR-MINOR
100
AcDbVertex
100
AcDb3dPolylineVertex
 10
-112.00458091345806
 20
-75.28061236254871
 30
1074.0
 70
32
  0
VERTEX
  5
99A
330
17
100
AcDbEntity
  8
TOPO-CONTOUR-MINOR
100
AcDbVertex
100
AcDb3dPolylineVertex
 10
-111.92478050328238
 20
-78.30345594137907
 30
1074.0
 70
32
  0
VERTEX
  5
99B
330
17
100
AcDbEntity
  8
TOPO-CONTOUR-MINOR
100
AcDbVertex
100
AcDb3dPolylineVertex
 10
-112.41900431263669
 20
-82.3339140471071
 30
1074.0
 70
32
  0
VERTEX
  5
99C
330
17
100
AcDbEntity
  8
TOPO-CONTOUR-MINOR
100
AcDbVertex
100
AcDb3dPolylineVertex
 10
-111.91416196386868
 20
-88.37960120569915
 30
1074.0
 70
32
  0
VERTEX
  5
99D
330
17
100
AcDbEntity
  8
TOPO-CONTOUR-MINOR
100
AcDbVertex
100
AcDb3dPolylineVertex
 10
-112.7649367094954
 20
-94.42528836429119
 30
1074.0
 70
32
  0
VERTEX
  5
99E
330
17
100
AcDbEntity
  8
TOPO-CONTOUR-MINOR
100
AcDbVertex
100
AcDb3dPolylineVertex
 10
-111.57233372009395
 20
-100.47097552195191
 30
1074.0
 70
32
  0
VERTEX
  5
99F
330
17
100
AcDbEntity
  8
TOPO-CONTOUR-MINOR
100
AcDbVertex
100
AcDb3dPolylineVertex
 10
-113.09414886360427
 20
-108.53189173340797
 30
1074.0
 70
32
  0
VERTEX
  5
9A0
330
17
100
AcDbEntity
  8
TOPO-CONTOUR-MINOR
100
AcDbVertex
100
AcDb3dPolylineVertex
 10
-113.13573318248115
 20
-113.56996436603367
 30
1074.0
 70
32
  0
VERTEX
  5
9A1
330
17
100
AcDbEntity
  8
TOPO-CONTOUR-MINOR
100
AcDbVertex
100
AcDb3dPolylineVertex
 10
-112.37888456419512
 20
-117.6004224708304
 30
1074.0
 70
32
  0
VERTEX
  5
9A2
330
17
100
AcDbEntity
  8
TOPO-CONTOUR-MINOR
100
AcDbVertex
100
AcDb3dPolylineVertex
 10
-112.03315604876539
 20
-126.66895320918411
 30
1074.0
 70
32
  0
VERTEX
  5
9A3
330
17
100
AcDbEntity
  8
TOPO-CONTOUR-MINOR
100
AcDbVertex
100
AcDb3dPolylineVertex
 10
-114.08390213273307
 20
-139.76794205233455
 30
1074.0
 70
32
  0
VERTEX
  5
9A4
330
17
100
AcDbEntity
  8
TOPO-CONTOUR-MINOR
100
AcDbVertex
100
AcDb3dPolylineVertex
 10
-112.14912376545271
 20
-152.86693089548498
 30
1074.0
 70
32
  0
VERTEX
  5
9A5
330
17
100
AcDbEntity
  8
TOPO-CONTOUR-MINOR
100
AcDbVertex
100
AcDb3dPolylineVertex
 10
-112.13118724895537
 20
-159.92023258004338
 30
1074.0
 70
32
  0
VERTEX
  5
9A6
330
17
100
AcDbEntity
  8
TOPO-CONTOUR-MINOR
100
AcDbVertex
100
AcDb3dPolylineVertex
 10
-113.03355501196467
 20
-171.00399237126112
 30
1074.0
 70
32
  0
VERTEX
  5
9A7
330
17
100
AcDbEntity
  8
TOPO-CONTOUR-MINOR
100
AcDbVertex
100
AcDb3dPolylineVertex
 10
-114.09633115921297
 20
-176.0420650029555
 30
1074.0
 70
32
  0
VERTEX
  5
9A8
330
17
100
AcDbEntity
  8
TOPO-CONTOUR-MINOR
100
AcDbVertex
100
AcDb3dPolylineVertex
 10
-114.5097093399449
 20
-180.07252310868353
 30
1074.0
 70
32
  0
VERTEX
  5
9A9
330
17
100
AcDbEntity
  8
TOPO-CONTOUR-MINOR
100
AcDbVertex
100
AcDb3dPolylineVertex
 10
-115.29770999016561
 20
-182.08775216154754
 30
1074.0
 70
32
  0
VERTEX
  5
9AA
330
17
100
AcDbEntity
  8
TOPO-CONTOUR-MINOR
100
AcDbVertex
100
AcDb3dPolylineVertex
 10
-117.26263945853225
 20
-183.31953932899225
 30
1074.0
 70
32
  0
VERTEX
  5
9AB
330
17
100
AcDbEntity
  8
TOPO-CONTOUR-MINOR
100
AcDbVertex
100
AcDb3dPolylineVertex
 10
-119.27786851135079
 20
-183.7199167136203
 30
1074.0
 70
32
  0
VERTEX
  5
9AC
330
17
100
AcDbEntity
  8
TOPO-CONTOUR-MINOR
100
AcDbVertex
100
AcDb3dPolylineVertex
 10
-129.35401377544076
 20
-184.45195618418617
 30
1074.0
 70
32
  0
VERTEX
  5
9AD
330
17
100
AcDbEntity
  8
TOPO-CONTOUR-MINOR
100
AcDbVertex
100
AcDb3dPolylineVertex
 10
-132.43085339438866
 20
-185.0
 30
1074.0
 70
32
  0
SEQEND
  5
914
330
913
100
AcDbEntity
  8
TOPO-CONTOUR-MINOR
  0
POLYLINE
  5
9AE
330
17
100
AcDbEntity
  8
TOPO-CONTOUR-MINOR
100
AcDb3dPolyline
 66
1
 10
0.0
 20
0.0
 30
0.0
 70
8
  0
VERTEX
  5
9B0
330
17
100
AcDbEntity
  8
TOPO-CONTOUR-MINOR
100
AcDbVertex
100
AcDb3dPolylineVertex
 10
111.01440343312899
 20
323.7347400961444
 30
1074.0
 70
32
  0
VERTEX
  5
9B1
330
17
100
AcDbEntity
  8
TOPO-CONTOUR-MINOR
100
AcDbVertex
100
AcDb3dPolylineVertex
 10
111.46585803632115
 20
324.00945302933076
 30
1074.0
 70
32
  0
VERTEX
  5
9B2
330
17
100
AcDbEntity
  8
TOPO-CONTOUR-MINOR
100
AcDbVertex
100
AcDb3dPolylineVertex
 10
112.47347256273042
 20
322.3203579420646
 30
1074.0
 70
32
  0
VERTEX
  5
9B3
330
17
100
AcDbEntity
  8
TOPO-CONTOUR-MINOR
100
AcDbVertex
100
AcDb3dPolylineVertex
 10
113.48108708913878
 20
317.874156087251
 30
1074.0
 70
32
  0
VERTEX
  5
9B4
330
17
100
AcDbEntity
  8
TOPO-CONTOUR-MINOR
100
AcDbVertex
100
AcDb3dPolylineVertex
 10
117.94833676087059
 20
287.46061714552343
 30
1074.0
 70
32
  0
VERTEX
  5
9B5
330
17
100
AcDbEntity
  8
TOPO-CONTOUR-MINOR
100
AcDbVertex
100
AcDb3dPolylineVertex
 10
118.58640574466519
 20
281.4149299869314
 30
1074.0
 70
32
  0
VERTEX
  5
9B6
330
17
100
AcDbEntity
  8
TOPO-CONTOUR-MINOR
100
AcDbVertex
100
AcDb3dPolylineVertex
 10
119.23807856110304
 20
260.2550249323249
 30
1074.0
 70
32
  0
VERTEX
  5
9B7
330
17
100
AcDbEntity
  8
TOPO-CONTOUR-MINOR
100
AcDbVertex
100
AcDb3dPolylineVertex
 10
120.16099189119208
 20
252.19410872086883
 30
1074.0
 70
32
  0
VERTEX
  5
9B8
330
17
100
AcDbEntity
  8
TOPO-CONTOUR-MINOR
100
AcDbVertex
100
AcDb3dPolylineVertex
 10
120.02211349990445
 20
246.14842156227678
 30
1074.0
 70
32
  0
VERTEX
  5
9B9
330
17
100
AcDbEntity
  8
TOPO-CONTOUR-MINOR
100
AcDbVertex
100
AcDb3dPolylineVertex
 10
121.02661367121483
 20
235.06466177199036
 30
1074.0
 70
32
  0
VERTEX
  5
9BA
330
17
100
AcDbEntity
  8
TOPO-CONTOUR-MINOR
100
AcDbVertex
100
AcDb3dPolylineVertex
 10
120.53438877400276
 20
233.02171462563538
 30
1074.0
 70
32
  0
VERTEX
  5
9BB
330
17
100
AcDbEntity
  8
TOPO-CONTOUR-MINOR
100
AcDbVertex
100
AcDb3dPolylineVertex
 10
119.5267742475935
 20
231.71949206185383
 30
1074.0
 70
32
  0
VERTEX
  5
9BC
330
17
100
AcDbEntity
  8
TOPO-CONTOUR-MINOR
100
AcDbVertex
100
AcDb3dPolylineVertex
 10
118.51915972118422
 20
231.3125278957151
 30
1074.0
 70
32
  0
VERTEX
  5
9BD
330
17
100
AcDbEntity
  8
TOPO-CONTOUR-MINOR
100
AcDbVertex
100
AcDb3dPolylineVertex
 10
117.35259438903732
 20
232.04181819222867
 30
1074.0
 70
32
  0
VERTEX
  5
9BE
330
17
100
AcDbEntity
  8
TOPO-CONTOUR-MINOR
100
AcDbVertex
100
AcDb3dPolylineVertex
 10
116.02268854614104
 20
235.06466177199036
 30
1074.0
 70
32
  0
VERTEX
  5
9BF
330
17
100
AcDbEntity
  8
TOPO-CONTOUR-MINOR
100
AcDbVertex
100
AcDb3dPolylineVertex
 10
111.46585803632115
 20
253.23501379526323
 30
1074.0
 70
32
  0
VERTEX
  5
9C0
330
17
100
AcDbEntity
  8
TOPO-CONTOUR-MINOR
100
AcDbVertex
100
AcDb3dPolylineVertex
 10
109.05912211326273
 20
261.26263945829123
 30
1074.0
 70
32
  0
VERTEX
  5
9C1
330
17
100
AcDbEntity
  8
TOPO-CONTOUR-MINOR
100
AcDbVertex
100
AcDb3dPolylineVertex
 10
108.80332927621771
 20
263.27786851115525
 30
1074.0
 70
32
  0
VERTEX
  5
9C2
330
17
100
AcDbEntity
  8
TOPO-CONTOUR-MINOR
100
AcDbVertex
100
AcDb3dPolylineVertex
 10
108.92989268887447
 20
272.34639924857765
 30
1074.0
 70
32
  0
VERTEX
  5
9C3
330
17
100
AcDbEntity
  8
TOPO-CONTOUR-MINOR
100
AcDbVertex
100
AcDb3dPolylineVertex
 10
109.6219825107222
 20
279.39970093406737
 30
1074.0
 70
32
  0
VERTEX
  5
9C4
330
17
100
AcDbEntity
  8
TOPO-CONTOUR-MINOR
100
AcDbVertex
100
AcDb3dPolylineVertex
 10
110.33564742589974
 20
320.7118965163827
 30
1074.0
 70
32
  0
VERTEX
  5
9C5
330
17
100
AcDbEntity
  8
TOPO-CONTOUR-MINOR
100
AcDbVertex
100
AcDb3dPolylineVertex
 10
110.45824350991188
 20
322.7727427098921
 30
1074.0
 70
32
  0
VERTEX
  5
9C6
330
17
100
AcDbEntity
  8
TOPO-CONTOUR-MINOR
100
AcDbVertex
100
AcDb3dPolylineVertex
 10
111.01440343312899
 20
323.7347400961444
 30
1074.0
 70
32
  0
SEQEND
  5
9AF
330
9AE
100
AcDbEntity
  8
TOPO-CONTOUR-MINOR
  0
POLYLINE
  5
9C7
330
17
100
AcDbEntity
  8
TOPO-CONTOUR-MAJOR
100
AcDb3dPolyline
 66
1
 10
0.0
 20
0.0
 30
0.0
 70
8
  0
VERTEX
  5
9C9
330
17
100
AcDbEntity
  8
TOPO-CONTOUR-MAJOR
100
AcDbVertex
100
AcDb3dPolylineVertex
 10
-10.476415928275182
 20
415.0
 30
1075.0
 70
32
  0
VERTEX
  5
9CA
330
17
100
AcDbEntity
  8
TOPO-CONTOUR-MAJOR
100
AcDbVertex
100
AcDb3dPolylineVertex
 10
-8.440270606355625
 20
413.7950365773346
 30
1075.0
 70
32
  0
VERTEX
  5
9CB
330
17
100
AcDbEntity
  8
TOPO-CONTOUR-MAJOR
100
AcDbVertex
100
AcDb3dPolylineVertex
 10
3.6511037105528885
 20
411.70994282464494
 30
1075.0
 70
32
  0
VERTEX
  5
9CC
330
17
100
AcDbEntity
  8
TOPO-CONTOUR-MAJOR
100
AcDbVertex
100
AcDb3dPolylineVertex
 10
11.712019921825231
 20
410.8459439746898
 30
1075.0
 70
32
  0
VERTEX
  5
9CD
330
17
100
AcDbEntity
  8
TOPO-CONTOUR-MAJOR
100
AcDbVertex
100
AcDb3dPolylineVertex
 10
17.15711723060291
 20
409.3819748405367
 30
1075.0
 70
32
  0
VERTEX
  5
9CE
330
17
100
AcDbEntity
  8
TOPO-CONTOUR-MAJOR
100
AcDbVertex
100
AcDb3dPolylineVertex
 10
20.780550659506844
 20
407.79729281332294
 30
1075.0
 70
32
  0
VERTEX
  5
9CF
330
17
100
AcDbEntity
  8
TOPO-CONTOUR-MAJOR
100
AcDbVertex
100
AcDb3dPolylineVertex
 10
24.811008765143015
 20
404.9273024446243
 30
1075.0
 70
32
  0
VERTEX
  5
9D0
330
17
100
AcDbEntity
  8
TOPO-CONTOUR-MAJOR
100
AcDbVertex
100
AcDb3dPolylineVertex
 10
28.772322552628516
 20
403.33628768194467
 30
1075.0
 70
32
  0
VERTEX
  5
9D1
330
17
100
AcDbEntity
  8
TOPO-CONTOUR-MAJOR
100
AcDbVertex
100
AcDb3dPolylineVertex
 10
30.45799339745052
 20
402.3286731559783
 30
1075.0
 70
32
  0
VERTEX
  5
9D2
330
17
100
AcDbEntity
  8
TOPO-CONTOUR-MAJOR
100
AcDbVertex
100
AcDb3dPolylineVertex
 10
30.93611229377134
 20
401.32105862908065
 30
1075.0
 70
32
  0
VERTEX
  5
9D3
330
17
100
AcDbEntity
  8
TOPO-CONTOUR-MAJOR
100
AcDbVertex
100
AcDb3dPolylineVertex
 10
30.116563183125983
 20
400.3134441031143
 30
1075.0
 70
32
  0
VERTEX
  5
9D4
330
17
100
AcDbEntity
  8
TOPO-CONTOUR-MAJOR
100
AcDbVertex
100
AcDb3dPolylineVertex
 10
25.482241080181687
 20
398.29821505025023
 30
1075.0
 70
32
  0
VERTEX
  5
9D5
330
17
100
AcDbEntity
  8
TOPO-CONTOUR-MAJOR
100
AcDbVertex
100
AcDb3dPolylineVertex
 10
24.46368231744875
 20
397.2906005233526
 30
1075.0
 70
32
  0
VERTEX
  5
9D6
330
17
100
AcDbEntity
  8
TOPO-CONTOUR-MAJOR
100
AcDbVertex
100
AcDb3dPolylineVertex
 10
24.283273626258087
 20
396.2829859973863
 30
1075.0
 70
32
  0
VERTEX
  5
9D7
330
17
100
AcDbEntity
  8
TOPO-CONTOUR-MAJOR
100
AcDbVertex
100
AcDb3dPolylineVertex
 10
24.969547008880323
 20
391.2449133656919
 30
1075.0
 70
32
  0
VERTEX
  5
9D8
330
17
100
AcDbEntity
  8
TOPO-CONTOUR-MAJOR
100
AcDbVertex
100
AcDb3dPolylineVertex
 10
23.747950297430457
 20
387.21445525996387
 30
1075.0
 70
32
  0
VERTEX
  5
9D9
330
17
100
AcDbEntity
  8
TOPO-CONTOUR-MAJOR
100
AcDbVertex
100
AcDb3dPolylineVertex
 10
23.77436818842785
 20
386.2068407330662
 30
1075.0
 70
32
  0
VERTEX
  5
9DA
330
17
100
AcDbEntity
  8
TOPO-CONTOUR-MAJOR
100
AcDbVertex
100
AcDb3dPolylineVertex
 10
25.449662272756065
 20
382.17638262733817
 30
1075.0
 70
32
  0
VERTEX
  5
9DB
330
17
100
AcDbEntity
  8
TOPO-CONTOUR-MAJOR
100
AcDbVertex
100
AcDb3dPolylineVertex
 10
25.83149565122096
 20
380.16115357447416
 30
1075.0
 70
32
  0
VERTEX
  5
9DC
330
17
100
AcDbEntity
  8
TOPO-CONTOUR-MAJOR
100
AcDbVertex
100
AcDb3dPolylineVertex
 10
25.665373174925065
 20
378.14592452161014
 30
1075.0
 70
32
  0
VERTEX
  5
9DD
330
17
100
AcDbEntity
  8
TOPO-CONTOUR-MAJOR
100
AcDbVertex
100
AcDb3dPolylineVertex
 10
24.539492687866506
 20
375.12308094277984
 30
1075.0
 70
32
  0
VERTEX
  5
9DE
330
17
100
AcDbEntity
  8
TOPO-CONTOUR-MAJOR
100
AcDbVertex
100
AcDb3dPolylineVertex
 10
24.452892747292267
 20
374.1154664158821
 30
1075.0
 70
32
  0
VERTEX
  5
9DF
330
17
100
AcDbEntity
  8
TOPO-CONTOUR-MAJOR
100
AcDbVertex
100
AcDb3dPolylineVertex
 10
26.478704649320495
 20
369.07739378418773
 30
1075.0
 70
32
  0
VERTEX
  5
9E0
330
17
100
AcDbEntity
  8
TOPO-CONTOUR-MAJOR
100
AcDbVertex
100
AcDb3dPolylineVertex
 10
28.93891830299178
 20
366.0545502053574
 30
1075.0
 70
32
  0
VERTEX
  5
9E1
330
17
100
AcDbEntity
  8
TOPO-CONTOUR-MAJOR
100
AcDbVertex
100
AcDb3dPolylineVertex
 10
29.37104538998333
 20
364.03932115249336
 30
1075.0
 70
32
  0
VERTEX
  5
9E2
330
17
100
AcDbEntity
  8
TOPO-CONTOUR-MAJOR
100
AcDbVertex
100
AcDb3dPolylineVertex
 10
28.63885270588381
 20
362.02409209962934
 30
1075.0
 70
32
  0
VERTEX
  5
9E3
330
17
100
AcDbEntity
  8
TOPO-CONTOUR-MAJOR
100
AcDbVertex
100
AcDb3dPolylineVertex
 10
25.753032104680326
 20
359.00124851986766
 30
1075.0
 70
32
  0
VERTEX
  5
9E4
330
17
100
AcDbEntity
  8
TOPO-CONTOUR-MAJOR
100
AcDbVertex
100
AcDb3dPolylineVertex
 10
25.346357497507622
 20
357.9936339939013
 30
1075.0
 70
32
  0
VERTEX
  5
9E5
330
17
100
AcDbEntity
  8
TOPO-CONTOUR-MAJOR
100
AcDbVertex
100
AcDb3dPolylineVertex
 10
25.43271948348879
 20
356.98601946700364
 30
1075.0
 70
32
  0
VERTEX
  5
9E6
330
17
100
AcDbEntity
  8
TOPO-CONTOUR-MAJOR
100
AcDbVertex
100
AcDb3dPolylineVertex
 10
26.48490348258003
 20
354.9707904141396
 30
1075.0
 70
32
  0
VERTEX
  5
9E7
330
17
100
AcDbEntity
  8
TOPO-CONTOUR-MAJOR
100
AcDbVertex
100
AcDb3dPolylineVertex
 10
32.49784900402513
 20
346.9098742036149
 30
1075.0
 70
32
  0
VERTEX
  5
9E8
330
17
100
AcDbEntity
  8
TOPO-CONTOUR-MAJOR
100
AcDbVertex
100
AcDb3dPolylineVertex
 10
36.556543761367095
 20
343.8870306238532
 30
1075.0
 70
32
  0
VERTEX
  5
9E9
330
17
100
AcDbEntity
  8
TOPO-CONTOUR-MAJOR
100
AcDbVertex
100
AcDb3dPolylineVertex
 10
40.63846102797168
 20
339.8565725181252
 30
1075.0
 70
32
  0
VERTEX
  5
9EA
330
17
100
AcDbEntity
  8
TOPO-CONTOUR-MAJOR
100
AcDbVertex
100
AcDb3dPolylineVertex
 10
46.97852834614241
 20
332.1645928363864
 30
1075.0
 70
32
  0
VERTEX
  5
9EB
330
17
100
AcDbEntity
  8
TOPO-CONTOUR-MAJOR
100
AcDbVertex
100
AcDb3dPolylineVertex
 10
48.491333071327865
 20
328.77281272783875
 30
1075.0
 70
32
  0
VERTEX
  5
9EC
330
17
100
AcDbEntity
  8
TOPO-CONTOUR-MAJOR
100
AcDbVertex
100
AcDb3dPolylineVertex
 10
51.00737376200475
 20
318.6966674635187
 30
1075.0
 70
32
  0
VERTEX
  5
9ED
330
17
100
AcDbEntity
  8
TOPO-CONTOUR-MAJOR
100
AcDbVertex
100
AcDb3dPolylineVertex
 10
54.46624332954444
 20
310.63575125299394
 30
1075.0
 70
32
  0
VERTEX
  5
9EE
330
17
100
AcDbEntity
  8
TOPO-CONTOUR-MAJOR
100
AcDbVertex
100
AcDb3dPolylineVertex
 10
54.32641630628402
 20
307.61290767323226
 30
1075.0
 70
32
  0
VERTEX
  5
9EF
330
17
100
AcDbEntity
  8
TOPO-CONTOUR-MAJOR
100
AcDbVertex
100
AcDb3dPolylineVertex
 10
51.48273369260647
 20
301.5672205146402
 30
1075.0
 70
32
  0
VERTEX
  5
9F0
330
17
100
AcDbEntity
  8
TOPO-CONTOUR-MAJOR
100
AcDbVertex
100
AcDb3dPolylineVertex
 10
51.17846528013731
 20
297.5367624089122
 30
1075.0
 70
32
  0
VERTEX
  5
9F1
330
17
100
AcDbEntity
  8
TOPO-CONTOUR-MAJOR
100
AcDbVertex
100
AcDb3dPolylineVertex
 10
50.29929655741792
 20
293.50630430318415
 30
1075.0
 70
32
  0
VERTEX
  5
9F2
330
17
100
AcDbEntity
  8
TOPO-CONTOUR-MAJOR
100
AcDbVertex
100
AcDb3dPolylineVertex
 10
49.221171064851184
 20
285.4453880926594
 30
1075.0
 70
32
  0
VERTEX
  5
9F3
330
17
100
AcDbEntity
  8
TOPO-CONTOUR-MAJOR
100
AcDbVertex
100
AcDb3dPolylineVertex
 10
48.86754456614547
 20
280.4073154600337
 30
1075.0
 70
32
  0
VERTEX
  5
9F4
330
17
100
AcDbEntity
  8
TOPO-CONTOUR-MAJOR
100
AcDbVertex
100
AcDb3dPolylineVertex
 10
49.14236720990097
 20
264.2854830380529
 30
1075.0
 70
32
  0
VERTEX
  5
9F5
330
17
100
AcDbEntity
  8
TOPO-CONTOUR-MAJOR
100
AcDbVertex
100
AcDb3dPolylineVertex
 10
48.53744968647169
 20
258.23979587946087
 30
1075.0
 70
32
  0
VERTEX
  5
9F6
330
17
100
AcDbEntity
  8
TOPO-CONTOUR-MAJOR
100
AcDbVertex
100
AcDb3dPolylineVertex
 10
48.54492629910702
 20
255.2169522996992
 30
1075.0
 70
32
  0
VERTEX
  5
9F7
330
17
100
AcDbEntity
  8
TOPO-CONTOUR-MAJOR
100
AcDbVertex
100
AcDb3dPolylineVertex
 10
50.01204230500038
 20
250.1788796680048
 30
1075.0
 70
32
  0
VERTEX
  5
9F8
330
17
100
AcDbEntity
  8
TOPO-CONTOUR-MAJOR
100
AcDbVertex
100
AcDb3dPolylineVertex
 10
53.02595889060394
 20
245.14080703631043
 30
1075.0
 70
32
  0
VERTEX
  5
9F9
330
17
100
AcDbEntity
  8
TOPO-CONTOUR-MAJOR
100
AcDbVertex
100
AcDb3dPolylineVertex
 10
53.02291549384897
 20
244.13319250941277
 30
1075.0
 70
32
  0
VERTEX
  5
9FA
330
17
100
AcDbEntity
  8
TOPO-CONTOUR-MAJOR
100
AcDbVertex
100
AcDb3dPolylineVertex
 10
52.48768003119882
 20
243.12557798344642
 30
1075.0
 70
32
  0
VERTEX
  5
9FB
330
17
100
AcDbEntity
  8
TOPO-CONTOUR-MAJOR
100
AcDbVertex
100
AcDb3dPolylineVertex
 10
49.390985768326644
 20
240.10273440368474
 30
1075.0
 70
32
  0
VERTEX
  5
9FC
330
17
100
AcDbEntity
  8
TOPO-CONTOUR-MAJOR
100
AcDbVertex
100
AcDb3dPolylineVertex
 10
49.061683193807674
 20
238.08750535082072
 30
1075.0
 70
32
  0
VERTEX
  5
9FD
330
17
100
AcDbEntity
  8
TOPO-CONTOUR-MAJOR
100
AcDbVertex
100
AcDb3dPolylineVertex
 10
49.48428217346914
 20
237.07989082485437
 30
1075.0
 70
32
  0
VERTEX
  5
9FE
330
17
100
AcDbEntity
  8
TOPO-CONTOUR-MAJOR
100
AcDbVertex
100
AcDb3dPolylineVertex
 10
51.72106341188582
 20
234.0570472450927
 30
1075.0
 70
32
  0
VERTEX
  5
9FF
330
17
100
AcDbEntity
  8
TOPO-CONTOUR-MAJOR
100
AcDbVertex
100
AcDb3dPolylineVertex
 10
51.52488781912503
 20
233.04943271912634
 30
1075.0
 70
32
  0
VERTEX
  5
A00
330
17
100
AcDbEntity
  8
TOPO-CONTOUR-MAJOR
100
AcDbVertex
100
AcDb3dPolylineVertex
 10
48.99375739896004
 20
230.90028770081824
 30
1075.0
 70
32
  0
VERTEX
  5
A01
330
17
100
AcDbEntity
  8
TOPO-CONTOUR-MAJOR
100
AcDbVertex
100
AcDb3dPolylineVertex
 10
43.9556847669146
 20
228.6980702208399
 30
1075.0
 70
32
  0
VERTEX
  5
A02
330
17
100
AcDbEntity
  8
TOPO-CONTOUR-MAJOR
100
AcDbVertex
100
AcDb3dPolylineVertex
 10
40.735709163331805
 20
224.98851650767028
 30
1075.0
 70
32
  0
VERTEX
  5
A03
330
17
100
AcDbEntity
  8
TOPO-CONTOUR-MAJOR
100
AcDbVertex
100
AcDb3dPolylineVertex
 10
39.435481813181724
 20
222.97328745480627
 30
1075.0
 70
32
  0
VERTEX
  5
A04
330
17
100
AcDbEntity
  8
TOPO-CONTOUR-MAJOR
100
AcDbVertex
100
AcDb3dPolylineVertex
 10
37.31216637722429
 20
217.9352148231119
 30
1075.0
 70
32
  0
VERTEX
  5
A05
330
17
100
AcDbEntity
  8
TOPO-CONTOUR-MAJOR
100
AcDbVertex
100
AcDb3dPolylineVertex
 10
36.23975587486483
 20
213.90475671738386
 30
1075.0
 70
32
  0
VERTEX
  5
A06
330
17
100
AcDbEntity
  8
TOPO-CONTOUR-MAJOR
100
AcDbVertex
100
AcDb3dPolylineVertex
 10
36.48436449373384
 20
211.88952766451985
 30
1075.0
 70
32
  0
VERTEX
  5
A07
330
17
100
AcDbEntity
  8
TOPO-CONTOUR-MAJOR
100
AcDbVertex
100
AcDb3dPolylineVertex
 10
37.69377009161872
 20
207.85906955879184
 30
1075.0
 70
32
  0
VERTEX
  5
A08
330
17
100
AcDbEntity
  8
TOPO-CONTOUR-MAJOR
100
AcDbVertex
100
AcDb3dPolylineVertex
 10
37.836064954985005
 20
206.85145503282547
 30
1075.0
 70
32
  0
VERTEX
  5
A09
330
17
100
AcDbEntity
  8
TOPO-CONTOUR-MAJOR
100
AcDbVertex
100
AcDb3dPolylineVertex
 10
37.441448513948984
 20
205.8438405059278
 30
1075.0
 70
32
  0
VERTEX
  5
A0A
330
17
100
AcDbEntity
  8
TOPO-CONTOUR-MAJOR
100
AcDbVertex
100
AcDb3dPolylineVertex
 10
34.8871540292339
 20
205.1124413744257
 30
1075.0
 70
32
  0
VERTEX
  5
A0B
330
17
100
AcDbEntity
  8
TOPO-CONTOUR-MAJOR
100
AcDbVertex
100
AcDb3dPolylineVertex
 10
21.788165185916114
 20
203.45355280133168
 30
1075.0
 70
32
  0
VERTEX
  5
A0C
330
17
100
AcDbEntity
  8
TOPO-CONTOUR-MAJOR
100
AcDbVertex
100
AcDb3dPolylineVertex
 10
18.765321606688303
 20
202.39953182255374
 30
1075.0
 70
32
  0
VERTEX
  5
A0D
330
17
100
AcDbEntity
  8
TOPO-CONTOUR-MAJOR
100
AcDbVertex
100
AcDb3dPolylineVertex
 10
13.462117897099663
 20
199.79815334733576
 30
1075.0
 70
32
  0
VERTEX
  5
A0E
330
17
100
AcDbEntity
  8
TOPO-CONTOUR-MAJOR
100
AcDbVertex
100
AcDb3dPolylineVertex
 10
9.6967908690076
 20
198.79719461119404
 30
1075.0
 70
32
  0
VERTEX
  5
A0F
330
17
100
AcDbEntity
  8
TOPO-CONTOUR-MAJOR
100
AcDbVertex
100
AcDb3dPolylineVertex
 10
6.67394728977979
 20
198.55361362916136
 30
1075.0
 70
32
  0
VERTEX
  5
A10
330
17
100
AcDbEntity
  8
TOPO-CONTOUR-MAJOR
100
AcDbVertex
100
AcDb3dPolylineVertex
 10
-5.417427027128724
 20
198.938943151044
 30
1075.0
 70
32
  0
VERTEX
  5
A11
330
17
100
AcDbEntity
  8
TOPO-CONTOUR-MAJOR
100
AcDbVertex
100
AcDb3dPolylineVertex
 10
-21.53925944967341
 20
197.58624842934475
 30
1075.0
 70
32
  0
VERTEX
  5
A12
330
17
100
AcDbEntity
  8
TOPO-CONTOUR-MAJOR
100
AcDbVertex
100
AcDb3dPolylineVertex
 10
-24.56210302890031
 20
196.83043647256167
 30
1075.0
 70
32
  0
VERTEX
  5
A13
330
17
100
AcDbEntity
  8
TOPO-CONTOUR-MAJOR
100
AcDbVertex
100
AcDb3dPolylineVertex
 10
-28.592561134536478
 20
194.79724550195357
 30
1075.0
 70
32
  0
VERTEX
  5
A14
330
17
100
AcDbEntity
  8
TOPO-CONTOUR-MAJOR
100
AcDbVertex
100
AcDb3dPolylineVertex
 10
-32.922093766493646
 20
194.76008071564138
 30
1075.0
 70
32
  0
VERTEX
  5
A15
330
17
100
AcDbEntity
  8
TOPO-CONTOUR-MAJOR
100
AcDbVertex
100
AcDb3dPolylineVertex
 10
-35.24473521108519
 20
193.7524661887437
 30
1075.0
 70
32
  0
VERTEX
  5
A16
330
17
100
AcDbEntity
  8
TOPO-CONTOUR-MAJOR
100
AcDbVertex
100
AcDb3dPolylineVertex
 10
-35.9613358819426
 20
192.74485166277736
 30
1075.0
 70
32
  0
VERTEX
  5
A17
330
17
100
AcDbEntity
  8
TOPO-CONTOUR-MAJOR
100
AcDbVertex
100
AcDb3dPolylineVertex
 10
-36.10444707995134
 20
191.7372371358797
 30
1075.0
 70
32
  0
VERTEX
  5
A18
330
17
100
AcDbEntity
  8
TOPO-CONTOUR-MAJOR
100
AcDbVertex
100
AcDb3dPolylineVertex
 10
-34.381660657830054
 20
187.706779031083
 30
1075.0
 70
32
  0
VERTEX
  5
A19
330
17
100
AcDbEntity
  8
TOPO-CONTOUR-MAJOR
100
AcDbVertex
100
AcDb3dPolylineVertex
 10
-34.81864591326503
 20
186.69916450418532
 30
1075.0
 70
32
  0
VERTEX
  5
A1A
330
17
100
AcDbEntity
  8
TOPO-CONTOUR-MAJOR
100
AcDbVertex
100
AcDb3dPolylineVertex
 10
-36.653477345808824
 20
184.42415925843775
 30
1075.0
 70
32
  0
VERTEX
  5
A1B
330
17
100
AcDbEntity
  8
TOPO-CONTOUR-MAJOR
100
AcDbVertex
100
AcDb3dPolylineVertex
 10
-38.81465648811974
 20
179.64586281962693
 30
1075.0
 70
32
  0
VERTEX
  5
A1C
330
17
100
AcDbEntity
  8
TOPO-CONTOUR-MAJOR
100
AcDbVertex
100
AcDb3dPolylineVertex
 10
-45.275706940746446
 20
169.56971755530685
 30
1075.0
 70
32
  0
VERTEX
  5
A1D
330
17
100
AcDbEntity
  8
TOPO-CONTOUR-MAJOR
100
AcDbVertex
100
AcDb3dPolylineVertex
 10
-46.88945817003747
 20
166.5468739764765
 30
1075.0
 70
32
  0
VERTEX
  5
A1E
330
17
100
AcDbEntity
  8
TOPO-CONTOUR-MAJOR
100
AcDbVertex
100
AcDb3dPolylineVertex
 10
-49.82538041131799
 20
162.51641587074846
 30
1075.0
 70
32
  0
VERTEX
  5
A1F
330
17
100
AcDbEntity
  8
TOPO-CONTOUR-MAJOR
100
AcDbVertex
100
AcDb3dPolylineVertex
 10
-54.28091080730517
 20
155.46311418525875
 30
1075.0
 70
32
  0
VERTEX
  5
A20
330
17
100
AcDbEntity
  8
TOPO-CONTOUR-MAJOR
100
AcDbVertex
100
AcDb3dPolylineVertex
 10
-56.66624041575743
 20
152.44027060642838
 30
1075.0
 70
32
  0
VERTEX
  5
A21
330
17
100
AcDbEntity
  8
TOPO-CONTOUR-MAJOR
100
AcDbVertex
100
AcDb3dPolylineVertex
 10
-62.69991593682117
 20
146.39458344783634
 30
1075.0
 70
32
  0
VERTEX
  5
A22
330
17
100
AcDbEntity
  8
TOPO-CONTOUR-MAJOR
100
AcDbVertex
100
AcDb3dPolylineVertex
 10
-64.78818317598775
 20
143.37173986900598
 30
1075.0
 70
32
  0
VERTEX
  5
A23
330
17
100
AcDbEntity
  8
TOPO-CONTOUR-MAJOR
100
AcDbVertex
100
AcDb3dPolylineVertex
 10
-66.88191313808056
 20
138.84985194017315
 30
1075.0
 70
32
  0
VERTEX
  5
A24
330
17
100
AcDbEntity
  8
TOPO-CONTOUR-MAJOR
100
AcDbVertex
100
AcDb3dPolylineVertex
 10
-69.75517660402548
 20
131.2803655518219
 30
1075.0
 70
32
  0
VERTEX
  5
A25
330
17
100
AcDbEntity
  8
TOPO-CONTOUR-MAJOR
100
AcDbVertex
100
AcDb3dPolylineVertex
 10
-71.00924783880923
 20
127.24990744609386
 30
1075.0
 70
32
  0
VERTEX
  5
A26
330
17
100
AcDbEntity
  8
TOPO-CONTOUR-MAJOR
100
AcDbVertex
100
AcDb3dPolylineVertex
 10
-73.1567395531136
 20
118.18137670867145
 30
1075.0
 70
32
  0
VERTEX
  5
A27
330
17
100
AcDbEntity
  8
TOPO-CONTOUR-MAJOR
100
AcDbVertex
100
AcDb3dPolylineVertex
 10
-75.31191629932103
 20
113.14330407604575
 30
1075.0
 70
32
  0
VERTEX
  5
A28
330
17
100
AcDbEntity
  8
TOPO-CONTOUR-MAJOR
100
AcDbVertex
100
AcDb3dPolylineVertex
 10
-86.00733074099489
 20
96.01385712716728
 30
1075.0
 70
32
  0
VERTEX
  5
A29
330
17
100
AcDbEntity
  8
TOPO-CONTOUR-MAJOR
100
AcDbVertex
100
AcDb3dPolylineVertex
 10
-88.66100850804786
 20
90.97578449547291
 30
1075.0
 70
32
  0
VERTEX
  5
A2A
330
17
100
AcDbEntity
  8
TOPO-CONTOUR-MAJOR
100
AcDbVertex
100
AcDb3dPolylineVertex
 10
-93.29347757211363
 20
83.92248281091452
 30
1075.0
 70
32
  0
VERTEX
  5
A2B
330
17
100
AcDbEntity
  8
TOPO-CONTOUR-MAJOR
100
AcDbVertex
100
AcDb3dPolylineVertex
 10
-100.1331925095792
 20
72.36648718616374
 30
1075.0
 70
32
  0
VERTEX
  5
A2C
330
17
100
AcDbEntity
  8
TOPO-CONTOUR-MAJOR
100
AcDbVertex
100
AcDb3dPolylineVertex
 10
-103.1560360888061
 20
66.67134076644612
 30
1075.0
 70
32
  0
VERTEX
  5
A2D
330
17
100
AcDbEntity
  8
TOPO-CONTOUR-MAJOR
100
AcDbVertex
100
AcDb3dPolylineVertex
 10
-104.87403554304544
 20
60.747348703444004
 30
1075.0
 70
32
  0
VERTEX
  5
A2E
330
17
100
AcDbEntity
  8
TOPO-CONTOUR-MAJOR
100
AcDbVertex
100
AcDb3dPolylineVertex
 10
-107.15409272839705
 20
54.70166154485196
 30
1075.0
 70
32
  0
VERTEX
  5
A2F
330
17
100
AcDbEntity
  8
TOPO-CONTOUR-MAJOR
100
AcDbVertex
100
AcDb3dPolylineVertex
 10
-108.76687707784154
 20
48.65597438625991
 30
1075.0
 70
32
  0
VERTEX
  5
A30
330
17
100
AcDbEntity
  8
TOPO-CONTOUR-MAJOR
100
AcDbVertex
100
AcDb3dPolylineVertex
 10
-113.04935255893132
 20
37.57221459597349
 30
1075.0
 70
32
  0
VERTEX
  5
A31
330
17
100
AcDbEntity
  8
TOPO-CONTOUR-MAJOR
100
AcDbVertex
100
AcDb3dPolylineVertex
 10
-114.56714806980733
 20
30.518912910483778
 30
1075.0
 70
32
  0
VERTEX
  5
A32
330
17
100
AcDbEntity
  8
TOPO-CONTOUR-MAJOR
100
AcDbVertex
100
AcDb3dPolylineVertex
 10
-117.53647750461661
 20
19.435153120197356
 30
1075.0
 70
32
  0
VERTEX
  5
A33
330
17
100
AcDbEntity
  8
TOPO-CONTOUR-MAJOR
100
AcDbVertex
100
AcDb3dPolylineVertex
 10
-120.06106122862928
 20
5.328549751080573
 30
1075.0
 70
32
  0
VERTEX
  5
A34
330
17
100
AcDbEntity
  8
TOPO-CONTOUR-MAJOR
100
AcDbVertex
100
AcDb3dPolylineVertex
 10
-120.19554220592804
 20
1.2980916453525424
 30
1075.0
 70
32
  0
VERTEX
  5
A35
330
17
100
AcDbEntity
  8
TOPO-CONTOUR-MAJOR
100
AcDbVertex
100
AcDb3dPolylineVertex
 10
-121.4038227212811
 20
-9.785668145865202
 30
1075.0
 70
32
  0
VERTEX
  5
A36
330
17
100
AcDbEntity
  8
TOPO-CONTOUR-MAJOR
100
AcDbVertex
100
AcDb3dPolylineVertex
 10
-121.11527924620208
 20
-20.869427936151624
 30
1075.0
 70
32
  0
VERTEX
  5
A37
330
17
100
AcDbEntity
  8
TOPO-CONTOUR-MAJOR
100
AcDbVertex
100
AcDb3dPolylineVertex
 10
-121.22919136709285
 20
-37.99887488503009
 30
1075.0
 70
32
  0
VERTEX
  5
A38
330
17
100
AcDbEntity
  8
TOPO-CONTOUR-MAJOR
100
AcDbVertex
100
AcDb3dPolylineVertex
 10
-122.56480713974597
 20
-45.05217656958848
 30
1075.0
 70
32
  0
VERTEX
  5
A39
330
17
100
AcDbEntity
  8
TOPO-CONTOUR-MAJOR
100
AcDbVertex
100
AcDb3dPolylineVertex
 10
-122.73012289572779
 20
-51.09786372818053
 30
1075.0
 70
32
  0
VERTEX
  5
A3A
330
17
100
AcDbEntity
  8
TOPO-CONTOUR-MAJOR
100
AcDbVertex
100
AcDb3dPolylineVertex
 10
-123.37652190354854
 20
-55.12832183390856
 30
1075.0
 70
32
  0
VERTEX
  5
A3B
330
17
100
AcDbEntity
  8
TOPO-CONTOUR-MAJOR
100
AcDbVertex
100
AcDb3dPolylineVertex
 10
-123.13242228984676
 20
-57.14355088677257
 30
1075.0
 70
32
  0
VERTEX
  5
A3C
330
17
100
AcDbEntity
  8
TOPO-CONTOUR-MAJOR
100
AcDbVertex
100
AcDb3dPolylineVertex
 10
-120.56612799947352
 20
-64.19685257133096
 30
1075.0
 70
32
  0
VERTEX
  5
A3D
330
17
100
AcDbEntity
  8
TOPO-CONTOUR-MAJOR
100
AcDbVertex
100
AcDb3dPolylineVertex
 10
-120.56542306499264
 20
-71.25015425682068
 30
1075.0
 70
32
  0
VERTEX
  5
A3E
330
17
100
AcDbEntity
  8
TOPO-CONTOUR-MAJOR
100
AcDbVertex
100
AcDb3dPolylineVertex
 10
-121.35842974373206
 20
-78.30345594137907
 30
1075.0
 70
32
  0
VERTEX
  5
A3F
330
17
100
AcDbEntity
  8
TOPO-CONTOUR-MAJOR
100
AcDbVertex
100
AcDb3dPolylineVertex
 10
-122.65373905342688
 20
-84.34914309997112
 30
1075.0
 70
32
  0
VERTEX
  5
A40
330
17
100
AcDbEntity
  8
TOPO-CONTOUR-MAJOR
100
AcDbVertex
100
AcDb3dPolylineVertex
 10
-122.00335748235403
 20
-90.39483025856316
 30
1075.0
 70
32
  0
VERTEX
  5
A41
330
17
100
AcDbEntity
  8
TOPO-CONTOUR-MAJOR
100
AcDbVertex
100
AcDb3dPolylineVertex
 10
-121.89780790234994
 20
-96.44051741622388
 30
1075.0
 70
32
  0
VERTEX
  5
A42
330
17
100
AcDbEntity
  8
TOPO-CONTOUR-MAJOR
100
AcDbVertex
100
AcDb3dPolylineVertex
 10
-121.97142002185092
 20
-98.4557464690879
 30
1075.0
 70
32
  0
VERTEX
  5
A43
330
17
100
AcDbEntity
  8
TOPO-CONTOUR-MAJOR
100
AcDbVertex
100
AcDb3dPolylineVertex
 10
-122.90688953584899
 20
-103.4938191017136
 30
1075.0
 70
32
  0
VERTEX
  5
A44
330
17
100
AcDbEntity
  8
TOPO-CONTOUR-MAJOR
100
AcDbVertex
100
AcDb3dPolylineVertex
 10
-122.16485928473337
 20
-109.53950626030564
 30
1075.0
 70
32
  0
VERTEX
  5
A45
330
17
100
AcDbEntity
  8
TOPO-CONTOUR-MAJOR
100
AcDbVertex
100
AcDb3dPolylineVertex
 10
-122.29982092771411
 20
-117.60042247083038
 30
1075.0
 70
32
  0
VERTEX
  5
A46
330
17
100
AcDbEntity
  8
TOPO-CONTOUR-MAJOR
100
AcDbVertex
100
AcDb3dPolylineVertex
 10
-124.06395342730858
 20
-130.69941131491214
 30
1075.0
 70
32
  0
VERTEX
  5
A47
330
17
100
AcDbEntity
  8
TOPO-CONTOUR-MAJOR
100
AcDbVertex
100
AcDb3dPolylineVertex
 10
-124.54242365482924
 20
-138.76032752543688
 30
1075.0
 70
32
  0
VERTEX
  5
A48
330
17
100
AcDbEntity
  8
TOPO-CONTOUR-MAJOR
100
AcDbVertex
100
AcDb3dPolylineVertex
 10
-124.20997806005177
 20
-144.80601468402892
 30
1075.0
 70
32
  0
VERTEX
  5
A49
330
17
100
AcDbEntity
  8
TOPO-CONTOUR-MAJOR
100
AcDbVertex
100
AcDb3dPolylineVertex
 10
-124.66696341549878
 20
-148.83647278975695
 30
1075.0
 70
32
  0
VERTEX
  5
A4A
330
17
100
AcDbEntity
  8
TOPO-CONTOUR-MAJOR
100
AcDbVertex
100
AcDb3dPolylineVertex
 10
-124.7421274475602
 20
-154.882159948349
 30
1075.0
 70
32
  0
VERTEX
  5
A4B
330
17
100
AcDbEntity
  8
TOPO-CONTOUR-MAJOR
100
AcDbVertex
100
AcDb3dPolylineVertex
 10
-125.78450288892768
 20
-160.92784710694104
 30
1075.0
 70
32
  0
VERTEX
  5
A4C
330
17
100
AcDbEntity
  8
TOPO-CONTOUR-MAJOR
100
AcDbVertex
100
AcDb3dPolylineVertex
 10
-126.00978928517048
 20
-164.95830521266907
 30
1075.0
 70
32
  0
VERTEX
  5
A4D
330
17
100
AcDbEntity
  8
TOPO-CONTOUR-MAJOR
100
AcDbVertex
100
AcDb3dPolylineVertex
 10
-129.35401377544076
 20
-173.25414652804474
 30
1075.0
 70
32
  0
VERTEX
  5
A4E
330
17
100
AcDbEntity
  8
TOPO-CONTOUR-MAJOR
100
AcDbVertex
100
AcDb3dPolylineVertex
 10
-130.26337744761634
 20
-178.0572940558195
 30
1075.0
 70
32
  0
VERTEX
  5
A4F
330
17
100
AcDbEntity
  8
TOPO-CONTOUR-MAJOR
100
AcDbVertex
100
AcDb3dPolylineVertex
 10
-130.9558119278342
 20
-180.07252310868353
 30
1075.0
 70
32
  0
VERTEX
  5
A50
330
17
100
AcDbEntity
  8
TOPO-CONTOUR-MAJOR
100
AcDbVertex
100
AcDb3dPolylineVertex
 10
-131.88642099828775
 20
-181.08013763464987
 30
1075.0
 70
32
  0
VERTEX
  5
A51
330
17
100
AcDbEntity
  8
TOPO-CONTOUR-MAJOR
100
AcDbVertex
100
AcDb3dPolylineVertex
 10
-136.40731546030474
 20
-183.56168678680098
 30
1075.0
 70
32
  0
VERTEX
  5
A52
330
17
100
AcDbEntity
  8
TOPO-CONTOUR-MAJOR
100
AcDbVertex
100
AcDb3dPolylineVertex
 10
-138.19717181385406
 20
-185.0
 30
1075.0
 70
32
  0
SEQEND
  5
9C8
330
9C7
100
AcDbEntity
  8
TOPO-CONTOUR-MAJOR
  0
POLYLINE
  5
A53
330
17
100
AcDbEntity
  8
TOPO-CONTOUR-MAJOR
100
AcDb3dPolyline
 66
1
 10
0.0
 20
0.0
 30
0.0
 70
8
  0
VERTEX
  5
A55
330
17
100
AcDbEntity
  8
TOPO-CONTOUR-MAJOR
100
AcDbVertex
100
AcDb3dPolylineVertex
 10
101.34392047204474
 20
247.15603608917445
 30
1075.0
 70
32
  0
VERTEX
  5
A56
330
17
100
AcDbEntity
  8
TOPO-CONTOUR-MAJOR
100
AcDbVertex
100
AcDb3dPolylineVertex
 10
102.39732729863954
 20
248.02484996352808
 30
1075.0
 70
32
  0
VERTEX
  5
A57
330
17
100
AcDbEntity
  8
TOPO-CONTOUR-MAJOR
100
AcDbVertex
100
AcDb3dPolylineVertex
 10
103.51827781878453
 20
244.13319250941277
 30
1075.0
 70
32
  0
VERTEX
  5
A58
330
17
100
AcDbEntity
  8
TOPO-CONTOUR-MAJOR
100
AcDbVertex
100
AcDb3dPolylineVertex
 10
103.67141477087094
 20
241.1103489305824
 30
1075.0
 70
32
  0
VERTEX
  5
A59
330
17
100
AcDbEntity
  8
TOPO-CONTOUR-MAJOR
100
AcDbVertex
100
AcDb3dPolylineVertex
 10
103.40494182504881
 20
237.7741596793742
 30
1075.0
 70
32
  0
VERTEX
  5
A5A
330
17
100
AcDbEntity
  8
TOPO-CONTOUR-MAJOR
100
AcDbVertex
100
AcDb3dPolylineVertex
 10
102.39732729863954
 20
237.40418637178354
 30
1075.0
 70
32
  0
VERTEX
  5
A5B
330
17
100
AcDbEntity
  8
TOPO-CONTOUR-MAJOR
100
AcDbVertex
100
AcDb3dPolylineVertex
 10
101.38971277223027
 20
240.077371988606
 30
1075.0
 70
32
  0
VERTEX
  5
A5C
330
17
100
AcDbEntity
  8
TOPO-CONTOUR-MAJOR
100
AcDbVertex
100
AcDb3dPolylineVertex
 10
101.03827027589966
 20
242.11796345654875
 30
1075.0
 70
32
  0
VERTEX
  5
A5D
330
17
100
AcDbEntity
  8
TOPO-CONTOUR-MAJOR
100
AcDbVertex
100
AcDb3dPolylineVertex
 10
101.34392047204474
 20
247.15603608917445
 30
1075.0
 70
32
  0
SEQEND
  5
A54
330
A53
100
AcDbEntity
  8
TOPO-CONTOUR-MAJOR
  0
POLYLINE
  5
A5E
330
17
100
AcDbEntity
  8
TOPO-CONTOUR-MINOR
100
AcDb3dPolyline
 66
1
 10
0.0
 20
0.0
 30
0.0
 70
8
  0
VERTEX
  5
A60
330
17
100
AcDbEntity
  8
TOPO-CONTOUR-MINOR
100
AcDbVertex
100
AcDb3dPolylineVertex
 10
-18.741246661144498
 20
415.0
 30
1076.0
 70
32
  0
VERTEX
  5
A61
330
17
100
AcDbEntity
  8
TOPO-CONTOUR-MINOR
100
AcDbVertex
100
AcDb3dPolylineVertex
 10
-17.508801344037238
 20
413.45096554540106
 30
1076.0
 70
32
  0
VERTEX
  5
A62
330
17
100
AcDbEntity
  8
TOPO-CONTOUR-MINOR
100
AcDbVertex
100
AcDb3dPolylineVertex
 10
-14.084278479583713
 20
410.3895893674344
 30
1076.0
 70
32
  0
VERTEX
  5
A63
330
17
100
AcDbEntity
  8
TOPO-CONTOUR-MINOR
100
AcDbVertex
100
AcDb3dPolylineVertex
 10
-13.348007212006674
 20
409.3819748405367
 30
1076.0
 70
32
  0
VERTEX
  5
A64
330
17
100
AcDbEntity
  8
TOPO-CONTOUR-MINOR
100
AcDbVertex
100
AcDb3dPolylineVertex
 10
-13.06049702495486
 20
408.37436031457037
 30
1076.0
 70
32
  0
VERTEX
  5
A65
330
17
100
AcDbEntity
  8
TOPO-CONTOUR-MINOR
100
AcDbVertex
100
AcDb3dPolylineVertex
 10
-15.493572291218698
 20
406.4176068179729
 30
1076.0
 70
32
  0
VERTEX
  5
A66
330
17
100
AcDbEntity
  8
TOPO-CONTOUR-MINOR
100
AcDbVertex
100
AcDb3dPolylineVertex
 10
-15.724778614091358
 20
405.3515167348087
 30
1076.0
 70
32
  0
VERTEX
  5
A67
330
17
100
AcDbEntity
  8
TOPO-CONTOUR-MINOR
100
AcDbVertex
100
AcDb3dPolylineVertex
 10
-15.493572291218698
 20
403.97512198154715
 30
1076.0
 70
32
  0
VERTEX
  5
A68
330
17
100
AcDbEntity
  8
TOPO-CONTOUR-MINOR
100
AcDbVertex
100
AcDb3dPolylineVertex
 10
-14.485957764809427
 20
402.65262975712653
 30
1076.0
 70
32
  0
VERTEX
  5
A69
330
17
100
AcDbEntity
  8
TOPO-CONTOUR-MINOR
100
AcDbVertex
100
AcDb3dPolylineVertex
 10
-13.478343238401067
 20
402.2731822669979
 30
1076.0
 70
32
  0
VERTEX
  5
A6A
330
17
100
AcDbEntity
  8
TOPO-CONTOUR-MINOR
100
AcDbVertex
100
AcDb3dPolylineVertex
 10
-12.470728711991796
 20
402.3667397020356
 30
1076.0
 70
32
  0
VERTEX
  5
A6B
330
17
100
AcDbEntity
  8
TOPO-CONTOUR-MINOR
100
AcDbVertex
100
AcDb3dPolylineVertex
 10
-10.413509519669061
 20
403.33628768194467
 30
1076.0
 70
32
  0
VERTEX
  5
A6C
330
17
100
AcDbEntity
  8
TOPO-CONTOUR-MINOR
100
AcDbVertex
100
AcDb3dPolylineVertex
 10
-7.669954851433929
 20
405.3515167348087
 30
1076.0
 70
32
  0
VERTEX
  5
A6D
330
17
100
AcDbEntity
  8
TOPO-CONTOUR-MINOR
100
AcDbVertex
100
AcDb3dPolylineVertex
 10
-6.115445437625615
 20
407.3667457876727
 30
1076.0
 70
32
  0
VERTEX
  5
A6E
330
17
100
AcDbEntity
  8
TOPO-CONTOUR-MINOR
100
AcDbVertex
100
AcDb3dPolylineVertex
 10
-4.008444100082857
 20
408.37436031457037
 30
1076.0
 70
32
  0
VERTEX
  5
A6F
330
17
100
AcDbEntity
  8
TOPO-CONTOUR-MINOR
100
AcDbVertex
100
AcDb3dPolylineVertex
 10
-2.3945834479009136
 20
408.7105600979211
 30
1076.0
 70
32
  0
VERTEX
  5
A70
330
17
100
AcDbEntity
  8
TOPO-CONTOUR-MINOR
100
AcDbVertex
100
AcDb3dPolylineVertex
 10
-0.3793543950832827
 20
408.87307614272834
 30
1076.0
 70
32
  0
VERTEX
  5
A71
330
17
100
AcDbEntity
  8
TOPO-CONTOUR-MINOR
100
AcDbVertex
100
AcDb3dPolylineVertex
 10
1.6358746577352576
 20
408.6148619523648
 30
1076.0
 70
32
  0
VERTEX
  5
A72
330
17
100
AcDbEntity
  8
TOPO-CONTOUR-MINOR
100
AcDbVertex
100
AcDb3dPolylineVertex
 10
5.666332763371429
 20
406.72725371862657
 30
1076.0
 70
32
  0
VERTEX
  5
A73
330
17
100
AcDbEntity
  8
TOPO-CONTOUR-MINOR
100
AcDbVertex
100
AcDb3dPolylineVertex
 10
7.681561816189061
 20
407.0816282827417
 30
1076.0
 70
32
  0
VERTEX
  5
A74
330
17
100
AcDbEntity
  8
TOPO-CONTOUR-MINOR
100
AcDbVertex
100
AcDb3dPolylineVertex
 10
8.68917634259833
 20
406.96600669016505
 30
1076.0
 70
32
  0
VERTEX
  5
A75
330
17
100
AcDbEntity
  8
TOPO-CONTOUR-MINOR
100
AcDbVertex
100
AcDb3dPolylineVertex
 10
9.602512124025385
 20
406.35913126170635
 30
1076.0
 70
32
  0
VERTEX
  5
A76
330
17
100
AcDbEntity
  8
TOPO-CONTOUR-MINOR
100
AcDbVertex
100
AcDb3dPolylineVertex
 10
8.68917634259833
 20
405.3253930713225
 30
1076.0
 70
32
  0
VERTEX
  5
A77
330
17
100
AcDbEntity
  8
TOPO-CONTOUR-MINOR
100
AcDbVertex
100
AcDb3dPolylineVertex
 10
7.68156181618906
 20
405.0767809454503
 30
1076.0
 70
32
  0
VERTEX
  5
A78
330
17
100
AcDbEntity
  8
TOPO-CONTOUR-MINOR
100
AcDbVertex
100
AcDb3dPolylineVertex
 10
5.666332763371429
 20
405.19419304814085
 30
1076.0
 70
32
  0
VERTEX
  5
A79
330
17
100
AcDbEntity
  8
TOPO-CONTOUR-MINOR
100
AcDbVertex
100
AcDb3dPolylineVertex
 10
-0.5446743682252444
 20
403.3362876819446
 30
1076.0
 70
32
  0
VERTEX
  5
A7A
330
17
100
AcDbEntity
  8
TOPO-CONTOUR-MINOR
100
AcDbVertex
100
AcDb3dPolylineVertex
 10
-0.4643172230153807
 20
402.3286731559783
 30
1076.0
 70
32
  0
VERTEX
  5
A7B
330
17
100
AcDbEntity
  8
TOPO-CONTOUR-MINOR
100
AcDbVertex
100
AcDb3dPolylineVertex
 10
4.684735519297301
 20
395.2753714704886
 30
1076.0
 70
32
  0
VERTEX
  5
A7C
330
17
100
AcDbEntity
  8
TOPO-CONTOUR-MINOR
100
AcDbVertex
100
AcDb3dPolylineVertex
 10
5.607113421184559
 20
393.2601424185559
 30
1076.0
 70
32
  0
VERTEX
  5
A7D
330
17
100
AcDbEntity
  8
TOPO-CONTOUR-MINOR
100
AcDbVertex
100
AcDb3dPolylineVertex
 10
5.457128273832503
 20
392.25252789165825
 30
1076.0
 70
32
  0
VERTEX
  5
A7E
330
17
100
AcDbEntity
  8
TOPO-CONTOUR-MINOR
100
AcDbVertex
100
AcDb3dPolylineVertex
 10
4.749640588883717
 20
391.2449133656919
 30
1076.0
 70
32
  0
VERTEX
  5
A7F
330
17
100
AcDbEntity
  8
TOPO-CONTOUR-MINOR
100
AcDbVertex
100
AcDb3dPolylineVertex
 10
2.7188817870299027
 20
389.2296843128279
 30
1076.0
 70
32
  0
VERTEX
  5
A80
330
17
100
AcDbEntity
  8
TOPO-CONTOUR-MINOR
100
AcDbVertex
100
AcDb3dPolylineVertex
 10
2.0268872091774783
 20
387.21445525996387
 30
1076.0
 70
32
  0
VERTEX
  5
A81
330
17
100
AcDbEntity
  8
TOPO-CONTOUR-MINOR
100
AcDbVertex
100
AcDb3dPolylineVertex
 10
2.3591909765949866
 20
385.19922620709985
 30
1076.0
 70
32
  0
VERTEX
  5
A82
330
17
100
AcDbEntity
  8
TOPO-CONTOUR-MINOR
100
AcDbVertex
100
AcDb3dPolylineVertex
 10
3.7293985756197063
 20
381.1687681013718
 30
1076.0
 70
32
  0
VERTEX
  5
A83
330
17
100
AcDbEntity
  8
TOPO-CONTOUR-MINOR
100
AcDbVertex
100
AcDb3dPolylineVertex
 10
3.7838831460714486
 20
377.1383099956438
 30
1076.0
 70
32
  0
VERTEX
  5
A84
330
17
100
AcDbEntity
  8
TOPO-CONTOUR-MINOR
100
AcDbVertex
100
AcDb3dPolylineVertex
 10
4.972026111491931
 20
372.1002373639494
 30
1076.0
 70
32
  0
VERTEX
  5
A85
330
17
100
AcDbEntity
  8
TOPO-CONTOUR-MINOR
100
AcDbVertex
100
AcDb3dPolylineVertex
 10
5.287406924882124
 20
367.0621647313237
 30
1076.0
 70
32
  0
VERTEX
  5
A86
330
17
100
AcDbEntity
  8
TOPO-CONTOUR-MINOR
100
AcDbVertex
100
AcDb3dPolylineVertex
 10
5.666332763371429
 20
366.0945931489261
 30
1076.0
 70
32
  0
VERTEX
  5
A87
330
17
100
AcDbEntity
  8
TOPO-CONTOUR-MINOR
100
AcDbVertex
100
AcDb3dPolylineVertex
 10
6.7534110510168315
 20
365.0469356784597
 30
1076.0
 70
32
  0
VERTEX
  5
A88
330
17
100
AcDbEntity
  8
TOPO-CONTOUR-MINOR
100
AcDbVertex
100
AcDb3dPolylineVertex
 10
6.5686915668366765
 20
364.03932115249336
 30
1076.0
 70
32
  0
VERTEX
  5
A89
330
17
100
AcDbEntity
  8
TOPO-CONTOUR-MINOR
100
AcDbVertex
100
AcDb3dPolylineVertex
 10
5.025337290338183
 20
361.0164775727317
 30
1076.0
 70
32
  0
VERTEX
  5
A8A
330
17
100
AcDbEntity
  8
TOPO-CONTOUR-MINOR
100
AcDbVertex
100
AcDb3dPolylineVertex
 10
5.978580481854774
 20
354.9707904141396
 30
1076.0
 70
32
  0
VERTEX
  5
A8B
330
17
100
AcDbEntity
  8
TOPO-CONTOUR-MINOR
100
AcDbVertex
100
AcDb3dPolylineVertex
 10
8.68917634259833
 20
350.0974397266225
 30
1076.0
 70
32
  0
VERTEX
  5
A8C
330
17
100
AcDbEntity
  8
TOPO-CONTOUR-MINOR
100
AcDbVertex
100
AcDb3dPolylineVertex
 10
11.712019921825231
 20
343.585286295201
 30
1076.0
 70
32
  0
VERTEX
  5
A8D
330
17
100
AcDbEntity
  8
TOPO-CONTOUR-MINOR
100
AcDbVertex
100
AcDb3dPolylineVertex
 10
27.833852344369916
 20
325.48870301343095
 30
1076.0
 70
32
  0
VERTEX
  5
A8E
330
17
100
AcDbEntity
  8
TOPO-CONTOUR-MINOR
100
AcDbVertex
100
AcDb3dPolylineVertex
 10
28.841466870779186
 20
322.01281430223094
 30
1076.0
 70
32
  0
VERTEX
  5
A8F
330
17
100
AcDbEntity
  8
TOPO-CONTOUR-MINOR
100
AcDbVertex
100
AcDb3dPolylineVertex
 10
29.73212027294207
 20
312.65098030492663
 30
1076.0
 70
32
  0
VERTEX
  5
A90
330
17
100
AcDbEntity
  8
TOPO-CONTOUR-MINOR
100
AcDbVertex
100
AcDb3dPolylineVertex
 10
31.613102776692237
 20
308.6205222001299
 30
1076.0
 70
32
  0
VERTEX
  5
A91
330
17
100
AcDbEntity
  8
TOPO-CONTOUR-MINOR
100
AcDbVertex
100
AcDb3dPolylineVertex
 10
31.32576676920749
 20
307.61290767323226
 30
1076.0
 70
32
  0
VERTEX
  5
A92
330
17
100
AcDbEntity
  8
TOPO-CONTOUR-MINOR
100
AcDbVertex
100
AcDb3dPolylineVertex
 10
28.390486156933193
 20
304.5900640944019
 30
1076.0
 70
32
  0
VERTEX
  5
A93
330
17
100
AcDbEntity
  8
TOPO-CONTOUR-MINOR
100
AcDbVertex
100
AcDb3dPolylineVertex
 10
27.482626599642316
 20
302.5748350415379
 30
1076.0
 70
32
  0
VERTEX
  5
A94
330
17
100
AcDbEntity
  8
TOPO-CONTOUR-MINOR
100
AcDbVertex
100
AcDb3dPolylineVertex
 10
26.59477693334313
 20
296.52914788294584
 30
1076.0
 70
32
  0
VERTEX
  5
A95
330
17
100
AcDbEntity
  8
TOPO-CONTOUR-MINOR
100
AcDbVertex
100
AcDb3dPolylineVertex
 10
23.803394238733745
 20
288.39735318867275
 30
1076.0
 70
32
  0
VERTEX
  5
A96
330
17
100
AcDbEntity
  8
TOPO-CONTOUR-MINOR
100
AcDbVertex
100
AcDb3dPolylineVertex
 10
22.236914539235773
 20
282.42254451289773
 30
1076.0
 70
32
  0
VERTEX
  5
A97
330
17
100
AcDbEntity
  8
TOPO-CONTOUR-MINOR
100
AcDbVertex
100
AcDb3dPolylineVertex
 10
21.379569449382856
 20
277.38447188120335
 30
1076.0
 70
32
  0
VERTEX
  5
A98
330
17
100
AcDbEntity
  8
TOPO-CONTOUR-MINOR
100
AcDbVertex
100
AcDb3dPolylineVertex
 10
19.40483485655997
 20
270.33117019664496
 30
1076.0
 70
32
  0
VERTEX
  5
A99
330
17
100
AcDbEntity
  8
TOPO-CONTOUR-MINOR
100
AcDbVertex
100
AcDb3dPolylineVertex
 10
15.976675861556828
 20
260.2550249323249
 30
1076.0
 70
32
  0
VERTEX
  5
A9A
330
17
100
AcDbEntity
  8
TOPO-CONTOUR-MINOR
100
AcDbVertex
100
AcDb3dPolylineVertex
 10
15.969577660769898
 20
254.20933777373284
 30
1076.0
 70
32
  0
VERTEX
  5
A9B
330
17
100
AcDbEntity
  8
TOPO-CONTOUR-MINOR
100
AcDbVertex
100
AcDb3dPolylineVertex
 10
15.573407400660255
 20
252.19410872086883
 30
1076.0
 70
32
  0
VERTEX
  5
A9C
330
17
100
AcDbEntity
  8
TOPO-CONTOUR-MINOR
100
AcDbVertex
100
AcDb3dPolylineVertex
 10
14.734863501052132
 20
250.52387244221154
 30
1076.0
 70
32
  0
VERTEX
  5
A9D
330
17
100
AcDbEntity
  8
TOPO-CONTOUR-MINOR
100
AcDbVertex
100
AcDb3dPolylineVertex
 10
11.712019921825231
 20
246.2837782505665
 30
1076.0
 70
32
  0
VERTEX
  5
A9E
330
17
100
AcDbEntity
  8
TOPO-CONTOUR-MINOR
100
AcDbVertex
100
AcDb3dPolylineVertex
 10
10.137848276691276
 20
242.11796345654875
 30
1076.0
 70
32
  0
VERTEX
  5
A9F
330
17
100
AcDbEntity
  8
TOPO-CONTOUR-MINOR
100
AcDbVertex
100
AcDb3dPolylineVertex
 10
8.68917634259833
 20
236.49272227872711
 30
1076.0
 70
32
  0
VERTEX
  5
AA0
330
17
100
AcDbEntity
  8
TOPO-CONTOUR-MINOR
100
AcDbVertex
100
AcDb3dPolylineVertex
 10
7.68156181618906
 20
234.7385068961138
 30
1076.0
 70
32
  0
VERTEX
  5
AA1
330
17
100
AcDbEntity
  8
TOPO-CONTOUR-MINOR
100
AcDbVertex
100
AcDb3dPolylineVertex
 10
5.666332763371429
 20
232.94855626760352
 30
1076.0
 70
32
  0
VERTEX
  5
AA2
330
17
100
AcDbEntity
  8
TOPO-CONTOUR-MINOR
100
AcDbVertex
100
AcDb3dPolylineVertex
 10
4.658718236962159
 20
230.0382669494777
 30
1076.0
 70
32
  0
VERTEX
  5
AA3
330
17
100
AcDbEntity
  8
TOPO-CONTOUR-MINOR
100
AcDbVertex
100
AcDb3dPolylineVertex
 10
2.276404968908997
 20
216.92760029621422
 30
1076.0
 70
32
  0
VERTEX
  5
AA4
330
17
100
AcDbEntity
  8
TOPO-CONTOUR-MINOR
100
AcDbVertex
100
AcDb3dPolylineVertex
 10
2.3355208546286628
 20
215.91998577024788
 30
1076.0
 70
32
  0
VERTEX
  5
AA5
330
17
100
AcDbEntity
  8
TOPO-CONTOUR-MINOR
100
AcDbVertex
100
AcDb3dPolylineVertex
 10
3.8317847209713403
 20
211.88952766451985
 30
1076.0
 70
32
  0
VERTEX
  5
AA6
330
17
100
AcDbEntity
  8
TOPO-CONTOUR-MINOR
100
AcDbVertex
100
AcDb3dPolylineVertex
 10
4.0473114437574775
 20
206.85145503282547
 30
1076.0
 70
32
  0
VERTEX
  5
AA7
330
17
100
AcDbEntity
  8
TOPO-CONTOUR-MINOR
100
AcDbVertex
100
AcDb3dPolylineVertex
 10
5.276417345255611
 20
203.8286114530638
 30
1076.0
 70
32
  0
VERTEX
  5
AA8
330
17
100
AcDbEntity
  8
TOPO-CONTOUR-MINOR
100
AcDbVertex
100
AcDb3dPolylineVertex
 10
4.299646821455219
 20
202.82099692709744
 30
1076.0
 70
32
  0
VERTEX
  5
AA9
330
17
100
AcDbEntity
  8
TOPO-CONTOUR-MINOR
100
AcDbVertex
100
AcDb3dPolylineVertex
 10
2.6434891841436183
 20
202.46404237185794
 30
1076.0
 70
32
  0
VERTEX
  5
AAA
330
17
100
AcDbEntity
  8
TOPO-CONTOUR-MINOR
100
AcDbVertex
100
AcDb3dPolylineVertex
 10
-2.3945834479009136
 20
202.17701634605407
 30
1076.0
 70
32
  0
VERTEX
  5
AAB
330
17
100
AcDbEntity
  8
TOPO-CONTOUR-MINOR
100
AcDbVertex
100
AcDb3dPolylineVertex
 10
-10.260848661228017
 20
200.80576787423342
 30
1076.0
 70
32
  0
VERTEX
  5
AAC
330
17
100
AcDbEntity
  8
TOPO-CONTOUR-MINOR
100
AcDbVertex
100
AcDb3dPolylineVertex
 10
-31.615404713763382
 20
198.62536336336
 30
1076.0
 70
32
  0
VERTEX
  5
AAD
330
17
100
AcDbEntity
  8
TOPO-CONTOUR-MINOR
100
AcDbVertex
100
AcDb3dPolylineVertex
 10
-36.8053894144699
 20
196.7753097685054
 30
1076.0
 70
32
  0
VERTEX
  5
AAE
330
17
100
AcDbEntity
  8
TOPO-CONTOUR-MINOR
100
AcDbVertex
100
AcDb3dPolylineVertex
 10
-38.668706398627364
 20
195.54692533294914
 30
1076.0
 70
32
  0
VERTEX
  5
AAF
330
17
100
AcDbEntity
  8
TOPO-CONTOUR-MINOR
100
AcDbVertex
100
AcDb3dPolylineVertex
 10
-40.30021038440056
 20
193.7524661887437
 30
1076.0
 70
32
  0
VERTEX
  5
AB0
330
17
100
AcDbEntity
  8
TOPO-CONTOUR-MINOR
100
AcDbVertex
100
AcDb3dPolylineVertex
 10
-46.36722798766593
 20
181.66109187249094
 30
1076.0
 70
32
  0
VERTEX
  5
AB1
330
17
100
AcDbEntity
  8
TOPO-CONTOUR-MINOR
100
AcDbVertex
100
AcDb3dPolylineVertex
 10
-46.099202504977605
 20
180.65347734559327
 30
1076.0
 70
32
  0
VERTEX
  5
AB2
330
17
100
AcDbEntity
  8
TOPO-CONTOUR-MINOR
100
AcDbVertex
100
AcDb3dPolylineVertex
 10
-44.71439355708117
 20
179.5708910937894
 30
1076.0
 70
32
  0
VERTEX
  5
AB3
330
17
100
AcDbEntity
  8
TOPO-CONTOUR-MINOR
100
AcDbVertex
100
AcDb3dPolylineVertex
 10
-44.161245357583
 20
178.63824829272926
 30
1076.0
 70
32
  0
VERTEX
  5
AB4
330
17
100
AcDbEntity
  8
TOPO-CONTOUR-MINOR
100
AcDbVertex
100
AcDb3dPolylineVertex
 10
-44.18084204525243
 20
176.62301923986524
 30
1076.0
 70
32
  0
VERTEX
  5
AB5
330
17
100
AcDbEntity
  8
TOPO-CONTOUR-MINOR
100
AcDbVertex
100
AcDb3dPolylineVertex
 10
-44.714393557081166
 20
174.55862756992505
 30
1076.0
 70
32
  0
VERTEX
  5
AB6
330
17
100
AcDbEntity
  8
TOPO-CONTOUR-MINOR
100
AcDbVertex
100
AcDb3dPolylineVertex
 10
-47.25777592601012
 20
170.5773320812732
 30
1076.0
 70
32
  0
VERTEX
  5
AB7
330
17
100
AcDbEntity
  8
TOPO-CONTOUR-MINOR
100
AcDbVertex
100
AcDb3dPolylineVertex
 10
-48.74485166271734
 20
167.3163015068134
 30
1076.0
 70
32
  0
VERTEX
  5
AB8
330
17
100
AcDbEntity
  8
TOPO-CONTOUR-MINOR
100
AcDbVertex
100
AcDb3dPolylineVertex
 10
-55.79815334758041
 20
156.44796107698585
 30
1076.0
 70
32
  0
VERTEX
  5
AB9
330
17
100
AcDbEntity
  8
TOPO-CONTOUR-MINOR
100
AcDbVertex
100
AcDb3dPolylineVertex
 10
-57.81338240039895
 20
153.8146933990665
 30
1076.0
 70
32
  0
VERTEX
  5
ABA
330
17
100
AcDbEntity
  8
TOPO-CONTOUR-MINOR
100
AcDbVertex
100
AcDb3dPolylineVertex
 10
-64.79115438551348
 20
146.39458344783634
 30
1076.0
 70
32
  0
VERTEX
  5
ABB
330
17
100
AcDbEntity
  8
TOPO-CONTOUR-MINOR
100
AcDbVertex
100
AcDb3dPolylineVertex
 10
-67.34824593106839
 20
142.3641253421083
 30
1076.0
 70
32
  0
VERTEX
  5
ABC
330
17
100
AcDbEntity
  8
TOPO-CONTOUR-MINOR
100
AcDbVertex
100
AcDb3dPolylineVertex
 10
-69.28878287820864
 20
138.33366723638028
 30
1076.0
 70
32
  0
VERTEX
  5
ABD
330
17
100
AcDbEntity
  8
TOPO-CONTOUR-MINOR
100
AcDbVertex
100
AcDb3dPolylineVertex
 10
-71.71259874458178
 20
131.2803655518219
 30
1076.0
 70
32
  0
VERTEX
  5
ABE
330
17
100
AcDbEntity
  8
TOPO-CONTOUR-MINOR
100
AcDbVertex
100
AcDb3dPolylineVertex
 10
-72.9444467114383
 20
127.24990744609386
 30
1076.0
 70
32
  0
VERTEX
  5
ABF
330
17
100
AcDbEntity
  8
TOPO-CONTOUR-MINOR
100
AcDbVertex
100
AcDb3dPolylineVertex
 10
-74.7665293720869
 20
119.1889912346378
 30
1076.0
 70
32
  0
VERTEX
  5
AC0
330
17
100
AcDbEntity
  8
TOPO-CONTOUR-MINOR
100
AcDbVertex
100
AcDb3dPolylineVertex
 10
-75.9001774101373
 20
116.16614765580744
 30
1076.0
 70
32
  0
VERTEX
  5
AC1
330
17
100
AcDbEntity
  8
TOPO-CONTOUR-MINOR
100
AcDbVertex
100
AcDb3dPolylineVertex
 10
-86.02658913985215
 20
99.81636423208094
 30
1076.0
 70
32
  0
VERTEX
  5
AC2
330
17
100
AcDbEntity
  8
TOPO-CONTOUR-MINOR
100
AcDbVertex
100
AcDb3dPolylineVertex
 10
-89.71737149656427
 20
92.99101354833692
 30
1076.0
 70
32
  0
VERTEX
  5
AC3
330
17
100
AcDbEntity
  8
TOPO-CONTOUR-MINOR
100
AcDbVertex
100
AcDb3dPolylineVertex
 10
-95.09511987753376
 20
84.83752097302424
 30
1076.0
 70
32
  0
VERTEX
  5
AC4
330
17
100
AcDbEntity
  8
TOPO-CONTOUR-MINOR
100
AcDbVertex
100
AcDb3dPolylineVertex
 10
-98.49022226644564
 20
78.88441017828882
 30
1076.0
 70
32
  0
VERTEX
  5
AC5
330
17
100
AcDbEntity
  8
TOPO-CONTOUR-MINOR
100
AcDbVertex
100
AcDb3dPolylineVertex
 10
-103.28434485402332
 20
71.83110849373043
 30
1076.0
 70
32
  0
VERTEX
  5
AC6
330
17
100
AcDbEntity
  8
TOPO-CONTOUR-MINOR
100
AcDbVertex
100
AcDb3dPolylineVertex
 10
-105.81757547039955
 20
65.78542133513838
 30
1076.0
 70
32
  0
VERTEX
  5
AC7
330
17
100
AcDbEntity
  8
TOPO-CONTOUR-MINOR
100
AcDbVertex
100
AcDb3dPolylineVertex
 10
-110.20933777366918
 20
50.9028764360187
 30
1076.0
 70
32
  0
VERTEX
  5
AC8
330
17
100
AcDbEntity
  8
TOPO-CONTOUR-MINOR
100
AcDbVertex
100
AcDb3dPolylineVertex
 10
-115.67351729357652
 20
38.57982912193984
 30
1076.0
 70
32
  0
VERTEX
  5
AC9
330
17
100
AcDbEntity
  8
TOPO-CONTOUR-MINOR
100
AcDbVertex
100
AcDb3dPolylineVertex
 10
-120.82065103493832
 20
21.45038217306137
 30
1076.0
 70
32
  0
VERTEX
  5
ACA
330
17
100
AcDbEntity
  8
TOPO-CONTOUR-MINOR
100
AcDbVertex
100
AcDb3dPolylineVertex
 10
-122.52215984291999
 20
14.39708048850298
 30
1076.0
 70
32
  0
VERTEX
  5
ACB
330
17
100
AcDbEntity
  8
TOPO-CONTOUR-MINOR
100
AcDbVertex
100
AcDb3dPolylineVertex
 10
-123.99633302105028
 20
7.343778803013265
 30
1076.0
 70
32
  0
VERTEX
  5
ACC
330
17
100
AcDbEntity
  8
TOPO-CONTOUR-MINOR
100
AcDbVertex
100
AcDb3dPolylineVertex
 10
-125.19524045121196
 20
-3.7399809872731566
 30
1076.0
 70
32
  0
VERTEX
  5
ACD
330
17
100
AcDbEntity
  8
TOPO-CONTOUR-MINOR
100
AcDbVertex
100
AcDb3dPolylineVertex
 10
-125.68047994489967
 20
-11.800897198729217
 30
1076.0
 70
32
  0
VERTEX
  5
ACE
330
17
100
AcDbEntity
  8
TOPO-CONTOUR-MINOR
100
AcDbVertex
100
AcDb3dPolylineVertex
 10
-125.59484439870388
 20
-27.922729620710015
 30
1076.0
 70
32
  0
VERTEX
  5
ACF
330
17
100
AcDbEntity
  8
TOPO-CONTOUR-MINOR
100
AcDbVertex
100
AcDb3dPolylineVertex
 10
-127.13131131664299
 20
-37.99887488503009
 30
1076.0
 70
32
  0
VERTEX
  5
AD0
330
17
100
AcDbEntity
  8
TOPO-CONTOUR-MINOR
100
AcDbVertex
100
AcDb3dPolylineVertex
 10
-127.6952189546925
 20
-45.05217656958848
 30
1076.0
 70
32
  0
VERTEX
  5
AD1
330
17
100
AcDbEntity
  8
TOPO-CONTOUR-MINOR
100
AcDbVertex
100
AcDb3dPolylineVertex
 10
-127.79380133701706
 20
-52.1054782550782
 30
1076.0
 70
32
  0
VERTEX
  5
AD2
330
17
100
AcDbEntity
  8
TOPO-CONTOUR-MINOR
100
AcDbVertex
100
AcDb3dPolylineVertex
 10
-127.42848391978508
 20
-60.166394465602934
 30
1076.0
 70
32
  0
VERTEX
  5
AD3
330
17
100
AcDbEntity
  8
TOPO-CONTOUR-MINOR
100
AcDbVertex
100
AcDb3dPolylineVertex
 10
-128.08422637338515
 20
-66.21208162419498
 30
1076.0
 70
32
  0
VERTEX
  5
AD4
330
17
100
AcDbEntity
  8
TOPO-CONTOUR-MINOR
100
AcDbVertex
100
AcDb3dPolylineVertex
 10
-129.59368072547443
 20
-72.25776878278702
 30
1076.0
 70
32
  0
VERTEX
  5
AD5
330
17
100
AcDbEntity
  8
TOPO-CONTOUR-MINOR
100
AcDbVertex
100
AcDb3dPolylineVertex
 10
-130.20878784378837
 20
-76.28822688851506
 30
1076.0
 70
32
  0
VERTEX
  5
AD6
330
17
100
AcDbEntity
  8
TOPO-CONTOUR-MINOR
100
AcDbVertex
100
AcDb3dPolylineVertex
 10
-130.94046661161605
 20
-85.35675762593746
 30
1076.0
 70
32
  0
VERTEX
  5
AD7
330
17
100
AcDbEntity
  8
TOPO-CONTOUR-MINOR
100
AcDbVertex
100
AcDb3dPolylineVertex
 10
-130.67707242529224
 20
-91.40244478452951
 30
1076.0
 70
32
  0
VERTEX
  5
AD8
330
17
100
AcDbEntity
  8
TOPO-CONTOUR-MINOR
100
AcDbVertex
100
AcDb3dPolylineVertex
 10
-131.72728558044446
 20
-97.44813194312155
 30
1076.0
 70
32
  0
VERTEX
  5
AD9
330
17
100
AcDbEntity
  8
TOPO-CONTOUR-MINOR
100
AcDbVertex
100
AcDb3dPolylineVertex
 10
-132.7419116475279
 20
-100.47097552195191
 30
1076.0
 70
32
  0
VERTEX
  5
ADA
330
17
100
AcDbEntity
  8
TOPO-CONTOUR-MINOR
100
AcDbVertex
100
AcDb3dPolylineVertex
 10
-132.64908610630786
 20
-102.48620457481593
 30
1076.0
 70
32
  0
VERTEX
  5
ADB
330
17
100
AcDbEntity
  8
TOPO-CONTOUR-MINOR
100
AcDbVertex
100
AcDb3dPolylineVertex
 10
-131.71187263650233
 20
-106.51666268054396
 30
1076.0
 70
32
  0
VERTEX
  5
ADC
330
17
100
AcDbEntity
  8
TOPO-CONTOUR-MINOR
100
AcDbVertex
100
AcDb3dPolylineVertex
 10
-131.37976070338573
 20
-109.53950626030564
 30
1076.0
 70
32
  0
VERTEX
  5
ADD
330
17
100
AcDbEntity
  8
TOPO-CONTOUR-MINOR
100
AcDbVertex
100
AcDb3dPolylineVertex
 10
-131.9480215503489
 20
-116.59280794486403
 30
1076.0
 70
32
  0
VERTEX
  5
ADE
330
17
100
AcDbEntity
  8
TOPO-CONTOUR-MINOR
100
AcDbVertex
100
AcDb3dPolylineVertex
 10
-134.5951978077223
 20
-133.7222548937425
 30
1076.0
 70
32
  0
VERTEX
  5
ADF
330
17
100
AcDbEntity
  8
TOPO-CONTOUR-MINOR
100
AcDbVertex
100
AcDb3dPolylineVertex
 10
-134.39808312798718
 20
-138.76032752543688
 30
1076.0
 70
32
  0
VERTEX
  5
AE0
330
17
100
AcDbEntity
  8
TOPO-CONTOUR-MINOR
100
AcDbVertex
100
AcDb3dPolylineVertex
 10
-135.11666844589547
 20
-147.8288582637906
 30
1076.0
 70
32
  0
VERTEX
  5
AE1
330
17
100
AcDbEntity
  8
TOPO-CONTOUR-MINOR
100
AcDbVertex
100
AcDb3dPolylineVertex
 10
-135.0860437893593
 20
-152.86693089548498
 30
1076.0
 70
32
  0
VERTEX
  5
AE2
330
17
100
AcDbEntity
  8
TOPO-CONTOUR-MINOR
100
AcDbVertex
100
AcDb3dPolylineVertex
 10
-136.01874891138445
 20
-156.897389001213
 30
1076.0
 70
32
  0
VERTEX
  5
AE3
330
17
100
AcDbEntity
  8
TOPO-CONTOUR-MINOR
100
AcDbVertex
100
AcDb3dPolylineVertex
 10
-136.47403060998388
 20
-160.92784710694104
 30
1076.0
 70
32
  0
VERTEX
  5
AE4
330
17
100
AcDbEntity
  8
TOPO-CONTOUR-MINOR
100
AcDbVertex
100
AcDb3dPolylineVertex
 10
-139.5258778541344
 20
-172.0116068972275
 30
1076.0
 70
32
  0
VERTEX
  5
AE5
330
17
100
AcDbEntity
  8
TOPO-CONTOUR-MINOR
100
AcDbVertex
100
AcDb3dPolylineVertex
 10
-141.4332243325852
 20
-181.08013763464987
 30
1076.0
 70
32
  0
VERTEX
  5
AE6
330
17
100
AcDbEntity
  8
TOPO-CONTOUR-MINOR
100
AcDbVertex
100
AcDb3dPolylineVertex
 10
-143.31803825640543
 20
-185.0
 30
1076.0
 70
32
  0
SEQEND
  5
A5F
330
A5E
100
AcDbEntity
  8
TOPO-CONTOUR-MINOR
  0
POLYLINE
  5
AE7
330
17
100
AcDbEntity
  8
TOPO-CONTOUR-MINOR
100
AcDb3dPolyline
 66
1
 10
0.0
 20
0.0
 30
0.0
 70
8
  0
VERTEX
  5
AE9
330
17
100
AcDbEntity
  8
TOPO-CONTOUR-MINOR
100
AcDbVertex
100
AcDb3dPolylineVertex
 10
-31.56065542267415
 20
415.0
 30
1077.0
 70
32
  0
VERTEX
  5
AEA
330
17
100
AcDbEntity
  8
TOPO-CONTOUR-MINOR
100
AcDbVertex
100
AcDb3dPolylineVertex
 10
-30.06269615418464
 20
412.4048184202984
 30
1077.0
 70
32
  0
VERTEX
  5
AEB
330
17
100
AcDbEntity
  8
TOPO-CONTOUR-MINOR
100
AcDbVertex
100
AcDb3dPolylineVertex
 10
-21.77601471845274
 20
403.3362876819447
 30
1077.0
 70
32
  0
VERTEX
  5
AEC
330
17
100
AcDbEntity
  8
TOPO-CONTOUR-MINOR
100
AcDbVertex
100
AcDb3dPolylineVertex
 10
-17.396644650448398
 20
397.2906005233526
 30
1077.0
 70
32
  0
VERTEX
  5
AED
330
17
100
AcDbEntity
  8
TOPO-CONTOUR-MINOR
100
AcDbVertex
100
AcDb3dPolylineVertex
 10
-17.533857138596268
 20
396.2829859973863
 30
1077.0
 70
32
  0
VERTEX
  5
AEE
330
17
100
AcDbEntity
  8
TOPO-CONTOUR-MINOR
100
AcDbVertex
100
AcDb3dPolylineVertex
 10
-18.54360653562716
 20
394.26775694452226
 30
1077.0
 70
32
  0
VERTEX
  5
AEF
330
17
100
AcDbEntity
  8
TOPO-CONTOUR-MINOR
100
AcDbVertex
100
AcDb3dPolylineVertex
 10
-18.34683882041921
 20
390.23729883879423
 30
1077.0
 70
32
  0
VERTEX
  5
AF0
330
17
100
AcDbEntity
  8
TOPO-CONTOUR-MINOR
100
AcDbVertex
100
AcDb3dPolylineVertex
 10
-18.719672203782423
 20
389.22968431282794
 30
1077.0
 70
32
  0
VERTEX
  5
AF1
330
17
100
AcDbEntity
  8
TOPO-CONTOUR-MINOR
100
AcDbVertex
100
AcDb3dPolylineVertex
 10
-23.688958824398746
 20
385.1992262070998
 30
1077.0
 70
32
  0
VERTEX
  5
AF2
330
17
100
AcDbEntity
  8
TOPO-CONTOUR-MINOR
100
AcDbVertex
100
AcDb3dPolylineVertex
 10
-23.91821135595245
 20
384.1916116802022
 30
1077.0
 70
32
  0
VERTEX
  5
AF3
330
17
100
AcDbEntity
  8
TOPO-CONTOUR-MINOR
100
AcDbVertex
100
AcDb3dPolylineVertex
 10
-23.63500384030557
 20
383.18399715423584
 30
1077.0
 70
32
  0
VERTEX
  5
AF4
330
17
100
AcDbEntity
  8
TOPO-CONTOUR-MINOR
100
AcDbVertex
100
AcDb3dPolylineVertex
 10
-22.07419186882954
 20
381.1687681013718
 30
1077.0
 70
32
  0
VERTEX
  5
AF5
330
17
100
AcDbEntity
  8
TOPO-CONTOUR-MINOR
100
AcDbVertex
100
AcDb3dPolylineVertex
 10
-17.416027993703093
 20
377.1383099956438
 30
1077.0
 70
32
  0
VERTEX
  5
AF6
330
17
100
AcDbEntity
  8
TOPO-CONTOUR-MINOR
100
AcDbVertex
100
AcDb3dPolylineVertex
 10
-12.289608191628512
 20
374.1154664158821
 30
1077.0
 70
32
  0
VERTEX
  5
AF7
330
17
100
AcDbEntity
  8
TOPO-CONTOUR-MINOR
100
AcDbVertex
100
AcDb3dPolylineVertex
 10
-11.054901669814893
 20
373.10785188991576
 30
1077.0
 70
32
  0
VERTEX
  5
AF8
330
17
100
AcDbEntity
  8
TOPO-CONTOUR-MINOR
100
AcDbVertex
100
AcDb3dPolylineVertex
 10
-10.422172034566934
 20
372.1002373639494
 30
1077.0
 70
32
  0
VERTEX
  5
AF9
330
17
100
AcDbEntity
  8
TOPO-CONTOUR-MINOR
100
AcDbVertex
100
AcDb3dPolylineVertex
 10
-10.325603773065453
 20
370.0850083110854
 30
1077.0
 70
32
  0
VERTEX
  5
AFA
330
17
100
AcDbEntity
  8
TOPO-CONTOUR-MINOR
100
AcDbVertex
100
AcDb3dPolylineVertex
 10
-11.291652167324843
 20
368.0697792582214
 30
1077.0
 70
32
  0
VERTEX
  5
AFB
330
17
100
AcDbEntity
  8
TOPO-CONTOUR-MINOR
100
AcDbVertex
100
AcDb3dPolylineVertex
 10
-14.973273135804508
 20
365.0469356784597
 30
1077.0
 70
32
  0
VERTEX
  5
AFC
330
17
100
AcDbEntity
  8
TOPO-CONTOUR-MINOR
100
AcDbVertex
100
AcDb3dPolylineVertex
 10
-16.68849509544623
 20
363.0317066255957
 30
1077.0
 70
32
  0
VERTEX
  5
AFD
330
17
100
AcDbEntity
  8
TOPO-CONTOUR-MINOR
100
AcDbVertex
100
AcDb3dPolylineVertex
 10
-17.793976656408176
 20
361.0164775727317
 30
1077.0
 70
32
  0
VERTEX
  5
AFE
330
17
100
AcDbEntity
  8
TOPO-CONTOUR-MINOR
100
AcDbVertex
100
AcDb3dPolylineVertex
 10
-19.15429135441341
 20
352.95556136220694
 30
1077.0
 70
32
  0
VERTEX
  5
AFF
330
17
100
AcDbEntity
  8
TOPO-CONTOUR-MINOR
100
AcDbVertex
100
AcDb3dPolylineVertex
 10
-19.20238462252903
 20
344.8946451507509
 30
1077.0
 70
32
  0
VERTEX
  5
B00
330
17
100
AcDbEntity
  8
TOPO-CONTOUR-MINOR
100
AcDbVertex
100
AcDb3dPolylineVertex
 10
-18.5164158704456
 20
342.0245886627281
 30
1077.0
 70
32
  0
VERTEX
  5
B01
330
17
100
AcDbEntity
  8
TOPO-CONTOUR-MINOR
100
AcDbVertex
100
AcDb3dPolylineVertex
 10
-15.8672436482501
 20
336.8337289392948
 30
1077.0
 70
32
  0
VERTEX
  5
B02
330
17
100
AcDbEntity
  8
TOPO-CONTOUR-MINOR
100
AcDbVertex
100
AcDb3dPolylineVertex
 10
-14.002011226686637
 20
331.79565630760044
 30
1077.0
 70
32
  0
VERTEX
  5
B03
330
17
100
AcDbEntity
  8
TOPO-CONTOUR-MINOR
100
AcDbVertex
100
AcDb3dPolylineVertex
 10
-12.533326779804097
 20
328.77281272783875
 30
1077.0
 70
32
  0
VERTEX
  5
B04
330
17
100
AcDbEntity
  8
TOPO-CONTOUR-MINOR
100
AcDbVertex
100
AcDb3dPolylineVertex
 10
-11.463114185582526
 20
327.30112139638845
 30
1077.0
 70
32
  0
VERTEX
  5
B05
330
17
100
AcDbEntity
  8
TOPO-CONTOUR-MINOR
100
AcDbVertex
100
AcDb3dPolylineVertex
 10
-7.732628707390891
 20
323.7347400961444
 30
1077.0
 70
32
  0
VERTEX
  5
B06
330
17
100
AcDbEntity
  8
TOPO-CONTOUR-MINOR
100
AcDbVertex
100
AcDb3dPolylineVertex
 10
-6.215477585327308
 20
321.71951104328036
 30
1077.0
 70
32
  0
VERTEX
  5
B07
330
17
100
AcDbEntity
  8
TOPO-CONTOUR-MINOR
100
AcDbVertex
100
AcDb3dPolylineVertex
 10
-3.3662996422177645
 20
316.68143841065466
 30
1077.0
 70
32
  0
VERTEX
  5
B08
330
17
100
AcDbEntity
  8
TOPO-CONTOUR-MINOR
100
AcDbVertex
100
AcDb3dPolylineVertex
 10
-1.386968921492553
 20
313.87380732862937
 30
1077.0
 70
32
  0
VERTEX
  5
B09
330
17
100
AcDbEntity
  8
TOPO-CONTOUR-MINOR
100
AcDbVertex
100
AcDb3dPolylineVertex
 10
-0.3606851772752939
 20
311.6433657789603
 30
1077.0
 70
32
  0
VERTEX
  5
B0A
330
17
100
AcDbEntity
  8
TOPO-CONTOUR-MINOR
100
AcDbVertex
100
AcDb3dPolylineVertex
 10
-0.09022009053833352
 20
309.6281367260963
 30
1077.0
 70
32
  0
VERTEX
  5
B0B
330
17
100
AcDbEntity
  8
TOPO-CONTOUR-MINOR
100
AcDbVertex
100
AcDb3dPolylineVertex
 10
-0.3095849642810856
 20
305.59767862036824
 30
1077.0
 70
32
  0
VERTEX
  5
B0C
330
17
100
AcDbEntity
  8
TOPO-CONTOUR-MINOR
100
AcDbVertex
100
AcDb3dPolylineVertex
 10
1.8660845831502013
 20
296.52914788294584
 30
1077.0
 70
32
  0
VERTEX
  5
B0D
330
17
100
AcDbEntity
  8
TOPO-CONTOUR-MINOR
100
AcDbVertex
100
AcDb3dPolylineVertex
 10
2.267484778423959
 20
291.49107525125146
 30
1077.0
 70
32
  0
VERTEX
  5
B0E
330
17
100
AcDbEntity
  8
TOPO-CONTOUR-MINOR
100
AcDbVertex
100
AcDb3dPolylineVertex
 10
1.7176350943611212
 20
284.43777356576174
 30
1077.0
 70
32
  0
VERTEX
  5
B0F
330
17
100
AcDbEntity
  8
TOPO-CONTOUR-MINOR
100
AcDbVertex
100
AcDb3dPolylineVertex
 10
-0.12571321912357233
 20
269.3235556697473
 30
1077.0
 70
32
  0
VERTEX
  5
B10
330
17
100
AcDbEntity
  8
TOPO-CONTOUR-MINOR
100
AcDbVertex
100
AcDb3dPolylineVertex
 10
-1.386968921492553
 20
266.0873951213738
 30
1077.0
 70
32
  0
VERTEX
  5
B11
330
17
100
AcDbEntity
  8
TOPO-CONTOUR-MINOR
100
AcDbVertex
100
AcDb3dPolylineVertex
 10
-4.893102781280054
 20
262.2702539851889
 30
1077.0
 70
32
  0
VERTEX
  5
B12
330
17
100
AcDbEntity
  8
TOPO-CONTOUR-MINOR
100
AcDbVertex
100
AcDb3dPolylineVertex
 10
-6.238099272822553
 20
260.2550249323249
 30
1077.0
 70
32
  0
VERTEX
  5
B13
330
17
100
AcDbEntity
  8
TOPO-CONTOUR-MINOR
100
AcDbVertex
100
AcDb3dPolylineVertex
 10
-12.470728711991796
 20
246.84601944909218
 30
1077.0
 70
32
  0
VERTEX
  5
B14
330
17
100
AcDbEntity
  8
TOPO-CONTOUR-MINOR
100
AcDbVertex
100
AcDb3dPolylineVertex
 10
-17.621938087241578
 20
230.02658914029598
 30
1077.0
 70
32
  0
VERTEX
  5
B15
330
17
100
AcDbEntity
  8
TOPO-CONTOUR-MINOR
100
AcDbVertex
100
AcDb3dPolylineVertex
 10
-20.201674704483956
 20
211.88952766451985
 30
1077.0
 70
32
  0
VERTEX
  5
B16
330
17
100
AcDbEntity
  8
TOPO-CONTOUR-MINOR
100
AcDbVertex
100
AcDb3dPolylineVertex
 10
-22.2258807625717
 20
205.8438405059278
 30
1077.0
 70
32
  0
VERTEX
  5
B17
330
17
100
AcDbEntity
  8
TOPO-CONTOUR-MINOR
100
AcDbVertex
100
AcDb3dPolylineVertex
 10
-22.794053511507947
 20
204.83622597996145
 30
1077.0
 70
32
  0
VERTEX
  5
B18
330
17
100
AcDbEntity
  8
TOPO-CONTOUR-MINOR
100
AcDbVertex
100
AcDb3dPolylineVertex
 10
-23.97110287427906
 20
203.8286114530638
 30
1077.0
 70
32
  0
VERTEX
  5
B19
330
17
100
AcDbEntity
  8
TOPO-CONTOUR-MINOR
100
AcDbVertex
100
AcDb3dPolylineVertex
 10
-34.63824829299119
 20
200.1393326847052
 30
1077.0
 70
32
  0
VERTEX
  5
B1A
330
17
100
AcDbEntity
  8
TOPO-CONTOUR-MINOR
100
AcDbVertex
100
AcDb3dPolylineVertex
 10
-38.668706398627364
 20
198.2281897944357
 30
1077.0
 70
32
  0
VERTEX
  5
B1B
330
17
100
AcDbEntity
  8
TOPO-CONTOUR-MINOR
100
AcDbVertex
100
AcDb3dPolylineVertex
 10
-40.683935451444995
 20
196.87302405867732
 30
1077.0
 70
32
  0
VERTEX
  5
B1C
330
17
100
AcDbEntity
  8
TOPO-CONTOUR-MINOR
100
AcDbVertex
100
AcDb3dPolylineVertex
 10
-48.74485166271734
 20
189.37635349371521
 30
1077.0
 70
32
  0
VERTEX
  5
B1D
330
17
100
AcDbEntity
  8
TOPO-CONTOUR-MINOR
100
AcDbVertex
100
AcDb3dPolylineVertex
 10
-53.8597805016352
 20
182.6687063984573
 30
1077.0
 70
32
  0
VERTEX
  5
B1E
330
17
100
AcDbEntity
  8
TOPO-CONTOUR-MINOR
100
AcDbVertex
100
AcDb3dPolylineVertex
 10
-55.94481504459812
 20
178.63824829272926
 30
1077.0
 70
32
  0
VERTEX
  5
B1F
330
17
100
AcDbEntity
  8
TOPO-CONTOUR-MINOR
100
AcDbVertex
100
AcDb3dPolylineVertex
 10
-57.196111837514714
 20
172.5925611341372
 30
1077.0
 70
32
  0
VERTEX
  5
B20
330
17
100
AcDbEntity
  8
TOPO-CONTOUR-MINOR
100
AcDbVertex
100
AcDb3dPolylineVertex
 10
-56.80576787398968
 20
171.39264173600964
 30
1077.0
 70
32
  0
VERTEX
  5
B21
330
17
100
AcDbEntity
  8
TOPO-CONTOUR-MINOR
100
AcDbVertex
100
AcDb3dPolylineVertex
 10
-55.79815334758041
 20
170.83038919071345
 30
1077.0
 70
32
  0
VERTEX
  5
B22
330
17
100
AcDbEntity
  8
TOPO-CONTOUR-MINOR
100
AcDbVertex
100
AcDb3dPolylineVertex
 10
-52.77530976835351
 20
170.8673217890232
 30
1077.0
 70
32
  0
VERTEX
  5
B23
330
17
100
AcDbEntity
  8
TOPO-CONTOUR-MINOR
100
AcDbVertex
100
AcDb3dPolylineVertex
 10
-52.35496784987215
 20
170.5773320812732
 30
1077.0
 70
32
  0
VERTEX
  5
B24
330
17
100
AcDbEntity
  8
TOPO-CONTOUR-MINOR
100
AcDbVertex
100
AcDb3dPolylineVertex
 10
-52.743412085954745
 20
167.55448850244284
 30
1077.0
 70
32
  0
VERTEX
  5
B25
330
17
100
AcDbEntity
  8
TOPO-CONTOUR-MINOR
100
AcDbVertex
100
AcDb3dPolylineVertex
 10
-53.71598787808912
 20
164.53164492361248
 30
1077.0
 70
32
  0
VERTEX
  5
B26
330
17
100
AcDbEntity
  8
TOPO-CONTOUR-MINOR
100
AcDbVertex
100
AcDb3dPolylineVertex
 10
-55.79815334758041
 20
160.31821925634193
 30
1077.0
 70
32
  0
VERTEX
  5
B27
330
17
100
AcDbEntity
  8
TOPO-CONTOUR-MINOR
100
AcDbVertex
100
AcDb3dPolylineVertex
 10
-57.81338240039895
 20
157.0677891963689
 30
1077.0
 70
32
  0
VERTEX
  5
B28
330
17
100
AcDbEntity
  8
TOPO-CONTOUR-MINOR
100
AcDbVertex
100
AcDb3dPolylineVertex
 10
-66.02984075807836
 20
147.402197974734
 30
1077.0
 70
32
  0
VERTEX
  5
B29
330
17
100
AcDbEntity
  8
TOPO-CONTOUR-MINOR
100
AcDbVertex
100
AcDb3dPolylineVertex
 10
-71.11440958913084
 20
139.34128176327795
 30
1077.0
 70
32
  0
VERTEX
  5
B2A
330
17
100
AcDbEntity
  8
TOPO-CONTOUR-MINOR
100
AcDbVertex
100
AcDb3dPolylineVertex
 10
-74.34265556417279
 20
129.26513649895787
 30
1077.0
 70
32
  0
VERTEX
  5
B2B
330
17
100
AcDbEntity
  8
TOPO-CONTOUR-MINOR
100
AcDbVertex
100
AcDb3dPolylineVertex
 10
-76.69387690605681
 20
119.1889912346378
 30
1077.0
 70
32
  0
VERTEX
  5
B2C
330
17
100
AcDbEntity
  8
TOPO-CONTOUR-MINOR
100
AcDbVertex
100
AcDb3dPolylineVertex
 10
-77.93688686180334
 20
116.16614765580744
 30
1077.0
 70
32
  0
VERTEX
  5
B2D
330
17
100
AcDbEntity
  8
TOPO-CONTOUR-MINOR
100
AcDbVertex
100
AcDb3dPolylineVertex
 10
-86.34819052199279
 20
103.067158812657
 30
1077.0
 70
32
  0
VERTEX
  5
B2E
330
17
100
AcDbEntity
  8
TOPO-CONTOUR-MINOR
100
AcDbVertex
100
AcDb3dPolylineVertex
 10
-90.61563560221038
 20
95.00624260120094
 30
1077.0
 70
32
  0
VERTEX
  5
B2F
330
17
100
AcDbEntity
  8
TOPO-CONTOUR-MINOR
100
AcDbVertex
100
AcDb3dPolylineVertex
 10
-93.51765371113498
 20
90.97578449547291
 30
1077.0
 70
32
  0
VERTEX
  5
B30
330
17
100
AcDbEntity
  8
TOPO-CONTOUR-MINOR
100
AcDbVertex
100
AcDb3dPolylineVertex
 10
-99.88085225371594
 20
79.89202470518649
 30
1077.0
 70
32
  0
VERTEX
  5
B31
330
17
100
AcDbEntity
  8
TOPO-CONTOUR-MINOR
100
AcDbVertex
100
AcDb3dPolylineVertex
 10
-104.85305022778863
 20
72.83872301969677
 30
1077.0
 70
32
  0
VERTEX
  5
B32
330
17
100
AcDbEntity
  8
TOPO-CONTOUR-MINOR
100
AcDbVertex
100
AcDb3dPolylineVertex
 10
-107.86288789863686
 20
65.78542133513838
 30
1077.0
 70
32
  0
VERTEX
  5
B33
330
17
100
AcDbEntity
  8
TOPO-CONTOUR-MINOR
100
AcDbVertex
100
AcDb3dPolylineVertex
 10
-111.21695230007845
 20
55.6155104470345
 30
1077.0
 70
32
  0
VERTEX
  5
B34
330
17
100
AcDbEntity
  8
TOPO-CONTOUR-MINOR
100
AcDbVertex
100
AcDb3dPolylineVertex
 10
-116.25502493212389
 20
46.07578314160679
 30
1077.0
 70
32
  0
VERTEX
  5
B35
330
17
100
AcDbEntity
  8
TOPO-CONTOUR-MINOR
100
AcDbVertex
100
AcDb3dPolylineVertex
 10
-119.62533294340142
 20
37.57221459597349
 30
1077.0
 70
32
  0
VERTEX
  5
B36
330
17
100
AcDbEntity
  8
TOPO-CONTOUR-MINOR
100
AcDbVertex
100
AcDb3dPolylineVertex
 10
-123.50005822964337
 20
24.473225752823055
 30
1077.0
 70
32
  0
VERTEX
  5
B37
330
17
100
AcDbEntity
  8
TOPO-CONTOUR-MINOR
100
AcDbVertex
100
AcDb3dPolylineVertex
 10
-127.39863994186081
 20
9.35900785587728
 30
1077.0
 70
32
  0
VERTEX
  5
B38
330
17
100
AcDbEntity
  8
TOPO-CONTOUR-MINOR
100
AcDbVertex
100
AcDb3dPolylineVertex
 10
-129.49753804321674
 20
-7.770439093001186
 30
1077.0
 70
32
  0
VERTEX
  5
B39
330
17
100
AcDbEntity
  8
TOPO-CONTOUR-MINOR
100
AcDbVertex
100
AcDb3dPolylineVertex
 10
-129.46194242585437
 20
-15.831355303525925
 30
1077.0
 70
32
  0
VERTEX
  5
B3A
330
17
100
AcDbEntity
  8
TOPO-CONTOUR-MINOR
100
AcDbVertex
100
AcDb3dPolylineVertex
 10
-130.01659696019902
 20
-24.899886041879654
 30
1077.0
 70
32
  0
VERTEX
  5
B3B
330
17
100
AcDbEntity
  8
TOPO-CONTOUR-MINOR
100
AcDbVertex
100
AcDb3dPolylineVertex
 10
-131.70037176603623
 20
-34.97603130526841
 30
1077.0
 70
32
  0
VERTEX
  5
B3C
330
17
100
AcDbEntity
  8
TOPO-CONTOUR-MINOR
100
AcDbVertex
100
AcDb3dPolylineVertex
 10
-132.24522747250634
 20
-41.02171846386045
 30
1077.0
 70
32
  0
VERTEX
  5
B3D
330
17
100
AcDbEntity
  8
TOPO-CONTOUR-MINOR
100
AcDbVertex
100
AcDb3dPolylineVertex
 10
-133.53182601422424
 20
-49.08263467531651
 30
1077.0
 70
32
  0
VERTEX
  5
B3E
330
17
100
AcDbEntity
  8
TOPO-CONTOUR-MINOR
100
AcDbVertex
100
AcDb3dPolylineVertex
 10
-133.73384857956313
 20
-54.12070730794221
 30
1077.0
 70
32
  0
VERTEX
  5
B3F
330
17
100
AcDbEntity
  8
TOPO-CONTOUR-MINOR
100
AcDbVertex
100
AcDb3dPolylineVertex
 10
-136.27396571915997
 20
-64.19685257133096
 30
1077.0
 70
32
  0
VERTEX
  5
B40
330
17
100
AcDbEntity
  8
TOPO-CONTOUR-MINOR
100
AcDbVertex
100
AcDb3dPolylineVertex
 10
-136.4713191580281
 20
-69.23492520395666
 30
1077.0
 70
32
  0
VERTEX
  5
B41
330
17
100
AcDbEntity
  8
TOPO-CONTOUR-MINOR
100
AcDbVertex
100
AcDb3dPolylineVertex
 10
-137.5725096592622
 20
-77.2958414144814
 30
1077.0
 70
32
  0
VERTEX
  5
B42
330
17
100
AcDbEntity
  8
TOPO-CONTOUR-MINOR
100
AcDbVertex
100
AcDb3dPolylineVertex
 10
-137.9920734947366
 20
-89.38721573166549
 30
1077.0
 70
32
  0
VERTEX
  5
B43
330
17
100
AcDbEntity
  8
TOPO-CONTOUR-MINOR
100
AcDbVertex
100
AcDb3dPolylineVertex
 10
-139.0173468756532
 20
-93.41767383739352
 30
1077.0
 70
32
  0
VERTEX
  5
B44
330
17
100
AcDbEntity
  8
TOPO-CONTOUR-MINOR
100
AcDbVertex
100
AcDb3dPolylineVertex
 10
-140.67844342628797
 20
-97.44813194312155
 30
1077.0
 70
32
  0
VERTEX
  5
B45
330
17
100
AcDbEntity
  8
TOPO-CONTOUR-MINOR
100
AcDbVertex
100
AcDb3dPolylineVertex
 10
-141.15770619634753
 20
-99.46336099598557
 30
1077.0
 70
32
  0
VERTEX
  5
B46
330
17
100
AcDbEntity
  8
TOPO-CONTOUR-MINOR
100
AcDbVertex
100
AcDb3dPolylineVertex
 10
-140.51507993871212
 20
-106.51666268054394
 30
1077.0
 70
32
  0
VERTEX
  5
B47
330
17
100
AcDbEntity
  8
TOPO-CONTOUR-MINOR
100
AcDbVertex
100
AcDb3dPolylineVertex
 10
-142.15351706112617
 20
-115.58519341889769
 30
1077.0
 70
32
  0
VERTEX
  5
B48
330
17
100
AcDbEntity
  8
TOPO-CONTOUR-MINOR
100
AcDbVertex
100
AcDb3dPolylineVertex
 10
-142.49376663890635
 20
-119.61565152369438
 30
1077.0
 70
32
  0
VERTEX
  5
B49
330
17
100
AcDbEntity
  8
TOPO-CONTOUR-MINOR
100
AcDbVertex
100
AcDb3dPolylineVertex
 10
-143.27071789363515
 20
-122.63849510345608
 30
1077.0
 70
32
  0
VERTEX
  5
B4A
330
17
100
AcDbEntity
  8
TOPO-CONTOUR-MINOR
100
AcDbVertex
100
AcDb3dPolylineVertex
 10
-143.26923850621293
 20
-126.66895320918411
 30
1077.0
 70
32
  0
VERTEX
  5
B4B
330
17
100
AcDbEntity
  8
TOPO-CONTOUR-MINOR
100
AcDbVertex
100
AcDb3dPolylineVertex
 10
-144.53234759818503
 20
-137.75271299947053
 30
1077.0
 70
32
  0
VERTEX
  5
B4C
330
17
100
AcDbEntity
  8
TOPO-CONTOUR-MINOR
100
AcDbVertex
100
AcDb3dPolylineVertex
 10
-145.85251322064482
 20
-143.79840015806258
 30
1077.0
 70
32
  0
VERTEX
  5
B4D
330
17
100
AcDbEntity
  8
TOPO-CONTOUR-MINOR
100
AcDbVertex
100
AcDb3dPolylineVertex
 10
-145.16724607010028
 20
-149.84408731665462
 30
1077.0
 70
32
  0
VERTEX
  5
B4E
330
17
100
AcDbEntity
  8
TOPO-CONTOUR-MINOR
100
AcDbVertex
100
AcDb3dPolylineVertex
 10
-145.36491066059008
 20
-153.87454542238265
 30
1077.0
 70
32
  0
VERTEX
  5
B4F
330
17
100
AcDbEntity
  8
TOPO-CONTOUR-MINOR
100
AcDbVertex
100
AcDb3dPolylineVertex
 10
-146.12767712822907
 20
-157.90500352717936
 30
1077.0
 70
32
  0
VERTEX
  5
B50
330
17
100
AcDbEntity
  8
TOPO-CONTOUR-MINOR
100
AcDbVertex
100
AcDb3dPolylineVertex
 10
-147.8596690871793
 20
-162.94307615980506
 30
1077.0
 70
32
  0
VERTEX
  5
B51
330
17
100
AcDbEntity
  8
TOPO-CONTOUR-MINOR
100
AcDbVertex
100
AcDb3dPolylineVertex
 10
-148.97831396323522
 20
-167.98114879149944
 30
1077.0
 70
32
  0
VERTEX
  5
B52
330
17
100
AcDbEntity
  8
TOPO-CONTOUR-MINOR
100
AcDbVertex
100
AcDb3dPolylineVertex
 10
-149.39056382383652
 20
-174.02683595009148
 30
1077.0
 70
32
  0
VERTEX
  5
B53
330
17
100
AcDbEntity
  8
TOPO-CONTOUR-MINOR
100
AcDbVertex
100
AcDb3dPolylineVertex
 10
-150.27527447888468
 20
-180.07252310868353
 30
1077.0
 70
32
  0
VERTEX
  5
B54
330
17
100
AcDbEntity
  8
TOPO-CONTOUR-MINOR
100
AcDbVertex
100
AcDb3dPolylineVertex
 10
-152.35274590859296
 20
-185.0
 30
1077.0
 70
32
  0
SEQEND
  5
AE8
330
AE7
100
AcDbEntity
  8
TOPO-CONTOUR-MINOR
  0
POLYLINE
  5
B55
330
17
100
AcDbEntity
  8
TOPO-CONTOUR-MINOR
100
AcDb3dPolyline
 66
1
 10
0.0
 20
0.0
 30
0.0
 70
8
  0
VERTEX
  5
B57
330
17
100
AcDbEntity
  8
TOPO-CONTOUR-MINOR
100
AcDbVertex
100
AcDb3dPolylineVertex
 10
-244.06688896560772
 20
-185.0
 30
1077.0
 70
32
  0
VERTEX
  5
B58
330
17
100
AcDbEntity
  8
TOPO-CONTOUR-MINOR
100
AcDbVertex
100
AcDb3dPolylineVertex
 10
-241.1992262068452
 20
-179.5019367764188
 30
1077.0
 70
32
  0
VERTEX
  5
B59
330
17
100
AcDbEntity
  8
TOPO-CONTOUR-MINOR
100
AcDbVertex
100
AcDb3dPolylineVertex
 10
-237.16876810120903
 20
-170.02757576684732
 30
1077.0
 70
32
  0
VERTEX
  5
B5A
330
17
100
AcDbEntity
  8
TOPO-CONTOUR-MINOR
100
AcDbVertex
100
AcDb3dPolylineVertex
 10
-235.40327322193917
 20
-163.9506906857714
 30
1077.0
 70
32
  0
VERTEX
  5
B5B
330
17
100
AcDbEntity
  8
TOPO-CONTOUR-MINOR
100
AcDbVertex
100
AcDb3dPolylineVertex
 10
-232.5631509656294
 20
-156.897389001213
 30
1077.0
 70
32
  0
VERTEX
  5
B5C
330
17
100
AcDbEntity
  8
TOPO-CONTOUR-MINOR
100
AcDbVertex
100
AcDb3dPolylineVertex
 10
-230.77997153261316
 20
-152.86693089548498
 30
1077.0
 70
32
  0
VERTEX
  5
B5D
330
17
100
AcDbEntity
  8
TOPO-CONTOUR-MINOR
100
AcDbVertex
100
AcDb3dPolylineVertex
 10
-224.96888498043546
 20
-141.78317110519856
 30
1077.0
 70
32
  0
VERTEX
  5
B5E
330
17
100
AcDbEntity
  8
TOPO-CONTOUR-MINOR
100
AcDbVertex
100
AcDb3dPolylineVertex
 10
-221.17875677239914
 20
-132.71464036777616
 30
1077.0
 70
32
  0
VERTEX
  5
B5F
330
17
100
AcDbEntity
  8
TOPO-CONTOUR-MINOR
100
AcDbVertex
100
AcDb3dPolylineVertex
 10
-219.6636950906739
 20
-125.66133868228644
 30
1077.0
 70
32
  0
VERTEX
  5
B60
330
17
100
AcDbEntity
  8
TOPO-CONTOUR-MINOR
100
AcDbVertex
100
AcDb3dPolylineVertex
 10
-216.0088630466189
 20
-113.44880487648047
 30
1077.0
 70
32
  0
VERTEX
  5
B61
330
17
100
AcDbEntity
  8
TOPO-CONTOUR-MINOR
100
AcDbVertex
100
AcDb3dPolylineVertex
 10
-213.68872045066203
 20
-100.47097552195191
 30
1077.0
 70
32
  0
VERTEX
  5
B62
330
17
100
AcDbEntity
  8
TOPO-CONTOUR-MINOR
100
AcDbVertex
100
AcDb3dPolylineVertex
 10
-211.75163415815473
 20
-93.41767383739352
 30
1077.0
 70
32
  0
VERTEX
  5
B63
330
17
100
AcDbEntity
  8
TOPO-CONTOUR-MINOR
100
AcDbVertex
100
AcDb3dPolylineVertex
 10
-210.47602220343154
 20
-87.37198667880148
 30
1077.0
 70
32
  0
VERTEX
  5
B64
330
17
100
AcDbEntity
  8
TOPO-CONTOUR-MINOR
100
AcDbVertex
100
AcDb3dPolylineVertex
 10
-208.95556136175583
 20
-82.8406674024795
 30
1077.0
 70
32
  0
VERTEX
  5
B65
330
17
100
AcDbEntity
  8
TOPO-CONTOUR-MINOR
100
AcDbVertex
100
AcDb3dPolylineVertex
 10
-205.93271778252895
 20
-71.33343921486113
 30
1077.0
 70
32
  0
VERTEX
  5
B66
330
17
100
AcDbEntity
  8
TOPO-CONTOUR-MINOR
100
AcDbVertex
100
AcDb3dPolylineVertex
 10
-204.40411952467457
 20
-64.19685257133096
 30
1077.0
 70
32
  0
VERTEX
  5
B67
330
17
100
AcDbEntity
  8
TOPO-CONTOUR-MINOR
100
AcDbVertex
100
AcDb3dPolylineVertex
 10
-202.90987420330202
 20
-60.715774001547665
 30
1077.0
 70
32
  0
VERTEX
  5
B68
330
17
100
AcDbEntity
  8
TOPO-CONTOUR-MINOR
100
AcDbVertex
100
AcDb3dPolylineVertex
 10
-199.8870306240742
 20
-51.58305845052256
 30
1077.0
 70
32
  0
VERTEX
  5
B69
330
17
100
AcDbEntity
  8
TOPO-CONTOUR-MINOR
100
AcDbVertex
100
AcDb3dPolylineVertex
 10
-198.23219007574528
 20
-45.05217656958848
 30
1077.0
 70
32
  0
VERTEX
  5
B6A
330
17
100
AcDbEntity
  8
TOPO-CONTOUR-MINOR
100
AcDbVertex
100
AcDb3dPolylineVertex
 10
-193.8413434656204
 20
-33.41556361675684
 30
1077.0
 70
32
  0
VERTEX
  5
B6B
330
17
100
AcDbEntity
  8
TOPO-CONTOUR-MINOR
100
AcDbVertex
100
AcDb3dPolylineVertex
 10
-191.82611441280187
 20
-26.09089193803701
 30
1077.0
 70
32
  0
VERTEX
  5
B6C
330
17
100
AcDbEntity
  8
TOPO-CONTOUR-MINOR
100
AcDbVertex
100
AcDb3dPolylineVertex
 10
-190.4404169201423
 20
-18.85419888328761
 30
1077.0
 70
32
  0
VERTEX
  5
B6D
330
17
100
AcDbEntity
  8
TOPO-CONTOUR-MINOR
100
AcDbVertex
100
AcDb3dPolylineVertex
 10
-187.78460611026236
 20
-11.800897198729217
 30
1077.0
 70
32
  0
VERTEX
  5
B6E
330
17
100
AcDbEntity
  8
TOPO-CONTOUR-MINOR
100
AcDbVertex
100
AcDb3dPolylineVertex
 10
-187.3698304487035
 20
-9.785668145865202
 30
1077.0
 70
32
  0
VERTEX
  5
B6F
330
17
100
AcDbEntity
  8
TOPO-CONTOUR-MINOR
100
AcDbVertex
100
AcDb3dPolylineVertex
 10
-187.13718116665638
 20
-4.747595513239503
 30
1077.0
 70
32
  0
VERTEX
  5
B70
330
17
100
AcDbEntity
  8
TOPO-CONTOUR-MINOR
100
AcDbVertex
100
AcDb3dPolylineVertex
 10
-186.37638233651285
 20
-1.7247519344091415
 30
1077.0
 70
32
  0
VERTEX
  5
B71
330
17
100
AcDbEntity
  8
TOPO-CONTOUR-MINOR
100
AcDbVertex
100
AcDb3dPolylineVertex
 10
-179.73474009589336
 20
14.629129530336767
 30
1077.0
 70
32
  0
VERTEX
  5
B72
330
17
100
AcDbEntity
  8
TOPO-CONTOUR-MINOR
100
AcDbVertex
100
AcDb3dPolylineVertex
 10
-175.26055794168133
 20
31.526527437381446
 30
1077.0
 70
32
  0
VERTEX
  5
B73
330
17
100
AcDbEntity
  8
TOPO-CONTOUR-MINOR
100
AcDbVertex
100
AcDb3dPolylineVertex
 10
-173.02444460727637
 20
41.60267270170152
 30
1077.0
 70
32
  0
VERTEX
  5
B74
330
17
100
AcDbEntity
  8
TOPO-CONTOUR-MINOR
100
AcDbVertex
100
AcDb3dPolylineVertex
 10
-169.1902766051727
 20
53.69404701795429
 30
1077.0
 70
32
  0
VERTEX
  5
B75
330
17
100
AcDbEntity
  8
TOPO-CONTOUR-MINOR
100
AcDbVertex
100
AcDb3dPolylineVertex
 10
-166.63575125257557
 20
60.23907069347674
 30
1077.0
 70
32
  0
VERTEX
  5
B76
330
17
100
AcDbEntity
  8
TOPO-CONTOUR-MINOR
100
AcDbVertex
100
AcDb3dPolylineVertex
 10
-164.81997982591616
 20
66.79303586203605
 30
1077.0
 70
32
  0
VERTEX
  5
B77
330
17
100
AcDbEntity
  8
TOPO-CONTOUR-MINOR
100
AcDbVertex
100
AcDb3dPolylineVertex
 10
-159.5824495677125
 20
81.76193470895254
 30
1077.0
 70
32
  0
VERTEX
  5
B78
330
17
100
AcDbEntity
  8
TOPO-CONTOUR-MINOR
100
AcDbVertex
100
AcDb3dPolylineVertex
 10
-156.5596059884856
 20
93.05717517952708
 30
1077.0
 70
32
  0
VERTEX
  5
B79
330
17
100
AcDbEntity
  8
TOPO-CONTOUR-MINOR
100
AcDbVertex
100
AcDb3dPolylineVertex
 10
-152.95214086165186
 20
109.11284597031772
 30
1077.0
 70
32
  0
VERTEX
  5
B7A
330
17
100
AcDbEntity
  8
TOPO-CONTOUR-MINOR
100
AcDbVertex
100
AcDb3dPolylineVertex
 10
-150.7601219498755
 20
117.17376218177378
 30
1077.0
 70
32
  0
VERTEX
  5
B7B
330
17
100
AcDbEntity
  8
TOPO-CONTOUR-MINOR
100
AcDbVertex
100
AcDb3dPolylineVertex
 10
-145.93281290012783
 20
132.28798007778823
 30
1077.0
 70
32
  0
VERTEX
  5
B7C
330
17
100
AcDbEntity
  8
TOPO-CONTOUR-MINOR
100
AcDbVertex
100
AcDb3dPolylineVertex
 10
-143.46061714516782
 20
138.1539671677137
 30
1077.0
 70
32
  0
VERTEX
  5
B7D
330
17
100
AcDbEntity
  8
TOPO-CONTOUR-MINOR
100
AcDbVertex
100
AcDb3dPolylineVertex
 10
-136.40731546030474
 20
158.24906267549574
 30
1077.0
 70
32
  0
VERTEX
  5
B7E
330
17
100
AcDbEntity
  8
TOPO-CONTOUR-MINOR
100
AcDbVertex
100
AcDb3dPolylineVertex
 10
-135.11284880458467
 20
163.5240303967148
 30
1077.0
 70
32
  0
VERTEX
  5
B7F
330
17
100
AcDbEntity
  8
TOPO-CONTOUR-MINOR
100
AcDbVertex
100
AcDb3dPolylineVertex
 10
-130.36162830185003
 20
178.2439212292495
 30
1077.0
 70
32
  0
VERTEX
  5
B80
330
17
100
AcDbEntity
  8
TOPO-CONTOUR-MINOR
100
AcDbVertex
100
AcDb3dPolylineVertex
 10
-126.33117019621386
 20
192.24513905727878
 30
1077.0
 70
32
  0
VERTEX
  5
B81
330
17
100
AcDbEntity
  8
TOPO-CONTOUR-MINOR
100
AcDbVertex
100
AcDb3dPolylineVertex
 10
-121.57906944073713
 20
210.88191313762218
 30
1077.0
 70
32
  0
VERTEX
  5
B82
330
17
100
AcDbEntity
  8
TOPO-CONTOUR-MINOR
100
AcDbVertex
100
AcDb3dPolylineVertex
 10
-118.9127321995751
 20
217.9352148231119
 30
1077.0
 70
32
  0
VERTEX
  5
B83
330
17
100
AcDbEntity
  8
TOPO-CONTOUR-MINOR
100
AcDbVertex
100
AcDb3dPolylineVertex
 10
-115.19472558750792
 20
225.99613103456795
 30
1077.0
 70
32
  0
VERTEX
  5
B84
330
17
100
AcDbEntity
  8
TOPO-CONTOUR-MINOR
100
AcDbVertex
100
AcDb3dPolylineVertex
 10
-112.77329370827964
 20
233.04943271912634
 30
1077.0
 70
32
  0
VERTEX
  5
B85
330
17
100
AcDbEntity
  8
TOPO-CONTOUR-MINOR
100
AcDbVertex
100
AcDb3dPolylineVertex
 10
-109.16910640763507
 20
241.1103489305824
 30
1077.0
 70
32
  0
VERTEX
  5
B86
330
17
100
AcDbEntity
  8
TOPO-CONTOUR-MINOR
100
AcDbVertex
100
AcDb3dPolylineVertex
 10
-103.1560360888061
 20
258.1820417023638
 30
1077.0
 70
32
  0
VERTEX
  5
B87
330
17
100
AcDbEntity
  8
TOPO-CONTOUR-MINOR
100
AcDbVertex
100
AcDb3dPolylineVertex
 10
-101.14080703598756
 20
266.1656475207144
 30
1077.0
 70
32
  0
VERTEX
  5
B88
330
17
100
AcDbEntity
  8
TOPO-CONTOUR-MINOR
100
AcDbVertex
100
AcDb3dPolylineVertex
 10
-98.75277068347216
 20
278.3920864071697
 30
1077.0
 70
32
  0
VERTEX
  5
B89
330
17
100
AcDbEntity
  8
TOPO-CONTOUR-MINOR
100
AcDbVertex
100
AcDb3dPolylineVertex
 10
-96.50284477777353
 20
286.45300261862576
 30
1077.0
 70
32
  0
VERTEX
  5
B8A
330
17
100
AcDbEntity
  8
TOPO-CONTOUR-MINOR
100
AcDbVertex
100
AcDb3dPolylineVertex
 10
-94.1321553968449
 20
293.50630430318415
 30
1077.0
 70
32
  0
VERTEX
  5
B8B
330
17
100
AcDbEntity
  8
TOPO-CONTOUR-MINOR
100
AcDbVertex
100
AcDb3dPolylineVertex
 10
-93.46665431109828
 20
297.5367624089122
 30
1077.0
 70
32
  0
VERTEX
  5
B8C
330
17
100
AcDbEntity
  8
TOPO-CONTOUR-MINOR
100
AcDbVertex
100
AcDb3dPolylineVertex
 10
-90.4995973228467
 20
306.6052931472659
 30
1077.0
 70
32
  0
VERTEX
  5
B8D
330
17
100
AcDbEntity
  8
TOPO-CONTOUR-MINOR
100
AcDbVertex
100
AcDb3dPolylineVertex
 10
-88.04181819267069
 20
311.2945680830511
 30
1077.0
 70
32
  0
VERTEX
  5
B8E
330
17
100
AcDbEntity
  8
TOPO-CONTOUR-MINOR
100
AcDbVertex
100
AcDb3dPolylineVertex
 10
-86.02658913985215
 20
316.0721469922355
 30
1077.0
 70
32
  0
VERTEX
  5
B8F
330
17
100
AcDbEntity
  8
TOPO-CONTOUR-MINOR
100
AcDbVertex
100
AcDb3dPolylineVertex
 10
-81.99613103421598
 20
330.5933512557325
 30
1077.0
 70
32
  0
VERTEX
  5
B90
330
17
100
AcDbEntity
  8
TOPO-CONTOUR-MINOR
100
AcDbVertex
100
AcDb3dPolylineVertex
 10
-80.94244597113682
 20
336.8337289392948
 30
1077.0
 70
32
  0
VERTEX
  5
B91
330
17
100
AcDbEntity
  8
TOPO-CONTOUR-MINOR
100
AcDbVertex
100
AcDb3dPolylineVertex
 10
-80.40311948352598
 20
343.8870306238532
 30
1077.0
 70
32
  0
VERTEX
  5
B92
330
17
100
AcDbEntity
  8
TOPO-CONTOUR-MINOR
100
AcDbVertex
100
AcDb3dPolylineVertex
 10
-80.5371405453117
 20
345.9022596767172
 30
1077.0
 70
32
  0
VERTEX
  5
B93
330
17
100
AcDbEntity
  8
TOPO-CONTOUR-MINOR
100
AcDbVertex
100
AcDb3dPolylineVertex
 10
-81.93105956429353
 20
351.94794683530927
 30
1077.0
 70
32
  0
VERTEX
  5
B94
330
17
100
AcDbEntity
  8
TOPO-CONTOUR-MINOR
100
AcDbVertex
100
AcDb3dPolylineVertex
 10
-83.80649065837127
 20
357.9936339939013
 30
1077.0
 70
32
  0
VERTEX
  5
B95
330
17
100
AcDbEntity
  8
TOPO-CONTOUR-MINOR
100
AcDbVertex
100
AcDb3dPolylineVertex
 10
-84.9025176349331
 20
364.0393211524933
 30
1077.0
 70
32
  0
VERTEX
  5
B96
330
17
100
AcDbEntity
  8
TOPO-CONTOUR-MINOR
100
AcDbVertex
100
AcDb3dPolylineVertex
 10
-87.87833399767305
 20
371.09262283705175
 30
1077.0
 70
32
  0
VERTEX
  5
B97
330
17
100
AcDbEntity
  8
TOPO-CONTOUR-MINOR
100
AcDbVertex
100
AcDb3dPolylineVertex
 10
-88.53518058440555
 20
377.1383099956438
 30
1077.0
 70
32
  0
VERTEX
  5
B98
330
17
100
AcDbEntity
  8
TOPO-CONTOUR-MINOR
100
AcDbVertex
100
AcDb3dPolylineVertex
 10
-90.36881316541105
 20
381.1687681013718
 30
1077.0
 70
32
  0
VERTEX
  5
B99
330
17
100
AcDbEntity
  8
TOPO-CONTOUR-MINOR
100
AcDbVertex
100
AcDb3dPolylineVertex
 10
-91.38128833196478
 20
385.19922620709985
 30
1077.0
 70
32
  0
VERTEX
  5
B9A
330
17
100
AcDbEntity
  8
TOPO-CONTOUR-MINOR
100
AcDbVertex
100
AcDb3dPolylineVertex
 10
-93.93152224894035
 20
392.2525278916582
 30
1077.0
 70
32
  0
VERTEX
  5
B9B
330
17
100
AcDbEntity
  8
TOPO-CONTOUR-MINOR
100
AcDbVertex
100
AcDb3dPolylineVertex
 10
-97.09211242906177
 20
399.30582957621664
 30
1077.0
 70
32
  0
VERTEX
  5
B9C
330
17
100
AcDbEntity
  8
TOPO-CONTOUR-MINOR
100
AcDbVertex
100
AcDb3dPolylineVertex
 10
-101.09222719324828
 20
406.35913126170635
 30
1077.0
 70
32
  0
VERTEX
  5
B9D
330
17
100
AcDbEntity
  8
TOPO-CONTOUR-MINOR
100
AcDbVertex
100
AcDb3dPolylineVertex
 10
-104.20118788695892
 20
410.3895893674344
 30
1077.0
 70
32
  0
VERTEX
  5
B9E
330
17
100
AcDbEntity
  8
TOPO-CONTOUR-MINOR
100
AcDbVertex
100
AcDb3dPolylineVertex
 10
-106.13146897834558
 20
415.0
 30
1077.0
 70
32
  0
SEQEND
  5
B56
330
B55
100
AcDbEntity
  8
TOPO-CONTOUR-MINOR
  0
POLYLINE
  5
B9F
330
17
100
AcDbEntity
  8
TOPO-CONTOUR-MINOR
100
AcDb3dPolyline
 66
1
 10
0.0
 20
0.0
 30
0.0
 70
8
  0
VERTEX
  5
BA1
330
17
100
AcDbEntity
  8
TOPO-CONTOUR-MINOR
100
AcDbVertex
100
AcDb3dPolylineVertex
 10
-36.89697388992395
 20
415.0
 30
1078.0
 70
32
  0
VERTEX
  5
BA2
330
17
100
AcDbEntity
  8
TOPO-CONTOUR-MINOR
100
AcDbVertex
100
AcDb3dPolylineVertex
 10
-36.613346872465314
 20
414.4200474731624
 30
1078.0
 70
32
  0
VERTEX
  5
BA3
330
17
100
AcDbEntity
  8
TOPO-CONTOUR-MINOR
100
AcDbVertex
100
AcDb3dPolylineVertex
 10
-36.131057617545565
 20
411.39720389340073
 30
1078.0
 70
32
  0
VERTEX
  5
BA4
330
17
100
AcDbEntity
  8
TOPO-CONTOUR-MINOR
100
AcDbVertex
100
AcDb3dPolylineVertex
 10
-37.44201031993502
 20
406.35913126170635
 30
1078.0
 70
32
  0
VERTEX
  5
BA5
330
17
100
AcDbEntity
  8
TOPO-CONTOUR-MINOR
100
AcDbVertex
100
AcDb3dPolylineVertex
 10
-37.661091872218094
 20
402.03231624814435
 30
1078.0
 70
32
  0
VERTEX
  5
BA6
330
17
100
AcDbEntity
  8
TOPO-CONTOUR-MINOR
100
AcDbVertex
100
AcDb3dPolylineVertex
 10
-38.668706398627364
 20
401.5669829254024
 30
1078.0
 70
32
  0
VERTEX
  5
BA7
330
17
100
AcDbEntity
  8
TOPO-CONTOUR-MINOR
100
AcDbVertex
100
AcDb3dPolylineVertex
 10
-41.691549977854265
 20
401.83088285931836
 30
1078.0
 70
32
  0
VERTEX
  5
BA8
330
17
100
AcDbEntity
  8
TOPO-CONTOUR-MINOR
100
AcDbVertex
100
AcDb3dPolylineVertex
 10
-43.706779030671896
 20
401.51562790214126
 30
1078.0
 70
32
  0
VERTEX
  5
BA9
330
17
100
AcDbEntity
  8
TOPO-CONTOUR-MINOR
100
AcDbVertex
100
AcDb3dPolylineVertex
 10
-44.398078338678644
 20
400.3134441031143
 30
1078.0
 70
32
  0
VERTEX
  5
BAA
330
17
100
AcDbEntity
  8
TOPO-CONTOUR-MINOR
100
AcDbVertex
100
AcDb3dPolylineVertex
 10
-44.21636145554342
 20
399.30582957621664
 30
1078.0
 70
32
  0
VERTEX
  5
BAB
330
17
100
AcDbEntity
  8
TOPO-CONTOUR-MINOR
100
AcDbVertex
100
AcDb3dPolylineVertex
 10
-42.76104176094278
 20
396.2829859973863
 30
1078.0
 70
32
  0
VERTEX
  5
BAC
330
17
100
AcDbEntity
  8
TOPO-CONTOUR-MINOR
100
AcDbVertex
100
AcDb3dPolylineVertex
 10
-36.35216352837072
 20
385.19922620709985
 30
1078.0
 70
32
  0
VERTEX
  5
BAD
330
17
100
AcDbEntity
  8
TOPO-CONTOUR-MINOR
100
AcDbVertex
100
AcDb3dPolylineVertex
 10
-28.972867733729473
 20
377.1383099956438
 30
1078.0
 70
32
  0
VERTEX
  5
BAE
330
17
100
AcDbEntity
  8
TOPO-CONTOUR-MINOR
100
AcDbVertex
100
AcDb3dPolylineVertex
 10
-27.83655383777355
 20
375.1230809427798
 30
1078.0
 70
32
  0
VERTEX
  5
BAF
330
17
100
AcDbEntity
  8
TOPO-CONTOUR-MINOR
100
AcDbVertex
100
AcDb3dPolylineVertex
 10
-28.020296429662388
 20
374.1154664158821
 30
1078.0
 70
32
  0
VERTEX
  5
BB0
330
17
100
AcDbEntity
  8
TOPO-CONTOUR-MINOR
100
AcDbVertex
100
AcDb3dPolylineVertex
 10
-28.59256113453648
 20
373.51184877053254
 30
1078.0
 70
32
  0
VERTEX
  5
BB1
330
17
100
AcDbEntity
  8
TOPO-CONTOUR-MINOR
100
AcDbVertex
100
AcDb3dPolylineVertex
 10
-31.615404713763382
 20
371.78891656882627
 30
1078.0
 70
32
  0
VERTEX
  5
BB2
330
17
100
AcDbEntity
  8
TOPO-CONTOUR-MINOR
100
AcDbVertex
100
AcDb3dPolylineVertex
 10
-33.2585335206637
 20
370.0850083110854
 30
1078.0
 70
32
  0
VERTEX
  5
BB3
330
17
100
AcDbEntity
  8
TOPO-CONTOUR-MINOR
100
AcDbVertex
100
AcDb3dPolylineVertex
 10
-37.10569648528647
 20
362.02409209962934
 30
1078.0
 70
32
  0
VERTEX
  5
BB4
330
17
100
AcDbEntity
  8
TOPO-CONTOUR-MINOR
100
AcDbVertex
100
AcDb3dPolylineVertex
 10
-38.668706398627364
 20
354.1038829545873
 30
1078.0
 70
32
  0
VERTEX
  5
BB5
330
17
100
AcDbEntity
  8
TOPO-CONTOUR-MINOR
100
AcDbVertex
100
AcDb3dPolylineVertex
 10
-39.00679643403963
 20
348.9251032564789
 30
1078.0
 70
32
  0
VERTEX
  5
BB6
330
17
100
AcDbEntity
  8
TOPO-CONTOUR-MINOR
100
AcDbVertex
100
AcDb3dPolylineVertex
 10
-38.84868492123847
 20
341.87180157098925
 30
1078.0
 70
32
  0
VERTEX
  5
BB7
330
17
100
AcDbEntity
  8
TOPO-CONTOUR-MINOR
100
AcDbVertex
100
AcDb3dPolylineVertex
 10
-38.5287331146101
 20
339.8565725181252
 30
1078.0
 70
32
  0
VERTEX
  5
BB8
330
17
100
AcDbEntity
  8
TOPO-CONTOUR-MINOR
100
AcDbVertex
100
AcDb3dPolylineVertex
 10
-37.11553955202849
 20
335.82611441239715
 30
1078.0
 70
32
  0
VERTEX
  5
BB9
330
17
100
AcDbEntity
  8
TOPO-CONTOUR-MINOR
100
AcDbVertex
100
AcDb3dPolylineVertex
 10
-37.30604252119715
 20
332.8032708335668
 30
1078.0
 70
32
  0
VERTEX
  5
BBA
330
17
100
AcDbEntity
  8
TOPO-CONTOUR-MINOR
100
AcDbVertex
100
AcDb3dPolylineVertex
 10
-36.235417555506174
 20
316.68143841065466
 30
1078.0
 70
32
  0
VERTEX
  5
BBB
330
17
100
AcDbEntity
  8
TOPO-CONTOUR-MINOR
100
AcDbVertex
100
AcDb3dPolylineVertex
 10
-35.2163774710073
 20
311.6433657789603
 30
1078.0
 70
32
  0
VERTEX
  5
BBC
330
17
100
AcDbEntity
  8
TOPO-CONTOUR-MINOR
100
AcDbVertex
100
AcDb3dPolylineVertex
 10
-33.066618438429174
 20
306.6052931472659
 30
1078.0
 70
32
  0
VERTEX
  5
BBD
330
17
100
AcDbEntity
  8
TOPO-CONTOUR-MINOR
100
AcDbVertex
100
AcDb3dPolylineVertex
 10
-32.88673758777207
 20
301.5672205146402
 30
1078.0
 70
32
  0
VERTEX
  5
BBE
330
17
100
AcDbEntity
  8
TOPO-CONTOUR-MINOR
100
AcDbVertex
100
AcDb3dPolylineVertex
 10
-30.94094046893916
 20
295.52153335604817
 30
1078.0
 70
32
  0
VERTEX
  5
BBF
330
17
100
AcDbEntity
  8
TOPO-CONTOUR-MINOR
100
AcDbVertex
100
AcDb3dPolylineVertex
 10
-29.74565366502643
 20
293.50630430318415
 30
1078.0
 70
32
  0
VERTEX
  5
BC0
330
17
100
AcDbEntity
  8
TOPO-CONTOUR-MINOR
100
AcDbVertex
100
AcDb3dPolylineVertex
 10
-26.60570628564635
 20
290.4834607243538
 30
1078.0
 70
32
  0
VERTEX
  5
BC1
330
17
100
AcDbEntity
  8
TOPO-CONTOUR-MINOR
100
AcDbVertex
100
AcDb3dPolylineVertex
 10
-25.120111264638872
 20
288.4682316714898
 30
1078.0
 70
32
  0
VERTEX
  5
BC2
330
17
100
AcDbEntity
  8
TOPO-CONTOUR-MINOR
100
AcDbVertex
100
AcDb3dPolylineVertex
 10
-22.69949240882082
 20
281.4149299869314
 30
1078.0
 70
32
  0
VERTEX
  5
BC3
330
17
100
AcDbEntity
  8
TOPO-CONTOUR-MINOR
100
AcDbVertex
100
AcDb3dPolylineVertex
 10
-21.746929890902038
 20
275.36924282833934
 30
1078.0
 70
32
  0
VERTEX
  5
BC4
330
17
100
AcDbEntity
  8
TOPO-CONTOUR-MINOR
100
AcDbVertex
100
AcDb3dPolylineVertex
 10
-21.618818259600197
 20
270.33117019664496
 30
1078.0
 70
32
  0
VERTEX
  5
BC5
330
17
100
AcDbEntity
  8
TOPO-CONTOUR-MINOR
100
AcDbVertex
100
AcDb3dPolylineVertex
 10
-22.080460761000765
 20
266.30071209091693
 30
1078.0
 70
32
  0
VERTEX
  5
BC6
330
17
100
AcDbEntity
  8
TOPO-CONTOUR-MINOR
100
AcDbVertex
100
AcDb3dPolylineVertex
 10
-22.697668148943457
 20
264.2854830380529
 30
1078.0
 70
32
  0
VERTEX
  5
BC7
330
17
100
AcDbEntity
  8
TOPO-CONTOUR-MINOR
100
AcDbVertex
100
AcDb3dPolylineVertex
 10
-25.221262869741924
 20
259.2474104054272
 30
1078.0
 70
32
  0
VERTEX
  5
BC8
330
17
100
AcDbEntity
  8
TOPO-CONTOUR-MINOR
100
AcDbVertex
100
AcDb3dPolylineVertex
 10
-25.996059235900994
 20
256.22456682659686
 30
1078.0
 70
32
  0
VERTEX
  5
BC9
330
17
100
AcDbEntity
  8
TOPO-CONTOUR-MINOR
100
AcDbVertex
100
AcDb3dPolylineVertex
 10
-29.392673842854077
 20
253.20172324683517
 30
1078.0
 70
32
  0
VERTEX
  5
BCA
330
17
100
AcDbEntity
  8
TOPO-CONTOUR-MINOR
100
AcDbVertex
100
AcDb3dPolylineVertex
 10
-30.985514071675567
 20
250.17887966800478
 30
1078.0
 70
32
  0
VERTEX
  5
BCB
330
17
100
AcDbEntity
  8
TOPO-CONTOUR-MINOR
100
AcDbVertex
100
AcDb3dPolylineVertex
 10
-34.32072862896515
 20
239.0951198777184
 30
1078.0
 70
32
  0
VERTEX
  5
BCC
330
17
100
AcDbEntity
  8
TOPO-CONTOUR-MINOR
100
AcDbVertex
100
AcDb3dPolylineVertex
 10
-39.0949274205126
 20
227.0037455605343
 30
1078.0
 70
32
  0
VERTEX
  5
BCD
330
17
100
AcDbEntity
  8
TOPO-CONTOUR-MINOR
100
AcDbVertex
100
AcDb3dPolylineVertex
 10
-39.76886356074637
 20
223.98090198170394
 30
1078.0
 70
32
  0
VERTEX
  5
BCE
330
17
100
AcDbEntity
  8
TOPO-CONTOUR-MINOR
100
AcDbVertex
100
AcDb3dPolylineVertex
 10
-39.99639456636274
 20
220.95805840194225
 30
1078.0
 70
32
  0
VERTEX
  5
BCF
330
17
100
AcDbEntity
  8
TOPO-CONTOUR-MINOR
100
AcDbVertex
100
AcDb3dPolylineVertex
 10
-39.285819891419884
 20
208.86668408568949
 30
1078.0
 70
32
  0
VERTEX
  5
BD0
330
17
100
AcDbEntity
  8
TOPO-CONTOUR-MINOR
100
AcDbVertex
100
AcDb3dPolylineVertex
 10
-39.466735300950404
 20
202.82099692709744
 30
1078.0
 70
32
  0
VERTEX
  5
BD1
330
17
100
AcDbEntity
  8
TOPO-CONTOUR-MINOR
100
AcDbVertex
100
AcDb3dPolylineVertex
 10
-40.05065735503615
 20
201.81338240019977
 30
1078.0
 70
32
  0
VERTEX
  5
BD2
330
17
100
AcDbEntity
  8
TOPO-CONTOUR-MINOR
100
AcDbVertex
100
AcDb3dPolylineVertex
 10
-43.58321943032623
 20
198.7905388213694
 30
1078.0
 70
32
  0
VERTEX
  5
BD3
330
17
100
AcDbEntity
  8
TOPO-CONTOUR-MINOR
100
AcDbVertex
100
AcDb3dPolylineVertex
 10
-49.75246618912661
 20
194.67767040754893
 30
1078.0
 70
32
  0
VERTEX
  5
BD4
330
17
100
AcDbEntity
  8
TOPO-CONTOUR-MINOR
100
AcDbVertex
100
AcDb3dPolylineVertex
 10
-53.300617631839714
 20
189.722008083947
 30
1078.0
 70
32
  0
VERTEX
  5
BD5
330
17
100
AcDbEntity
  8
TOPO-CONTOUR-MINOR
100
AcDbVertex
100
AcDb3dPolylineVertex
 10
-56.12097387524653
 20
184.6839354513213
 30
1078.0
 70
32
  0
VERTEX
  5
BD6
330
17
100
AcDbEntity
  8
TOPO-CONTOUR-MINOR
100
AcDbVertex
100
AcDb3dPolylineVertex
 10
-60.13121834552774
 20
179.64586281962693
 30
1078.0
 70
32
  0
VERTEX
  5
BD7
330
17
100
AcDbEntity
  8
TOPO-CONTOUR-MINOR
100
AcDbVertex
100
AcDb3dPolylineVertex
 10
-62.34995270545954
 20
175.6154047138989
 30
1078.0
 70
32
  0
VERTEX
  5
BD8
330
17
100
AcDbEntity
  8
TOPO-CONTOUR-MINOR
100
AcDbVertex
100
AcDb3dPolylineVertex
 10
-63.82264859828279
 20
171.58494660817087
 30
1078.0
 70
32
  0
VERTEX
  5
BD9
330
17
100
AcDbEntity
  8
TOPO-CONTOUR-MINOR
100
AcDbVertex
100
AcDb3dPolylineVertex
 10
-64.49553909612348
 20
167.55448850244284
 30
1078.0
 70
32
  0
VERTEX
  5
BDA
330
17
100
AcDbEntity
  8
TOPO-CONTOUR-MINOR
100
AcDbVertex
100
AcDb3dPolylineVertex
 10
-64.58040600519728
 20
165.53925944957882
 30
1078.0
 70
32
  0
VERTEX
  5
BDB
330
17
100
AcDbEntity
  8
TOPO-CONTOUR-MINOR
100
AcDbVertex
100
AcDb3dPolylineVertex
 10
-63.231114499030895
 20
161.5088013438508
 30
1078.0
 70
32
  0
VERTEX
  5
BDC
330
17
100
AcDbEntity
  8
TOPO-CONTOUR-MINOR
100
AcDbVertex
100
AcDb3dPolylineVertex
 10
-64.04005369229954
 20
155.46311418525875
 30
1078.0
 70
32
  0
VERTEX
  5
BDD
330
17
100
AcDbEntity
  8
TOPO-CONTOUR-MINOR
100
AcDbVertex
100
AcDb3dPolylineVertex
 10
-64.58206756028501
 20
153.44788513239473
 30
1078.0
 70
32
  0
VERTEX
  5
BDE
330
17
100
AcDbEntity
  8
TOPO-CONTOUR-MINOR
100
AcDbVertex
100
AcDb3dPolylineVertex
 10
-65.57116701483822
 20
151.43265607953072
 30
1078.0
 70
32
  0
VERTEX
  5
BDF
330
17
100
AcDbEntity
  8
TOPO-CONTOUR-MINOR
100
AcDbVertex
100
AcDb3dPolylineVertex
 10
-74.05262792127078
 20
140.3488962892443
 30
1078.0
 70
32
  0
VERTEX
  5
BE0
330
17
100
AcDbEntity
  8
TOPO-CONTOUR-MINOR
100
AcDbVertex
100
AcDb3dPolylineVertex
 10
-75.32122061148726
 20
136.31843818351626
 30
1078.0
 70
32
  0
VERTEX
  5
BE1
330
17
100
AcDbEntity
  8
TOPO-CONTOUR-MINOR
100
AcDbVertex
100
AcDb3dPolylineVertex
 10
-77.9656729285798
 20
124.15298310691182
 30
1078.0
 70
32
  0
VERTEX
  5
BE2
330
17
100
AcDbEntity
  8
TOPO-CONTOUR-MINOR
100
AcDbVertex
100
AcDb3dPolylineVertex
 10
-79.86174658536423
 20
118.18137670867145
 30
1078.0
 70
32
  0
VERTEX
  5
BE3
330
17
100
AcDbEntity
  8
TOPO-CONTOUR-MINOR
100
AcDbVertex
100
AcDb3dPolylineVertex
 10
-84.01136008703452
 20
110.95638809962622
 30
1078.0
 70
32
  0
VERTEX
  5
BE4
330
17
100
AcDbEntity
  8
TOPO-CONTOUR-MINOR
100
AcDbVertex
100
AcDb3dPolylineVertex
 10
-87.52031594965973
 20
106.09000239148736
 30
1078.0
 70
32
  0
VERTEX
  5
BE5
330
17
100
AcDbEntity
  8
TOPO-CONTOUR-MINOR
100
AcDbVertex
100
AcDb3dPolylineVertex
 10
-92.254549803044
 20
97.02147165406495
 30
1078.0
 70
32
  0
VERTEX
  5
BE6
330
17
100
AcDbEntity
  8
TOPO-CONTOUR-MINOR
100
AcDbVertex
100
AcDb3dPolylineVertex
 10
-95.71000543054953
 20
91.98339902143925
 30
1078.0
 70
32
  0
VERTEX
  5
BE7
330
17
100
AcDbEntity
  8
TOPO-CONTOUR-MINOR
100
AcDbVertex
100
AcDb3dPolylineVertex
 10
-101.55652221655775
 20
80.89963923115283
 30
1078.0
 70
32
  0
VERTEX
  5
BE8
330
17
100
AcDbEntity
  8
TOPO-CONTOUR-MINOR
100
AcDbVertex
100
AcDb3dPolylineVertex
 10
-107.30007165177435
 20
72.83872301969679
 30
1078.0
 70
32
  0
VERTEX
  5
BE9
330
17
100
AcDbEntity
  8
TOPO-CONTOUR-MINOR
100
AcDbVertex
100
AcDb3dPolylineVertex
 10
-113.23218135289608
 20
60.714422119611896
 30
1078.0
 70
32
  0
VERTEX
  5
BEA
330
17
100
AcDbEntity
  8
TOPO-CONTOUR-MINOR
100
AcDbVertex
100
AcDb3dPolylineVertex
 10
-118.27025398494152
 20
52.14033577265347
 30
1078.0
 70
32
  0
VERTEX
  5
BEB
330
17
100
AcDbEntity
  8
TOPO-CONTOUR-MINOR
100
AcDbVertex
100
AcDb3dPolylineVertex
 10
-122.79925447513294
 20
38.57982912193984
 30
1078.0
 70
32
  0
VERTEX
  5
BEC
330
17
100
AcDbEntity
  8
TOPO-CONTOUR-MINOR
100
AcDbVertex
100
AcDb3dPolylineVertex
 10
-130.49369679834246
 20
11.374236908741294
 30
1078.0
 70
32
  0
VERTEX
  5
BED
330
17
100
AcDbEntity
  8
TOPO-CONTOUR-MINOR
100
AcDbVertex
100
AcDb3dPolylineVertex
 10
-133.12798404473952
 20
-4.747595513239503
 30
1078.0
 70
32
  0
VERTEX
  5
BEE
330
17
100
AcDbEntity
  8
TOPO-CONTOUR-MINOR
100
AcDbVertex
100
AcDb3dPolylineVertex
 10
-133.50622016262844
 20
-10.793282671831548
 30
1078.0
 70
32
  0
VERTEX
  5
BEF
330
17
100
AcDbEntity
  8
TOPO-CONTOUR-MINOR
100
AcDbVertex
100
AcDb3dPolylineVertex
 10
-133.34118513275297
 20
-15.831355303525925
 30
1078.0
 70
32
  0
VERTEX
  5
BF0
330
17
100
AcDbEntity
  8
TOPO-CONTOUR-MINOR
100
AcDbVertex
100
AcDb3dPolylineVertex
 10
-133.796675186598
 20
-20.869427936151624
 30
1078.0
 70
32
  0
VERTEX
  5
BF1
330
17
100
AcDbEntity
  8
TOPO-CONTOUR-MINOR
100
AcDbVertex
100
AcDb3dPolylineVertex
 10
-135.1701050339209
 20
-26.91511509474367
 30
1078.0
 70
32
  0
VERTEX
  5
BF2
330
17
100
AcDbEntity
  8
TOPO-CONTOUR-MINOR
100
AcDbVertex
100
AcDb3dPolylineVertex
 10
-139.43822221985786
 20
-53.11309278104454
 30
1078.0
 70
32
  0
VERTEX
  5
BF3
330
17
100
AcDbEntity
  8
TOPO-CONTOUR-MINOR
100
AcDbVertex
100
AcDb3dPolylineVertex
 10
-142.0169686972843
 20
-63.18923804536462
 30
1078.0
 70
32
  0
VERTEX
  5
BF4
330
17
100
AcDbEntity
  8
TOPO-CONTOUR-MINOR
100
AcDbVertex
100
AcDb3dPolylineVertex
 10
-142.0573845453345
 20
-69.23492520395666
 30
1078.0
 70
32
  0
VERTEX
  5
BF5
330
17
100
AcDbEntity
  8
TOPO-CONTOUR-MINOR
100
AcDbVertex
100
AcDb3dPolylineVertex
 10
-142.45300261875855
 20
-71.97655520029002
 30
1078.0
 70
32
  0
VERTEX
  5
BF6
330
17
100
AcDbEntity
  8
TOPO-CONTOUR-MINOR
100
AcDbVertex
100
AcDb3dPolylineVertex
 10
-143.8830788787065
 20
-77.2958414144814
 30
1078.0
 70
32
  0
VERTEX
  5
BF7
330
17
100
AcDbEntity
  8
TOPO-CONTOUR-MINOR
100
AcDbVertex
100
AcDb3dPolylineVertex
 10
-144.41782113297452
 20
-88.37960120569915
 30
1078.0
 70
32
  0
VERTEX
  5
BF8
330
17
100
AcDbEntity
  8
TOPO-CONTOUR-MINOR
100
AcDbVertex
100
AcDb3dPolylineVertex
 10
-146.29600475436422
 20
-93.41767383739352
 30
1078.0
 70
32
  0
VERTEX
  5
BF9
330
17
100
AcDbEntity
  8
TOPO-CONTOUR-MINOR
100
AcDbVertex
100
AcDb3dPolylineVertex
 10
-147.36522944872488
 20
-97.44813194312155
 30
1078.0
 70
32
  0
VERTEX
  5
BFA
330
17
100
AcDbEntity
  8
TOPO-CONTOUR-MINOR
100
AcDbVertex
100
AcDb3dPolylineVertex
 10
-147.72956516839443
 20
-103.4938191017136
 30
1078.0
 70
32
  0
VERTEX
  5
BFB
330
17
100
AcDbEntity
  8
TOPO-CONTOUR-MINOR
100
AcDbVertex
100
AcDb3dPolylineVertex
 10
-148.95628406998486
 20
-108.53189173340797
 30
1078.0
 70
32
  0
VERTEX
  5
BFC
330
17
100
AcDbEntity
  8
TOPO-CONTOUR-MINOR
100
AcDbVertex
100
AcDb3dPolylineVertex
 10
-149.07065119898476
 20
-113.56996436603367
 30
1078.0
 70
32
  0
VERTEX
  5
BFD
330
17
100
AcDbEntity
  8
TOPO-CONTOUR-MINOR
100
AcDbVertex
100
AcDb3dPolylineVertex
 10
-151.27474191146877
 20
-119.6156515236944
 30
1078.0
 70
32
  0
VERTEX
  5
BFE
330
17
100
AcDbEntity
  8
TOPO-CONTOUR-MINOR
100
AcDbVertex
100
AcDb3dPolylineVertex
 10
-152.26416761781752
 20
-127.67656773515046
 30
1078.0
 70
32
  0
VERTEX
  5
BFF
330
17
100
AcDbEntity
  8
TOPO-CONTOUR-MINOR
100
AcDbVertex
100
AcDb3dPolylineVertex
 10
-153.69485537087127
 20
-132.71464036777616
 30
1078.0
 70
32
  0
VERTEX
  5
C00
330
17
100
AcDbEntity
  8
TOPO-CONTOUR-MINOR
100
AcDbVertex
100
AcDb3dPolylineVertex
 10
-154.32190829439344
 20
-140.7755565783009
 30
1078.0
 70
32
  0
VERTEX
  5
C01
330
17
100
AcDbEntity
  8
TOPO-CONTOUR-MINOR
100
AcDbVertex
100
AcDb3dPolylineVertex
 10
-153.093069495488
 20
-151.85931636951864
 30
1078.0
 70
32
  0
VERTEX
  5
C02
330
17
100
AcDbEntity
  8
TOPO-CONTOUR-MINOR
100
AcDbVertex
100
AcDb3dPolylineVertex
 10
-153.25266881159155
 20
-153.87454542238265
 30
1078.0
 70
32
  0
VERTEX
  5
C03
330
17
100
AcDbEntity
  8
TOPO-CONTOUR-MINOR
100
AcDbVertex
100
AcDb3dPolylineVertex
 10
-154.20181532625293
 20
-155.88977447524667
 30
1078.0
 70
32
  0
VERTEX
  5
C04
330
17
100
AcDbEntity
  8
TOPO-CONTOUR-MINOR
100
AcDbVertex
100
AcDb3dPolylineVertex
 10
-156.23700439328707
 20
-158.91261805407703
 30
1078.0
 70
32
  0
VERTEX
  5
C05
330
17
100
AcDbEntity
  8
TOPO-CONTOUR-MINOR
100
AcDbVertex
100
AcDb3dPolylineVertex
 10
-157.37934981615703
 20
-161.9354616329074
 30
1078.0
 70
32
  0
VERTEX
  5
C06
330
17
100
AcDbEntity
  8
TOPO-CONTOUR-MINOR
100
AcDbVertex
100
AcDb3dPolylineVertex
 10
-158.53316617188997
 20
-168.9887633183971
 30
1078.0
 70
32
  0
VERTEX
  5
C07
330
17
100
AcDbEntity
  8
TOPO-CONTOUR-MINOR
100
AcDbVertex
100
AcDb3dPolylineVertex
 10
-158.3563600068454
 20
-177.04967952985317
 30
1078.0
 70
32
  0
VERTEX
  5
C08
330
17
100
AcDbEntity
  8
TOPO-CONTOUR-MINOR
100
AcDbVertex
100
AcDb3dPolylineVertex
 10
-160.19849936988058
 20
-182.08775216154754
 30
1078.0
 70
32
  0
VERTEX
  5
C09
330
17
100
AcDbEntity
  8
TOPO-CONTOUR-MINOR
100
AcDbVertex
100
AcDb3dPolylineVertex
 10
-160.93183315042026
 20
-185.0
 30
1078.0
 70
32
  0
SEQEND
  5
BA0
330
B9F
100
AcDbEntity
  8
TOPO-CONTOUR-MINOR
  0
POLYLINE
  5
C0A
330
17
100
AcDbEntity
  8
TOPO-CONTOUR-MINOR
100
AcDb3dPolyline
 66
1
 10
0.0
 20
0.0
 30
0.0
 70
8
  0
VERTEX
  5
C0C
330
17
100
AcDbEntity
  8
TOPO-CONTOUR-MINOR
100
AcDbVertex
100
AcDb3dPolylineVertex
 10
-240.578149417568
 20
-185.0
 30
1078.0
 70
32
  0
VERTEX
  5
C0D
330
17
100
AcDbEntity
  8
TOPO-CONTOUR-MINOR
100
AcDbVertex
100
AcDb3dPolylineVertex
 10
-234.6549212193803
 20
-174.02683595009148
 30
1078.0
 70
32
  0
VERTEX
  5
C0E
330
17
100
AcDbEntity
  8
TOPO-CONTOUR-MINOR
100
AcDbVertex
100
AcDb3dPolylineVertex
 10
-231.96028803642884
 20
-167.98114879149944
 30
1078.0
 70
32
  0
VERTEX
  5
C0F
330
17
100
AcDbEntity
  8
TOPO-CONTOUR-MINOR
100
AcDbVertex
100
AcDb3dPolylineVertex
 10
-230.11546641634598
 20
-161.02850817253756
 30
1078.0
 70
32
  0
VERTEX
  5
C10
330
17
100
AcDbEntity
  8
TOPO-CONTOUR-MINOR
100
AcDbVertex
100
AcDb3dPolylineVertex
 10
-227.20812369237447
 20
-153.87454542238265
 30
1078.0
 70
32
  0
VERTEX
  5
C11
330
17
100
AcDbEntity
  8
TOPO-CONTOUR-MINOR
100
AcDbVertex
100
AcDb3dPolylineVertex
 10
-221.36886633538325
 20
-142.7907856311649
 30
1078.0
 70
32
  0
VERTEX
  5
C12
330
17
100
AcDbEntity
  8
TOPO-CONTOUR-MINOR
100
AcDbVertex
100
AcDb3dPolylineVertex
 10
-218.17628543674087
 20
-134.72986942064017
 30
1078.0
 70
32
  0
VERTEX
  5
C13
330
17
100
AcDbEntity
  8
TOPO-CONTOUR-MINOR
100
AcDbVertex
100
AcDb3dPolylineVertex
 10
-212.78630082607378
 20
-115.5851934188977
 30
1078.0
 70
32
  0
VERTEX
  5
C14
330
17
100
AcDbEntity
  8
TOPO-CONTOUR-MINOR
100
AcDbVertex
100
AcDb3dPolylineVertex
 10
-210.54962075805693
 20
-102.48620457481593
 30
1078.0
 70
32
  0
VERTEX
  5
C15
330
17
100
AcDbEntity
  8
TOPO-CONTOUR-MINOR
100
AcDbVertex
100
AcDb3dPolylineVertex
 10
-206.9403323089382
 20
-88.29088558448272
 30
1078.0
 70
32
  0
VERTEX
  5
C16
330
17
100
AcDbEntity
  8
TOPO-CONTOUR-MINOR
100
AcDbVertex
100
AcDb3dPolylineVertex
 10
-203.11299017859523
 20
-75.28061236254871
 30
1078.0
 70
32
  0
VERTEX
  5
C17
330
17
100
AcDbEntity
  8
TOPO-CONTOUR-MINOR
100
AcDbVertex
100
AcDb3dPolylineVertex
 10
-198.87941609766585
 20
-58.971211225800545
 30
1078.0
 70
32
  0
VERTEX
  5
C18
330
17
100
AcDbEntity
  8
TOPO-CONTOUR-MINOR
100
AcDbVertex
100
AcDb3dPolylineVertex
 10
-197.4409512000994
 20
-55.12832183390856
 30
1078.0
 70
32
  0
VERTEX
  5
C19
330
17
100
AcDbEntity
  8
TOPO-CONTOUR-MINOR
100
AcDbVertex
100
AcDb3dPolylineVertex
 10
-193.8413434656204
 20
-42.83314165941345
 30
1078.0
 70
32
  0
VERTEX
  5
C1A
330
17
100
AcDbEntity
  8
TOPO-CONTOUR-MINOR
100
AcDbVertex
100
AcDb3dPolylineVertex
 10
-191.4606056496637
 20
-36.99126035813242
 30
1078.0
 70
32
  0
VERTEX
  5
C1B
330
17
100
AcDbEntity
  8
TOPO-CONTOUR-MINOR
100
AcDbVertex
100
AcDb3dPolylineVertex
 10
-188.24700596402886
 20
-24.899886041879654
 30
1078.0
 70
32
  0
VERTEX
  5
C1C
330
17
100
AcDbEntity
  8
TOPO-CONTOUR-MINOR
100
AcDbVertex
100
AcDb3dPolylineVertex
 10
-187.34174708767245
 20
-19.861813409253955
 30
1078.0
 70
32
  0
VERTEX
  5
C1D
330
17
100
AcDbEntity
  8
TOPO-CONTOUR-MINOR
100
AcDbVertex
100
AcDb3dPolylineVertex
 10
-185.17723361251043
 20
-13.816126251593232
 30
1078.0
 70
32
  0
VERTEX
  5
C1E
330
17
100
AcDbEntity
  8
TOPO-CONTOUR-MINOR
100
AcDbVertex
100
AcDb3dPolylineVertex
 10
-184.32767451445548
 20
-9.785668145865202
 30
1078.0
 70
32
  0
VERTEX
  5
C1F
330
17
100
AcDbEntity
  8
TOPO-CONTOUR-MINOR
100
AcDbVertex
100
AcDb3dPolylineVertex
 10
-183.76519820152953
 20
-3.832672549757007
 30
1078.0
 70
32
  0
VERTEX
  5
C20
330
17
100
AcDbEntity
  8
TOPO-CONTOUR-MINOR
100
AcDbVertex
100
AcDb3dPolylineVertex
 10
-182.9152182870666
 20
-0.7171374075114727
 30
1078.0
 70
32
  0
VERTEX
  5
C21
330
17
100
AcDbEntity
  8
TOPO-CONTOUR-MINOR
100
AcDbVertex
100
AcDb3dPolylineVertex
 10
-176.40177690341676
 20
14.39708048850298
 30
1078.0
 70
32
  0
VERTEX
  5
C22
330
17
100
AcDbEntity
  8
TOPO-CONTOUR-MINOR
100
AcDbVertex
100
AcDb3dPolylineVertex
 10
-175.12596950670542
 20
20.442767647095025
 30
1078.0
 70
32
  0
VERTEX
  5
C23
330
17
100
AcDbEntity
  8
TOPO-CONTOUR-MINOR
100
AcDbVertex
100
AcDb3dPolylineVertex
 10
-168.4281707460807
 20
45.63313080742955
 30
1078.0
 70
32
  0
VERTEX
  5
C24
330
17
100
AcDbEntity
  8
TOPO-CONTOUR-MINOR
100
AcDbVertex
100
AcDb3dPolylineVertex
 10
-163.86938957865172
 20
58.73211965057999
 30
1078.0
 70
32
  0
VERTEX
  5
C25
330
17
100
AcDbEntity
  8
TOPO-CONTOUR-MINOR
100
AcDbVertex
100
AcDb3dPolylineVertex
 10
-161.74340579341236
 20
66.79303586203605
 30
1078.0
 70
32
  0
VERTEX
  5
C26
330
17
100
AcDbEntity
  8
TOPO-CONTOUR-MINOR
100
AcDbVertex
100
AcDb3dPolylineVertex
 10
-159.07522643192
 20
73.84633754659444
 30
1078.0
 70
32
  0
VERTEX
  5
C27
330
17
100
AcDbEntity
  8
TOPO-CONTOUR-MINOR
100
AcDbVertex
100
AcDb3dPolylineVertex
 10
-155.2239318748408
 20
85.93771186377853
 30
1078.0
 70
32
  0
VERTEX
  5
C28
330
17
100
AcDbEntity
  8
TOPO-CONTOUR-MINOR
100
AcDbVertex
100
AcDb3dPolylineVertex
 10
-150.25949496844618
 20
107.09761691838503
 30
1078.0
 70
32
  0
VERTEX
  5
C29
330
17
100
AcDbEntity
  8
TOPO-CONTOUR-MINOR
100
AcDbVertex
100
AcDb3dPolylineVertex
 10
-147.491075250804
 20
116.81388852207851
 30
1078.0
 70
32
  0
VERTEX
  5
C2A
330
17
100
AcDbEntity
  8
TOPO-CONTOUR-MINOR
100
AcDbVertex
100
AcDb3dPolylineVertex
 10
-143.46061714516782
 20
129.18627196273417
 30
1078.0
 70
32
  0
VERTEX
  5
C2B
330
17
100
AcDbEntity
  8
TOPO-CONTOUR-MINOR
100
AcDbVertex
100
AcDb3dPolylineVertex
 10
-133.15501812333824
 20
157.47834323812276
 30
1078.0
 70
32
  0
VERTEX
  5
C2C
330
17
100
AcDbEntity
  8
TOPO-CONTOUR-MINOR
100
AcDbVertex
100
AcDb3dPolylineVertex
 10
-130.36162830185003
 20
168.12698288076552
 30
1078.0
 70
32
  0
VERTEX
  5
C2D
330
17
100
AcDbEntity
  8
TOPO-CONTOUR-MINOR
100
AcDbVertex
100
AcDb3dPolylineVertex
 10
-123.45047233281251
 20
190.72962260991335
 30
1078.0
 70
32
  0
VERTEX
  5
C2E
330
17
100
AcDbEntity
  8
TOPO-CONTOUR-MINOR
100
AcDbVertex
100
AcDb3dPolylineVertex
 10
-122.14930795222638
 20
196.7753097685054
 30
1078.0
 70
32
  0
VERTEX
  5
C2F
330
17
100
AcDbEntity
  8
TOPO-CONTOUR-MINOR
100
AcDbVertex
100
AcDb3dPolylineVertex
 10
-118.49101414788637
 20
209.87429861165583
 30
1078.0
 70
32
  0
VERTEX
  5
C30
330
17
100
AcDbEntity
  8
TOPO-CONTOUR-MINOR
100
AcDbVertex
100
AcDb3dPolylineVertex
 10
-115.24741040571462
 20
218.25132802828762
 30
1078.0
 70
32
  0
VERTEX
  5
C31
330
17
100
AcDbEntity
  8
TOPO-CONTOUR-MINOR
100
AcDbVertex
100
AcDb3dPolylineVertex
 10
-112.61093551384083
 20
223.98090198170394
 30
1078.0
 70
32
  0
VERTEX
  5
C32
330
17
100
AcDbEntity
  8
TOPO-CONTOUR-MINOR
100
AcDbVertex
100
AcDb3dPolylineVertex
 10
-108.2633685003511
 20
236.0722762979567
 30
1078.0
 70
32
  0
VERTEX
  5
C33
330
17
100
AcDbEntity
  8
TOPO-CONTOUR-MINOR
100
AcDbVertex
100
AcDb3dPolylineVertex
 10
-105.82707447881518
 20
241.1103489305824
 30
1078.0
 70
32
  0
VERTEX
  5
C34
330
17
100
AcDbEntity
  8
TOPO-CONTOUR-MINOR
100
AcDbVertex
100
AcDb3dPolylineVertex
 10
-102.61600113481622
 20
249.17126514203846
 30
1078.0
 70
32
  0
VERTEX
  5
C35
330
17
100
AcDbEntity
  8
TOPO-CONTOUR-MINOR
100
AcDbVertex
100
AcDb3dPolylineVertex
 10
-99.75743555876141
 20
258.23979587946087
 30
1078.0
 70
32
  0
VERTEX
  5
C36
330
17
100
AcDbEntity
  8
TOPO-CONTOUR-MINOR
100
AcDbVertex
100
AcDb3dPolylineVertex
 10
-95.09511987753376
 20
278.9023033973639
 30
1078.0
 70
32
  0
VERTEX
  5
C37
330
17
100
AcDbEntity
  8
TOPO-CONTOUR-MINOR
100
AcDbVertex
100
AcDb3dPolylineVertex
 10
-92.42998916690169
 20
287.46061714552343
 30
1078.0
 70
32
  0
VERTEX
  5
C38
330
17
100
AcDbEntity
  8
TOPO-CONTOUR-MINOR
100
AcDbVertex
100
AcDb3dPolylineVertex
 10
-89.60659109351064
 20
293.50630430318415
 30
1078.0
 70
32
  0
VERTEX
  5
C39
330
17
100
AcDbEntity
  8
TOPO-CONTOUR-MINOR
100
AcDbVertex
100
AcDb3dPolylineVertex
 10
-89.14750717586719
 20
298.54437693580985
 30
1078.0
 70
32
  0
VERTEX
  5
C3A
330
17
100
AcDbEntity
  8
TOPO-CONTOUR-MINOR
100
AcDbVertex
100
AcDb3dPolylineVertex
 10
-88.09302301658239
 20
302.5748350415379
 30
1078.0
 70
32
  0
VERTEX
  5
C3B
330
17
100
AcDbEntity
  8
TOPO-CONTOUR-MINOR
100
AcDbVertex
100
AcDb3dPolylineVertex
 10
-84.49851919807871
 20
310.63575125299394
 30
1078.0
 70
32
  0
VERTEX
  5
C3C
330
17
100
AcDbEntity
  8
TOPO-CONTOUR-MINOR
100
AcDbVertex
100
AcDb3dPolylineVertex
 10
-79.90784495172632
 20
326.75758367497474
 30
1078.0
 70
32
  0
VERTEX
  5
C3D
330
17
100
AcDbEntity
  8
TOPO-CONTOUR-MINOR
100
AcDbVertex
100
AcDb3dPolylineVertex
 10
-78.21244619660438
 20
335.82611441239715
 30
1078.0
 70
32
  0
VERTEX
  5
C3E
330
17
100
AcDbEntity
  8
TOPO-CONTOUR-MINOR
100
AcDbVertex
100
AcDb3dPolylineVertex
 10
-77.1711531630235
 20
344.8946451507509
 30
1078.0
 70
32
  0
VERTEX
  5
C3F
330
17
100
AcDbEntity
  8
TOPO-CONTOUR-MINOR
100
AcDbVertex
100
AcDb3dPolylineVertex
 10
-77.94298965161809
 20
353.9631758881733
 30
1078.0
 70
32
  0
VERTEX
  5
C40
330
17
100
AcDbEntity
  8
TOPO-CONTOUR-MINOR
100
AcDbVertex
100
AcDb3dPolylineVertex
 10
-76.87302474866553
 20
359.0012485198676
 30
1078.0
 70
32
  0
VERTEX
  5
C41
330
17
100
AcDbEntity
  8
TOPO-CONTOUR-MINOR
100
AcDbVertex
100
AcDb3dPolylineVertex
 10
-77.08054502355994
 20
362.02409209962934
 30
1078.0
 70
32
  0
VERTEX
  5
C42
330
17
100
AcDbEntity
  8
TOPO-CONTOUR-MINOR
100
AcDbVertex
100
AcDb3dPolylineVertex
 10
-83.57869748984972
 20
380.16115357447416
 30
1078.0
 70
32
  0
VERTEX
  5
C43
330
17
100
AcDbEntity
  8
TOPO-CONTOUR-MINOR
100
AcDbVertex
100
AcDb3dPolylineVertex
 10
-84.81209331631084
 20
385.19922620709985
 30
1078.0
 70
32
  0
VERTEX
  5
C44
330
17
100
AcDbEntity
  8
TOPO-CONTOUR-MINOR
100
AcDbVertex
100
AcDb3dPolylineVertex
 10
-87.1041349735901
 20
391.2449133656919
 30
1078.0
 70
32
  0
VERTEX
  5
C45
330
17
100
AcDbEntity
  8
TOPO-CONTOUR-MINOR
100
AcDbVertex
100
AcDb3dPolylineVertex
 10
-93.6178155842149
 20
407.3667457876727
 30
1078.0
 70
32
  0
VERTEX
  5
C46
330
17
100
AcDbEntity
  8
TOPO-CONTOUR-MINOR
100
AcDbVertex
100
AcDb3dPolylineVertex
 10
-97.38975519910237
 20
415.0
 30
1078.0
 70
32
  0
SEQEND
  5
C0B
330
C0A
100
AcDbEntity
  8
TOPO-CONTOUR-MINOR
  0
POLYLINE
  5
C47
330
17
100
AcDbEntity
  8
TOPO-CONTOUR-MINOR
100
AcDb3dPolyline
 66
1
 10
0.0
 20
0.0
 30
0.0
 70
8
  0
VERTEX
  5
C49
330
17
100
AcDbEntity
  8
TOPO-CONTOUR-MINOR
100
AcDbVertex
100
AcDb3dPolylineVertex
 10
-59.303797474063245
 20
415.0
 30
1079.0
 70
32
  0
VERTEX
  5
C4A
330
17
100
AcDbEntity
  8
TOPO-CONTOUR-MINOR
100
AcDbVertex
100
AcDb3dPolylineVertex
 10
-56.26305479553251
 20
407.3667457876727
 30
1079.0
 70
32
  0
VERTEX
  5
C4B
330
17
100
AcDbEntity
  8
TOPO-CONTOUR-MINOR
100
AcDbVertex
100
AcDb3dPolylineVertex
 10
-54.79053882117205
 20
402.3893083421092
 30
1079.0
 70
32
  0
VERTEX
  5
C4C
330
17
100
AcDbEntity
  8
TOPO-CONTOUR-MINOR
100
AcDbVertex
100
AcDb3dPolylineVertex
 10
-51.52978351113347
 20
396.2829859973863
 30
1079.0
 70
32
  0
VERTEX
  5
C4D
330
17
100
AcDbEntity
  8
TOPO-CONTOUR-MINOR
100
AcDbVertex
100
AcDb3dPolylineVertex
 10
-45.214890833584974
 20
378.14592452161014
 30
1079.0
 70
32
  0
VERTEX
  5
C4E
330
17
100
AcDbEntity
  8
TOPO-CONTOUR-MINOR
100
AcDbVertex
100
AcDb3dPolylineVertex
 10
-45.030404095397216
 20
376.1306954687462
 30
1079.0
 70
32
  0
VERTEX
  5
C4F
330
17
100
AcDbEntity
  8
TOPO-CONTOUR-MINOR
100
AcDbVertex
100
AcDb3dPolylineVertex
 10
-45.550354140782936
 20
370.0850083110854
 30
1079.0
 70
32
  0
VERTEX
  5
C50
330
17
100
AcDbEntity
  8
TOPO-CONTOUR-MINOR
100
AcDbVertex
100
AcDb3dPolylineVertex
 10
-45.040621898953106
 20
356.98601946700364
 30
1079.0
 70
32
  0
VERTEX
  5
C51
330
17
100
AcDbEntity
  8
TOPO-CONTOUR-MINOR
100
AcDbVertex
100
AcDb3dPolylineVertex
 10
-44.60258055202282
 20
351.94794683530927
 30
1079.0
 70
32
  0
VERTEX
  5
C52
330
17
100
AcDbEntity
  8
TOPO-CONTOUR-MINOR
100
AcDbVertex
100
AcDb3dPolylineVertex
 10
-43.515119090428094
 20
345.9022596767172
 30
1079.0
 70
32
  0
VERTEX
  5
C53
330
17
100
AcDbEntity
  8
TOPO-CONTOUR-MINOR
100
AcDbVertex
100
AcDb3dPolylineVertex
 10
-42.586574239367906
 20
337.84134346526116
 30
1079.0
 70
32
  0
VERTEX
  5
C54
330
17
100
AcDbEntity
  8
TOPO-CONTOUR-MINOR
100
AcDbVertex
100
AcDb3dPolylineVertex
 10
-41.90754295704392
 20
327.7651982018724
 30
1079.0
 70
32
  0
VERTEX
  5
C55
330
17
100
AcDbEntity
  8
TOPO-CONTOUR-MINOR
100
AcDbVertex
100
AcDb3dPolylineVertex
 10
-43.094175630066054
 20
311.6433657789603
 30
1079.0
 70
32
  0
VERTEX
  5
C56
330
17
100
AcDbEntity
  8
TOPO-CONTOUR-MINOR
100
AcDbVertex
100
AcDb3dPolylineVertex
 10
-46.334330307424906
 20
293.50630430318415
 30
1079.0
 70
32
  0
VERTEX
  5
C57
330
17
100
AcDbEntity
  8
TOPO-CONTOUR-MINOR
100
AcDbVertex
100
AcDb3dPolylineVertex
 10
-46.50816495847498
 20
286.45300261862576
 30
1079.0
 70
32
  0
VERTEX
  5
C58
330
17
100
AcDbEntity
  8
TOPO-CONTOUR-MINOR
100
AcDbVertex
100
AcDb3dPolylineVertex
 10
-47.242452478128136
 20
282.42254451289773
 30
1079.0
 70
32
  0
VERTEX
  5
C59
330
17
100
AcDbEntity
  8
TOPO-CONTOUR-MINOR
100
AcDbVertex
100
AcDb3dPolylineVertex
 10
-48.93597581415306
 20
276.3768573543057
 30
1079.0
 70
32
  0
VERTEX
  5
C5A
330
17
100
AcDbEntity
  8
TOPO-CONTOUR-MINOR
100
AcDbVertex
100
AcDb3dPolylineVertex
 10
-49.040948754949795
 20
273.3540137754753
 30
1079.0
 70
32
  0
VERTEX
  5
C5B
330
17
100
AcDbEntity
  8
TOPO-CONTOUR-MINOR
100
AcDbVertex
100
AcDb3dPolylineVertex
 10
-48.50296625176828
 20
268.31594114378095
 30
1079.0
 70
32
  0
VERTEX
  5
C5C
330
17
100
AcDbEntity
  8
TOPO-CONTOUR-MINOR
100
AcDbVertex
100
AcDb3dPolylineVertex
 10
-48.60560206951845
 20
266.30071209091693
 30
1079.0
 70
32
  0
VERTEX
  5
C5D
330
17
100
AcDbEntity
  8
TOPO-CONTOUR-MINOR
100
AcDbVertex
100
AcDb3dPolylineVertex
 10
-52.303395663693856
 20
245.14080703631043
 30
1079.0
 70
32
  0
VERTEX
  5
C5E
330
17
100
AcDbEntity
  8
TOPO-CONTOUR-MINOR
100
AcDbVertex
100
AcDb3dPolylineVertex
 10
-54.944572499785124
 20
236.0722762979567
 30
1079.0
 70
32
  0
VERTEX
  5
C5F
330
17
100
AcDbEntity
  8
TOPO-CONTOUR-MINOR
100
AcDbVertex
100
AcDb3dPolylineVertex
 10
-55.43497756926743
 20
224.98851650767028
 30
1079.0
 70
32
  0
VERTEX
  5
C60
330
17
100
AcDbEntity
  8
TOPO-CONTOUR-MINOR
100
AcDbVertex
100
AcDb3dPolylineVertex
 10
-56.0342950701708
 20
220.95805840194225
 30
1079.0
 70
32
  0
VERTEX
  5
C61
330
17
100
AcDbEntity
  8
TOPO-CONTOUR-MINOR
100
AcDbVertex
100
AcDb3dPolylineVertex
 10
-57.0717462808472
 20
216.92760029621422
 30
1079.0
 70
32
  0
VERTEX
  5
C62
330
17
100
AcDbEntity
  8
TOPO-CONTOUR-MINOR
100
AcDbVertex
100
AcDb3dPolylineVertex
 10
-58.254083368088274
 20
213.90475671738386
 30
1079.0
 70
32
  0
VERTEX
  5
C63
330
17
100
AcDbEntity
  8
TOPO-CONTOUR-MINOR
100
AcDbVertex
100
AcDb3dPolylineVertex
 10
-63.23679267395948
 20
204.83622597996145
 30
1079.0
 70
32
  0
VERTEX
  5
C64
330
17
100
AcDbEntity
  8
TOPO-CONTOUR-MINOR
100
AcDbVertex
100
AcDb3dPolylineVertex
 10
-66.88191313808056
 20
199.45338867035971
 30
1079.0
 70
32
  0
VERTEX
  5
C65
330
17
100
AcDbEntity
  8
TOPO-CONTOUR-MINOR
100
AcDbVertex
100
AcDb3dPolylineVertex
 10
-68.9452902468654
 20
194.76008071564138
 30
1079.0
 70
32
  0
VERTEX
  5
C66
330
17
100
AcDbEntity
  8
TOPO-CONTOUR-MINOR
100
AcDbVertex
100
AcDb3dPolylineVertex
 10
-72.11131469306808
 20
182.6687063984573
 30
1079.0
 70
32
  0
VERTEX
  5
C67
330
17
100
AcDbEntity
  8
TOPO-CONTOUR-MINOR
100
AcDbVertex
100
AcDb3dPolylineVertex
 10
-72.2943144636331
 20
180.65347734559327
 30
1079.0
 70
32
  0
VERTEX
  5
C68
330
17
100
AcDbEntity
  8
TOPO-CONTOUR-MINOR
100
AcDbVertex
100
AcDb3dPolylineVertex
 10
-71.8852486610827
 20
178.63824829272926
 30
1079.0
 70
32
  0
VERTEX
  5
C69
330
17
100
AcDbEntity
  8
TOPO-CONTOUR-MINOR
100
AcDbVertex
100
AcDb3dPolylineVertex
 10
-72.0262407109074
 20
177.6306337667629
 30
1079.0
 70
32
  0
VERTEX
  5
C6A
330
17
100
AcDbEntity
  8
TOPO-CONTOUR-MINOR
100
AcDbVertex
100
AcDb3dPolylineVertex
 10
-74.0849189898539
 20
173.60017566103488
 30
1079.0
 70
32
  0
VERTEX
  5
C6B
330
17
100
AcDbEntity
  8
TOPO-CONTOUR-MINOR
100
AcDbVertex
100
AcDb3dPolylineVertex
 10
-74.16012090496275
 20
170.5773320812732
 30
1079.0
 70
32
  0
VERTEX
  5
C6C
330
17
100
AcDbEntity
  8
TOPO-CONTOUR-MINOR
100
AcDbVertex
100
AcDb3dPolylineVertex
 10
-74.55688897076114
 20
168.5621030293405
 30
1079.0
 70
32
  0
VERTEX
  5
C6D
330
17
100
AcDbEntity
  8
TOPO-CONTOUR-MINOR
100
AcDbVertex
100
AcDb3dPolylineVertex
 10
-74.50462721733604
 20
165.53925944957882
 30
1079.0
 70
32
  0
VERTEX
  5
C6E
330
17
100
AcDbEntity
  8
TOPO-CONTOUR-MINOR
100
AcDbVertex
100
AcDb3dPolylineVertex
 10
-74.92928482880086
 20
163.5240303967148
 30
1079.0
 70
32
  0
VERTEX
  5
C6F
330
17
100
AcDbEntity
  8
TOPO-CONTOUR-MINOR
100
AcDbVertex
100
AcDb3dPolylineVertex
 10
-75.95044387576127
 20
162.22927842992794
 30
1079.0
 70
32
  0
VERTEX
  5
C70
330
17
100
AcDbEntity
  8
TOPO-CONTOUR-MINOR
100
AcDbVertex
100
AcDb3dPolylineVertex
 10
-76.95805840217054
 20
161.8927624766943
 30
1079.0
 70
32
  0
VERTEX
  5
C71
330
17
100
AcDbEntity
  8
TOPO-CONTOUR-MINOR
100
AcDbVertex
100
AcDb3dPolylineVertex
 10
-77.9656729285798
 20
162.22957285201394
 30
1079.0
 70
32
  0
VERTEX
  5
C72
330
17
100
AcDbEntity
  8
TOPO-CONTOUR-MINOR
100
AcDbVertex
100
AcDb3dPolylineVertex
 10
-78.97328745498908
 20
161.65523217933287
 30
1079.0
 70
32
  0
VERTEX
  5
C73
330
17
100
AcDbEntity
  8
TOPO-CONTOUR-MINOR
100
AcDbVertex
100
AcDb3dPolylineVertex
 10
-79.79427379161294
 20
157.47834323812276
 30
1079.0
 70
32
  0
VERTEX
  5
C74
330
17
100
AcDbEntity
  8
TOPO-CONTOUR-MINOR
100
AcDbVertex
100
AcDb3dPolylineVertex
 10
-79.52629770145597
 20
155.46311418525875
 30
1079.0
 70
32
  0
VERTEX
  5
C75
330
17
100
AcDbEntity
  8
TOPO-CONTOUR-MINOR
100
AcDbVertex
100
AcDb3dPolylineVertex
 10
-78.5562694540378
 20
152.44027060642838
 30
1079.0
 70
32
  0
VERTEX
  5
C76
330
17
100
AcDbEntity
  8
TOPO-CONTOUR-MINOR
100
AcDbVertex
100
AcDb3dPolylineVertex
 10
-78.41578283242531
 20
149.4174270266667
 30
1079.0
 70
32
  0
VERTEX
  5
C77
330
17
100
AcDbEntity
  8
TOPO-CONTOUR-MINOR
100
AcDbVertex
100
AcDb3dPolylineVertex
 10
-80.4775551003075
 20
141.35651081614196
 30
1079.0
 70
32
  0
VERTEX
  5
C78
330
17
100
AcDbEntity
  8
TOPO-CONTOUR-MINOR
100
AcDbVertex
100
AcDb3dPolylineVertex
 10
-81.13933941277152
 20
131.2803655518219
 30
1079.0
 70
32
  0
VERTEX
  5
C79
330
17
100
AcDbEntity
  8
TOPO-CONTOUR-MINOR
100
AcDbVertex
100
AcDb3dPolylineVertex
 10
-82.16821781101916
 20
126.24229292012751
 30
1079.0
 70
32
  0
VERTEX
  5
C7A
330
17
100
AcDbEntity
  8
TOPO-CONTOUR-MINOR
100
AcDbVertex
100
AcDb3dPolylineVertex
 10
-83.54486745773694
 20
122.21183481439948
 30
1079.0
 70
32
  0
VERTEX
  5
C7B
330
17
100
AcDbEntity
  8
TOPO-CONTOUR-MINOR
100
AcDbVertex
100
AcDb3dPolylineVertex
 10
-87.3420428100765
 20
114.15091860294342
 30
1079.0
 70
32
  0
VERTEX
  5
C7C
330
17
100
AcDbEntity
  8
TOPO-CONTOUR-MINOR
100
AcDbVertex
100
AcDb3dPolylineVertex
 10
-95.16282453149222
 20
99.03670070692897
 30
1079.0
 70
32
  0
VERTEX
  5
C7D
330
17
100
AcDbEntity
  8
TOPO-CONTOUR-MINOR
100
AcDbVertex
100
AcDb3dPolylineVertex
 10
-98.85423863100849
 20
92.99101354833692
 30
1079.0
 70
32
  0
VERTEX
  5
C7E
330
17
100
AcDbEntity
  8
TOPO-CONTOUR-MINOR
100
AcDbVertex
100
AcDb3dPolylineVertex
 10
-104.16365061521537
 20
82.77912111493305
 30
1079.0
 70
32
  0
VERTEX
  5
C7F
330
17
100
AcDbEntity
  8
TOPO-CONTOUR-MINOR
100
AcDbVertex
100
AcDb3dPolylineVertex
 10
-105.32067401961471
 20
80.89963923115283
 30
1079.0
 70
32
  0
VERTEX
  5
C80
330
17
100
AcDbEntity
  8
TOPO-CONTOUR-MINOR
100
AcDbVertex
100
AcDb3dPolylineVertex
 10
-109.49570722809523
 20
75.86156659945846
 30
1079.0
 70
32
  0
VERTEX
  5
C81
330
17
100
AcDbEntity
  8
TOPO-CONTOUR-MINOR
100
AcDbVertex
100
AcDb3dPolylineVertex
 10
-116.98930802803389
 20
64.77780680917203
 30
1079.0
 70
32
  0
VERTEX
  5
C82
330
17
100
AcDbEntity
  8
TOPO-CONTOUR-MINOR
100
AcDbVertex
100
AcDb3dPolylineVertex
 10
-120.31549216502745
 20
58.73211965057999
 30
1079.0
 70
32
  0
VERTEX
  5
C83
330
17
100
AcDbEntity
  8
TOPO-CONTOUR-MINOR
100
AcDbVertex
100
AcDb3dPolylineVertex
 10
-122.30071209057769
 20
53.39104296028344
 30
1079.0
 70
32
  0
VERTEX
  5
C84
330
17
100
AcDbEntity
  8
TOPO-CONTOUR-MINOR
100
AcDbVertex
100
AcDb3dPolylineVertex
 10
-124.73832721319829
 20
43.61790175456554
 30
1079.0
 70
32
  0
VERTEX
  5
C85
330
17
100
AcDbEntity
  8
TOPO-CONTOUR-MINOR
100
AcDbVertex
100
AcDb3dPolylineVertex
 10
-133.10595150627995
 20
14.39708048850298
 30
1079.0
 70
32
  0
VERTEX
  5
C86
330
17
100
AcDbEntity
  8
TOPO-CONTOUR-MINOR
100
AcDbVertex
100
AcDb3dPolylineVertex
 10
-135.0114415420282
 20
4.320935224182904
 30
1079.0
 70
32
  0
VERTEX
  5
C87
330
17
100
AcDbEntity
  8
TOPO-CONTOUR-MINOR
100
AcDbVertex
100
AcDb3dPolylineVertex
 10
-136.52815798719047
 20
-1.7247519344091415
 30
1079.0
 70
32
  0
VERTEX
  5
C88
330
17
100
AcDbEntity
  8
TOPO-CONTOUR-MINOR
100
AcDbVertex
100
AcDb3dPolylineVertex
 10
-137.2527847488098
 20
-6.762824566103518
 30
1079.0
 70
32
  0
VERTEX
  5
C89
330
17
100
AcDbEntity
  8
TOPO-CONTOUR-MINOR
100
AcDbVertex
100
AcDb3dPolylineVertex
 10
-137.6122653930736
 20
-14.823740777559578
 30
1079.0
 70
32
  0
VERTEX
  5
C8A
330
17
100
AcDbEntity
  8
TOPO-CONTOUR-MINOR
100
AcDbVertex
100
AcDb3dPolylineVertex
 10
-141.91993776906548
 20
-35.983645832166076
 30
1079.0
 70
32
  0
VERTEX
  5
C8B
330
17
100
AcDbEntity
  8
TOPO-CONTOUR-MINOR
100
AcDbVertex
100
AcDb3dPolylineVertex
 10
-142.46683847523795
 20
-42.02933299075812
 30
1079.0
 70
32
  0
VERTEX
  5
C8C
330
17
100
AcDbEntity
  8
TOPO-CONTOUR-MINOR
100
AcDbVertex
100
AcDb3dPolylineVertex
 10
-144.4682316715771
 20
-51.316304068001564
 30
1079.0
 70
32
  0
VERTEX
  5
C8D
330
17
100
AcDbEntity
  8
TOPO-CONTOUR-MINOR
100
AcDbVertex
100
AcDb3dPolylineVertex
 10
-146.04581126635458
 20
-56.135936359874904
 30
1079.0
 70
32
  0
VERTEX
  5
C8E
330
17
100
AcDbEntity
  8
TOPO-CONTOUR-MINOR
100
AcDbVertex
100
AcDb3dPolylineVertex
 10
-147.686689691973
 20
-64.19685257133096
 30
1079.0
 70
32
  0
VERTEX
  5
C8F
330
17
100
AcDbEntity
  8
TOPO-CONTOUR-MINOR
100
AcDbVertex
100
AcDb3dPolylineVertex
 10
-151.0952974828507
 20
-85.35675762593746
 30
1079.0
 70
32
  0
VERTEX
  5
C90
330
17
100
AcDbEntity
  8
TOPO-CONTOUR-MINOR
100
AcDbVertex
100
AcDb3dPolylineVertex
 10
-153.60013155199877
 20
-94.42528836429119
 30
1079.0
 70
32
  0
VERTEX
  5
C91
330
17
100
AcDbEntity
  8
TOPO-CONTOUR-MINOR
100
AcDbVertex
100
AcDb3dPolylineVertex
 10
-154.13862038271958
 20
-100.47097552195191
 30
1079.0
 70
32
  0
VERTEX
  5
C92
330
17
100
AcDbEntity
  8
TOPO-CONTOUR-MINOR
100
AcDbVertex
100
AcDb3dPolylineVertex
 10
-155.54136040520484
 20
-106.51666268054396
 30
1079.0
 70
32
  0
VERTEX
  5
C93
330
17
100
AcDbEntity
  8
TOPO-CONTOUR-MINOR
100
AcDbVertex
100
AcDb3dPolylineVertex
 10
-156.17378529075455
 20
-111.55473531316966
 30
1079.0
 70
32
  0
VERTEX
  5
C94
330
17
100
AcDbEntity
  8
TOPO-CONTOUR-MINOR
100
AcDbVertex
100
AcDb3dPolylineVertex
 10
-157.36353917244682
 20
-115.58519341889769
 30
1079.0
 70
32
  0
VERTEX
  5
C95
330
17
100
AcDbEntity
  8
TOPO-CONTOUR-MINOR
100
AcDbVertex
100
AcDb3dPolylineVertex
 10
-160.35382956917906
 20
-129.69179678801447
 30
1079.0
 70
32
  0
VERTEX
  5
C96
330
17
100
AcDbEntity
  8
TOPO-CONTOUR-MINOR
100
AcDbVertex
100
AcDb3dPolylineVertex
 10
-162.7382564212836
 20
-137.75271299947053
 30
1079.0
 70
32
  0
VERTEX
  5
C97
330
17
100
AcDbEntity
  8
TOPO-CONTOUR-MINOR
100
AcDbVertex
100
AcDb3dPolylineVertex
 10
-162.87815490824244
 20
-144.80601468402892
 30
1079.0
 70
32
  0
VERTEX
  5
C98
330
17
100
AcDbEntity
  8
TOPO-CONTOUR-MINOR
100
AcDbVertex
100
AcDb3dPolylineVertex
 10
-163.8783008422327
 20
-150.85170184262097
 30
1079.0
 70
32
  0
VERTEX
  5
C99
330
17
100
AcDbEntity
  8
TOPO-CONTOUR-MINOR
100
AcDbVertex
100
AcDb3dPolylineVertex
 10
-165.40673413685755
 20
-155.88977447524667
 30
1079.0
 70
32
  0
VERTEX
  5
C9A
330
17
100
AcDbEntity
  8
TOPO-CONTOUR-MINOR
100
AcDbVertex
100
AcDb3dPolylineVertex
 10
-167.83595506643536
 20
-168.9887633183971
 30
1079.0
 70
32
  0
VERTEX
  5
C9B
330
17
100
AcDbEntity
  8
TOPO-CONTOUR-MINOR
100
AcDbVertex
100
AcDb3dPolylineVertex
 10
-167.71316836269872
 20
-176.0420650029555
 30
1079.0
 70
32
  0
VERTEX
  5
C9C
330
17
100
AcDbEntity
  8
TOPO-CONTOUR-MINOR
100
AcDbVertex
100
AcDb3dPolylineVertex
 10
-168.03781220003634
 20
-179.06490858178586
 30
1079.0
 70
32
  0
VERTEX
  5
C9D
330
17
100
AcDbEntity
  8
TOPO-CONTOUR-MINOR
100
AcDbVertex
100
AcDb3dPolylineVertex
 10
-169.37378943510305
 20
-183.0953666875139
 30
1079.0
 70
32
  0
VERTEX
  5
C9E
330
17
100
AcDbEntity
  8
TOPO-CONTOUR-MINOR
100
AcDbVertex
100
AcDb3dPolylineVertex
 10
-170.65183564892192
 20
-185.0
 30
1079.0
 70
32
  0
SEQEND
  5
C48
330
C47
100
AcDbEntity
  8
TOPO-CONTOUR-MINOR
  0
POLYLINE
  5
C9F
330
17
100
AcDbEntity
  8
TOPO-CONTOUR-MINOR
100
AcDb3dPolyline
 66
1
 10
0.0
 20
0.0
 30
0.0
 70
8
  0
VERTEX
  5
CA1
330
17
100
AcDbEntity
  8
TOPO-CONTOUR-MINOR
100
AcDbVertex
100
AcDb3dPolylineVertex
 10
-60.87593550925409
 20
202.82099692709744
 30
1079.0
 70
32
  0
VERTEX
  5
CA2
330
17
100
AcDbEntity
  8
TOPO-CONTOUR-MINOR
100
AcDbVertex
100
AcDb3dPolylineVertex
 10
-59.82861145321658
 20
203.6263707233957
 30
1079.0
 70
32
  0
VERTEX
  5
CA3
330
17
100
AcDbEntity
  8
TOPO-CONTOUR-MINOR
100
AcDbVertex
100
AcDb3dPolylineVertex
 10
-58.82099692680822
 20
203.2299659300389
 30
1079.0
 70
32
  0
VERTEX
  5
CA4
330
17
100
AcDbEntity
  8
TOPO-CONTOUR-MINOR
100
AcDbVertex
100
AcDb3dPolylineVertex
 10
-58.51826815626379
 20
201.81338240019977
 30
1079.0
 70
32
  0
VERTEX
  5
CA5
330
17
100
AcDbEntity
  8
TOPO-CONTOUR-MINOR
100
AcDbVertex
100
AcDb3dPolylineVertex
 10
-58.94232705380515
 20
200.80576787423342
 30
1079.0
 70
32
  0
VERTEX
  5
CA6
330
17
100
AcDbEntity
  8
TOPO-CONTOUR-MINOR
100
AcDbVertex
100
AcDb3dPolylineVertex
 10
-59.82861145321658
 20
200.07869580240916
 30
1079.0
 70
32
  0
VERTEX
  5
CA7
330
17
100
AcDbEntity
  8
TOPO-CONTOUR-MINOR
100
AcDbVertex
100
AcDb3dPolylineVertex
 10
-60.83622597962585
 20
199.83171338426956
 30
1079.0
 70
32
  0
VERTEX
  5
CA8
330
17
100
AcDbEntity
  8
TOPO-CONTOUR-MINOR
100
AcDbVertex
100
AcDb3dPolylineVertex
 10
-61.28808208078882
 20
200.80576787423342
 30
1079.0
 70
32
  0
VERTEX
  5
CA9
330
17
100
AcDbEntity
  8
TOPO-CONTOUR-MINOR
100
AcDbVertex
100
AcDb3dPolylineVertex
 10
-60.87593550925409
 20
202.82099692709744
 30
1079.0
 70
32
  0
SEQEND
  5
CA0
330
C9F
100
AcDbEntity
  8
TOPO-CONTOUR-MINOR
  0
POLYLINE
  5
CAA
330
17
100
AcDbEntity
  8
TOPO-CONTOUR-MINOR
100
AcDb3dPolyline
 66
1
 10
0.0
 20
0.0
 30
0.0
 70
8
  0
VERTEX
  5
CAC
330
17
100
AcDbEntity
  8
TOPO-CONTOUR-MINOR
100
AcDbVertex
100
AcDb3dPolylineVertex
 10
-235.05898324532558
 20
-185.0
 30
1079.0
 70
32
  0
VERTEX
  5
CAD
330
17
100
AcDbEntity
  8
TOPO-CONTOUR-MINOR
100
AcDbVertex
100
AcDb3dPolylineVertex
 10
-232.13069546916358
 20
-179.44804501426555
 30
1079.0
 70
32
  0
VERTEX
  5
CAE
330
17
100
AcDbEntity
  8
TOPO-CONTOUR-MINOR
100
AcDbVertex
100
AcDb3dPolylineVertex
 10
-228.35270451871781
 20
-172.01160689722747
 30
1079.0
 70
32
  0
VERTEX
  5
CAF
330
17
100
AcDbEntity
  8
TOPO-CONTOUR-MINOR
100
AcDbVertex
100
AcDb3dPolylineVertex
 10
-223.93134065799651
 20
-161.9354616329074
 30
1079.0
 70
32
  0
VERTEX
  5
CB0
330
17
100
AcDbEntity
  8
TOPO-CONTOUR-MINOR
100
AcDbVertex
100
AcDb3dPolylineVertex
 10
-219.94033724630728
 20
-155.88977447524667
 30
1079.0
 70
32
  0
VERTEX
  5
CB1
330
17
100
AcDbEntity
  8
TOPO-CONTOUR-MINOR
100
AcDbVertex
100
AcDb3dPolylineVertex
 10
-218.866926234891
 20
-152.86693089548498
 30
1079.0
 70
32
  0
VERTEX
  5
CB2
330
17
100
AcDbEntity
  8
TOPO-CONTOUR-MINOR
100
AcDbVertex
100
AcDb3dPolylineVertex
 10
-218.09521815564582
 20
-148.83647278975695
 30
1079.0
 70
32
  0
VERTEX
  5
CB3
330
17
100
AcDbEntity
  8
TOPO-CONTOUR-MINOR
100
AcDbVertex
100
AcDb3dPolylineVertex
 10
-216.0880744833906
 20
-142.7907856311649
 30
1079.0
 70
32
  0
VERTEX
  5
CB4
330
17
100
AcDbEntity
  8
TOPO-CONTOUR-MINOR
100
AcDbVertex
100
AcDb3dPolylineVertex
 10
-210.61014862293942
 20
-129.69179678801447
 30
1079.0
 70
32
  0
VERTEX
  5
CB5
330
17
100
AcDbEntity
  8
TOPO-CONTOUR-MINOR
100
AcDbVertex
100
AcDb3dPolylineVertex
 10
-209.323977190071
 20
-121.63088057655841
 30
1079.0
 70
32
  0
VERTEX
  5
CB6
330
17
100
AcDbEntity
  8
TOPO-CONTOUR-MINOR
100
AcDbVertex
100
AcDb3dPolylineVertex
 10
-207.80858995492264
 20
-115.58519341889769
 30
1079.0
 70
32
  0
VERTEX
  5
CB7
330
17
100
AcDbEntity
  8
TOPO-CONTOUR-MINOR
100
AcDbVertex
100
AcDb3dPolylineVertex
 10
-206.2676409210028
 20
-107.52427720744163
 30
1079.0
 70
32
  0
VERTEX
  5
CB8
330
17
100
AcDbEntity
  8
TOPO-CONTOUR-MINOR
100
AcDbVertex
100
AcDb3dPolylineVertex
 10
-202.55057595878753
 20
-94.42528836429119
 30
1079.0
 70
32
  0
VERTEX
  5
CB9
330
17
100
AcDbEntity
  8
TOPO-CONTOUR-MINOR
100
AcDbVertex
100
AcDb3dPolylineVertex
 10
-200.78561379688804
 20
-86.36437215283513
 30
1079.0
 70
32
  0
VERTEX
  5
CBA
330
17
100
AcDbEntity
  8
TOPO-CONTOUR-MINOR
100
AcDbVertex
100
AcDb3dPolylineVertex
 10
-198.47909855313372
 20
-80.31868499424309
 30
1079.0
 70
32
  0
VERTEX
  5
CBB
330
17
100
AcDbEntity
  8
TOPO-CONTOUR-MINOR
100
AcDbVertex
100
AcDb3dPolylineVertex
 10
-195.83562860776522
 20
-71.25015425682068
 30
1079.0
 70
32
  0
VERTEX
  5
CBC
330
17
100
AcDbEntity
  8
TOPO-CONTOUR-MINOR
100
AcDbVertex
100
AcDb3dPolylineVertex
 10
-193.58058468916505
 20
-65.20446709822863
 30
1079.0
 70
32
  0
VERTEX
  5
CBD
330
17
100
AcDbEntity
  8
TOPO-CONTOUR-MINOR
100
AcDbVertex
100
AcDb3dPolylineVertex
 10
-189.4137205426892
 20
-44.044562043622136
 30
1079.0
 70
32
  0
VERTEX
  5
CBE
330
17
100
AcDbEntity
  8
TOPO-CONTOUR-MINOR
100
AcDbVertex
100
AcDb3dPolylineVertex
 10
-180.74235462230263
 20
-17.899411165014534
 30
1079.0
 70
32
  0
VERTEX
  5
CBF
330
17
100
AcDbEntity
  8
TOPO-CONTOUR-MINOR
100
AcDbVertex
100
AcDb3dPolylineVertex
 10
-178.67369981696174
 20
-10.793282671831548
 30
1079.0
 70
32
  0
VERTEX
  5
CC0
330
17
100
AcDbEntity
  8
TOPO-CONTOUR-MINOR
100
AcDbVertex
100
AcDb3dPolylineVertex
 10
-177.04770162977985
 20
-3.7399809872731566
 30
1079.0
 70
32
  0
VERTEX
  5
CC1
330
17
100
AcDbEntity
  8
TOPO-CONTOUR-MINOR
100
AcDbVertex
100
AcDb3dPolylineVertex
 10
-174.69666746384792
 20
2.777558780249586
 30
1079.0
 70
32
  0
VERTEX
  5
CC2
330
17
100
AcDbEntity
  8
TOPO-CONTOUR-MINOR
100
AcDbVertex
100
AcDb3dPolylineVertex
 10
-173.7171029397034
 20
8.351393329910934
 30
1079.0
 70
32
  0
VERTEX
  5
CC3
330
17
100
AcDbEntity
  8
TOPO-CONTOUR-MINOR
100
AcDbVertex
100
AcDb3dPolylineVertex
 10
-168.2776881793906
 20
28.503683857619762
 30
1079.0
 70
32
  0
VERTEX
  5
CC4
330
17
100
AcDbEntity
  8
TOPO-CONTOUR-MINOR
100
AcDbVertex
100
AcDb3dPolylineVertex
 10
-160.81899152520168
 20
51.678817965090275
 30
1079.0
 70
32
  0
VERTEX
  5
CC5
330
17
100
AcDbEntity
  8
TOPO-CONTOUR-MINOR
100
AcDbVertex
100
AcDb3dPolylineVertex
 10
-158.57483504130323
 20
56.05252589215266
 30
1079.0
 70
32
  0
VERTEX
  5
CC6
330
17
100
AcDbEntity
  8
TOPO-CONTOUR-MINOR
100
AcDbVertex
100
AcDb3dPolylineVertex
 10
-157.37960880815066
 20
60.747348703444004
 30
1079.0
 70
32
  0
VERTEX
  5
CC7
330
17
100
AcDbEntity
  8
TOPO-CONTOUR-MINOR
100
AcDbVertex
100
AcDb3dPolylineVertex
 10
-152.52914788284943
 20
74.59407225819416
 30
1079.0
 70
32
  0
VERTEX
  5
CC8
330
17
100
AcDbEntity
  8
TOPO-CONTOUR-MINOR
100
AcDbVertex
100
AcDb3dPolylineVertex
 10
-149.33573946920376
 20
85.93771186377853
 30
1079.0
 70
32
  0
VERTEX
  5
CC9
330
17
100
AcDbEntity
  8
TOPO-CONTOUR-MINOR
100
AcDbVertex
100
AcDb3dPolylineVertex
 10
-148.32897745363857
 20
91.98339902143925
 30
1079.0
 70
32
  0
VERTEX
  5
CCA
330
17
100
AcDbEntity
  8
TOPO-CONTOUR-MINOR
100
AcDbVertex
100
AcDb3dPolylineVertex
 10
-147.04364233426202
 20
97.02147165406495
 30
1079.0
 70
32
  0
VERTEX
  5
CCB
330
17
100
AcDbEntity
  8
TOPO-CONTOUR-MINOR
100
AcDbVertex
100
AcDb3dPolylineVertex
 10
-145.99000378689794
 20
100.04431523289531
 30
1079.0
 70
32
  0
VERTEX
  5
CCC
330
17
100
AcDbEntity
  8
TOPO-CONTOUR-MINOR
100
AcDbVertex
100
AcDb3dPolylineVertex
 10
-144.01556967139652
 20
104.07477333862334
 30
1079.0
 70
32
  0
VERTEX
  5
CCD
330
17
100
AcDbEntity
  8
TOPO-CONTOUR-MINOR
100
AcDbVertex
100
AcDb3dPolylineVertex
 10
-142.80772012195314
 20
111.12807502318174
 30
1079.0
 70
32
  0
VERTEX
  5
CCE
330
17
100
AcDbEntity
  8
TOPO-CONTOUR-MINOR
100
AcDbVertex
100
AcDb3dPolylineVertex
 10
-139.3119588755429
 20
121.20422028750181
 30
1079.0
 70
32
  0
VERTEX
  5
CCF
330
17
100
AcDbEntity
  8
TOPO-CONTOUR-MINOR
100
AcDbVertex
100
AcDb3dPolylineVertex
 10
-138.13677153447657
 20
127.24990744609386
 30
1079.0
 70
32
  0
VERTEX
  5
CD0
330
17
100
AcDbEntity
  8
TOPO-CONTOUR-MINOR
100
AcDbVertex
100
AcDb3dPolylineVertex
 10
-135.7963583639008
 20
132.28798007778823
 30
1079.0
 70
32
  0
VERTEX
  5
CD1
330
17
100
AcDbEntity
  8
TOPO-CONTOUR-MINOR
100
AcDbVertex
100
AcDb3dPolylineVertex
 10
-134.7623509889723
 20
135.31082365754992
 30
1079.0
 70
32
  0
VERTEX
  5
CD2
330
17
100
AcDbEntity
  8
TOPO-CONTOUR-MINOR
100
AcDbVertex
100
AcDb3dPolylineVertex
 10
-131.77182909090453
 20
141.35651081614196
 30
1079.0
 70
32
  0
VERTEX
  5
CD3
330
17
100
AcDbEntity
  8
TOPO-CONTOUR-MINOR
100
AcDbVertex
100
AcDb3dPolylineVertex
 10
-127.33878472262313
 20
155.7826896390197
 30
1079.0
 70
32
  0
VERTEX
  5
CD4
330
17
100
AcDbEntity
  8
TOPO-CONTOUR-MINOR
100
AcDbVertex
100
AcDb3dPolylineVertex
 10
-125.98559893432908
 20
161.5088013438508
 30
1079.0
 70
32
  0
VERTEX
  5
CD5
330
17
100
AcDbEntity
  8
TOPO-CONTOUR-MINOR
100
AcDbVertex
100
AcDb3dPolylineVertex
 10
-124.24278898715896
 20
166.5468739764765
 30
1079.0
 70
32
  0
VERTEX
  5
CD6
330
17
100
AcDbEntity
  8
TOPO-CONTOUR-MINOR
100
AcDbVertex
100
AcDb3dPolylineVertex
 10
-122.7505067305949
 20
172.5925611341372
 30
1079.0
 70
32
  0
VERTEX
  5
CD7
330
17
100
AcDbEntity
  8
TOPO-CONTOUR-MINOR
100
AcDbVertex
100
AcDb3dPolylineVertex
 10
-118.1507735821998
 20
184.6839354513213
 30
1079.0
 70
32
  0
VERTEX
  5
CD8
330
17
100
AcDbEntity
  8
TOPO-CONTOUR-MINOR
100
AcDbVertex
100
AcDb3dPolylineVertex
 10
-116.63886919581654
 20
192.74485166277736
 30
1079.0
 70
32
  0
VERTEX
  5
CD9
330
17
100
AcDbEntity
  8
TOPO-CONTOUR-MINOR
100
AcDbVertex
100
AcDb3dPolylineVertex
 10
-115.68563425010822
 20
200.80576787423342
 30
1079.0
 70
32
  0
VERTEX
  5
CDA
330
17
100
AcDbEntity
  8
TOPO-CONTOUR-MINOR
100
AcDbVertex
100
AcDb3dPolylineVertex
 10
-113.08275169410194
 20
209.87429861165583
 30
1079.0
 70
32
  0
VERTEX
  5
CDB
330
17
100
AcDbEntity
  8
TOPO-CONTOUR-MINOR
100
AcDbVertex
100
AcDb3dPolylineVertex
 10
-108.75583847638757
 20
218.94282934907824
 30
1079.0
 70
32
  0
VERTEX
  5
CDC
330
17
100
AcDbEntity
  8
TOPO-CONTOUR-MINOR
100
AcDbVertex
100
AcDb3dPolylineVertex
 10
-106.178879668033
 20
223.18826481877005
 30
1079.0
 70
32
  0
VERTEX
  5
CDD
330
17
100
AcDbEntity
  8
TOPO-CONTOUR-MINOR
100
AcDbVertex
100
AcDb3dPolylineVertex
 10
-102.59699769895693
 20
236.0722762979567
 30
1079.0
 70
32
  0
VERTEX
  5
CDE
330
17
100
AcDbEntity
  8
TOPO-CONTOUR-MINOR
100
AcDbVertex
100
AcDb3dPolylineVertex
 10
-98.11396559627447
 20
246.14842156227678
 30
1079.0
 70
32
  0
VERTEX
  5
CDF
330
17
100
AcDbEntity
  8
TOPO-CONTOUR-MINOR
100
AcDbVertex
100
AcDb3dPolylineVertex
 10
-94.19778902767875
 20
256.22456682659686
 30
1079.0
 70
32
  0
VERTEX
  5
CE0
330
17
100
AcDbEntity
  8
TOPO-CONTOUR-MINOR
100
AcDbVertex
100
AcDb3dPolylineVertex
 10
-91.6607240158904
 20
267.3083266168833
 30
1079.0
 70
32
  0
VERTEX
  5
CE1
330
17
100
AcDbEntity
  8
TOPO-CONTOUR-MINOR
100
AcDbVertex
100
AcDb3dPolylineVertex
 10
-89.01280392859049
 20
283.4301590397954
 30
1079.0
 70
32
  0
VERTEX
  5
CE2
330
17
100
AcDbEntity
  8
TOPO-CONTOUR-MINOR
100
AcDbVertex
100
AcDb3dPolylineVertex
 10
-87.34975427295217
 20
288.4682316714898
 30
1079.0
 70
32
  0
VERTEX
  5
CE3
330
17
100
AcDbEntity
  8
TOPO-CONTOUR-MINOR
100
AcDbVertex
100
AcDb3dPolylineVertex
 10
-83.53638009276449
 20
294.5139188300818
 30
1079.0
 70
32
  0
VERTEX
  5
CE4
330
17
100
AcDbEntity
  8
TOPO-CONTOUR-MINOR
100
AcDbVertex
100
AcDb3dPolylineVertex
 10
-80.62833264043383
 20
302.5748350415379
 30
1079.0
 70
32
  0
VERTEX
  5
CE5
330
17
100
AcDbEntity
  8
TOPO-CONTOUR-MINOR
100
AcDbVertex
100
AcDb3dPolylineVertex
 10
-79.32669043802107
 20
307.61290767323226
 30
1079.0
 70
32
  0
VERTEX
  5
CE6
330
17
100
AcDbEntity
  8
TOPO-CONTOUR-MINOR
100
AcDbVertex
100
AcDb3dPolylineVertex
 10
-76.95805840217054
 20
313.89243203393744
 30
1079.0
 70
32
  0
VERTEX
  5
CE7
330
17
100
AcDbEntity
  8
TOPO-CONTOUR-MINOR
100
AcDbVertex
100
AcDb3dPolylineVertex
 10
-75.69794533275869
 20
319.70428199041635
 30
1079.0
 70
32
  0
VERTEX
  5
CE8
330
17
100
AcDbEntity
  8
TOPO-CONTOUR-MINOR
100
AcDbVertex
100
AcDb3dPolylineVertex
 10
-73.93521482294364
 20
323.99182526431616
 30
1079.0
 70
32
  0
VERTEX
  5
CE9
330
17
100
AcDbEntity
  8
TOPO-CONTOUR-MINOR
100
AcDbVertex
100
AcDb3dPolylineVertex
 10
-72.07358151106075
 20
332.8032708335668
 30
1079.0
 70
32
  0
VERTEX
  5
CEA
330
17
100
AcDbEntity
  8
TOPO-CONTOUR-MINOR
100
AcDbVertex
100
AcDb3dPolylineVertex
 10
-70.68782457000808
 20
341.8718015709892
 30
1079.0
 70
32
  0
VERTEX
  5
CEB
330
17
100
AcDbEntity
  8
TOPO-CONTOUR-MINOR
100
AcDbVertex
100
AcDb3dPolylineVertex
 10
-70.95637547899122
 20
355.9784049410373
 30
1079.0
 70
32
  0
VERTEX
  5
CEC
330
17
100
AcDbEntity
  8
TOPO-CONTOUR-MINOR
100
AcDbVertex
100
AcDb3dPolylineVertex
 10
-72.24880929462104
 20
363.0317066255957
 30
1079.0
 70
32
  0
VERTEX
  5
CED
330
17
100
AcDbEntity
  8
TOPO-CONTOUR-MINOR
100
AcDbVertex
100
AcDb3dPolylineVertex
 10
-73.93521482294364
 20
369.3798829542117
 30
1079.0
 70
32
  0
VERTEX
  5
CEE
330
17
100
AcDbEntity
  8
TOPO-CONTOUR-MINOR
100
AcDbVertex
100
AcDb3dPolylineVertex
 10
-78.91187410320445
 20
384.1916116802022
 30
1079.0
 70
32
  0
VERTEX
  5
CEF
330
17
100
AcDbEntity
  8
TOPO-CONTOUR-MINOR
100
AcDbVertex
100
AcDb3dPolylineVertex
 10
-88.15675313319825
 20
409.3819748405367
 30
1079.0
 70
32
  0
VERTEX
  5
CF0
330
17
100
AcDbEntity
  8
TOPO-CONTOUR-MINOR
100
AcDbVertex
100
AcDb3dPolylineVertex
 10
-90.49966325651216
 20
415.0
 30
1079.0
 70
32
  0
SEQEND
  5
CAB
330
CAA
100
AcDbEntity
  8
TOPO-CONTOUR-MINOR
  0
POLYLINE
  5
CF1
330
17
100
AcDbEntity
  8
TOPO-CONTOUR-MAJOR
100
AcDb3dPolyline
 66
1
 10
0.0
 20
0.0
 30
0.0
 70
8
  0
VERTEX
  5
CF3
330
17
100
AcDbEntity
  8
TOPO-CONTOUR-MAJOR
100
AcDbVertex
100
AcDb3dPolylineVertex
 10
-62.76898441168118
 20
415.0
 30
1080.0
 70
32
  0
VERTEX
  5
CF4
330
17
100
AcDbEntity
  8
TOPO-CONTOUR-MAJOR
100
AcDbVertex
100
AcDb3dPolylineVertex
 10
-62.58626808818825
 20
414.4200474731624
 30
1080.0
 70
32
  0
VERTEX
  5
CF5
330
17
100
AcDbEntity
  8
TOPO-CONTOUR-MAJOR
100
AcDbVertex
100
AcDb3dPolylineVertex
 10
-60.37617748995708
 20
409.3819748405367
 30
1080.0
 70
32
  0
VERTEX
  5
CF6
330
17
100
AcDbEntity
  8
TOPO-CONTOUR-MAJOR
100
AcDbVertex
100
AcDb3dPolylineVertex
 10
-59.24581019213227
 20
405.3515167348087
 30
1080.0
 70
32
  0
VERTEX
  5
CF7
330
17
100
AcDbEntity
  8
TOPO-CONTOUR-MAJOR
100
AcDbVertex
100
AcDb3dPolylineVertex
 10
-58.51734596835652
 20
400.3134441031143
 30
1080.0
 70
32
  0
VERTEX
  5
CF8
330
17
100
AcDbEntity
  8
TOPO-CONTOUR-MAJOR
100
AcDbVertex
100
AcDb3dPolylineVertex
 10
-56.55381142111313
 20
396.2829859973863
 30
1080.0
 70
32
  0
VERTEX
  5
CF9
330
17
100
AcDbEntity
  8
TOPO-CONTOUR-MAJOR
100
AcDbVertex
100
AcDb3dPolylineVertex
 10
-55.66752142509632
 20
391.2449133656919
 30
1080.0
 70
32
  0
VERTEX
  5
CFA
330
17
100
AcDbEntity
  8
TOPO-CONTOUR-MAJOR
100
AcDbVertex
100
AcDb3dPolylineVertex
 10
-53.21687011331067
 20
382.17638262733817
 30
1080.0
 70
32
  0
VERTEX
  5
CFB
330
17
100
AcDbEntity
  8
TOPO-CONTOUR-MAJOR
100
AcDbVertex
100
AcDb3dPolylineVertex
 10
-51.76769524194424
 20
377.89131504112686
 30
1080.0
 70
32
  0
VERTEX
  5
CFC
330
17
100
AcDbEntity
  8
TOPO-CONTOUR-MAJOR
100
AcDbVertex
100
AcDb3dPolylineVertex
 10
-49.75246618912661
 20
373.67480423825964
 30
1080.0
 70
32
  0
VERTEX
  5
CFD
330
17
100
AcDbEntity
  8
TOPO-CONTOUR-MAJOR
100
AcDbVertex
100
AcDb3dPolylineVertex
 10
-48.74485166271734
 20
369.93042498010504
 30
1080.0
 70
32
  0
VERTEX
  5
CFE
330
17
100
AcDbEntity
  8
TOPO-CONTOUR-MAJOR
100
AcDbVertex
100
AcDb3dPolylineVertex
 10
-48.18274497417538
 20
364.03932115249336
 30
1080.0
 70
32
  0
VERTEX
  5
CFF
330
17
100
AcDbEntity
  8
TOPO-CONTOUR-MAJOR
100
AcDbVertex
100
AcDb3dPolylineVertex
 10
-48.13234501724128
 20
356.98601946700364
 30
1080.0
 70
32
  0
VERTEX
  5
D00
330
17
100
AcDbEntity
  8
TOPO-CONTOUR-MAJOR
100
AcDbVertex
100
AcDb3dPolylineVertex
 10
-44.7105797099594
 20
337.84134346526116
 30
1080.0
 70
32
  0
VERTEX
  5
D01
330
17
100
AcDbEntity
  8
TOPO-CONTOUR-MAJOR
100
AcDbVertex
100
AcDb3dPolylineVertex
 10
-44.35501777723691
 20
326.75758367497474
 30
1080.0
 70
32
  0
VERTEX
  5
D02
330
17
100
AcDbEntity
  8
TOPO-CONTOUR-MAJOR
100
AcDbVertex
100
AcDb3dPolylineVertex
 10
-45.454319206898944
 20
313.6585948318243
 30
1080.0
 70
32
  0
VERTEX
  5
D03
330
17
100
AcDbEntity
  8
TOPO-CONTOUR-MAJOR
100
AcDbVertex
100
AcDb3dPolylineVertex
 10
-47.889126916354364
 20
299.5519914617762
 30
1080.0
 70
32
  0
VERTEX
  5
D04
330
17
100
AcDbEntity
  8
TOPO-CONTOUR-MAJOR
100
AcDbVertex
100
AcDb3dPolylineVertex
 10
-49.80892963387065
 20
290.4834607243538
 30
1080.0
 70
32
  0
VERTEX
  5
D05
330
17
100
AcDbEntity
  8
TOPO-CONTOUR-MAJOR
100
AcDbVertex
100
AcDb3dPolylineVertex
 10
-52.01994878397795
 20
285.4453880926594
 30
1080.0
 70
32
  0
VERTEX
  5
D06
330
17
100
AcDbEntity
  8
TOPO-CONTOUR-MAJOR
100
AcDbVertex
100
AcDb3dPolylineVertex
 10
-52.36860780204468
 20
281.4149299869314
 30
1080.0
 70
32
  0
VERTEX
  5
D07
330
17
100
AcDbEntity
  8
TOPO-CONTOUR-MAJOR
100
AcDbVertex
100
AcDb3dPolylineVertex
 10
-56.169272489268906
 20
267.3083266168833
 30
1080.0
 70
32
  0
VERTEX
  5
D08
330
17
100
AcDbEntity
  8
TOPO-CONTOUR-MAJOR
100
AcDbVertex
100
AcDb3dPolylineVertex
 10
-59.82861145321658
 20
258.2385034864044
 30
1080.0
 70
32
  0
VERTEX
  5
D09
330
17
100
AcDbEntity
  8
TOPO-CONTOUR-MAJOR
100
AcDbVertex
100
AcDb3dPolylineVertex
 10
-62.85145503244439
 20
249.14958925982722
 30
1080.0
 70
32
  0
VERTEX
  5
D0A
330
17
100
AcDbEntity
  8
TOPO-CONTOUR-MAJOR
100
AcDbVertex
100
AcDb3dPolylineVertex
 10
-67.88952766448892
 20
232.5416706037545
 30
1080.0
 70
32
  0
VERTEX
  5
D0B
330
17
100
AcDbEntity
  8
TOPO-CONTOUR-MAJOR
100
AcDbVertex
100
AcDb3dPolylineVertex
 10
-69.37214863758327
 20
224.98851650767028
 30
1080.0
 70
32
  0
VERTEX
  5
D0C
330
17
100
AcDbEntity
  8
TOPO-CONTOUR-MAJOR
100
AcDbVertex
100
AcDb3dPolylineVertex
 10
-72.48600058457708
 20
215.91998577024788
 30
1080.0
 70
32
  0
VERTEX
  5
D0D
330
17
100
AcDbEntity
  8
TOPO-CONTOUR-MAJOR
100
AcDbVertex
100
AcDb3dPolylineVertex
 10
-73.42263913921593
 20
211.88952766451985
 30
1080.0
 70
32
  0
VERTEX
  5
D0E
330
17
100
AcDbEntity
  8
TOPO-CONTOUR-MAJOR
100
AcDbVertex
100
AcDb3dPolylineVertex
 10
-74.99466802489829
 20
208.86668408568949
 30
1080.0
 70
32
  0
VERTEX
  5
D0F
330
17
100
AcDbEntity
  8
TOPO-CONTOUR-MAJOR
100
AcDbVertex
100
AcDb3dPolylineVertex
 10
-77.09672788840021
 20
200.80576787423342
 30
1080.0
 70
32
  0
VERTEX
  5
D10
330
17
100
AcDbEntity
  8
TOPO-CONTOUR-MAJOR
100
AcDbVertex
100
AcDb3dPolylineVertex
 10
-78.98365329282525
 20
196.7753097685054
 30
1080.0
 70
32
  0
VERTEX
  5
D11
330
17
100
AcDbEntity
  8
TOPO-CONTOUR-MAJOR
100
AcDbVertex
100
AcDb3dPolylineVertex
 10
-80.98851650780671
 20
190.7674888736448
 30
1080.0
 70
32
  0
VERTEX
  5
D12
330
17
100
AcDbEntity
  8
TOPO-CONTOUR-MAJOR
100
AcDbVertex
100
AcDb3dPolylineVertex
 10
-83.94491771585814
 20
180.65347734559327
 30
1080.0
 70
32
  0
VERTEX
  5
D13
330
17
100
AcDbEntity
  8
TOPO-CONTOUR-MAJOR
100
AcDbVertex
100
AcDb3dPolylineVertex
 10
-84.45385412583846
 20
175.6154047138989
 30
1080.0
 70
32
  0
VERTEX
  5
D14
330
17
100
AcDbEntity
  8
TOPO-CONTOUR-MAJOR
100
AcDbVertex
100
AcDb3dPolylineVertex
 10
-85.81552177693226
 20
171.58494660817087
 30
1080.0
 70
32
  0
VERTEX
  5
D15
330
17
100
AcDbEntity
  8
TOPO-CONTOUR-MAJOR
100
AcDbVertex
100
AcDb3dPolylineVertex
 10
-87.62935915925722
 20
168.5621030293405
 30
1080.0
 70
32
  0
VERTEX
  5
D16
330
17
100
AcDbEntity
  8
TOPO-CONTOUR-MAJOR
100
AcDbVertex
100
AcDb3dPolylineVertex
 10
-88.37042407697507
 20
166.5468739764765
 30
1080.0
 70
32
  0
VERTEX
  5
D17
330
17
100
AcDbEntity
  8
TOPO-CONTOUR-MAJOR
100
AcDbVertex
100
AcDb3dPolylineVertex
 10
-88.53754082365819
 20
161.5088013438508
 30
1080.0
 70
32
  0
VERTEX
  5
D18
330
17
100
AcDbEntity
  8
TOPO-CONTOUR-MAJOR
100
AcDbVertex
100
AcDb3dPolylineVertex
 10
-89.24912524518359
 20
157.47834323812276
 30
1080.0
 70
32
  0
VERTEX
  5
D19
330
17
100
AcDbEntity
  8
TOPO-CONTOUR-MAJOR
100
AcDbVertex
100
AcDb3dPolylineVertex
 10
-88.50104538310948
 20
153.44788513239473
 30
1080.0
 70
32
  0
VERTEX
  5
D1A
330
17
100
AcDbEntity
  8
TOPO-CONTOUR-MAJOR
100
AcDbVertex
100
AcDb3dPolylineVertex
 10
-88.43388487284065
 20
151.43265607953072
 30
1080.0
 70
32
  0
VERTEX
  5
D1B
330
17
100
AcDbEntity
  8
TOPO-CONTOUR-MAJOR
100
AcDbVertex
100
AcDb3dPolylineVertex
 10
-89.81316219658505
 20
143.37173986900598
 30
1080.0
 70
32
  0
VERTEX
  5
D1C
330
17
100
AcDbEntity
  8
TOPO-CONTOUR-MAJOR
100
AcDbVertex
100
AcDb3dPolylineVertex
 10
-89.46534786748907
 20
141.35651081614196
 30
1080.0
 70
32
  0
VERTEX
  5
D1D
330
17
100
AcDbEntity
  8
TOPO-CONTOUR-MAJOR
100
AcDbVertex
100
AcDb3dPolylineVertex
 10
-88.04181819267069
 20
139.28692583855087
 30
1080.0
 70
32
  0
VERTEX
  5
D1E
330
17
100
AcDbEntity
  8
TOPO-CONTOUR-MAJOR
100
AcDbVertex
100
AcDb3dPolylineVertex
 10
-87.30348311610084
 20
137.32605271041393
 30
1080.0
 70
32
  0
VERTEX
  5
D1F
330
17
100
AcDbEntity
  8
TOPO-CONTOUR-MAJOR
100
AcDbVertex
100
AcDb3dPolylineVertex
 10
-87.01640293119829
 20
133.2955946046859
 30
1080.0
 70
32
  0
VERTEX
  5
D20
330
17
100
AcDbEntity
  8
TOPO-CONTOUR-MAJOR
100
AcDbVertex
100
AcDb3dPolylineVertex
 10
-87.29406954356854
 20
130.27275102492422
 30
1080.0
 70
32
  0
VERTEX
  5
D21
330
17
100
AcDbEntity
  8
TOPO-CONTOUR-MAJOR
100
AcDbVertex
100
AcDb3dPolylineVertex
 10
-88.96603530356589
 20
122.21183481439948
 30
1080.0
 70
32
  0
VERTEX
  5
D22
330
17
100
AcDbEntity
  8
TOPO-CONTOUR-MAJOR
100
AcDbVertex
100
AcDb3dPolylineVertex
 10
-95.94922781133997
 20
106.09000239148736
 30
1080.0
 70
32
  0
VERTEX
  5
D23
330
17
100
AcDbEntity
  8
TOPO-CONTOUR-MAJOR
100
AcDbVertex
100
AcDb3dPolylineVertex
 10
-98.11796345676066
 20
101.88728730362381
 30
1080.0
 70
32
  0
VERTEX
  5
D24
330
17
100
AcDbEntity
  8
TOPO-CONTOUR-MAJOR
100
AcDbVertex
100
AcDb3dPolylineVertex
 10
-107.18649419444228
 20
87.79756337202267
 30
1080.0
 70
32
  0
VERTEX
  5
D25
330
17
100
AcDbEntity
  8
TOPO-CONTOUR-MAJOR
100
AcDbVertex
100
AcDb3dPolylineVertex
 10
-113.23218135289608
 20
81.85265342746403
 30
1080.0
 70
32
  0
VERTEX
  5
D26
330
17
100
AcDbEntity
  8
TOPO-CONTOUR-MAJOR
100
AcDbVertex
100
AcDb3dPolylineVertex
 10
-119.27786851135079
 20
71.04256400595344
 30
1080.0
 70
32
  0
VERTEX
  5
D27
330
17
100
AcDbEntity
  8
TOPO-CONTOUR-MAJOR
100
AcDbVertex
100
AcDb3dPolylineVertex
 10
-124.72196005904141
 20
56.716890597715974
 30
1080.0
 70
32
  0
VERTEX
  5
D28
330
17
100
AcDbEntity
  8
TOPO-CONTOUR-MAJOR
100
AcDbVertex
100
AcDb3dPolylineVertex
 10
-129.20231252145885
 20
39.58744364883751
 30
1080.0
 70
32
  0
VERTEX
  5
D29
330
17
100
AcDbEntity
  8
TOPO-CONTOUR-MAJOR
100
AcDbVertex
100
AcDb3dPolylineVertex
 10
-136.33111326525656
 20
15.404695014469326
 30
1080.0
 70
32
  0
VERTEX
  5
D2A
330
17
100
AcDbEntity
  8
TOPO-CONTOUR-MAJOR
100
AcDbVertex
100
AcDb3dPolylineVertex
 10
-138.43088119037634
 20
5.328549751080573
 30
1080.0
 70
32
  0
VERTEX
  5
D2B
330
17
100
AcDbEntity
  8
TOPO-CONTOUR-MAJOR
100
AcDbVertex
100
AcDb3dPolylineVertex
 10
-141.01807879318892
 20
-4.747595513239503
 30
1080.0
 70
32
  0
VERTEX
  5
D2C
330
17
100
AcDbEntity
  8
TOPO-CONTOUR-MAJOR
100
AcDbVertex
100
AcDb3dPolylineVertex
 10
-141.7902120896385
 20
-12.808511724695563
 30
1080.0
 70
32
  0
VERTEX
  5
D2D
330
17
100
AcDbEntity
  8
TOPO-CONTOUR-MAJOR
100
AcDbVertex
100
AcDb3dPolylineVertex
 10
-144.49747816468292
 20
-21.87704246211797
 30
1080.0
 70
32
  0
VERTEX
  5
D2E
330
17
100
AcDbEntity
  8
TOPO-CONTOUR-MAJOR
100
AcDbVertex
100
AcDb3dPolylineVertex
 10
-145.47584619798636
 20
-27.613537956478815
 30
1080.0
 70
32
  0
VERTEX
  5
D2F
330
17
100
AcDbEntity
  8
TOPO-CONTOUR-MAJOR
100
AcDbVertex
100
AcDb3dPolylineVertex
 10
-147.08348473735083
 20
-33.96841677930206
 30
1080.0
 70
32
  0
VERTEX
  5
D30
330
17
100
AcDbEntity
  8
TOPO-CONTOUR-MAJOR
100
AcDbVertex
100
AcDb3dPolylineVertex
 10
-147.7032563366096
 20
-41.02171846386045
 30
1080.0
 70
32
  0
VERTEX
  5
D31
330
17
100
AcDbEntity
  8
TOPO-CONTOUR-MAJOR
100
AcDbVertex
100
AcDb3dPolylineVertex
 10
-148.47698927823402
 20
-45.05217656958848
 30
1080.0
 70
32
  0
VERTEX
  5
D32
330
17
100
AcDbEntity
  8
TOPO-CONTOUR-MAJOR
100
AcDbVertex
100
AcDb3dPolylineVertex
 10
-150.97589032705037
 20
-53.11309278104454
 30
1080.0
 70
32
  0
VERTEX
  5
D33
330
17
100
AcDbEntity
  8
TOPO-CONTOUR-MAJOR
100
AcDbVertex
100
AcDb3dPolylineVertex
 10
-152.96999732160464
 20
-61.1740089925006
 30
1080.0
 70
32
  0
VERTEX
  5
D34
330
17
100
AcDbEntity
  8
TOPO-CONTOUR-MAJOR
100
AcDbVertex
100
AcDb3dPolylineVertex
 10
-155.00053309580053
 20
-72.25776878278702
 30
1080.0
 70
32
  0
VERTEX
  5
D35
330
17
100
AcDbEntity
  8
TOPO-CONTOUR-MAJOR
100
AcDbVertex
100
AcDb3dPolylineVertex
 10
-156.37288466915527
 20
-77.2958414144814
 30
1080.0
 70
32
  0
VERTEX
  5
D36
330
17
100
AcDbEntity
  8
TOPO-CONTOUR-MAJOR
100
AcDbVertex
100
AcDb3dPolylineVertex
 10
-157.78997417595525
 20
-86.36437215283513
 30
1080.0
 70
32
  0
VERTEX
  5
D37
330
17
100
AcDbEntity
  8
TOPO-CONTOUR-MAJOR
100
AcDbVertex
100
AcDb3dPolylineVertex
 10
-162.6052931469394
 20
-104.20850892682216
 30
1080.0
 70
32
  0
VERTEX
  5
D38
330
17
100
AcDbEntity
  8
TOPO-CONTOUR-MAJOR
100
AcDbVertex
100
AcDb3dPolylineVertex
 10
-163.07427092458857
 20
-110.54712078627199
 30
1080.0
 70
32
  0
VERTEX
  5
D39
330
17
100
AcDbEntity
  8
TOPO-CONTOUR-MAJOR
100
AcDbVertex
100
AcDb3dPolylineVertex
 10
-164.01047191754733
 20
-115.58519341889769
 30
1080.0
 70
32
  0
VERTEX
  5
D3A
330
17
100
AcDbEntity
  8
TOPO-CONTOUR-MAJOR
100
AcDbVertex
100
AcDb3dPolylineVertex
 10
-166.5424607353669
 20
-125.66133868228644
 30
1080.0
 70
32
  0
VERTEX
  5
D3B
330
17
100
AcDbEntity
  8
TOPO-CONTOUR-MAJOR
100
AcDbVertex
100
AcDb3dPolylineVertex
 10
-169.65859483180338
 20
-132.76522079548678
 30
1080.0
 70
32
  0
VERTEX
  5
D3C
330
17
100
AcDbEntity
  8
TOPO-CONTOUR-MAJOR
100
AcDbVertex
100
AcDb3dPolylineVertex
 10
-170.34054334785452
 20
-136.74509847350419
 30
1080.0
 70
32
  0
VERTEX
  5
D3D
330
17
100
AcDbEntity
  8
TOPO-CONTOUR-MAJOR
100
AcDbVertex
100
AcDb3dPolylineVertex
 10
-170.71481662766365
 20
-142.7907856311649
 30
1080.0
 70
32
  0
VERTEX
  5
D3E
330
17
100
AcDbEntity
  8
TOPO-CONTOUR-MAJOR
100
AcDbVertex
100
AcDb3dPolylineVertex
 10
-173.20516318516223
 20
-152.86693089548498
 30
1080.0
 70
32
  0
VERTEX
  5
D3F
330
17
100
AcDbEntity
  8
TOPO-CONTOUR-MAJOR
100
AcDbVertex
100
AcDb3dPolylineVertex
 10
-174.24138825791078
 20
-158.91261805407703
 30
1080.0
 70
32
  0
VERTEX
  5
D40
330
17
100
AcDbEntity
  8
TOPO-CONTOUR-MAJOR
100
AcDbVertex
100
AcDb3dPolylineVertex
 10
-176.23844224605895
 20
-165.96591973863542
 30
1080.0
 70
32
  0
VERTEX
  5
D41
330
17
100
AcDbEntity
  8
TOPO-CONTOUR-MAJOR
100
AcDbVertex
100
AcDb3dPolylineVertex
 10
-177.7478337073459
 20
-169.99637784436348
 30
1080.0
 70
32
  0
VERTEX
  5
D42
330
17
100
AcDbEntity
  8
TOPO-CONTOUR-MAJOR
100
AcDbVertex
100
AcDb3dPolylineVertex
 10
-178.2385661943108
 20
-175.03445047698915
 30
1080.0
 70
32
  0
VERTEX
  5
D43
330
17
100
AcDbEntity
  8
TOPO-CONTOUR-MAJOR
100
AcDbVertex
100
AcDb3dPolylineVertex
 10
-178.74292528085874
 20
-177.04967952985317
 30
1080.0
 70
32
  0
VERTEX
  5
D44
330
17
100
AcDbEntity
  8
TOPO-CONTOUR-MAJOR
100
AcDbVertex
100
AcDb3dPolylineVertex
 10
-180.74235462230263
 20
-181.9912739175979
 30
1080.0
 70
32
  0
VERTEX
  5
D45
330
17
100
AcDbEntity
  8
TOPO-CONTOUR-MAJOR
100
AcDbVertex
100
AcDb3dPolylineVertex
 10
-181.60864713828445
 20
-185.0
 30
1080.0
 70
32
  0
SEQEND
  5
CF2
330
CF1
100
AcDbEntity
  8
TOPO-CONTOUR-MAJOR
  0
POLYLINE
  5
D46
330
17
100
AcDbEntity
  8
TOPO-CONTOUR-MAJOR
100
AcDb3dPolyline
 66
1
 10
0.0
 20
0.0
 30
0.0
 70
8
  0
VERTEX
  5
D48
330
17
100
AcDbEntity
  8
TOPO-CONTOUR-MAJOR
100
AcDbVertex
100
AcDb3dPolylineVertex
 10
-230.4558902184334
 20
-185.0
 30
1080.0
 70
32
  0
VERTEX
  5
D49
330
17
100
AcDbEntity
  8
TOPO-CONTOUR-MAJOR
100
AcDbVertex
100
AcDb3dPolylineVertex
 10
-229.27702088608441
 20
-183.0953666875139
 30
1080.0
 70
32
  0
VERTEX
  5
D4A
330
17
100
AcDbEntity
  8
TOPO-CONTOUR-MAJOR
100
AcDbVertex
100
AcDb3dPolylineVertex
 10
-220.52006291992745
 20
-163.9506906857714
 30
1080.0
 70
32
  0
VERTEX
  5
D4B
330
17
100
AcDbEntity
  8
TOPO-CONTOUR-MAJOR
100
AcDbVertex
100
AcDb3dPolylineVertex
 10
-217.2257677721027
 20
-158.91261805407703
 30
1080.0
 70
32
  0
VERTEX
  5
D4C
330
17
100
AcDbEntity
  8
TOPO-CONTOUR-MAJOR
100
AcDbVertex
100
AcDb3dPolylineVertex
 10
-215.28469868345775
 20
-154.882159948349
 30
1080.0
 70
32
  0
VERTEX
  5
D4D
330
17
100
AcDbEntity
  8
TOPO-CONTOUR-MAJOR
100
AcDbVertex
100
AcDb3dPolylineVertex
 10
-206.65824325186065
 20
-131.7070258408785
 30
1080.0
 70
32
  0
VERTEX
  5
D4E
330
17
100
AcDbEntity
  8
TOPO-CONTOUR-MAJOR
100
AcDbVertex
100
AcDb3dPolylineVertex
 10
-205.2603044463406
 20
-125.66133868228644
 30
1080.0
 70
32
  0
VERTEX
  5
D4F
330
17
100
AcDbEntity
  8
TOPO-CONTOUR-MAJOR
100
AcDbVertex
100
AcDb3dPolylineVertex
 10
-204.91854700021668
 20
-120.62326605059206
 30
1080.0
 70
32
  0
VERTEX
  5
D50
330
17
100
AcDbEntity
  8
TOPO-CONTOUR-MAJOR
100
AcDbVertex
100
AcDb3dPolylineVertex
 10
-201.90225967689275
 20
-106.3642369989731
 30
1080.0
 70
32
  0
VERTEX
  5
D51
330
17
100
AcDbEntity
  8
TOPO-CONTOUR-MAJOR
100
AcDbVertex
100
AcDb3dPolylineVertex
 10
-197.38691204895105
 20
-91.40244478452951
 30
1080.0
 70
32
  0
VERTEX
  5
D52
330
17
100
AcDbEntity
  8
TOPO-CONTOUR-MAJOR
100
AcDbVertex
100
AcDb3dPolylineVertex
 10
-196.460207435774
 20
-87.37198667880148
 30
1080.0
 70
32
  0
VERTEX
  5
D53
330
17
100
AcDbEntity
  8
TOPO-CONTOUR-MAJOR
100
AcDbVertex
100
AcDb3dPolylineVertex
 10
-194.12863591551917
 20
-80.31868499424309
 30
1080.0
 70
32
  0
VERTEX
  5
D54
330
17
100
AcDbEntity
  8
TOPO-CONTOUR-MAJOR
100
AcDbVertex
100
AcDb3dPolylineVertex
 10
-191.90043880835128
 20
-70.24253972992301
 30
1080.0
 70
32
  0
VERTEX
  5
D55
330
17
100
AcDbEntity
  8
TOPO-CONTOUR-MAJOR
100
AcDbVertex
100
AcDb3dPolylineVertex
 10
-190.13934031514492
 20
-64.19685257133096
 30
1080.0
 70
32
  0
VERTEX
  5
D56
330
17
100
AcDbEntity
  8
TOPO-CONTOUR-MAJOR
100
AcDbVertex
100
AcDb3dPolylineVertex
 10
-185.28895092557096
 20
-44.044562043622136
 30
1080.0
 70
32
  0
VERTEX
  5
D57
330
17
100
AcDbEntity
  8
TOPO-CONTOUR-MAJOR
100
AcDbVertex
100
AcDb3dPolylineVertex
 10
-181.7499691487119
 20
-31.57292613511644
 30
1080.0
 70
32
  0
VERTEX
  5
D58
330
17
100
AcDbEntity
  8
TOPO-CONTOUR-MAJOR
100
AcDbVertex
100
AcDb3dPolylineVertex
 10
-177.47206231263607
 20
-19.861813409253955
 30
1080.0
 70
32
  0
VERTEX
  5
D59
330
17
100
AcDbEntity
  8
TOPO-CONTOUR-MAJOR
100
AcDbVertex
100
AcDb3dPolylineVertex
 10
-175.2951651383878
 20
-12.808511724695563
 30
1080.0
 70
32
  0
VERTEX
  5
D5A
330
17
100
AcDbEntity
  8
TOPO-CONTOUR-MAJOR
100
AcDbVertex
100
AcDb3dPolylineVertex
 10
-172.0851816957806
 20
0.29047711845487356
 30
1080.0
 70
32
  0
VERTEX
  5
D5B
330
17
100
AcDbEntity
  8
TOPO-CONTOUR-MAJOR
100
AcDbVertex
100
AcDb3dPolylineVertex
 10
-169.06924322298983
 20
5.328549751080573
 30
1080.0
 70
32
  0
VERTEX
  5
D5C
330
17
100
AcDbEntity
  8
TOPO-CONTOUR-MAJOR
100
AcDbVertex
100
AcDb3dPolylineVertex
 10
-168.82543080876437
 20
7.343778803013265
 30
1080.0
 70
32
  0
VERTEX
  5
D5D
330
17
100
AcDbEntity
  8
TOPO-CONTOUR-MAJOR
100
AcDbVertex
100
AcDb3dPolylineVertex
 10
-169.3936906955383
 20
10.366622382774949
 30
1080.0
 70
32
  0
VERTEX
  5
D5E
330
17
100
AcDbEntity
  8
TOPO-CONTOUR-MAJOR
100
AcDbVertex
100
AcDb3dPolylineVertex
 10
-169.00053956773164
 20
12.381851435638964
 30
1080.0
 70
32
  0
VERTEX
  5
D5F
330
17
100
AcDbEntity
  8
TOPO-CONTOUR-MAJOR
100
AcDbVertex
100
AcDb3dPolylineVertex
 10
-166.63575125257557
 20
20.36691909190812
 30
1080.0
 70
32
  0
VERTEX
  5
D60
330
17
100
AcDbEntity
  8
TOPO-CONTOUR-MAJOR
100
AcDbVertex
100
AcDb3dPolylineVertex
 10
-163.61290767334867
 20
28.338297268883622
 30
1080.0
 70
32
  0
VERTEX
  5
D61
330
17
100
AcDbEntity
  8
TOPO-CONTOUR-MAJOR
100
AcDbVertex
100
AcDb3dPolylineVertex
 10
-162.34252644702661
 20
33.54175649024546
 30
1080.0
 70
32
  0
VERTEX
  5
D62
330
17
100
AcDbEntity
  8
TOPO-CONTOUR-MAJOR
100
AcDbVertex
100
AcDb3dPolylineVertex
 10
-160.1946894601293
 20
39.58744364883751
 30
1080.0
 70
32
  0
VERTEX
  5
D63
330
17
100
AcDbEntity
  8
TOPO-CONTOUR-MAJOR
100
AcDbVertex
100
AcDb3dPolylineVertex
 10
-157.21862414433406
 20
50.67120343912393
 30
1080.0
 70
32
  0
VERTEX
  5
D64
330
17
100
AcDbEntity
  8
TOPO-CONTOUR-MAJOR
100
AcDbVertex
100
AcDb3dPolylineVertex
 10
-151.52065761175245
 20
66.79303586203605
 30
1080.0
 70
32
  0
VERTEX
  5
D65
330
17
100
AcDbEntity
  8
TOPO-CONTOUR-MAJOR
100
AcDbVertex
100
AcDb3dPolylineVertex
 10
-148.40527453278904
 20
79.89202470518649
 30
1080.0
 70
32
  0
VERTEX
  5
D66
330
17
100
AcDbEntity
  8
TOPO-CONTOUR-MAJOR
100
AcDbVertex
100
AcDb3dPolylineVertex
 10
-146.41748605395202
 20
85.93771186377853
 30
1080.0
 70
32
  0
VERTEX
  5
D67
330
17
100
AcDbEntity
  8
TOPO-CONTOUR-MAJOR
100
AcDbVertex
100
AcDb3dPolylineVertex
 10
-145.36948015419188
 20
90.97578449547291
 30
1080.0
 70
32
  0
VERTEX
  5
D68
330
17
100
AcDbEntity
  8
TOPO-CONTOUR-MAJOR
100
AcDbVertex
100
AcDb3dPolylineVertex
 10
-143.3162329701143
 20
98.0290861800313
 30
1080.0
 70
32
  0
VERTEX
  5
D69
330
17
100
AcDbEntity
  8
TOPO-CONTOUR-MAJOR
100
AcDbVertex
100
AcDb3dPolylineVertex
 10
-141.14853540454294
 20
103.06715881265701
 30
1080.0
 70
32
  0
VERTEX
  5
D6A
330
17
100
AcDbEntity
  8
TOPO-CONTOUR-MAJOR
100
AcDbVertex
100
AcDb3dPolylineVertex
 10
-139.65986795288728
 20
111.12807502318174
 30
1080.0
 70
32
  0
VERTEX
  5
D6B
330
17
100
AcDbEntity
  8
TOPO-CONTOUR-MAJOR
100
AcDbVertex
100
AcDb3dPolylineVertex
 10
-136.1747166580405
 20
121.20422028750183
 30
1080.0
 70
32
  0
VERTEX
  5
D6C
330
17
100
AcDbEntity
  8
TOPO-CONTOUR-MAJOR
100
AcDbVertex
100
AcDb3dPolylineVertex
 10
-134.90102553365566
 20
127.24990744609386
 30
1080.0
 70
32
  0
VERTEX
  5
D6D
330
17
100
AcDbEntity
  8
TOPO-CONTOUR-MAJOR
100
AcDbVertex
100
AcDb3dPolylineVertex
 10
-129.872237154845
 20
139.34128176327795
 30
1080.0
 70
32
  0
VERTEX
  5
D6E
330
17
100
AcDbEntity
  8
TOPO-CONTOUR-MAJOR
100
AcDbVertex
100
AcDb3dPolylineVertex
 10
-128.3463992490324
 20
144.68358903026427
 30
1080.0
 70
32
  0
VERTEX
  5
D6F
330
17
100
AcDbEntity
  8
TOPO-CONTOUR-MAJOR
100
AcDbVertex
100
AcDb3dPolylineVertex
 10
-125.7633867445605
 20
151.43265607953072
 30
1080.0
 70
32
  0
VERTEX
  5
D70
330
17
100
AcDbEntity
  8
TOPO-CONTOUR-MAJOR
100
AcDbVertex
100
AcDb3dPolylineVertex
 10
-123.70949636818251
 20
159.49357229098678
 30
1080.0
 70
32
  0
VERTEX
  5
D71
330
17
100
AcDbEntity
  8
TOPO-CONTOUR-MAJOR
100
AcDbVertex
100
AcDb3dPolylineVertex
 10
-121.73172455171735
 20
164.53164492361248
 30
1080.0
 70
32
  0
VERTEX
  5
D72
330
17
100
AcDbEntity
  8
TOPO-CONTOUR-MAJOR
100
AcDbVertex
100
AcDb3dPolylineVertex
 10
-119.76924024664814
 20
172.5925611341372
 30
1080.0
 70
32
  0
VERTEX
  5
D73
330
17
100
AcDbEntity
  8
TOPO-CONTOUR-MAJOR
100
AcDbVertex
100
AcDb3dPolylineVertex
 10
-117.72098719116698
 20
178.63824829272926
 30
1080.0
 70
32
  0
VERTEX
  5
D74
330
17
100
AcDbEntity
  8
TOPO-CONTOUR-MAJOR
100
AcDbVertex
100
AcDb3dPolylineVertex
 10
-115.12858496175478
 20
184.6839354513213
 30
1080.0
 70
32
  0
VERTEX
  5
D75
330
17
100
AcDbEntity
  8
TOPO-CONTOUR-MAJOR
100
AcDbVertex
100
AcDb3dPolylineVertex
 10
-112.96513085188313
 20
194.76008071564138
 30
1080.0
 70
32
  0
VERTEX
  5
D76
330
17
100
AcDbEntity
  8
TOPO-CONTOUR-MAJOR
100
AcDbVertex
100
AcDb3dPolylineVertex
 10
-112.22456682648772
 20
201.0234526538186
 30
1080.0
 70
32
  0
VERTEX
  5
D77
330
17
100
AcDbEntity
  8
TOPO-CONTOUR-MAJOR
100
AcDbVertex
100
AcDb3dPolylineVertex
 10
-110.20933777366918
 20
208.30611712229972
 30
1080.0
 70
32
  0
VERTEX
  5
D78
330
17
100
AcDbEntity
  8
TOPO-CONTOUR-MAJOR
100
AcDbVertex
100
AcDb3dPolylineVertex
 10
-107.18649419444228
 20
215.09545958962988
 30
1080.0
 70
32
  0
VERTEX
  5
D79
330
17
100
AcDbEntity
  8
TOPO-CONTOUR-MAJOR
100
AcDbVertex
100
AcDb3dPolylineVertex
 10
-102.66997884999894
 20
220.95805840194225
 30
1080.0
 70
32
  0
VERTEX
  5
D7A
330
17
100
AcDbEntity
  8
TOPO-CONTOUR-MAJOR
100
AcDbVertex
100
AcDb3dPolylineVertex
 10
-101.71809108843829
 20
222.97328745480627
 30
1080.0
 70
32
  0
VERTEX
  5
D7B
330
17
100
AcDbEntity
  8
TOPO-CONTOUR-MAJOR
100
AcDbVertex
100
AcDb3dPolylineVertex
 10
-99.17192008188302
 20
232.04181819222867
 30
1080.0
 70
32
  0
VERTEX
  5
D7C
330
17
100
AcDbEntity
  8
TOPO-CONTOUR-MAJOR
100
AcDbVertex
100
AcDb3dPolylineVertex
 10
-96.67594753620659
 20
239.09511987771842
 30
1080.0
 70
32
  0
VERTEX
  5
D7D
330
17
100
AcDbEntity
  8
TOPO-CONTOUR-MAJOR
100
AcDbVertex
100
AcDb3dPolylineVertex
 10
-90.81931927290775
 20
253.20172324683517
 30
1080.0
 70
32
  0
VERTEX
  5
D7E
330
17
100
AcDbEntity
  8
TOPO-CONTOUR-MAJOR
100
AcDbVertex
100
AcDb3dPolylineVertex
 10
-88.32109773874161
 20
262.2702539851889
 30
1080.0
 70
32
  0
VERTEX
  5
D7F
330
17
100
AcDbEntity
  8
TOPO-CONTOUR-MAJOR
100
AcDbVertex
100
AcDb3dPolylineVertex
 10
-87.32388556110206
 20
267.3083266168833
 30
1080.0
 70
32
  0
VERTEX
  5
D80
330
17
100
AcDbEntity
  8
TOPO-CONTOUR-MAJOR
100
AcDbVertex
100
AcDb3dPolylineVertex
 10
-86.39826212670931
 20
274.36162830144167
 30
1080.0
 70
32
  0
VERTEX
  5
D81
330
17
100
AcDbEntity
  8
TOPO-CONTOUR-MAJOR
100
AcDbVertex
100
AcDb3dPolylineVertex
 10
-85.98752471155547
 20
280.4073154600337
 30
1080.0
 70
32
  0
VERTEX
  5
D82
330
17
100
AcDbEntity
  8
TOPO-CONTOUR-MAJOR
100
AcDbVertex
100
AcDb3dPolylineVertex
 10
-85.01897461344288
 20
284.0790066757629
 30
1080.0
 70
32
  0
VERTEX
  5
D83
330
17
100
AcDbEntity
  8
TOPO-CONTOUR-MAJOR
100
AcDbVertex
100
AcDb3dPolylineVertex
 10
-83.91404123675633
 20
286.4530026186257
 30
1080.0
 70
32
  0
VERTEX
  5
D84
330
17
100
AcDbEntity
  8
TOPO-CONTOUR-MAJOR
100
AcDbVertex
100
AcDb3dPolylineVertex
 10
-79.98090198139744
 20
290.3622817986436
 30
1080.0
 70
32
  0
VERTEX
  5
D85
330
17
100
AcDbEntity
  8
TOPO-CONTOUR-MAJOR
100
AcDbVertex
100
AcDb3dPolylineVertex
 10
-78.00169613461918
 20
293.50630430318415
 30
1080.0
 70
32
  0
VERTEX
  5
D86
330
17
100
AcDbEntity
  8
TOPO-CONTOUR-MAJOR
100
AcDbVertex
100
AcDb3dPolylineVertex
 10
-77.15144770914117
 20
295.52153335604817
 30
1080.0
 70
32
  0
VERTEX
  5
D87
330
17
100
AcDbEntity
  8
TOPO-CONTOUR-MAJOR
100
AcDbVertex
100
AcDb3dPolylineVertex
 10
-75.30416208705891
 20
301.5672205146402
 30
1080.0
 70
32
  0
VERTEX
  5
D88
330
17
100
AcDbEntity
  8
TOPO-CONTOUR-MAJOR
100
AcDbVertex
100
AcDb3dPolylineVertex
 10
-71.9672999053867
 20
316.68143841065466
 30
1080.0
 70
32
  0
VERTEX
  5
D89
330
17
100
AcDbEntity
  8
TOPO-CONTOUR-MAJOR
100
AcDbVertex
100
AcDb3dPolylineVertex
 10
-70.03596507132536
 20
321.71951104328036
 30
1080.0
 70
32
  0
VERTEX
  5
D8A
330
17
100
AcDbEntity
  8
TOPO-CONTOUR-MAJOR
100
AcDbVertex
100
AcDb3dPolylineVertex
 10
-68.8971421908982
 20
328.0120204242027
 30
1080.0
 70
32
  0
VERTEX
  5
D8B
330
17
100
AcDbEntity
  8
TOPO-CONTOUR-MAJOR
100
AcDbVertex
100
AcDb3dPolylineVertex
 10
-66.01979564665186
 20
339.8565725181252
 30
1080.0
 70
32
  0
VERTEX
  5
D8C
330
17
100
AcDbEntity
  8
TOPO-CONTOUR-MAJOR
100
AcDbVertex
100
AcDb3dPolylineVertex
 10
-65.3365727490359
 20
347.91748872958124
 30
1080.0
 70
32
  0
VERTEX
  5
D8D
330
17
100
AcDbEntity
  8
TOPO-CONTOUR-MAJOR
100
AcDbVertex
100
AcDb3dPolylineVertex
 10
-65.64279346031057
 20
351.94794683530927
 30
1080.0
 70
32
  0
VERTEX
  5
D8E
330
17
100
AcDbEntity
  8
TOPO-CONTOUR-MAJOR
100
AcDbVertex
100
AcDb3dPolylineVertex
 10
-68.54860749386694
 20
366.0545502053574
 30
1080.0
 70
32
  0
VERTEX
  5
D8F
330
17
100
AcDbEntity
  8
TOPO-CONTOUR-MAJOR
100
AcDbVertex
100
AcDb3dPolylineVertex
 10
-73.57430821788854
 20
385.19922620709985
 30
1080.0
 70
32
  0
VERTEX
  5
D90
330
17
100
AcDbEntity
  8
TOPO-CONTOUR-MAJOR
100
AcDbVertex
100
AcDb3dPolylineVertex
 10
-75.95044387576127
 20
390.89613177994255
 30
1080.0
 70
32
  0
VERTEX
  5
D91
330
17
100
AcDbEntity
  8
TOPO-CONTOUR-MAJOR
100
AcDbVertex
100
AcDb3dPolylineVertex
 10
-81.99613103421598
 20
409.13693302117053
 30
1080.0
 70
32
  0
VERTEX
  5
D92
330
17
100
AcDbEntity
  8
TOPO-CONTOUR-MAJOR
100
AcDbVertex
100
AcDb3dPolylineVertex
 10
-84.33114489560685
 20
415.0
 30
1080.0
 70
32
  0
SEQEND
  5
D47
330
D46
100
AcDbEntity
  8
TOPO-CONTOUR-MAJOR
  0
POLYLINE
  5
D93
330
17
100
AcDbEntity
  8
TOPO-CONTOUR-MINOR
100
AcDb3dPolyline
 66
1
 10
0.0
 20
0.0
 30
0.0
 70
8
  0
VERTEX
  5
D95
330
17
100
AcDbEntity
  8
TOPO-CONTOUR-MINOR
100
AcDbVertex
100
AcDb3dPolylineVertex
 10
-65.92167579766718
 20
415.0
 30
1081.0
 70
32
  0
VERTEX
  5
D96
330
17
100
AcDbEntity
  8
TOPO-CONTOUR-MINOR
100
AcDbVertex
100
AcDb3dPolylineVertex
 10
-65.49655234201917
 20
413.41243294626474
 30
1081.0
 70
32
  0
VERTEX
  5
D97
330
17
100
AcDbEntity
  8
TOPO-CONTOUR-MINOR
100
AcDbVertex
100
AcDb3dPolylineVertex
 10
-62.734365810060204
 20
407.3667457876727
 30
1081.0
 70
32
  0
VERTEX
  5
D98
330
17
100
AcDbEntity
  8
TOPO-CONTOUR-MINOR
100
AcDbVertex
100
AcDb3dPolylineVertex
 10
-62.251036794281525
 20
404.34390220884234
 30
1081.0
 70
32
  0
VERTEX
  5
D99
330
17
100
AcDbEntity
  8
TOPO-CONTOUR-MINOR
100
AcDbVertex
100
AcDb3dPolylineVertex
 10
-62.49995524306732
 20
401.32105862908065
 30
1081.0
 70
32
  0
VERTEX
  5
D9A
330
17
100
AcDbEntity
  8
TOPO-CONTOUR-MINOR
100
AcDbVertex
100
AcDb3dPolylineVertex
 10
-62.30125628236728
 20
399.30582957621664
 30
1081.0
 70
32
  0
VERTEX
  5
D9B
330
17
100
AcDbEntity
  8
TOPO-CONTOUR-MINOR
100
AcDbVertex
100
AcDb3dPolylineVertex
 10
-60.84740223921483
 20
395.2753714704886
 30
1081.0
 70
32
  0
VERTEX
  5
D9C
330
17
100
AcDbEntity
  8
TOPO-CONTOUR-MINOR
100
AcDbVertex
100
AcDb3dPolylineVertex
 10
-59.59652875268029
 20
389.2296843128279
 30
1081.0
 70
32
  0
VERTEX
  5
D9D
330
17
100
AcDbEntity
  8
TOPO-CONTOUR-MINOR
100
AcDbVertex
100
AcDb3dPolylineVertex
 10
-55.79815334758041
 20
377.51430666016336
 30
1081.0
 70
32
  0
VERTEX
  5
D9E
330
17
100
AcDbEntity
  8
TOPO-CONTOUR-MINOR
100
AcDbVertex
100
AcDb3dPolylineVertex
 10
-54.28648290850947
 20
367.0621647313237
 30
1081.0
 70
32
  0
VERTEX
  5
D9F
330
17
100
AcDbEntity
  8
TOPO-CONTOUR-MINOR
100
AcDbVertex
100
AcDb3dPolylineVertex
 10
-51.76769524194424
 20
362.25418553540055
 30
1081.0
 70
32
  0
VERTEX
  5
DA0
330
17
100
AcDbEntity
  8
TOPO-CONTOUR-MINOR
100
AcDbVertex
100
AcDb3dPolylineVertex
 10
-51.2725167737009
 20
356.98601946700364
 30
1081.0
 70
32
  0
VERTEX
  5
DA1
330
17
100
AcDbEntity
  8
TOPO-CONTOUR-MINOR
100
AcDbVertex
100
AcDb3dPolylineVertex
 10
-47.15605861893018
 20
337.84134346526116
 30
1081.0
 70
32
  0
VERTEX
  5
DA2
330
17
100
AcDbEntity
  8
TOPO-CONTOUR-MINOR
100
AcDbVertex
100
AcDb3dPolylineVertex
 10
-46.94462929293328
 20
323.7347400961444
 30
1081.0
 70
32
  0
VERTEX
  5
DA3
330
17
100
AcDbEntity
  8
TOPO-CONTOUR-MINOR
100
AcDbVertex
100
AcDb3dPolylineVertex
 10
-48.18681215445791
 20
312.65098030492663
 30
1081.0
 70
32
  0
VERTEX
  5
DA4
330
17
100
AcDbEntity
  8
TOPO-CONTOUR-MINOR
100
AcDbVertex
100
AcDb3dPolylineVertex
 10
-50.67816036599397
 20
299.5519914617762
 30
1081.0
 70
32
  0
VERTEX
  5
DA5
330
17
100
AcDbEntity
  8
TOPO-CONTOUR-MINOR
100
AcDbVertex
100
AcDb3dPolylineVertex
 10
-52.77530976835351
 20
291.9512704308636
 30
1081.0
 70
32
  0
VERTEX
  5
DA6
330
17
100
AcDbEntity
  8
TOPO-CONTOUR-MINOR
100
AcDbVertex
100
AcDb3dPolylineVertex
 10
-53.78292429476278
 20
290.6002197608885
 30
1081.0
 70
32
  0
VERTEX
  5
DA7
330
17
100
AcDbEntity
  8
TOPO-CONTOUR-MINOR
100
AcDbVertex
100
AcDb3dPolylineVertex
 10
-56.43258603736416
 20
288.4682316714898
 30
1081.0
 70
32
  0
VERTEX
  5
DA8
330
17
100
AcDbEntity
  8
TOPO-CONTOUR-MINOR
100
AcDbVertex
100
AcDb3dPolylineVertex
 10
-56.9961889808481
 20
287.46061714552343
 30
1081.0
 70
32
  0
VERTEX
  5
DA9
330
17
100
AcDbEntity
  8
TOPO-CONTOUR-MINOR
100
AcDbVertex
100
AcDb3dPolylineVertex
 10
-57.09270828157484
 20
286.45300261862576
 30
1081.0
 70
32
  0
VERTEX
  5
DAA
330
17
100
AcDbEntity
  8
TOPO-CONTOUR-MINOR
100
AcDbVertex
100
AcDb3dPolylineVertex
 10
-55.91725797023253
 20
281.4149299869314
 30
1081.0
 70
32
  0
VERTEX
  5
DAB
330
17
100
AcDbEntity
  8
TOPO-CONTOUR-MINOR
100
AcDbVertex
100
AcDb3dPolylineVertex
 10
-56.80576787398968
 20
276.954383105446
 30
1081.0
 70
32
  0
VERTEX
  5
DAC
330
17
100
AcDbEntity
  8
TOPO-CONTOUR-MINOR
100
AcDbVertex
100
AcDb3dPolylineVertex
 10
-66.43064234501257
 20
247.15603608917445
 30
1081.0
 70
32
  0
VERTEX
  5
DAD
330
17
100
AcDbEntity
  8
TOPO-CONTOUR-MINOR
100
AcDbVertex
100
AcDb3dPolylineVertex
 10
-72.05489611939979
 20
228.01136008743197
 30
1081.0
 70
32
  0
VERTEX
  5
DAE
330
17
100
AcDbEntity
  8
TOPO-CONTOUR-MINOR
100
AcDbVertex
100
AcDb3dPolylineVertex
 10
-86.02658913985215
 20
184.62581267287288
 30
1081.0
 70
32
  0
VERTEX
  5
DAF
330
17
100
AcDbEntity
  8
TOPO-CONTOUR-MINOR
100
AcDbVertex
100
AcDb3dPolylineVertex
 10
-87.03420366626142
 20
181.8934272315068
 30
1081.0
 70
32
  0
VERTEX
  5
DB0
330
17
100
AcDbEntity
  8
TOPO-CONTOUR-MINOR
100
AcDbVertex
100
AcDb3dPolylineVertex
 10
-89.04943271907905
 20
178.53749904584274
 30
1081.0
 70
32
  0
VERTEX
  5
DB1
330
17
100
AcDbEntity
  8
TOPO-CONTOUR-MINOR
100
AcDbVertex
100
AcDb3dPolylineVertex
 10
-90.1320401279571
 20
172.5925611341372
 30
1081.0
 70
32
  0
VERTEX
  5
DB2
330
17
100
AcDbEntity
  8
TOPO-CONTOUR-MINOR
100
AcDbVertex
100
AcDb3dPolylineVertex
 10
-94.63211966266678
 20
157.47834323812276
 30
1081.0
 70
32
  0
VERTEX
  5
DB3
330
17
100
AcDbEntity
  8
TOPO-CONTOUR-MINOR
100
AcDbVertex
100
AcDb3dPolylineVertex
 10
-95.60596121494373
 20
152.44027060642838
 30
1081.0
 70
32
  0
VERTEX
  5
DB4
330
17
100
AcDbEntity
  8
TOPO-CONTOUR-MINOR
100
AcDbVertex
100
AcDb3dPolylineVertex
 10
-95.28419804641271
 20
146.39458344783634
 30
1081.0
 70
32
  0
VERTEX
  5
DB5
330
17
100
AcDbEntity
  8
TOPO-CONTOUR-MINOR
100
AcDbVertex
100
AcDb3dPolylineVertex
 10
-96.61401940853946
 20
134.30320913065225
 30
1081.0
 70
32
  0
VERTEX
  5
DB6
330
17
100
AcDbEntity
  8
TOPO-CONTOUR-MINOR
100
AcDbVertex
100
AcDb3dPolylineVertex
 10
-96.40897755305907
 20
132.28798007778823
 30
1081.0
 70
32
  0
VERTEX
  5
DB7
330
17
100
AcDbEntity
  8
TOPO-CONTOUR-MINOR
100
AcDbVertex
100
AcDb3dPolylineVertex
 10
-94.47767003252719
 20
129.26513649895787
 30
1081.0
 70
32
  0
VERTEX
  5
DB8
330
17
100
AcDbEntity
  8
TOPO-CONTOUR-MINOR
100
AcDbVertex
100
AcDb3dPolylineVertex
 10
-94.20476895818528
 20
128.25752197299153
 30
1081.0
 70
32
  0
VERTEX
  5
DB9
330
17
100
AcDbEntity
  8
TOPO-CONTOUR-MINOR
100
AcDbVertex
100
AcDb3dPolylineVertex
 10
-94.41605385727203
 20
125.23467839322984
 30
1081.0
 70
32
  0
VERTEX
  5
DBA
330
17
100
AcDbEntity
  8
TOPO-CONTOUR-MINOR
100
AcDbVertex
100
AcDb3dPolylineVertex
 10
-95.3979239436564
 20
121.20422028750181
 30
1081.0
 70
32
  0
VERTEX
  5
DBB
330
17
100
AcDbEntity
  8
TOPO-CONTOUR-MINOR
100
AcDbVertex
100
AcDb3dPolylineVertex
 10
-98.96654053956885
 20
111.12807502318174
 30
1081.0
 70
32
  0
VERTEX
  5
DBC
330
17
100
AcDbEntity
  8
TOPO-CONTOUR-MINOR
100
AcDbVertex
100
AcDb3dPolylineVertex
 10
-102.14842156239683
 20
105.41962631154388
 30
1081.0
 70
32
  0
VERTEX
  5
DBD
330
17
100
AcDbEntity
  8
TOPO-CONTOUR-MINOR
100
AcDbVertex
100
AcDb3dPolylineVertex
 10
-107.34249691282983
 20
99.03670070692897
 30
1081.0
 70
32
  0
VERTEX
  5
DBE
330
17
100
AcDbEntity
  8
TOPO-CONTOUR-MINOR
100
AcDbVertex
100
AcDb3dPolylineVertex
 10
-112.22456682648773
 20
94.37301656178883
 30
1081.0
 70
32
  0
VERTEX
  5
DBF
330
17
100
AcDbEntity
  8
TOPO-CONTOUR-MINOR
100
AcDbVertex
100
AcDb3dPolylineVertex
 10
-115.17762230481522
 20
89.96816996857524
 30
1081.0
 70
32
  0
VERTEX
  5
DC0
330
17
100
AcDbEntity
  8
TOPO-CONTOUR-MINOR
100
AcDbVertex
100
AcDb3dPolylineVertex
 10
-122.5396118086183
 20
72.83872301969677
 30
1081.0
 70
32
  0
VERTEX
  5
DC1
330
17
100
AcDbEntity
  8
TOPO-CONTOUR-MINOR
100
AcDbVertex
100
AcDb3dPolylineVertex
 10
-125.46846890707504
 20
64.77780680917203
 30
1081.0
 70
32
  0
VERTEX
  5
DC2
330
17
100
AcDbEntity
  8
TOPO-CONTOUR-MINOR
100
AcDbVertex
100
AcDb3dPolylineVertex
 10
-137.11653412202668
 20
25.4808402787894
 30
1081.0
 70
32
  0
VERTEX
  5
DC3
330
17
100
AcDbEntity
  8
TOPO-CONTOUR-MINOR
100
AcDbVertex
100
AcDb3dPolylineVertex
 10
-144.87066833011232
 20
-2.732366460375488
 30
1081.0
 70
32
  0
VERTEX
  5
DC4
330
17
100
AcDbEntity
  8
TOPO-CONTOUR-MINOR
100
AcDbVertex
100
AcDb3dPolylineVertex
 10
-146.67740291418949
 20
-10.793282671831548
 30
1081.0
 70
32
  0
VERTEX
  5
DC5
330
17
100
AcDbEntity
  8
TOPO-CONTOUR-MINOR
100
AcDbVertex
100
AcDb3dPolylineVertex
 10
-149.48856148248888
 20
-19.861813409253955
 30
1081.0
 70
32
  0
VERTEX
  5
DC6
330
17
100
AcDbEntity
  8
TOPO-CONTOUR-MINOR
100
AcDbVertex
100
AcDb3dPolylineVertex
 10
-152.4993562109975
 20
-32.960802253335714
 30
1081.0
 70
32
  0
VERTEX
  5
DC7
330
17
100
AcDbEntity
  8
TOPO-CONTOUR-MINOR
100
AcDbVertex
100
AcDb3dPolylineVertex
 10
-154.90195224054813
 20
-47.0674056224525
 30
1081.0
 70
32
  0
VERTEX
  5
DC8
330
17
100
AcDbEntity
  8
TOPO-CONTOUR-MINOR
100
AcDbVertex
100
AcDb3dPolylineVertex
 10
-157.56722051489487
 20
-54.102393422131485
 30
1081.0
 70
32
  0
VERTEX
  5
DC9
330
17
100
AcDbEntity
  8
TOPO-CONTOUR-MINOR
100
AcDbVertex
100
AcDb3dPolylineVertex
 10
-159.5824495677125
 20
-64.06536004795551
 30
1081.0
 70
32
  0
VERTEX
  5
DCA
330
17
100
AcDbEntity
  8
TOPO-CONTOUR-MINOR
100
AcDbVertex
100
AcDb3dPolylineVertex
 10
-162.97920717067828
 20
-78.30345594137907
 30
1081.0
 70
32
  0
VERTEX
  5
DCB
330
17
100
AcDbEntity
  8
TOPO-CONTOUR-MINOR
100
AcDbVertex
100
AcDb3dPolylineVertex
 10
-163.72426165708444
 20
-84.34914309997112
 30
1081.0
 70
32
  0
VERTEX
  5
DCC
330
17
100
AcDbEntity
  8
TOPO-CONTOUR-MINOR
100
AcDbVertex
100
AcDb3dPolylineVertex
 10
-165.4378191710572
 20
-89.38721573166549
 30
1081.0
 70
32
  0
VERTEX
  5
DCD
330
17
100
AcDbEntity
  8
TOPO-CONTOUR-MINOR
100
AcDbVertex
100
AcDb3dPolylineVertex
 10
-166.5525956756688
 20
-94.42528836429119
 30
1081.0
 70
32
  0
VERTEX
  5
DCE
330
17
100
AcDbEntity
  8
TOPO-CONTOUR-MINOR
100
AcDbVertex
100
AcDb3dPolylineVertex
 10
-168.63950160528137
 20
-101.47859004884958
 30
1081.0
 70
32
  0
VERTEX
  5
DCF
330
17
100
AcDbEntity
  8
TOPO-CONTOUR-MINOR
100
AcDbVertex
100
AcDb3dPolylineVertex
 10
-170.10302982533244
 20
-111.55473531316966
 30
1081.0
 70
32
  0
VERTEX
  5
DD0
330
17
100
AcDbEntity
  8
TOPO-CONTOUR-MINOR
100
AcDbVertex
100
AcDb3dPolylineVertex
 10
-172.47700981820765
 20
-122.63849510345608
 30
1081.0
 70
32
  0
VERTEX
  5
DD1
330
17
100
AcDbEntity
  8
TOPO-CONTOUR-MINOR
100
AcDbVertex
100
AcDb3dPolylineVertex
 10
-173.60631324713148
 20
-125.66133868228644
 30
1081.0
 70
32
  0
VERTEX
  5
DD2
330
17
100
AcDbEntity
  8
TOPO-CONTOUR-MINOR
100
AcDbVertex
100
AcDb3dPolylineVertex
 10
-175.90869669173085
 20
-129.69179678801447
 30
1081.0
 70
32
  0
VERTEX
  5
DD3
330
17
100
AcDbEntity
  8
TOPO-CONTOUR-MINOR
100
AcDbVertex
100
AcDb3dPolylineVertex
 10
-177.96343450403123
 20
-136.74509847350419
 30
1081.0
 70
32
  0
VERTEX
  5
DD4
330
17
100
AcDbEntity
  8
TOPO-CONTOUR-MINOR
100
AcDbVertex
100
AcDb3dPolylineVertex
 10
-180.6580832231657
 20
-147.8288582637906
 30
1081.0
 70
32
  0
VERTEX
  5
DD5
330
17
100
AcDbEntity
  8
TOPO-CONTOUR-MINOR
100
AcDbVertex
100
AcDb3dPolylineVertex
 10
-183.50633015419922
 20
-155.88977447524667
 30
1081.0
 70
32
  0
VERTEX
  5
DD6
330
17
100
AcDbEntity
  8
TOPO-CONTOUR-MINOR
100
AcDbVertex
100
AcDb3dPolylineVertex
 10
-184.7728127279388
 20
-161.5138499461214
 30
1081.0
 70
32
  0
VERTEX
  5
DD7
330
17
100
AcDbEntity
  8
TOPO-CONTOUR-MINOR
100
AcDbVertex
100
AcDb3dPolylineVertex
 10
-185.92324316625047
 20
-163.95069068577138
 30
1081.0
 70
32
  0
VERTEX
  5
DD8
330
17
100
AcDbEntity
  8
TOPO-CONTOUR-MINOR
100
AcDbVertex
100
AcDb3dPolylineVertex
 10
-189.15999781188083
 20
-168.9887633183971
 30
1081.0
 70
32
  0
VERTEX
  5
DD9
330
17
100
AcDbEntity
  8
TOPO-CONTOUR-MINOR
100
AcDbVertex
100
AcDb3dPolylineVertex
 10
-190.54488639137372
 20
-175.03445047698915
 30
1081.0
 70
32
  0
VERTEX
  5
DDA
330
17
100
AcDbEntity
  8
TOPO-CONTOUR-MINOR
100
AcDbVertex
100
AcDb3dPolylineVertex
 10
-192.83372893921114
 20
-178.65625834483973
 30
1081.0
 70
32
  0
VERTEX
  5
DDB
330
17
100
AcDbEntity
  8
TOPO-CONTOUR-MINOR
100
AcDbVertex
100
AcDb3dPolylineVertex
 10
-194.84895799202877
 20
-180.51979548348095
 30
1081.0
 70
32
  0
VERTEX
  5
DDC
330
17
100
AcDbEntity
  8
TOPO-CONTOUR-MINOR
100
AcDbVertex
100
AcDb3dPolylineVertex
 10
-197.87180157125658
 20
-182.1955745412741
 30
1081.0
 70
32
  0
VERTEX
  5
DDD
330
17
100
AcDbEntity
  8
TOPO-CONTOUR-MINOR
100
AcDbVertex
100
AcDb3dPolylineVertex
 10
-198.87941609766585
 20
-183.13581740616502
 30
1081.0
 70
32
  0
VERTEX
  5
DDE
330
17
100
AcDbEntity
  8
TOPO-CONTOUR-MINOR
100
AcDbVertex
100
AcDb3dPolylineVertex
 10
-199.97435185640964
 20
-185.0
 30
1081.0
 70
32
  0
SEQEND
  5
D94
330
D93
100
AcDbEntity
  8
TOPO-CONTOUR-MINOR
  0
POLYLINE
  5
DDF
330
17
100
AcDbEntity
  8
TOPO-CONTOUR-MINOR
100
AcDb3dPolyline
 66
1
 10
0.0
 20
0.0
 30
0.0
 70
8
  0
VERTEX
  5
DE1
330
17
100
AcDbEntity
  8
TOPO-CONTOUR-MINOR
100
AcDbVertex
100
AcDb3dPolylineVertex
 10
-225.97969538492984
 20
-185.0
 30
1081.0
 70
32
  0
VERTEX
  5
DE2
330
17
100
AcDbEntity
  8
TOPO-CONTOUR-MINOR
100
AcDbVertex
100
AcDb3dPolylineVertex
 10
-221.04693567866434
 20
-175.64966326227108
 30
1081.0
 70
32
  0
VERTEX
  5
DE3
330
17
100
AcDbEntity
  8
TOPO-CONTOUR-MINOR
100
AcDbVertex
100
AcDb3dPolylineVertex
 10
-216.4650837520832
 20
-167.98114879149944
 30
1081.0
 70
32
  0
VERTEX
  5
DE4
330
17
100
AcDbEntity
  8
TOPO-CONTOUR-MINOR
100
AcDbVertex
100
AcDb3dPolylineVertex
 10
-215.00124852021054
 20
-164.51698382615785
 30
1081.0
 70
32
  0
VERTEX
  5
DE5
330
17
100
AcDbEntity
  8
TOPO-CONTOUR-MINOR
100
AcDbVertex
100
AcDb3dPolylineVertex
 10
-212.7912124713135
 20
-160.92784710694104
 30
1081.0
 70
32
  0
VERTEX
  5
DE6
330
17
100
AcDbEntity
  8
TOPO-CONTOUR-MINOR
100
AcDbVertex
100
AcDb3dPolylineVertex
 10
-205.27207074534027
 20
-141.78317110519856
 30
1081.0
 70
32
  0
VERTEX
  5
DE7
330
17
100
AcDbEntity
  8
TOPO-CONTOUR-MINOR
100
AcDbVertex
100
AcDb3dPolylineVertex
 10
-203.73705569905692
 20
-135.73748394660652
 30
1081.0
 70
32
  0
VERTEX
  5
DE8
330
17
100
AcDbEntity
  8
TOPO-CONTOUR-MINOR
100
AcDbVertex
100
AcDb3dPolylineVertex
 10
-199.75997921056074
 20
-123.64610962942243
 30
1081.0
 70
32
  0
VERTEX
  5
DE9
330
17
100
AcDbEntity
  8
TOPO-CONTOUR-MINOR
100
AcDbVertex
100
AcDb3dPolylineVertex
 10
-191.28023819849238
 20
-91.40244478452951
 30
1081.0
 70
32
  0
VERTEX
  5
DEA
330
17
100
AcDbEntity
  8
TOPO-CONTOUR-MINOR
100
AcDbVertex
100
AcDb3dPolylineVertex
 10
-187.67010969926724
 20
-75.28061236254871
 30
1081.0
 70
32
  0
VERTEX
  5
DEB
330
17
100
AcDbEntity
  8
TOPO-CONTOUR-MINOR
100
AcDbVertex
100
AcDb3dPolylineVertex
 10
-170.4089508021292
 20
-12.808511724695565
 30
1081.0
 70
32
  0
VERTEX
  5
DEC
330
17
100
AcDbEntity
  8
TOPO-CONTOUR-MINOR
100
AcDbVertex
100
AcDb3dPolylineVertex
 10
-168.79694036515326
 20
-4.747595513239503
 30
1081.0
 70
32
  0
VERTEX
  5
DED
330
17
100
AcDbEntity
  8
TOPO-CONTOUR-MINOR
100
AcDbVertex
100
AcDb3dPolylineVertex
 10
-169.56431124770876
 20
-0.7171374075114727
 30
1081.0
 70
32
  0
VERTEX
  5
DEE
330
17
100
AcDbEntity
  8
TOPO-CONTOUR-MINOR
100
AcDbVertex
100
AcDb3dPolylineVertex
 10
-169.3919881317523
 20
0.29047711845487356
 30
1081.0
 70
32
  0
VERTEX
  5
DEF
330
17
100
AcDbEntity
  8
TOPO-CONTOUR-MINOR
100
AcDbVertex
100
AcDb3dPolylineVertex
 10
-168.7795576941116
 20
1.2980916453525424
 30
1081.0
 70
32
  0
VERTEX
  5
DF0
330
17
100
AcDbEntity
  8
TOPO-CONTOUR-MINOR
100
AcDbVertex
100
AcDb3dPolylineVertex
 10
-166.63575125257557
 20
3.3420606252375618
 30
1081.0
 70
32
  0
VERTEX
  5
DF1
330
17
100
AcDbEntity
  8
TOPO-CONTOUR-MINOR
100
AcDbVertex
100
AcDb3dPolylineVertex
 10
-164.52779846786046
 20
7.343778803013265
 30
1081.0
 70
32
  0
VERTEX
  5
DF2
330
17
100
AcDbEntity
  8
TOPO-CONTOUR-MINOR
100
AcDbVertex
100
AcDb3dPolylineVertex
 10
-164.26346667672433
 20
9.35900785587728
 30
1081.0
 70
32
  0
VERTEX
  5
DF3
330
17
100
AcDbEntity
  8
TOPO-CONTOUR-MINOR
100
AcDbVertex
100
AcDb3dPolylineVertex
 10
-164.78983819719218
 20
11.374236908741295
 30
1081.0
 70
32
  0
VERTEX
  5
DF4
330
17
100
AcDbEntity
  8
TOPO-CONTOUR-MINOR
100
AcDbVertex
100
AcDb3dPolylineVertex
 10
-164.72633255335543
 20
13.38946596160531
 30
1081.0
 70
32
  0
VERTEX
  5
DF5
330
17
100
AcDbEntity
  8
TOPO-CONTOUR-MINOR
100
AcDbVertex
100
AcDb3dPolylineVertex
 10
-160.32302273887697
 20
24.473225752823055
 30
1081.0
 70
32
  0
VERTEX
  5
DF6
330
17
100
AcDbEntity
  8
TOPO-CONTOUR-MINOR
100
AcDbVertex
100
AcDb3dPolylineVertex
 10
-156.06867451717943
 20
38.57982912193984
 30
1081.0
 70
32
  0
VERTEX
  5
DF7
330
17
100
AcDbEntity
  8
TOPO-CONTOUR-MINOR
100
AcDbVertex
100
AcDb3dPolylineVertex
 10
-152.34482347877594
 20
52.686432491987944
 30
1081.0
 70
32
  0
VERTEX
  5
DF8
330
17
100
AcDbEntity
  8
TOPO-CONTOUR-MINOR
100
AcDbVertex
100
AcDb3dPolylineVertex
 10
-147.85854889962323
 20
66.79303586203605
 30
1081.0
 70
32
  0
VERTEX
  5
DF9
330
17
100
AcDbEntity
  8
TOPO-CONTOUR-MINOR
100
AcDbVertex
100
AcDb3dPolylineVertex
 10
-144.63837157248037
 20
79.89202470518649
 30
1081.0
 70
32
  0
VERTEX
  5
DFA
330
17
100
AcDbEntity
  8
TOPO-CONTOUR-MINOR
100
AcDbVertex
100
AcDb3dPolylineVertex
 10
-141.2287797646019
 20
88.9605554426089
 30
1081.0
 70
32
  0
VERTEX
  5
DFB
330
17
100
AcDbEntity
  8
TOPO-CONTOUR-MINOR
100
AcDbVertex
100
AcDb3dPolylineVertex
 10
-136.18741016903667
 20
104.07477333862334
 30
1081.0
 70
32
  0
VERTEX
  5
DFC
330
17
100
AcDbEntity
  8
TOPO-CONTOUR-MINOR
100
AcDbVertex
100
AcDb3dPolylineVertex
 10
-125.99731026498688
 20
136.31843818351626
 30
1081.0
 70
32
  0
VERTEX
  5
DFD
330
17
100
AcDbEntity
  8
TOPO-CONTOUR-MINOR
100
AcDbVertex
100
AcDb3dPolylineVertex
 10
-121.9064631134236
 20
146.39458344783634
 30
1081.0
 70
32
  0
VERTEX
  5
DFE
330
17
100
AcDbEntity
  8
TOPO-CONTOUR-MINOR
100
AcDbVertex
100
AcDb3dPolylineVertex
 10
-114.2473561389313
 20
170.5773320812732
 30
1081.0
 70
32
  0
VERTEX
  5
DFF
330
17
100
AcDbEntity
  8
TOPO-CONTOUR-MINOR
100
AcDbVertex
100
AcDb3dPolylineVertex
 10
-112.22456682648772
 20
175.6637304487425
 30
1081.0
 70
32
  0
VERTEX
  5
E00
330
17
100
AcDbEntity
  8
TOPO-CONTOUR-MINOR
100
AcDbVertex
100
AcDb3dPolylineVertex
 10
-105.78608966499718
 20
194.76008071564138
 30
1081.0
 70
32
  0
VERTEX
  5
E01
330
17
100
AcDbEntity
  8
TOPO-CONTOUR-MINOR
100
AcDbVertex
100
AcDb3dPolylineVertex
 10
-101.83472001153147
 20
207.85906955879182
 30
1081.0
 70
32
  0
VERTEX
  5
E02
330
17
100
AcDbEntity
  8
TOPO-CONTOUR-MINOR
100
AcDbVertex
100
AcDb3dPolylineVertex
 10
-97.62860234569852
 20
218.94282934907824
 30
1081.0
 70
32
  0
VERTEX
  5
E03
330
17
100
AcDbEntity
  8
TOPO-CONTOUR-MINOR
100
AcDbVertex
100
AcDb3dPolylineVertex
 10
-94.08750535112449
 20
230.96240164267067
 30
1081.0
 70
32
  0
VERTEX
  5
E04
330
17
100
AcDbEntity
  8
TOPO-CONTOUR-MINOR
100
AcDbVertex
100
AcDb3dPolylineVertex
 10
-87.43265076952513
 20
250.1788796680048
 30
1081.0
 70
32
  0
VERTEX
  5
E05
330
17
100
AcDbEntity
  8
TOPO-CONTOUR-MINOR
100
AcDbVertex
100
AcDb3dPolylineVertex
 10
-86.02658913985215
 20
256.14044755091254
 30
1081.0
 70
32
  0
VERTEX
  5
E06
330
17
100
AcDbEntity
  8
TOPO-CONTOUR-MINOR
100
AcDbVertex
100
AcDb3dPolylineVertex
 10
-83.00374556062525
 20
265.63889207280124
 30
1081.0
 70
32
  0
VERTEX
  5
E07
330
17
100
AcDbEntity
  8
TOPO-CONTOUR-MINOR
100
AcDbVertex
100
AcDb3dPolylineVertex
 10
-75.95044387576127
 20
286.55392473929606
 30
1081.0
 70
32
  0
VERTEX
  5
E08
330
17
100
AcDbEntity
  8
TOPO-CONTOUR-MINOR
100
AcDbVertex
100
AcDb3dPolylineVertex
 10
-73.1178612421339
 20
293.50630430318415
 30
1081.0
 70
32
  0
VERTEX
  5
E09
330
17
100
AcDbEntity
  8
TOPO-CONTOUR-MINOR
100
AcDbVertex
100
AcDb3dPolylineVertex
 10
-71.9199857701251
 20
298.41225462642353
 30
1081.0
 70
32
  0
VERTEX
  5
E0A
330
17
100
AcDbEntity
  8
TOPO-CONTOUR-MINOR
100
AcDbVertex
100
AcDb3dPolylineVertex
 10
-69.36317834544391
 20
305.59767862036824
 30
1081.0
 70
32
  0
VERTEX
  5
E0B
330
17
100
AcDbEntity
  8
TOPO-CONTOUR-MINOR
100
AcDbVertex
100
AcDb3dPolylineVertex
 10
-65.61339138302743
 20
319.70428199041635
 30
1081.0
 70
32
  0
VERTEX
  5
E0C
330
17
100
AcDbEntity
  8
TOPO-CONTOUR-MINOR
100
AcDbVertex
100
AcDb3dPolylineVertex
 10
-63.42890700523749
 20
329.7804272547364
 30
1081.0
 70
32
  0
VERTEX
  5
E0D
330
17
100
AcDbEntity
  8
TOPO-CONTOUR-MINOR
100
AcDbVertex
100
AcDb3dPolylineVertex
 10
-61.84384050603512
 20
339.6324257871354
 30
1081.0
 70
32
  0
VERTEX
  5
E0E
330
17
100
AcDbEntity
  8
TOPO-CONTOUR-MINOR
100
AcDbVertex
100
AcDb3dPolylineVertex
 10
-60.19093735564092
 20
345.9022596767172
 30
1081.0
 70
32
  0
VERTEX
  5
E0F
330
17
100
AcDbEntity
  8
TOPO-CONTOUR-MINOR
100
AcDbVertex
100
AcDb3dPolylineVertex
 10
-60.536984942606466
 20
352.95556136220694
 30
1081.0
 70
32
  0
VERTEX
  5
E10
330
17
100
AcDbEntity
  8
TOPO-CONTOUR-MINOR
100
AcDbVertex
100
AcDb3dPolylineVertex
 10
-63.23344966512498
 20
366.0545502053574
 30
1081.0
 70
32
  0
VERTEX
  5
E11
330
17
100
AcDbEntity
  8
TOPO-CONTOUR-MINOR
100
AcDbVertex
100
AcDb3dPolylineVertex
 10
-65.87429861167129
 20
375.94431493766655
 30
1081.0
 70
32
  0
VERTEX
  5
E12
330
17
100
AcDbEntity
  8
TOPO-CONTOUR-MINOR
100
AcDbVertex
100
AcDb3dPolylineVertex
 10
-68.43204465980608
 20
387.21445525996387
 30
1081.0
 70
32
  0
VERTEX
  5
E13
330
17
100
AcDbEntity
  8
TOPO-CONTOUR-MINOR
100
AcDbVertex
100
AcDb3dPolylineVertex
 10
-73.86481969314768
 20
402.3286731559783
 30
1081.0
 70
32
  0
VERTEX
  5
E14
330
17
100
AcDbEntity
  8
TOPO-CONTOUR-MINOR
100
AcDbVertex
100
AcDb3dPolylineVertex
 10
-77.12586202453942
 20
409.3819748405367
 30
1081.0
 70
32
  0
VERTEX
  5
E15
330
17
100
AcDbEntity
  8
TOPO-CONTOUR-MINOR
100
AcDbVertex
100
AcDb3dPolylineVertex
 10
-78.96027150304334
 20
415.0
 30
1081.0
 70
32
  0
SEQEND
  5
DE0
330
DDF
100
AcDbEntity
  8
TOPO-CONTOUR-MINOR
  0
LWPOLYLINE
  5
E16
330
17
100
AcDbEntity
  8
TOPO-EXTENT
100
AcDbPolyline
 90
4
 70
1
 10
-271.0
 20
-185.0
 10
329.0
 20
-185.0
 10
329.0
 20
415.0
 10
-271.0
 20
415.0
  0
LWPOLYLINE
  5
E17
330
17
100
AcDbEntity
  8
TOPO-REF-SITE
100
AcDbPolyline
 90
5
 70
1
 10
109.18772133823313
 20
124.16457330528647
 10
108.9260631211564
 20
-1.8998235622420907
 10
-81.1075011963103
 20
-2.072810317389667
 10
-1.6327240242508196
 20
263.95614148210734
 10
84.75546821124135
 20
263.79858005978167
  0
LINE
  5
E18
330
17
100
AcDbEntity
  8
Z-ORIGIN
100
AcDbLine
 10
-5.0
 20
0.0
 30
0.0
 11
5.0
 21
0.0
 31
0.0
  0
LINE
  5
E19
330
17
100
AcDbEntity
  8
Z-ORIGIN
100
AcDbLine
 10
0.0
 20
-5.0
 30
0.0
 11
0.0
 21
5.0
 31
0.0
  0
CIRCLE
  5
E1A
330
17
100
AcDbEntity
  8
Z-ORIGIN
100
AcDbCircle
 10
0.0
 20
0.0
 30
0.0
 40
1.5
  0
TEXT
  5
E1B
330
17
100
AcDbEntity
  8
Z-ORIGIN
100
AcDbText
 10
3.0
 20
3.0
 30
0.0
 40
1.5
  1
ORIGIN 0,0 = EPSG:3776 E -6819.70 N 5648879.79 (Glenmore Landing site anchor)
 11
3.0
 21
3.0
 31
0.0
100
AcDbText
  0
ENDSEC
  0
SECTION
  2
OBJECTS
  0
DICTIONARY
  5
A
330
0
100
AcDbDictionary
281
1
  3
ACAD_COLOR
350
B
  3
ACAD_GROUP
350
C
  3
ACAD_LAYOUT
350
D
  3
ACAD_MATERIAL
350
E
  3
ACAD_MLEADERSTYLE
350
F
  3
ACAD_MLINESTYLE
350
10
  3
ACAD_PLOTSETTINGS
350
11
  3
ACAD_PLOTSTYLENAME
350
12
  3
ACAD_SCALELIST
350
14
  3
ACAD_TABLESTYLE
350
15
  3
ACAD_VISUALSTYLE
350
16
  3
EZDXF_META
350
2D
  0
DICTIONARY
  5
B
330
A
100
AcDbDictionary
281
1
  0
DICTIONARY
  5
C
330
A
100
AcDbDictionary
281
1
  0
DICTIONARY
  5
D
330
A
100
AcDbDictionary
281
1
  3
Model
350
1A
  3
Layout1
350
1E
  0
DICTIONARY
  5
E
330
A
100
AcDbDictionary
281
1
  3
ByBlock
350
1F
  3
ByLayer
350
20
  3
Global
350
21
  0
DICTIONARY
  5
F
330
A
100
AcDbDictionary
281
1
  3
Standard
350
2C
  0
DICTIONARY
  5
10
330
A
100
AcDbDictionary
281
1
  3
Standard
350
22
  0
DICTIONARY
  5
11
330
A
100
AcDbDictionary
281
1
  0
ACDBDICTIONARYWDFLT
  5
12
330
A
100
AcDbDictionary
281
1
  3
Normal
350
13
100
AcDbDictionaryWithDefault
340
13
  0
ACDBPLACEHOLDER
  5
13
330
12
  0
DICTIONARY
  5
14
330
A
100
AcDbDictionary
281
1
  0
DICTIONARY
  5
15
330
A
100
AcDbDictionary
281
1
  0
DICTIONARY
  5
16
330
A
100
AcDbDictionary
281
1
  3
2dWireframe
350
5A
  3
Basic
350
5B
  3
Brighten
350
5C
  3
ColorChange
350
5D
  3
Conceptual
350
5E
  3
Dim
350
5F
  3
EdgeColorOff
350
60
  3
Facepattern
350
61
  3
Flat
350
62
  3
FlatWithEdges
350
63
  3
Gouraud
350
64
  3
GouraudWithEdges
350
65
  3
Hidden
350
66
  3
JitterOff
350
67
  3
Linepattern
350
68
  3
Modeling
350
69
  3
OverhangOff
350
6A
  3
Realistic
350
6B
  3
Shaded
350
6C
  3
Shaded with edges
350
6D
  3
Shades of Gray
350
6E
  3
Sketchy
350
6F
  3
Thicken
350
70
  3
Wireframe
350
71
  3
X-Ray
350
72
  0
LAYOUT
  5
1A
330
D
100
AcDbPlotSettings
  1

  4
A3
  6

 40
7.5
 41
20.0
 42
7.5
 43
20.0
 44
420.0
 45
297.0
 46
0.0
 47
0.0
 48
0.0
 49
0.0
140
0.0
141
0.0
142
1.0
143
1.0
 70
1024
 72
1
 73
0
 74
5
  7

 75
16
 76
0
 77
2
 78
300
147
1.0
148
0.0
149
0.0
100
AcDbLayout
  1
Model
 70
1
 71
0
 10
0.0
 20
0.0
 11
420.0
 21
297.0
 12
0.0
 22
0.0
 32
0.0
 14
1e+20
 24
1e+20
 34
1e+20
 15
-1e+20
 25
-1e+20
 35
-1e+20
146
0.0
 13
0.0
 23
0.0
 33
0.0
 16
1.0
 26
0.0
 36
0.0
 17
0.0
 27
1.0
 37
0.0
 76
1
330
17
  0
LAYOUT
  5
1E
330
D
100
AcDbPlotSettings
  1

  4
A3
  6

 40
7.5
 41
20.0
 42
7.5
 43
20.0
 44
420.0
 45
297.0
 46
0.0
 47
0.0
 48
0.0
 49
0.0
140
0.0
141
0.0
142
1.0
143
1.0
 70
0
 72
1
 73
0
 74
5
  7

 75
16
 76
0
 77
2
 78
300
147
1.0
148
0.0
149
0.0
100
AcDbLayout
  1
Layout1
 70
1
 71
1
 10
0.0
 20
0.0
 11
420.0
 21
297.0
 12
0.0
 22
0.0
 32
0.0
 14
1e+20
 24
1e+20
 34
1e+20
 15
-1e+20
 25
-1e+20
 35
-1e+20
146
0.0
 13
0.0
 23
0.0
 33
0.0
 16
1.0
 26
0.0
 36
0.0
 17
0.0
 27
1.0
 37
0.0
 76
1
330
1B
  0
MATERIAL
  5
1F
102
{ACAD_REACTORS
330
E
102
}
330
E
100
AcDbMaterial
  1
ByBlock
  2

 70
0
 40
1.0
 71
1
 41
1.0
 91
-1023410177
 42
1.0
 72
1
  3

 73
1
 74
1
 75
1
 44
0.5
 73
0
 45
1.0
 46
1.0
 77
1
  4

 78
1
 79
1
170
1
 48
1.0
171
1
  6

172
1
173
1
174
1
140
1.0
141
1.0
175
1
  7

176
1
177
1
178
1
143
1.0
179
1
  8

270
1
271
1
272
1
145
1.0
146
1.0
273
1
  9

274
1
275
1
276
1
 42
1.0
 72
1
  3

 73
1
 74
1
 75
1
 94
63
  0
MATERIAL
  5
20
102
{ACAD_REACTORS
330
E
102
}
330
E
100
AcDbMaterial
  1
ByLayer
  2

 70
0
 40
1.0
 71
1
 41
1.0
 91
-1023410177
 42
1.0
 72
1
  3

 73
1
 74
1
 75
1
 44
0.5
 73
0
 45
1.0
 46
1.0
 77
1
  4

 78
1
 79
1
170
1
 48
1.0
171
1
  6

172
1
173
1
174
1
140
1.0
141
1.0
175
1
  7

176
1
177
1
178
1
143
1.0
179
1
  8

270
1
271
1
272
1
145
1.0
146
1.0
273
1
  9

274
1
275
1
276
1
 42
1.0
 72
1
  3

 73
1
 74
1
 75
1
 94
63
  0
MATERIAL
  5
21
102
{ACAD_REACTORS
330
E
102
}
330
E
100
AcDbMaterial
  1
Global
  2

 70
0
 40
1.0
 71
1
 41
1.0
 91
-1023410177
 42
1.0
 72
1
  3

 73
1
 74
1
 75
1
 44
0.5
 73
0
 45
1.0
 46
1.0
 77
1
  4

 78
1
 79
1
170
1
 48
1.0
171
1
  6

172
1
173
1
174
1
140
1.0
141
1.0
175
1
  7

176
1
177
1
178
1
143
1.0
179
1
  8

270
1
271
1
272
1
145
1.0
146
1.0
273
1
  9

274
1
275
1
276
1
 42
1.0
 72
1
  3

 73
1
 74
1
 75
1
 94
63
  0
MLINESTYLE
  5
22
102
{ACAD_REACTORS
330
10
102
}
330
10
100
AcDbMlineStyle
  2
Standard
 70
0
  3

 62
256
 51
90.0
 52
90.0
 71
2
 49
0.5
 62
256
  6
BYLAYER
 49
-0.5
 62
256
  6
BYLAYER
  0
MLEADERSTYLE
  5
2C
102
{ACAD_REACTORS
330
F
102
}
330
F
100
AcDbMLeaderStyle
179
2
170
2
171
1
172
0
 90
2
 40
0.0
 41
0.0
173
1
 91
-1056964608
 92
-2
290
1
 42
2.0
291
1
 43
8.0
  3
Standard
 44
4.0
300

342
29
174
1
175
1
176
0
178
1
 93
-1056964608
 45
4.0
292
0
297
0
 46
4.0
 94
-1056964608
 47
1.0
 49
1.0
140
1.0
294
1
141
0.0
177
0
142
1.0
295
0
296
0
143
3.75
271
0
272
9
273
9
  0
DICTIONARY
  5
2D
330
A
100
AcDbDictionary
280
1
281
1
  3
CREATED_BY_EZDXF
350
2E
  3
WRITTEN_BY_EZDXF
350
E1F
  0
DICTIONARYVAR
  5
2E
330
2D
100
DictionaryVariables
280
0
  1
1.4.4 @ 2026-10-06T01:55:10.302855+00:00
  0
VISUALSTYLE
  5
5A
102
{ACAD_REACTORS
330
16
102
}
330
16
100
AcDbVisualStyle
  2
2dWireframe
 70
4
177
3
291
0
 70
58
 90
2
176
1
 90
2
176
1
 90
0
176
1
 90
0
176
1
 40
0.6
176
1
 40
30.0
176
1
 62
7
420
16777215
176
1
 90
1
176
1
 90
4
176
1
 62
7
176
1
 62
257
176
1
 90
1
176
1
 90
1
176
1
 40
1.0
176
1
 90
8
176
1
 62
7
176
1
 40
1.0
176
1
 90
1
176
1
 90
6
176
1
 90
2
176
1
 62
7
176
1
 90
5
176
1
 90
0
176
1
 90
0
176
1
290
0
176
1
 90
1
176
1
 40
0.0
176
1
 90
0
176
1
290
1
176
1
290
1
176
1
290
0
176
1
290
0
176
1
290
0
176
1
290
0
176
1
290
0
176
1
290
0
176
1
290
0
176
1
 90
50
176
1
 40
0.0
176
1
 40
1.0
176
1
 90
0
176
1
 62
18
420
0
176
1
 90
50
176
1
 90
3
176
1
 62
5
420
255
176
1
290
0
176
1
 90
50
176
1
 90
50
176
1
 90
50
176
1
290
0
176
1
 90
50
176
1
 62
256
176
0
 40
1.0
176
0
 90
2
176
1
  1
strokes_ogs.tif
176
1
290
0
176
1
 40
1.0
176
1
 40
1.0
176
1
  0
VISUALSTYLE
  5
5B
102
{ACAD_REACTORS
330
16
102
}
330
16
100
AcDbVisualStyle
  2
Basic
 70
7
177
3
291
1
 70
58
 90
2
176
1
 90
2
176
1
 90
0
176
1
 90
1
176
1
 40
0.6
176
1
 40
30.0
176
1
 62
7
420
16777215
176
1
 90
1
176
1
 90
4
176
1
 62
7
176
1
 62
257
176
1
 90
1
176
1
 90
1
176
1
 40
1.0
176
1
 90
8
176
1
 62
7
176
1
 40
1.0
176
1
 90
1
176
1
 90
6
176
1
 90
2
176
1
 62
7
176
1
 90
5
176
1
 90
0
176
1
 90
0
176
1
290
0
176
1
 90
1
176
1
 40
0.0
176
1
 90
0
176
1
290
0
176
1
290
1
176
1
290
1
176
1
290
0
176
1
290
0
176
1
290
0
176
1
290
0
176
1
290
0
176
1
290
0
176
1
 90
50
176
1
 40
0.0
176
1
 40
1.0
176
1
 90
0
176
1
 62
18
420
0
176
1
 90
50
176
1
 90
3
176
1
 62
5
420
255
176
1
290
0
176
1
 90
50
176
1
 90
50
176
1
 90
50
176
1
290
0
176
1
 90
50
176
1
 62
256
176
0
 40
1.0
176
0
 90
2
176
1
  1
strokes_ogs.tif
176
1
290
0
176
1
 40
1.0
176
1
 40
1.0
176
1
  0
VISUALSTYLE
  5
5C
102
{ACAD_REACTORS
330
16
102
}
330
16
100
AcDbVisualStyle
  2
Brighten
 70
12
177
3
291
1
 70
58
 90
2
176
1
 90
2
176
1
 90
0
176
1
 90
2
176
1
 40
0.6
176
1
 40
30.0
176
1
 62
7
420
16777215
176
1
 90
1
176
1
 90
4
176
1
 62
7
176
1
 62
257
176
1
 90
1
176
1
 90
1
176
1
 40
1.0
176
1
 90
8
176
1
 62
7
176
1
 40
1.0
176
1
 90
1
176
1
 90
6
176
1
 90
2
176
1
 62
7
176
1
 90
5
176
1
 90
0
176
1
 90
0
176
1
290
0
176
1
 90
1
176
1
 40
0.0
176
1
 90
0
176
1
290
0
176
1
290
1
176
1
290
1
176
1
290
0
176
1
290
0
176
1
290
0
176
1
290
0
176
1
290
0
176
1
290
0
176
1
 90
50
176
1
 40
0.0
176
1
 40
1.0
176
1
 90
0
176
1
 62
18
420
0
176
1
 90
50
176
1
 90
3
176
1
 62
5
420
255
176
1
290
0
176
1
 90
50
176
1
 90
50
176
1
 90
50
176
1
290
0
176
1
 90
50
176
1
 62
256
176
0
 40
1.0
176
0
 90
2
176
1
  1
strokes_ogs.tif
176
1
290
0
176
1
 40
1.0
176
1
 40
1.0
176
1
  0
VISUALSTYLE
  5
5D
102
{ACAD_REACTORS
330
16
102
}
330
16
100
AcDbVisualStyle
  2
ColorChange
 70
16
177
3
291
1
 70
58
 90
2
176
1
 90
2
176
1
 90
0
176
1
 90
2
176
1
 40
0.6
176
1
 40
30.0
176
1
 62
7
420
16777215
176
1
 90
1
176
1
 90
4
176
1
 62
7
176
1
 62
257
176
1
 90
1
176
1
 90
1
176
1
 40
1.0
176
1
 90
8
176
1
 62
7
176
1
 40
1.0
176
1
 90
1
176
1
 90
6
176
1
 90
2
176
1
 62
7
176
1
 90
5
176
1
 90
0
176
1
 90
0
176
1
290
0
176
1
 90
1
176
1
 40
0.0
176
1
 90
0
176
1
290
0
176
1
290
1
176
1
290
1
176
1
290
0
176
1
290
0
176
1
290
0
176
1
290
0
176
1
290
0
176
1
290
0
176
1
 90
50
176
1
 40
0.0
176
1
 40
1.0
176
1
 90
0
176
1
 62
18
420
0
176
1
 90
50
176
1
 90
3
176
1
 62
5
420
255
176
1
290
0
176
1
 90
50
176
1
 90
50
176
1
 90
50
176
1
290
0
176
1
 90
50
176
1
 62
256
176
0
 40
1.0
176
0
 90
2
176
1
  1
strokes_ogs.tif
176
1
290
0
176
1
 40
1.0
176
1
 40
1.0
176
1
  0
VISUALSTYLE
  5
5E
102
{ACAD_REACTORS
330
16
102
}
330
16
100
AcDbVisualStyle
  2
Conceptual
 70
9
177
3
291
0
 70
58
 90
2
176
1
 90
2
176
1
 90
0
176
1
 90
3
176
1
 40
0.6
176
1
 40
30.0
176
1
 62
7
420
16777215
176
1
 90
1
176
1
 90
4
176
1
 62
7
176
1
 62
257
176
1
 90
1
176
1
 90
1
176
1
 40
1.0
176
1
 90
8
176
1
 62
7
176
1
 40
1.0
176
1
 90
1
176
1
 90
6
176
1
 90
2
176
1
 62
7
176
1
 90
5
176
1
 90
0
176
1
 90
0
176
1
290
0
176
1
 90
1
176
1
 40
0.0
176
1
 90
0
176
1
290
0
176
1
290
1
176
1
290
1
176
1
290
0
176
1
290
0
176
1
290
0
176
1
290
0
176
1
290
0
176
1
290
0
176
1
 90
50
176
1
 40
0.0
176
1
 40
1.0
176
1
 90
0
176
1
 62
18
420
0
176
1
 90
50
176
1
 90
3
176
1
 62
5
420
255
176
1
290
0
176
1
 90
50
176
1
 90
50
176
1
 90
50
176
1
290
0
176
1
 90
50
176
1
 62
256
176
0
 40
1.0
176
0
 90
2
176
1
  1
strokes_ogs.tif
176
1
290
0
176
1
 40
1.0
176
1
 40
1.0
176
1
  0
VISUALSTYLE
  5
5F
102
{ACAD_REACTORS
330
16
102
}
330
16
100
AcDbVisualStyle
  2
Dim
 70
11
177
3
291
1
 70
58
 90
2
176
1
 90
2
176
1
 90
0
176
1
 90
2
176
1
 40
0.6
176
1
 40
30.0
176
1
 62
7
420
16777215
176
1
 90
1
176
1
 90
4
176
1
 62
7
176
1
 62
257
176
1
 90
1
176
1
 90
1
176
1
 40
1.0
176
1
 90
8
176
1
 62
7
176
1
 40
1.0
176
1
 90
1
176
1
 90
6
176
1
 90
2
176
1
 62
7
176
1
 90
5
176
1
 90
0
176
1
 90
0
176
1
290
0
176
1
 90
1
176
1
 40
0.0
176
1
 90
0
176
1
290
0
176
1
290
1
176
1
290
1
176
1
290
0
176
1
290
0
176
1
290
0
176
1
290
0
176
1
290
0
176
1
290
0
176
1
 90
50
176
1
 40
0.0
176
1
 40
1.0
176
1
 90
0
176
1
 62
18
420
0
176
1
 90
50
176
1
 90
3
176
1
 62
5
420
255
176
1
290
0
176
1
 90
50
176
1
 90
50
176
1
 90
50
176
1
290
0
176
1
 90
50
176
1
 62
256
176
0
 40
1.0
176
0
 90
2
176
1
  1
strokes_ogs.tif
176
1
290
0
176
1
 40
1.0
176
1
 40
1.0
176
1
  0
VISUALSTYLE
  5
60
102
{ACAD_REACTORS
330
16
102
}
330
16
100
AcDbVisualStyle
  2
EdgeColorOff
 70
22
177
3
291
1
 70
58
 90
2
176
1
 90
2
176
1
 90
0
176
1
 90
2
176
1
 40
0.6
176
1
 40
30.0
176
1
 62
7
420
16777215
176
1
 90
1
176
1
 90
4
176
1
 62
7
176
1
 62
257
176
1
 90
1
176
1
 90
1
176
1
 40
1.0
176
1
 90
8
176
1
 62
7
176
1
 40
1.0
176
1
 90
1
176
1
 90
6
176
1
 90
2
176
1
 62
7
176
1
 90
5
176
1
 90
0
176
1
 90
0
176
1
290
0
176
1
 90
1
176
1
 40
0.0
176
1
 90
0
176
1
290
0
176
1
290
1
176
1
290
1
176
1
290
0
176
1
290
0
176
1
290
0
176
1
290
0
176
1
290
0
176
1
290
0
176
1
 90
50
176
1
 40
0.0
176
1
 40
1.0
176
1
 90
0
176
1
 62
18
420
0
176
1
 90
50
176
1
 90
3
176
1
 62
5
420
255
176
1
290
0
176
1
 90
50
176
1
 90
50
176
1
 90
50
176
1
290
0
176
1
 90
50
176
1
 62
256
176
0
 40
1.0
176
0
 90
2
176
1
  1
strokes_ogs.tif
176
1
290
0
176
1
 40
1.0
176
1
 40
1.0
176
1
  0
VISUALSTYLE
  5
61
102
{ACAD_REACTORS
330
16
102
}
330
16
100
AcDbVisualStyle
  2
Facepattern
 70
15
177
3
291
1
 70
58
 90
2
176
1
 90
2
176
1
 90
0
176
1
 90
2
176
1
 40
0.6
176
1
 40
30.0
176
1
 62
7
420
16777215
176
1
 90
1
176
1
 90
4
176
1
 62
7
176
1
 62
257
176
1
 90
1
176
1
 90
1
176
1
 40
1.0
176
1
 90
8
176
1
 62
7
176
1
 40
1.0
176
1
 90
1
176
1
 90
6
176
1
 90
2
176
1
 62
7
176
1
 90
5
176
1
 90
0
176
1
 90
0
176
1
290
0
176
1
 90
1
176
1
 40
0.0
176
1
 90
0
176
1
290
0
176
1
290
1
176
1
290
1
176
1
290
0
176
1
290
0
176
1
290
0
176
1
290
0
176
1
290
0
176
1
290
0
176
1
 90
50
176
1
 40
0.0
176
1
 40
1.0
176
1
 90
0
176
1
 62
18
420
0
176
1
 90
50
176
1
 90
3
176
1
 62
5
420
255
176
1
290
0
176
1
 90
50
176
1
 90
50
176
1
 90
50
176
1
290
0
176
1
 90
50
176
1
 62
256
176
0
 40
1.0
176
0
 90
2
176
1
  1
strokes_ogs.tif
176
1
290
0
176
1
 40
1.0
176
1
 40
1.0
176
1
  0
VISUALSTYLE
  5
62
102
{ACAD_REACTORS
330
16
102
}
330
16
100
AcDbVisualStyle
  2
Flat
 70
0
177
3
291
1
 70
58
 90
2
176
1
 90
2
176
1
 90
0
176
1
 90
2
176
1
 40
0.6
176
1
 40
30.0
176
1
 62
7
420
16777215
176
1
 90
1
176
1
 90
4
176
1
 62
7
176
1
 62
257
176
1
 90
1
176
1
 90
1
176
1
 40
1.0
176
1
 90
8
176
1
 62
7
176
1
 40
1.0
176
1
 90
1
176
1
 90
6
176
1
 90
2
176
1
 62
7
176
1
 90
5
176
1
 90
0
176
1
 90
0
176
1
290
0
176
1
 90
1
176
1
 40
0.0
176
1
 90
0
176
1
290
0
176
1
290
1
176
1
290
1
176
1
290
0
176
1
290
0
176
1
290
0
176
1
290
0
176
1
290
0
176
1
290
0
176
1
 90
50
176
1
 40
0.0
176
1
 40
1.0
176
1
 90
0
176
1
 62
18
420
0
176
1
 90
50
176
1
 90
3
176
1
 62
5
420
255
176
1
290
0
176
1
 90
50
176
1
 90
50
176
1
 90
50
176
1
290
0
176
1
 90
50
176
1
 62
256
176
0
 40
1.0
176
0
 90
2
176
1
  1
strokes_ogs.tif
176
1
290
0
176
1
 40
1.0
176
1
 40
1.0
176
1
  0
VISUALSTYLE
  5
63
102
{ACAD_REACTORS
330
16
102
}
330
16
100
AcDbVisualStyle
  2
FlatWithEdges
 70
1
177
3
291
1
 70
58
 90
2
176
1
 90
2
176
1
 90
0
176
1
 90
2
176
1
 40
0.6
176
1
 40
30.0
176
1
 62
7
420
16777215
176
1
 90
1
176
1
 90
4
176
1
 62
7
176
1
 62
257
176
1
 90
1
176
1
 90
1
176
1
 40
1.0
176
1
 90
8
176
1
 62
7
176
1
 40
1.0
176
1
 90
1
176
1
 90
6
176
1
 90
2
176
1
 62
7
176
1
 90
5
176
1
 90
0
176
1
 90
0
176
1
290
0
176
1
 90
1
176
1
 40
0.0
176
1
 90
0
176
1
290
0
176
1
290
1
176
1
290
1
176
1
290
0
176
1
290
0
176
1
290
0
176
1
290
0
176
1
290
0
176
1
290
0
176
1
 90
50
176
1
 40
0.0
176
1
 40
1.0
176
1
 90
0
176
1
 62
18
420
0
176
1
 90
50
176
1
 90
3
176
1
 62
5
420
255
176
1
290
0
176
1
 90
50
176
1
 90
50
176
1
 90
50
176
1
290
0
176
1
 90
50
176
1
 62
256
176
0
 40
1.0
176
0
 90
2
176
1
  1
strokes_ogs.tif
176
1
290
0
176
1
 40
1.0
176
1
 40
1.0
176
1
  0
VISUALSTYLE
  5
64
102
{ACAD_REACTORS
330
16
102
}
330
16
100
AcDbVisualStyle
  2
Gouraud
 70
2
177
3
291
1
 70
58
 90
2
176
1
 90
2
176
1
 90
0
176
1
 90
2
176
1
 40
0.6
176
1
 40
30.0
176
1
 62
7
420
16777215
176
1
 90
1
176
1
 90
4
176
1
 62
7
176
1
 62
257
176
1
 90
1
176
1
 90
1
176
1
 40
1.0
176
1
 90
8
176
1
 62
7
176
1
 40
1.0
176
1
 90
1
176
1
 90
6
176
1
 90
2
176
1
 62
7
176
1
 90
5
176
1
 90
0
176
1
 90
0
176
1
290
0
176
1
 90
1
176
1
 40
0.0
176
1
 90
0
176
1
290
0
176
1
290
1
176
1
290
1
176
1
290
0
176
1
290
0
176
1
290
0
176
1
290
0
176
1
290
0
176
1
290
0
176
1
 90
50
176
1
 40
0.0
176
1
 40
1.0
176
1
 90
0
176
1
 62
18
420
0
176
1
 90
50
176
1
 90
3
176
1
 62
5
420
255
176
1
290
0
176
1
 90
50
176
1
 90
50
176
1
 90
50
176
1
290
0
176
1
 90
50
176
1
 62
256
176
0
 40
1.0
176
0
 90
2
176
1
  1
strokes_ogs.tif
176
1
290
0
176
1
 40
1.0
176
1
 40
1.0
176
1
  0
VISUALSTYLE
  5
65
102
{ACAD_REACTORS
330
16
102
}
330
16
100
AcDbVisualStyle
  2
GouraudWithEdges
 70
3
177
3
291
1
 70
58
 90
2
176
1
 90
2
176
1
 90
0
176
1
 90
2
176
1
 40
0.6
176
1
 40
30.0
176
1
 62
7
420
16777215
176
1
 90
1
176
1
 90
4
176
1
 62
7
176
1
 62
257
176
1
 90
1
176
1
 90
1
176
1
 40
1.0
176
1
 90
8
176
1
 62
7
176
1
 40
1.0
176
1
 90
1
176
1
 90
6
176
1
 90
2
176
1
 62
7
176
1
 90
5
176
1
 90
0
176
1
 90
0
176
1
290
0
176
1
 90
1
176
1
 40
0.0
176
1
 90
0
176
1
290
0
176
1
290
1
176
1
290
1
176
1
290
0
176
1
290
0
176
1
290
0
176
1
290
0
176
1
290
0
176
1
290
0
176
1
 90
50
176
1
 40
0.0
176
1
 40
1.0
176
1
 90
0
176
1
 62
18
420
0
176
1
 90
50
176
1
 90
3
176
1
 62
5
420
255
176
1
290
0
176
1
 90
50
176
1
 90
50
176
1
 90
50
176
1
290
0
176
1
 90
50
176
1
 62
256
176
0
 40
1.0
176
0
 90
2
176
1
  1
strokes_ogs.tif
176
1
290
0
176
1
 40
1.0
176
1
 40
1.0
176
1
  0
VISUALSTYLE
  5
66
102
{ACAD_REACTORS
330
16
102
}
330
16
100
AcDbVisualStyle
  2
Hidden
 70
6
177
3
291
0
 70
58
 90
2
176
1
 90
2
176
1
 90
0
176
1
 90
1
176
1
 40
0.6
176
1
 40
30.0
176
1
 62
7
420
16777215
176
1
 90
1
176
1
 90
4
176
1
 62
7
176
1
 62
257
176
1
 90
1
176
1
 90
1
176
1
 40
1.0
176
1
 90
8
176
1
 62
7
176
1
 40
1.0
176
1
 90
1
176
1
 90
6
176
1
 90
2
176
1
 62
7
176
1
 90
5
176
1
 90
0
176
1
 90
0
176
1
290
0
176
1
 90
1
176
1
 40
0.0
176
1
 90
0
176
1
290
0
176
1
290
1
176
1
290
1
176
1
290
0
176
1
290
0
176
1
290
0
176
1
290
0
176
1
290
0
176
1
290
0
176
1
 90
50
176
1
 40
0.0
176
1
 40
1.0
176
1
 90
0
176
1
 62
18
420
0
176
1
 90
50
176
1
 90
3
176
1
 62
5
420
255
176
1
290
0
176
1
 90
50
176
1
 90
50
176
1
 90
50
176
1
290
0
176
1
 90
50
176
1
 62
256
176
0
 40
1.0
176
0
 90
2
176
1
  1
strokes_ogs.tif
176
1
290
0
176
1
 40
1.0
176
1
 40
1.0
176
1
  0
VISUALSTYLE
  5
67
102
{ACAD_REACTORS
330
16
102
}
330
16
100
AcDbVisualStyle
  2
JitterOff
 70
20
177
3
291
1
 70
58
 90
2
176
1
 90
2
176
1
 90
0
176
1
 90
2
176
1
 40
0.6
176
1
 40
30.0
176
1
 62
7
420
16777215
176
1
 90
1
176
1
 90
4
176
1
 62
7
176
1
 62
257
176
1
 90
1
176
1
 90
1
176
1
 40
1.0
176
1
 90
8
176
1
 62
7
176
1
 40
1.0
176
1
 90
1
176
1
 90
6
176
1
 90
2
176
1
 62
7
176
1
 90
5
176
1
 90
0
176
1
 90
0
176
1
290
0
176
1
 90
1
176
1
 40
0.0
176
1
 90
0
176
1
290
0
176
1
290
1
176
1
290
1
176
1
290
0
176
1
290
0
176
1
290
0
176
1
290
0
176
1
290
0
176
1
290
0
176
1
 90
50
176
1
 40
0.0
176
1
 40
1.0
176
1
 90
0
176
1
 62
18
420
0
176
1
 90
50
176
1
 90
3
176
1
 62
5
420
255
176
1
290
0
176
1
 90
50
176
1
 90
50
176
1
 90
50
176
1
290
0
176
1
 90
50
176
1
 62
256
176
0
 40
1.0
176
0
 90
2
176
1
  1
strokes_ogs.tif
176
1
290
0
176
1
 40
1.0
176
1
 40
1.0
176
1
  0
VISUALSTYLE
  5
68
102
{ACAD_REACTORS
330
16
102
}
330
16
100
AcDbVisualStyle
  2
Linepattern
 70
14
177
3
291
1
 70
58
 90
2
176
1
 90
2
176
1
 90
0
176
1
 90
2
176
1
 40
0.6
176
1
 40
30.0
176
1
 62
7
420
16777215
176
1
 90
1
176
1
 90
4
176
1
 62
7
176
1
 62
257
176
1
 90
1
176
1
 90
1
176
1
 40
1.0
176
1
 90
8
176
1
 62
7
176
1
 40
1.0
176
1
 90
1
176
1
 90
6
176
1
 90
2
176
1
 62
7
176
1
 90
5
176
1
 90
0
176
1
 90
0
176
1
290
0
176
1
 90
1
176
1
 40
0.0
176
1
 90
0
176
1
290
0
176
1
290
1
176
1
290
1
176
1
290
0
176
1
290
0
176
1
290
0
176
1
290
0
176
1
290
0
176
1
290
0
176
1
 90
50
176
1
 40
0.0
176
1
 40
1.0
176
1
 90
0
176
1
 62
18
420
0
176
1
 90
50
176
1
 90
3
176
1
 62
5
420
255
176
1
290
0
176
1
 90
50
176
1
 90
50
176
1
 90
50
176
1
290
0
176
1
 90
50
176
1
 62
256
176
0
 40
1.0
176
0
 90
2
176
1
  1
strokes_ogs.tif
176
1
290
0
176
1
 40
1.0
176
1
 40
1.0
176
1
  0
VISUALSTYLE
  5
69
102
{ACAD_REACTORS
330
16
102
}
330
16
100
AcDbVisualStyle
  2
Modeling
 70
10
177
3
291
0
 70
58
 90
2
176
1
 90
2
176
1
 90
0
176
1
 90
2
176
1
 40
0.6
176
1
 40
30.0
176
1
 62
7
420
16777215
176
1
 90
1
176
1
 90
4
176
1
 62
7
176
1
 62
257
176
1
 90
1
176
1
 90
1
176
1
 40
1.0
176
1
 90
8
176
1
 62
7
176
1
 40
1.0
176
1
 90
1
176
1
 90
6
176
1
 90
2
176
1
 62
7
176
1
 90
5
176
1
 90
0
176
1
 90
0
176
1
290
0
176
1
 90
1
176
1
 40
0.0
176
1
 90
0
176
1
290
0
176
1
290
1
176
1
290
1
176
1
290
0
176
1
290
0
176
1
290
0
176
1
290
0
176
1
290
0
176
1
290
0
176
1
 90
50
176
1
 40
0.0
176
1
 40
1.0
176
1
 90
0
176
1
 62
18
420
0
176
1
 90
50
176
1
 90
3
176
1
 62
5
420
255
176
1
290
0
176
1
 90
50
176
1
 90
50
176
1
 90
50
176
1
290
0
176
1
 90
50
176
1
 62
256
176
0
 40
1.0
176
0
 90
2
176
1
  1
strokes_ogs.tif
176
1
290
0
176
1
 40
1.0
176
1
 40
1.0
176
1
  0
VISUALSTYLE
  5
6A
102
{ACAD_REACTORS
330
16
102
}
330
16
100
AcDbVisualStyle
  2
OverhangOff
 70
21
177
3
291
1
 70
58
 90
2
176
1
 90
2
176
1
 90
0
176
1
 90
2
176
1
 40
0.6
176
1
 40
30.0
176
1
 62
7
420
16777215
176
1
 90
1
176
1
 90
4
176
1
 62
7
176
1
 62
257
176
1
 90
1
176
1
 90
1
176
1
 40
1.0
176
1
 90
8
176
1
 62
7
176
1
 40
1.0
176
1
 90
1
176
1
 90
6
176
1
 90
2
176
1
 62
7
176
1
 90
5
176
1
 90
0
176
1
 90
0
176
1
290
0
176
1
 90
1
176
1
 40
0.0
176
1
 90
0
176
1
290
0
176
1
290
1
176
1
290
1
176
1
290
0
176
1
290
0
176
1
290
0
176
1
290
0
176
1
290
0
176
1
290
0
176
1
 90
50
176
1
 40
0.0
176
1
 40
1.0
176
1
 90
0
176
1
 62
18
420
0
176
1
 90
50
176
1
 90
3
176
1
 62
5
420
255
176
1
290
0
176
1
 90
50
176
1
 90
50
176
1
 90
50
176
1
290
0
176
1
 90
50
176
1
 62
256
176
0
 40
1.0
176
0
 90
2
176
1
  1
strokes_ogs.tif
176
1
290
0
176
1
 40
1.0
176
1
 40
1.0
176
1
  0
VISUALSTYLE
  5
6B
102
{ACAD_REACTORS
330
16
102
}
330
16
100
AcDbVisualStyle
  2
Realistic
 70
8
177
3
291
0
 70
58
 90
2
176
1
 90
2
176
1
 90
0
176
1
 90
2
176
1
 40
0.6
176
1
 40
30.0
176
1
 62
7
420
16777215
176
1
 90
1
176
1
 90
4
176
1
 62
7
176
1
 62
257
176
1
 90
1
176
1
 90
1
176
1
 40
1.0
176
1
 90
8
176
1
 62
7
176
1
 40
1.0
176
1
 90
1
176
1
 90
6
176
1
 90
2
176
1
 62
7
176
1
 90
5
176
1
 90
0
176
1
 90
0
176
1
290
0
176
1
 90
1
176
1
 40
0.0
176
1
 90
0
176
1
290
0
176
1
290
1
176
1
290
1
176
1
290
0
176
1
290
0
176
1
290
0
176
1
290
0
176
1
290
0
176
1
290
0
176
1
 90
50
176
1
 40
0.0
176
1
 40
1.0
176
1
 90
0
176
1
 62
18
420
0
176
1
 90
50
176
1
 90
3
176
1
 62
5
420
255
176
1
290
0
176
1
 90
50
176
1
 90
50
176
1
 90
50
176
1
290
0
176
1
 90
50
176
1
 62
256
176
0
 40
1.0
176
0
 90
2
176
1
  1
strokes_ogs.tif
176
1
290
0
176
1
 40
1.0
176
1
 40
1.0
176
1
  0
VISUALSTYLE
  5
6C
102
{ACAD_REACTORS
330
16
102
}
330
16
100
AcDbVisualStyle
  2
Shaded
 70
27
177
3
291
0
 70
58
 90
2
176
1
 90
2
176
1
 90
0
176
1
 90
2
176
1
 40
0.6
176
1
 40
30.0
176
1
 62
7
420
16777215
176
1
 90
1
176
1
 90
4
176
1
 62
7
176
1
 62
257
176
1
 90
1
176
1
 90
1
176
1
 40
1.0
176
1
 90
8
176
1
 62
7
176
1
 40
1.0
176
1
 90
1
176
1
 90
6
176
1
 90
2
176
1
 62
7
176
1
 90
5
176
1
 90
0
176
1
 90
0
176
1
290
0
176
1
 90
1
176
1
 40
0.0
176
1
 90
0
176
1
290
0
176
1
290
1
176
1
290
1
176
1
290
0
176
1
290
0
176
1
290
0
176
1
290
0
176
1
290
0
176
1
290
0
176
1
 90
50
176
1
 40
0.0
176
1
 40
1.0
176
1
 90
0
176
1
 62
18
420
0
176
1
 90
50
176
1
 90
3
176
1
 62
5
420
255
176
1
290
0
176
1
 90
50
176
1
 90
50
176
1
 90
50
176
1
290
0
176
1
 90
50
176
1
 62
256
176
0
 40
1.0
176
0
 90
2
176
1
  1
strokes_ogs.tif
176
1
290
0
176
1
 40
1.0
176
1
 40
1.0
176
1
  0
VISUALSTYLE
  5
6D
102
{ACAD_REACTORS
330
16
102
}
330
16
100
AcDbVisualStyle
  2
Shaded with edges
 70
26
177
3
291
0
 70
58
 90
2
176
1
 90
2
176
1
 90
0
176
1
 90
2
176
1
 40
0.6
176
1
 40
30.0
176
1
 62
7
420
16777215
176
1
 90
1
176
1
 90
4
176
1
 62
7
176
1
 62
257
176
1
 90
1
176
1
 90
1
176
1
 40
1.0
176
1
 90
8
176
1
 62
7
176
1
 40
1.0
176
1
 90
1
176
1
 90
6
176
1
 90
2
176
1
 62
7
176
1
 90
5
176
1
 90
0
176
1
 90
0
176
1
290
0
176
1
 90
1
176
1
 40
0.0
176
1
 90
0
176
1
290
0
176
1
290
1
176
1
290
1
176
1
290
0
176
1
290
0
176
1
290
0
176
1
290
0
176
1
290
0
176
1
290
0
176
1
 90
50
176
1
 40
0.0
176
1
 40
1.0
176
1
 90
0
176
1
 62
18
420
0
176
1
 90
50
176
1
 90
3
176
1
 62
5
420
255
176
1
290
0
176
1
 90
50
176
1
 90
50
176
1
 90
50
176
1
290
0
176
1
 90
50
176
1
 62
256
176
0
 40
1.0
176
0
 90
2
176
1
  1
strokes_ogs.tif
176
1
290
0
176
1
 40
1.0
176
1
 40
1.0
176
1
  0
VISUALSTYLE
  5
6E
102
{ACAD_REACTORS
330
16
102
}
330
16
100
AcDbVisualStyle
  2
Shades of Gray
 70
23
177
3
291
0
 70
58
 90
2
176
1
 90
2
176
1
 90
0
176
1
 90
2
176
1
 40
0.6
176
1
 40
30.0
176
1
 62
7
420
16777215
176
1
 90
1
176
1
 90
4
176
1
 62
7
176
1
 62
257
176
1
 90
1
176
1
 90
1
176
1
 40
1.0
176
1
 90
8
176
1
 62
7
176
1
 40
1.0
176
1
 90
1
176
1
 90
6
176
1
 90
2
176
1
 62
7
176
1
 90
5
176
1
 90
0
176
1
 90
0
176
1
290
0
176
1
 90
1
176
1
 40
0.0
176
1
 90
0
176
1
290
0
176
1
290
1
176
1
290
1
176
1
290
0
176
1
290
0
176
1
290
0
176
1
290
0
176
1
290
0
176
1
290
0
176
1
 90
50
176
1
 40
0.0
176
1
 40
1.0
176
1
 90
0
176
1
 62
18
420
0
176
1
 90
50
176
1
 90
3
176
1
 62
5
420
255
176
1
290
0
176
1
 90
50
176
1
 90
50
176
1
 90
50
176
1
290
0
176
1
 90
50
176
1
 62
256
176
0
 40
1.0
176
0
 90
2
176
1
  1
strokes_ogs.tif
176
1
290
0
176
1
 40
1.0
176
1
 40
1.0
176
1
  0
VISUALSTYLE
  5
6F
102
{ACAD_REACTORS
330
16
102
}
330
16
100
AcDbVisualStyle
  2
Sketchy
 70
24
177
3
291
0
 70
58
 90
2
176
1
 90
2
176
1
 90
0
176
1
 90
1
176
1
 40
0.6
176
1
 40
30.0
176
1
 62
7
420
16777215
176
1
 90
1
176
1
 90
4
176
1
 62
7
176
1
 62
257
176
1
 90
1
176
1
 90
1
176
1
 40
1.0
176
1
 90
8
176
1
 62
7
176
1
 40
1.0
176
1
 90
1
176
1
 90
6
176
1
 90
2
176
1
 62
7
176
1
 90
5
176
1
 90
0
176
1
 90
0
176
1
290
0
176
1
 90
1
176
1
 40
0.0
176
1
 90
0
176
1
290
0
176
1
290
1
176
1
290
1
176
1
290
0
176
1
290
0
176
1
290
0
176
1
290
0
176
1
290
0
176
1
290
0
176
1
 90
50
176
1
 40
0.0
176
1
 40
1.0
176
1
 90
0
176
1
 62
18
420
0
176
1
 90
50
176
1
 90
3
176
1
 62
5
420
255
176
1
290
0
176
1
 90
50
176
1
 90
50
176
1
 90
50
176
1
290
0
176
1
 90
50
176
1
 62
256
176
0
 40
1.0
176
0
 90
2
176
1
  1
strokes_ogs.tif
176
1
290
0
176
1
 40
1.0
176
1
 40
1.0
176
1
  0
VISUALSTYLE
  5
70
102
{ACAD_REACTORS
330
16
102
}
330
16
100
AcDbVisualStyle
  2
Thicken
 70
13
177
3
291
1
 70
58
 90
2
176
1
 90
2
176
1
 90
0
176
1
 90
2
176
1
 40
0.6
176
1
 40
30.0
176
1
 62
7
420
16777215
176
1
 90
1
176
1
 90
4
176
1
 62
7
176
1
 62
257
176
1
 90
1
176
1
 90
1
176
1
 40
1.0
176
1
 90
8
176
1
 62
7
176
1
 40
1.0
176
1
 90
1
176
1
 90
6
176
1
 90
2
176
1
 62
7
176
1
 90
5
176
1
 90
0
176
1
 90
0
176
1
290
0
176
1
 90
1
176
1
 40
0.0
176
1
 90
0
176
1
290
0
176
1
290
1
176
1
290
1
176
1
290
0
176
1
290
0
176
1
290
0
176
1
290
0
176
1
290
0
176
1
290
0
176
1
 90
50
176
1
 40
0.0
176
1
 40
1.0
176
1
 90
0
176
1
 62
18
420
0
176
1
 90
50
176
1
 90
3
176
1
 62
5
420
255
176
1
290
0
176
1
 90
50
176
1
 90
50
176
1
 90
50
176
1
290
0
176
1
 90
50
176
1
 62
256
176
0
 40
1.0
176
0
 90
2
176
1
  1
strokes_ogs.tif
176
1
290
0
176
1
 40
1.0
176
1
 40
1.0
176
1
  0
VISUALSTYLE
  5
71
102
{ACAD_REACTORS
330
16
102
}
330
16
100
AcDbVisualStyle
  2
Wireframe
 70
5
177
3
291
0
 70
58
 90
2
176
1
 90
2
176
1
 90
0
176
1
 90
0
176
1
 40
0.6
176
1
 40
30.0
176
1
 62
7
420
16777215
176
1
 90
1
176
1
 90
4
176
1
 62
7
176
1
 62
257
176
1
 90
1
176
1
 90
1
176
1
 40
1.0
176
1
 90
8
176
1
 62
7
176
1
 40
1.0
176
1
 90
1
176
1
 90
6
176
1
 90
2
176
1
 62
7
176
1
 90
5
176
1
 90
0
176
1
 90
0
176
1
290
0
176
1
 90
1
176
1
 40
0.0
176
1
 90
0
176
1
290
0
176
1
290
1
176
1
290
1
176
1
290
0
176
1
290
0
176
1
290
0
176
1
290
0
176
1
290
0
176
1
290
0
176
1
 90
50
176
1
 40
0.0
176
1
 40
1.0
176
1
 90
0
176
1
 62
18
420
0
176
1
 90
50
176
1
 90
3
176
1
 62
5
420
255
176
1
290
0
176
1
 90
50
176
1
 90
50
176
1
 90
50
176
1
290
0
176
1
 90
50
176
1
 62
256
176
0
 40
1.0
176
0
 90
2
176
1
  1
strokes_ogs.tif
176
1
290
0
176
1
 40
1.0
176
1
 40
1.0
176
1
  0
VISUALSTYLE
  5
72
102
{ACAD_REACTORS
330
16
102
}
330
16
100
AcDbVisualStyle
  2
X-Ray
 70
25
177
3
291
0
 70
58
 90
2
176
1
 90
2
176
1
 90
0
176
1
 90
2
176
1
 40
0.5
176
1
 40
30.0
176
1
 62
7
420
16777215
176
1
 90
1
176
1
 90
4
176
1
 62
7
176
1
 62
257
176
1
 90
1
176
1
 90
1
176
1
 40
1.0
176
1
 90
8
176
1
 62
7
176
1
 40
1.0
176
1
 90
1
176
1
 90
6
176
1
 90
2
176
1
 62
7
176
1
 90
5
176
1
 90
0
176
1
 90
0
176
1
290
0
176
1
 90
1
176
1
 40
0.0
176
1
 90
0
176
1
290
0
176
1
290
1
176
1
290
1
176
1
290
0
176
1
290
0
176
1
290
0
176
1
290
0
176
1
290
0
176
1
290
0
176
1
 90
50
176
1
 40
0.0
176
1
 40
1.0
176
1
 90
0
176
1
 62
18
420
0
176
1
 90
50
176
1
 90
3
176
1
 62
5
420
255
176
1
290
0
176
1
 90
50
176
1
 90
50
176
1
 90
50
176
1
290
0
176
1
 90
50
176
1
 62
256
176
0
 40
1.0
176
0
 90
2
176
1
  1
strokes_ogs.tif
176
1
290
0
176
1
 40
1.0
176
1
 40
1.0
176
1
  0
DICTIONARYVAR
  5
E1F
330
2D
100
DictionaryVariables
280
0
  1
1.4.4 @ 2026-10-06T01:55:10.404266+00:00
  0
ENDSEC
  0
EOF
