  0
SECTION
  2
HEADER
  9
$ACADVER
  1
AC1032
  9
$ACADMAINTVER
 90
4
  9
$DWGCODEPAGE
  3
ANSI_1252
  9
$LASTSAVEDBY
  1
ezdxf
  9
$REQUIREDVERSIONS
160
0
  9
$INSBASE
 10
0.0
 20
0.0
 30
0.0
  9
$EXTMIN
 10
1e+20
 20
1e+20
 30
1e+20
  9
$EXTMAX
 10
-1e+20
 20
-1e+20
 30
-1e+20
  9
$LIMMIN
 10
0.0
 20
0.0
  9
$LIMMAX
 10
420.0
 20
297.0
  9
$ORTHOMODE
 70
0
  9
$REGENMODE
 70
1
  9
$FILLMODE
 70
1
  9
$QTEXTMODE
 70
0
  9
$MIRRTEXT
 70
1
  9
$LTSCALE
 40
1.0
  9
$ATTMODE
 70
1
  9
$TEXTSIZE
 40
2.5
  9
$TRACEWID
 40
1.0
  9
$TEXTSTYLE
  7
OpenSans
  9
$CLAYER
  8
0
  9
$CELTYPE
  6
ByLayer
  9
$CECOLOR
 62
256
  9
$CELTSCALE
 40
1.0
  9
$DISPSILH
 70
0
  9
$DIMSCALE
 40
1.0
  9
$DIMASZ
 40
0.175
  9
$DIMEXO
 40
0.125
  9
$DIMDLI
 40
3.75
  9
$DIMRND
 40
0.0
  9
$DIMDLE
 40
0.0
  9
$DIMEXE
 40
0.375
  9
$DIMTP
 40
0.0
  9
$DIMTM
 40
0.0
  9
$DIMTXT
 40
0.25
  9
$DIMCEN
 40
2.5
  9
$DIMTSZ
 40
0.0
  9
$DIMTOL
 70
0
  9
$DIMLIM
 70
0
  9
$DIMTIH
 70
0
  9
$DIMTOH
 70
0
  9
$DIMSE1
 70
0
  9
$DIMSE2
 70
0
  9
$DIMTAD
 70
1
  9
$DIMZIN
 70
12
  9
$DIMBLK
  1
ARCHTICK
  9
$DIMASO
 70
1
  9
$DIMSHO
 70
1
  9
$DIMPOST
  1

  9
$DIMAPOST
  1

  9
$DIMALT
 70
0
  9
$DIMALTD
 70
3
  9
$DIMALTF
 40
0.03937007874
  9
$DIMLFAC
 40
100.0
  9
$DIMTOFL
 70
1
  9
$DIMTVP
 40
0.0
  9
$DIMTIX
 70
0
  9
$DIMSOXD
 70
0
  9
$DIMSAH
 70
0
  9
$DIMBLK1
  1

  9
$DIMBLK2
  1

  9
$DIMSTYLE
  2
EZDXF
  9
$DIMCLRD
 70
0
  9
$DIMCLRE
 70
0
  9
$DIMCLRT
 70
0
  9
$DIMTFAC
 40
0.5
  9
$DIMGAP
 40
0.1
  9
$DIMJUST
 70
0
  9
$DIMSD1
 70
0
  9
$DIMSD2
 70
0
  9
$DIMTOLJ
 70
0
  9
$DIMTZIN
 70
8
  9
$DIMALTZ
 70
0
  9
$DIMALTTZ
 70
0
  9
$DIMUPT
 70
1
  9
$DIMDEC
 70
2
  9
$DIMTDEC
 70
2
  9
$DIMALTU
 70
2
  9
$DIMALTTD
 70
3
  9
$DIMTXSTY
  7
OpenSansCondensed-Light
  9
$DIMAUNIT
 70
0
  9
$DIMADEC
 70
2
  9
$DIMALTRND
 40
0.0
  9
$DIMAZIN
 70
3
  9
$DIMDSEP
 70
46
  9
$DIMATFIT
 70
3
  9
$DIMFRAC
 70
0
  9
$DIMLDRBLK
  1

  9
$DIMLUNIT
 70
2
  9
$DIMLWD
 70
-2
  9
$DIMLWE
 70
-2
  9
$DIMTMOVE
 70
2
  9
$DIMFXL
 40
1.0
  9
$DIMFXLON
 70
0
  9
$DIMJOGANG
 40
0.785398163397
  9
$DIMTFILL
 70
0
  9
$DIMTFILLCLR
 70
0
  9
$DIMARCSYM
 70
0
  9
$DIMLTYPE
  6

  9
$DIMLTEX1
  6

  9
$DIMLTEX2
  6

  9
$DIMTXTDIRECTION
 70
0
  9
$LUNITS
 70
2
  9
$LUPREC
 70
4
  9
$SKETCHINC
 40
1.0
  9
$FILLETRAD
 40
10.0
  9
$AUNITS
 70
0
  9
$AUPREC
 70
2
  9
$MENU
  1
.
  9
$ELEVATION
 40
0.0
  9
$PELEVATION
 40
0.0
  9
$THICKNESS
 40
0.0
  9
$LIMCHECK
 70
0
  9
$CHAMFERA
 40
0.0
  9
$CHAMFERB
 40
0.0
  9
$CHAMFERC
 40
0.0
  9
$CHAMFERD
 40
0.0
  9
$SKPOLY
 70
0
  9
$TDCREATE
 40
2461314.4790046294
  9
$TDUCREATE
 40
2458532.153996898
  9
$TDUPDATE
 40
2461314.4790046294
  9
$TDUUPDATE
 40
2458532.1544311
  9
$TDINDWG
 40
0.0
  9
$TDUSRTIMER
 40
0.0
  9
$USRTIMER
 70
1
  9
$ANGBASE
 50
0.0
  9
$ANGDIR
 70
0
  9
$PDMODE
 70
0
  9
$PDSIZE
 40
0.0
  9
$PLINEWID
 40
0.0
  9
$SPLFRAME
 70
0
  9
$SPLINETYPE
 70
6
  9
$SPLINESEGS
 70
8
  9
$HANDSEED
  5
1B4
  9
$SURFTAB1
 70
6
  9
$SURFTAB2
 70
6
  9
$SURFTYPE
 70
6
  9
$SURFU
 70
6
  9
$SURFV
 70
6
  9
$UCSBASE
  2

  9
$UCSNAME
  2

  9
$UCSORG
 10
0.0
 20
0.0
 30
0.0
  9
$UCSXDIR
 10
1.0
 20
0.0
 30
0.0
  9
$UCSYDIR
 10
0.0
 20
1.0
 30
0.0
  9
$UCSORTHOREF
  2

  9
$UCSORTHOVIEW
 70
0
  9
$UCSORGTOP
 10
0.0
 20
0.0
 30
0.0
  9
$UCSORGBOTTOM
 10
0.0
 20
0.0
 30
0.0
  9
$UCSORGLEFT
 10
0.0
 20
0.0
 30
0.0
  9
$UCSORGRIGHT
 10
0.0
 20
0.0
 30
0.0
  9
$UCSORGFRONT
 10
0.0
 20
0.0
 30
0.0
  9
$UCSORGBACK
 10
0.0
 20
0.0
 30
0.0
  9
$PUCSBASE
  2

  9
$PUCSNAME
  2

  9
$PUCSORG
 10
0.0
 20
0.0
 30
0.0
  9
$PUCSXDIR
 10
1.0
 20
0.0
 30
0.0
  9
$PUCSYDIR
 10
0.0
 20
1.0
 30
0.0
  9
$PUCSORTHOREF
  2

  9
$PUCSORTHOVIEW
 70
0
  9
$PUCSORGTOP
 10
0.0
 20
0.0
 30
0.0
  9
$PUCSORGBOTTOM
 10
0.0
 20
0.0
 30
0.0
  9
$PUCSORGLEFT
 10
0.0
 20
0.0
 30
0.0
  9
$PUCSORGRIGHT
 10
0.0
 20
0.0
 30
0.0
  9
$PUCSORGFRONT
 10
0.0
 20
0.0
 30
0.0
  9
$PUCSORGBACK
 10
0.0
 20
0.0
 30
0.0
  9
$USERI1
 70
0
  9
$USERI2
 70
0
  9
$USERI3
 70
0
  9
$USERI4
 70
0
  9
$USERI5
 70
0
  9
$USERR1
 40
0.0
  9
$USERR2
 40
0.0
  9
$USERR3
 40
0.0
  9
$USERR4
 40
0.0
  9
$USERR5
 40
0.0
  9
$WORLDVIEW
 70
1
  9
$SHADEDGE
 70
3
  9
$SHADEDIF
 70
70
  9
$TILEMODE
 70
1
  9
$MAXACTVP
 70
64
  9
$PINSBASE
 10
0.0
 20
0.0
 30
0.0
  9
$PLIMCHECK
 70
0
  9
$PEXTMIN
 10
1e+20
 20
1e+20
 30
1e+20
  9
$PEXTMAX
 10
-1e+20
 20
-1e+20
 30
-1e+20
  9
$PLIMMIN
 10
0.0
 20
0.0
  9
$PLIMMAX
 10
420.0
 20
297.0
  9
$UNITMODE
 70
0
  9
$VISRETAIN
 70
1
  9
$PLINEGEN
 70
0
  9
$PSLTSCALE
 70
1
  9
$TREEDEPTH
 70
3020
  9
$CMLSTYLE
  2
Standard
  9
$CMLJUST
 70
0
  9
$CMLSCALE
 40
20.0
  9
$PROXYGRAPHICS
 70
1
  9
$MEASUREMENT
 70
1
  9
$CELWEIGHT
370
-1
  9
$ENDCAPS
280
0
  9
$JOINSTYLE
280
0
  9
$LWDISPLAY
290
0
  9
$INSUNITS
 70
6
  9
$HYPERLINKBASE
  1

  9
$STYLESHEET
  1

  9
$XEDIT
290
1
  9
$CEPSNTYPE
380
0
  9
$PSTYLEMODE
290
1
  9
$FINGERPRINTGUID
  2
{44ABD71D-704C-4B56-B711-B2491C400298}
  9
$VERSIONGUID
  2
{7303FC53-A769-4B84-94D4-44EF39ECCE78}
  9
$EXTNAMES
290
1
  9
$PSVPSCALE
 40
0.0
  9
$OLESTARTUP
290
0
  9
$SORTENTS
280
127
  9
$INDEXCTL
280
0
  9
$HIDETEXT
280
1
  9
$XCLIPFRAME
280
1
  9
$HALOGAP
280
0
  9
$OBSCOLOR
 70
257
  9
$OBSLTYPE
280
0
  9
$INTERSECTIONDISPLAY
280
0
  9
$INTERSECTIONCOLOR
 70
257
  9
$DIMASSOC
280
2
  9
$PROJECTNAME
  1

  9
$CAMERADISPLAY
290
0
  9
$LENSLENGTH
 40
50.0
  9
$CAMERAHEIGHT
 40
0.0
  9
$STEPSPERSEC
 40
24.0
  9
$STEPSIZE
 40
100.0
  9
$3DDWFPREC
 40
2.0
  9
$PSOLWIDTH
 40
0.005
  9
$PSOLHEIGHT
 40
0.08
  9
$LOFTANG1
 40
1.570796326795
  9
$LOFTANG2
 40
1.570796326795
  9
$LOFTMAG1
 40
0.0
  9
$LOFTMAG2
 40
0.0
  9
$LOFTPARAM
 70
7
  9
$LOFTNORMALS
280
1
  9
$LATITUDE
 40
37.795
  9
$LONGITUDE
 40
-122.394
  9
$NORTHDIRECTION
 40
0.0
  9
$TIMEZONE
 70
-8000
  9
$LIGHTGLYPHDISPLAY
280
1
  9
$TILEMODELIGHTSYNCH
280
1
  9
$CMATERIAL
347
20
  9
$SOLIDHIST
280
0
  9
$SHOWHIST
280
1
  9
$DWFFRAME
280
2
  9
$DGNFRAME
280
2
  9
$REALWORLDSCALE
290
1
  9
$INTERFERECOLOR
 62
256
  9
$CSHADOW
280
0
  9
$SHADOWPLANELOCATION
 40
0.0
  0
ENDSEC
  0
SECTION
  2
CLASSES
  0
CLASS
  1
ACDBDICTIONARYWDFLT
  2
AcDbDictionaryWithDefault
  3
ObjectDBX Classes
 90
0
 91
0
280
0
281
0
  0
CLASS
  1
SUN
  2
AcDbSun
  3
SCENEOE
 90
1153
 91
0
280
0
281
0
  0
CLASS
  1
VISUALSTYLE
  2
AcDbVisualStyle
  3
ObjectDBX Classes
 90
4095
 91
0
280
0
281
0
  0
CLASS
  1
MATERIAL
  2
AcDbMaterial
  3
ObjectDBX Classes
 90
1153
 91
0
280
0
281
0
  0
CLASS
  1
SCALE
  2
AcDbScale
  3
ObjectDBX Classes
 90
1153
 91
0
280
0
281
0
  0
CLASS
  1
TABLESTYLE
  2
AcDbTableStyle
  3
ObjectDBX Classes
 90
4095
 91
0
280
0
281
0
  0
CLASS
  1
MLEADERSTYLE
  2
AcDbMLeaderStyle
  3
ACDB_MLEADERSTYLE_CLASS
 90
4095
 91
0
280
0
281
0
  0
CLASS
  1
DICTIONARYVAR
  2
AcDbDictionaryVar
  3
ObjectDBX Classes
 90
0
 91
0
280
0
281
0
  0
CLASS
  1
CELLSTYLEMAP
  2
AcDbCellStyleMap
  3
ObjectDBX Classes
 90
1152
 91
0
280
0
281
0
  0
CLASS
  1
MENTALRAYRENDERSETTINGS
  2
AcDbMentalRayRenderSettings
  3
SCENEOE
 90
1024
 91
0
280
0
281
0
  0
CLASS
  1
ACDBDETAILVIEWSTYLE
  2
AcDbDetailViewStyle
  3
ObjectDBX Classes
 90
1025
 91
0
280
0
281
0
  0
CLASS
  1
ACDBSECTIONVIEWSTYLE
  2
AcDbSectionViewStyle
  3
ObjectDBX Classes
 90
1025
 91
0
280
0
281
0
  0
CLASS
  1
RASTERVARIABLES
  2
AcDbRasterVariables
  3
ISM
 90
0
 91
0
280
0
281
0
  0
CLASS
  1
LAYOUT
  2
AcDbLayout
  3
ObjectDBX Classes
 90
0
 91
0
280
0
281
0
  0
CLASS
  1
ACDBPLACEHOLDER
  2
AcDbPlaceHolder
  3
ObjectDBX Classes
 90
0
 91
0
280
0
281
0
  0
ENDSEC
  0
SECTION
  2
TABLES
  0
TABLE
  2
VPORT
  5
8
330
0
100
AcDbSymbolTable
 70
1
  0
VPORT
  5
23
330
8
100
AcDbSymbolTableRecord
100
AcDbViewportTableRecord
  2
*Active
 70
0
 10
0.0
 20
0.0
 11
1.0
 21
1.0
 12
0.0
 22
0.0
 13
0.0
 23
0.0
 14
0.5
 24
0.5
 15
0.5
 25
0.5
 16
0.0
 26
0.0
 36
1.0
 17
0.0
 27
0.0
 37
0.0
 40
1000.0
 41
1.34
 42
50.0
 43
0.0
 44
0.0
 50
0.0
 51
0.0
 71
0
 72
1000
 73
1
 74
3
 75
0
 76
0
 77
0
 78
0
281
0
 65
0
146
0.0
  0
ENDTAB
  0
TABLE
  2
LTYPE
  5
2
330
0
100
AcDbSymbolTable
 70
21
  0
LTYPE
  5
24
330
2
100
AcDbSymbolTableRecord
100
AcDbLinetypeTableRecord
  2
ByBlock
 70
0
  3

 72
65
 73
0
 40
0.0
  0
LTYPE
  5
25
330
2
100
AcDbSymbolTableRecord
100
AcDbLinetypeTableRecord
  2
ByLayer
 70
0
  3

 72
65
 73
0
 40
0.0
  0
LTYPE
  5
26
330
2
100
AcDbSymbolTableRecord
100
AcDbLinetypeTableRecord
  2
Continuous
 70
0
  3

 72
65
 73
0
 40
0.0
  0
LTYPE
  5
2F
330
2
100
AcDbSymbolTableRecord
100
AcDbLinetypeTableRecord
  2
CENTER
 70
0
  3
Center ____ _ ____ _ ____ _ ____ _ ____ _ ____
 72
65
 73
4
 40
5.08
 49
3.175
 74
0
 49
-0.635
 74
0
 49
0.635
 74
0
 49
-0.635
 74
0
  0
LTYPE
  5
30
330
2
100
AcDbSymbolTableRecord
100
AcDbLinetypeTableRecord
  2
CENTERX2
 70
0
  3
Center (2x) ________  __  ________  __  ________
 72
65
 73
4
 40
8.89
 49
6.35
 74
0
 49
-0.635
 74
0
 49
1.27
 74
0
 49
-0.635
 74
0
  0
LTYPE
  5
31
330
2
100
AcDbSymbolTableRecord
100
AcDbLinetypeTableRecord
  2
CENTER2
 70
0
  3
Center (.5x) ____ _ ____ _ ____ _ ____ _ ____
 72
65
 73
4
 40
2.54
 49
1.587
 74
0
 49
-0.318
 74
0
 49
0.318
 74
0
 49
-0.318
 74
0
  0
LTYPE
  5
32
330
2
100
AcDbSymbolTableRecord
100
AcDbLinetypeTableRecord
  2
DASHED
 70
0
  3
Dashed __ __ __ __ __ __ __ __ __ __ __ __ __ _
 72
65
 73
2
 40
1.524
 49
1.27
 74
0
 49
-0.254
 74
0
  0
LTYPE
  5
33
330
2
100
AcDbSymbolTableRecord
100
AcDbLinetypeTableRecord
  2
DASHEDX2
 70
0
  3
Dashed (2x) ____  ____  ____  ____  ____  ____
 72
65
 73
2
 40
3.048
 49
2.54
 74
0
 49
-0.508
 74
0
  0
LTYPE
  5
34
330
2
100
AcDbSymbolTableRecord
100
AcDbLinetypeTableRecord
  2
DASHED2
 70
0
  3
Dashed (.5x) _ _ _ _ _ _ _ _ _ _ _ _ _ _
 72
65
 73
2
 40
0.762
 49
0.635
 74
0
 49
-0.127
 74
0
  0
LTYPE
  5
35
330
2
100
AcDbSymbolTableRecord
100
AcDbLinetypeTableRecord
  2
PHANTOM
 70
0
  3
Phantom ______  __  __  ______  __  __  ______
 72
65
 73
6
 40
6.35
 49
3.175
 74
0
 49
-0.635
 74
0
 49
0.635
 74
0
 49
-0.635
 74
0
 49
0.635
 74
0
 49
-0.635
 74
0
  0
LTYPE
  5
36
330
2
100
AcDbSymbolTableRecord
100
AcDbLinetypeTableRecord
  2
PHANTOMX2
 70
0
  3
Phantom (2x)____________    ____    ____    ____________
 72
65
 73
6
 40
10.795
 49
6.35
 74
0
 49
-0.635
 74
0
 49
1.27
 74
0
 49
-0.635
 74
0
 49
1.27
 74
0
 49
-0.635
 74
0
  0
LTYPE
  5
37
330
2
100
AcDbSymbolTableRecord
100
AcDbLinetypeTableRecord
  2
PHANTOM2
 70
0
  3
Phantom (.5x) ___ _ _ ___ _ _ ___ _ _ ___ _ _ ___
 72
65
 73
6
 40
3.175
 49
1.587
 74
0
 49
-0.318
 74
0
 49
0.318
 74
0
 49
-0.318
 74
0
 49
0.318
 74
0
 49
-0.318
 74
0
  0
LTYPE
  5
38
330
2
100
AcDbSymbolTableRecord
100
AcDbLinetypeTableRecord
  2
DASHDOT
 70
0
  3
Dash dot __ . __ . __ . __ . __ . __ . __ . __
 72
65
 73
4
 40
3.556
 49
2.54
 74
0
 49
-0.508
 74
0
 49
0.0
 74
0
 49
-0.508
 74
0
  0
LTYPE
  5
39
330
2
100
AcDbSymbolTableRecord
100
AcDbLinetypeTableRecord
  2
DASHDOTX2
 70
0
  3
Dash dot (2x) ____  .  ____  .  ____  .  ____
 72
65
 73
4
 40
6.096
 49
5.08
 74
0
 49
-0.508
 74
0
 49
0.0
 74
0
 49
-0.508
 74
0
  0
LTYPE
  5
3A
330
2
100
AcDbSymbolTableRecord
100
AcDbLinetypeTableRecord
  2
DASHDOT2
 70
0
  3
Dash dot (.5x) _ . _ . _ . _ . _ . _ . _ . _
 72
65
 73
4
 40
1.778
 49
1.27
 74
0
 49
-0.254
 74
0
 49
0.0
 74
0
 49
-0.254
 74
0
  0
LTYPE
  5
3B
330
2
100
AcDbSymbolTableRecord
100
AcDbLinetypeTableRecord
  2
DOT
 70
0
  3
Dot .  .  .  .  .  .  .  .  .  .  .  .  .  .  .  .
 72
65
 73
2
 40
0.508
 49
0.0
 74
0
 49
-0.508
 74
0
  0
LTYPE
  5
3C
330
2
100
AcDbSymbolTableRecord
100
AcDbLinetypeTableRecord
  2
DOTX2
 70
0
  3
Dot (2x) .    .    .    .    .    .    .    . 
 72
65
 73
2
 40
1.016
 49
0.0
 74
0
 49
-1.016
 74
0
  0
LTYPE
  5
3D
330
2
100
AcDbSymbolTableRecord
100
AcDbLinetypeTableRecord
  2
DOT2
 70
0
  3
Dot (.5) . . . . . . . . . . . . . . . . . . . 
 72
65
 73
2
 40
0.254
 49
0.0
 74
0
 49
-0.254
 74
0
  0
LTYPE
  5
3E
330
2
100
AcDbSymbolTableRecord
100
AcDbLinetypeTableRecord
  2
DIVIDE
 70
0
  3
Divide __ . . __ . . __ . . __ . . __ . . __
 72
65
 73
6
 40
4.064
 49
2.54
 74
0
 49
-0.508
 74
0
 49
0.0
 74
0
 49
-0.508
 74
0
 49
0.0
 74
0
 49
-0.508
 74
0
  0
LTYPE
  5
3F
330
2
100
AcDbSymbolTableRecord
100
AcDbLinetypeTableRecord
  2
DIVIDEX2
 70
0
  3
Divide (2x) ____  . .  ____  . .  ____  . .  ____
 72
65
 73
6
 40
6.604
 49
5.08
 74
0
 49
-0.508
 74
0
 49
0.0
 74
0
 49
-0.508
 74
0
 49
0.0
 74
0
 49
-0.508
 74
0
  0
LTYPE
  5
40
330
2
100
AcDbSymbolTableRecord
100
AcDbLinetypeTableRecord
  2
DIVIDE2
 70
0
  3
Divide(.5x) _ . _ . _ . _ . _ . _ . _ . _
 72
65
 73
6
 40
2.032
 49
1.27
 74
0
 49
-0.254
 74
0
 49
0.0
 74
0
 49
-0.254
 74
0
 49
0.0
 74
0
 49
-0.254
 74
0
  0
ENDTAB
  0
TABLE
  2
LAYER
  5
1
330
0
100
AcDbSymbolTable
 70
11
  0
LAYER
  5
27
330
1
100
AcDbSymbolTableRecord
100
AcDbLayerTableRecord
  2
0
 70
0
 62
7
  6
Continuous
370
-3
390
13
347
21
  0
LAYER
  5
28
330
1
100
AcDbSymbolTableRecord
100
AcDbLayerTableRecord
  2
Defpoints
 70
0
 62
7
  6
Continuous
290
0
370
-3
390
13
347
21
  0
LAYER
  5
8A
330
1
100
AcDbSymbolTableRecord
100
AcDbLayerTableRecord
  2
ROOM-PUBLIC
 70
0
 62
30
  6
Continuous
370
-3
390
13
347
21
  0
LAYER
  5
8B
330
1
100
AcDbSymbolTableRecord
100
AcDbLayerTableRecord
  2
ROOM-SEMI-PUBLIC
 70
0
 62
2
  6
Continuous
370
-3
390
13
347
21
  0
LAYER
  5
8C
330
1
100
AcDbSymbolTableRecord
100
AcDbLayerTableRecord
  2
ROOM-PRIVATE
 70
0
 62
4
  6
Continuous
370
-3
390
13
347
21
  0
LAYER
  5
8D
330
1
100
AcDbSymbolTableRecord
100
AcDbLayerTableRecord
  2
ROOM-EXPEDITION
 70
0
 62
3
  6
Continuous
370
-3
390
13
347
21
  0
LAYER
  5
8E
330
1
100
AcDbSymbolTableRecord
100
AcDbLayerTableRecord
  2
ROOM-SERVICE
 70
0
 62
6
  6
Continuous
370
-3
390
13
347
21
  0
LAYER
  5
8F
330
1
100
AcDbSymbolTableRecord
100
AcDbLayerTableRecord
  2
ROOM-MECHANICAL
 70
0
 62
8
  6
Continuous
370
-3
390
13
347
21
  0
LAYER
  5
90
330
1
100
AcDbSymbolTableRecord
100
AcDbLayerTableRecord
  2
ROOM-TEXT
 70
0
 62
7
  6
Continuous
370
-3
390
13
347
21
  0
LAYER
  5
91
330
1
100
AcDbSymbolTableRecord
100
AcDbLayerTableRecord
  2
REF-COURT
 70
0
 62
1
  6
DASHED
370
-3
390
13
347
21
  0
LAYER
  5
92
330
1
100
AcDbSymbolTableRecord
100
AcDbLayerTableRecord
  2
ANNO
 70
0
 62
7
  6
Continuous
370
-3
390
13
347
21
  0
ENDTAB
  0
TABLE
  2
STYLE
  5
5
330
0
100
AcDbSymbolTable
 70
26
  0
STYLE
  5
29
330
5
100
AcDbSymbolTableRecord
100
AcDbTextStyleTableRecord
  2
Standard
 70
0
 40
0.0
 41
1.0
 50
0.0
 71
0
 42
2.5
  3
txt
  4

  0
STYLE
  5
41
330
5
100
AcDbSymbolTableRecord
100
AcDbTextStyleTableRecord
  2
OpenSans-Light
 70
0
 40
0.0
 41
1.0
 50
0.0
 71
0
 42
2.5
  3
OpenSans-Light.ttf
  4

  0
STYLE
  5
42
330
5
100
AcDbSymbolTableRecord
100
AcDbTextStyleTableRecord
  2
OpenSans-Light-Italic
 70
0
 40
0.0
 41
1.0
 50
0.0
 71
0
 42
2.5
  3
OpenSans-LightItalic.ttf
  4

  0
STYLE
  5
43
330
5
100
AcDbSymbolTableRecord
100
AcDbTextStyleTableRecord
  2
OpenSans
 70
0
 40
0.0
 41
1.0
 50
0.0
 71
0
 42
2.5
  3
OpenSans-Regular.ttf
  4

  0
STYLE
  5
44
330
5
100
AcDbSymbolTableRecord
100
AcDbTextStyleTableRecord
  2
OpenSans-Italic
 70
0
 40
0.0
 41
1.0
 50
0.0
 71
0
 42
2.5
  3
OpenSans-Italic.ttf
  4

  0
STYLE
  5
45
330
5
100
AcDbSymbolTableRecord
100
AcDbTextStyleTableRecord
  2
OpenSans-SemiBold
 70
0
 40
0.0
 41
1.0
 50
0.0
 71
0
 42
2.5
  3
OpenSans-SemiBold.ttf
  4

  0
STYLE
  5
46
330
5
100
AcDbSymbolTableRecord
100
AcDbTextStyleTableRecord
  2
OpenSans-SemiBoldItalic
 70
0
 40
0.0
 41
1.0
 50
0.0
 71
0
 42
2.5
  3
OpenSans-SemiBoldItalic.ttf
  4

  0
STYLE
  5
47
330
5
100
AcDbSymbolTableRecord
100
AcDbTextStyleTableRecord
  2
OpenSans-Bold
 70
0
 40
0.0
 41
1.0
 50
0.0
 71
0
 42
2.5
  3
OpenSans-Bold.ttf
  4

  0
STYLE
  5
48
330
5
100
AcDbSymbolTableRecord
100
AcDbTextStyleTableRecord
  2
OpenSans-BoldItalic
 70
0
 40
0.0
 41
1.0
 50
0.0
 71
0
 42
2.5
  3
OpenSans-BoldItalic.ttf
  4

  0
STYLE
  5
49
330
5
100
AcDbSymbolTableRecord
100
AcDbTextStyleTableRecord
  2
OpenSans-ExtraBold
 70
0
 40
0.0
 41
1.0
 50
0.0
 71
0
 42
2.5
  3
OpenSans-ExtraBold.ttf
  4

  0
STYLE
  5
4A
330
5
100
AcDbSymbolTableRecord
100
AcDbTextStyleTableRecord
  2
OpenSans-ExtraBoldItalic
 70
0
 40
0.0
 41
1.0
 50
0.0
 71
0
 42
2.5
  3
OpenSans-ExtraBoldItalic.ttf
  4

  0
STYLE
  5
4B
330
5
100
AcDbSymbolTableRecord
100
AcDbTextStyleTableRecord
  2
OpenSansCondensed-Bold
 70
0
 40
0.0
 41
1.0
 50
0.0
 71
0
 42
2.5
  3
OpenSansCondensed-Bold.ttf
  4

  0
STYLE
  5
4C
330
5
100
AcDbSymbolTableRecord
100
AcDbTextStyleTableRecord
  2
OpenSansCondensed-Light
 70
0
 40
0.0
 41
1.0
 50
0.0
 71
0
 42
2.5
  3
OpenSansCondensed-Light.ttf
  4

  0
STYLE
  5
4D
330
5
100
AcDbSymbolTableRecord
100
AcDbTextStyleTableRecord
  2
OpenSansCondensed-Italic
 70
0
 40
0.0
 41
1.0
 50
0.0
 71
0
 42
2.5
  3
OpenSansCondensed-LightItalic.ttf
  4

  0
STYLE
  5
4E
330
5
100
AcDbSymbolTableRecord
100
AcDbTextStyleTableRecord
  2
LiberationSans
 70
0
 40
0.0
 41
1.0
 50
0.0
 71
0
 42
2.5
  3
LiberationSans-Regular.ttf
  4

  0
STYLE
  5
4F
330
5
100
AcDbSymbolTableRecord
100
AcDbTextStyleTableRecord
  2
LiberationSans-Bold
 70
0
 40
0.0
 41
1.0
 50
0.0
 71
0
 42
2.5
  3
LiberationSans-Bold.ttf
  4

  0
STYLE
  5
50
330
5
100
AcDbSymbolTableRecord
100
AcDbTextStyleTableRecord
  2
LiberationSans-BoldItalic
 70
0
 40
0.0
 41
1.0
 50
0.0
 71
0
 42
2.5
  3
LiberationSans-BoldItalic.ttf
  4

  0
STYLE
  5
51
330
5
100
AcDbSymbolTableRecord
100
AcDbTextStyleTableRecord
  2
LiberationSans-Italic
 70
0
 40
0.0
 41
1.0
 50
0.0
 71
0
 42
2.5
  3
LiberationSans-Italic.ttf
  4

  0
STYLE
  5
52
330
5
100
AcDbSymbolTableRecord
100
AcDbTextStyleTableRecord
  2
LiberationSerif
 70
0
 40
0.0
 41
1.0
 50
0.0
 71
0
 42
2.5
  3
LiberationSerif-Regular.ttf
  4

  0
STYLE
  5
53
330
5
100
AcDbSymbolTableRecord
100
AcDbTextStyleTableRecord
  2
LiberationSerif-Bold
 70
0
 40
0.0
 41
1.0
 50
0.0
 71
0
 42
2.5
  3
LiberationSerif-Bold.ttf
  4

  0
STYLE
  5
54
330
5
100
AcDbSymbolTableRecord
100
AcDbTextStyleTableRecord
  2
LiberationSerif-BoldItalic
 70
0
 40
0.0
 41
1.0
 50
0.0
 71
0
 42
2.5
  3
LiberationSerif-BoldItalic.ttf
  4

  0
STYLE
  5
55
330
5
100
AcDbSymbolTableRecord
100
AcDbTextStyleTableRecord
  2
LiberationSerif-Italic
 70
0
 40
0.0
 41
1.0
 50
0.0
 71
0
 42
2.5
  3
LiberationSerif-Italic.ttf
  4

  0
STYLE
  5
56
330
5
100
AcDbSymbolTableRecord
100
AcDbTextStyleTableRecord
  2
LiberationMono
 70
0
 40
0.0
 41
1.0
 50
0.0
 71
0
 42
2.5
  3
LiberationMono-Regular.ttf
  4

  0
STYLE
  5
57
330
5
100
AcDbSymbolTableRecord
100
AcDbTextStyleTableRecord
  2
LiberationMono-Bold
 70
0
 40
0.0
 41
1.0
 50
0.0
 71
0
 42
2.5
  3
LiberationMono-Bold.ttf
  4

  0
STYLE
  5
58
330
5
100
AcDbSymbolTableRecord
100
AcDbTextStyleTableRecord
  2
LiberationMono-BoldItalic
 70
0
 40
0.0
 41
1.0
 50
0.0
 71
0
 42
2.5
  3
LiberationMono-BoldItalic.ttf
  4

  0
STYLE
  5
59
330
5
100
AcDbSymbolTableRecord
100
AcDbTextStyleTableRecord
  2
LiberationMono-Italic
 70
0
 40
0.0
 41
1.0
 50
0.0
 71
0
 42
2.5
  3
LiberationMono-Italic.ttf
  4

  0
ENDTAB
  0
TABLE
  2
VIEW
  5
7
330
0
100
AcDbSymbolTable
 70
0
  0
ENDTAB
  0
TABLE
  2
UCS
  5
6
330
0
100
AcDbSymbolTable
 70
0
  0
ENDTAB
  0
TABLE
  2
APPID
  5
3
330
0
100
AcDbSymbolTable
 70
3
  0
APPID
  5
2A
330
3
100
AcDbSymbolTableRecord
100
AcDbRegAppTableRecord
  2
ACAD
 70
0
  0
APPID
  5
1B1
330
3
100
AcDbSymbolTableRecord
100
AcDbRegAppTableRecord
  2
HATCHBACKGROUNDCOLOR
 70
0
  0
APPID
  5
1B2
330
3
100
AcDbSymbolTableRecord
100
AcDbRegAppTableRecord
  2
EZDXF
 70
0
  0
ENDTAB
  0
TABLE
  2
DIMSTYLE
  5
4
330
0
100
AcDbSymbolTable
 70
12
100
AcDbDimStyleTable
  0
DIMSTYLE
105
2B
330
4
100
AcDbSymbolTableRecord
100
AcDbDimStyleTableRecord
  2
Standard
 70
0
 40
1.0
 41
2.5
 42
0.625
 43
3.75
 44
1.25
 45
0.0
 46
0.0
 47
0.0
 48
0.0
 49
2.5
140
2.5
141
2.5
142
0.0
143
0.03937007874
144
1.0
145
0.0
146
1.0
147
0.625
148
0.0
 69
0
 70
0
 71
0
 72
0
 73
0
 74
0
 75
0
 76
0
 77
1
 78
8
 79
3
170
0
171
3
172
1
173
0
174
0
175
0
176
0
177
0
178
0
179
2
271
2
272
2
273
2
274
3
275
0
276
0
277
2
278
44
279
0
280
0
281
0
282
0
283
0
284
8
285
0
286
0
288
0
289
3
290
0
371
-2
372
-2
  0
DIMSTYLE
105
73
330
4
100
AcDbSymbolTableRecord
100
AcDbDimStyleTableRecord
  2
EZDXF
 70
0
 40
1.0
 41
0.175
 42
0.125
 43
3.75
 44
0.375
 45
0.0
 46
0.0
 47
0.0
 48
0.0
 49
2.5
140
0.25
141
2.5
142
0.0
143
0.03937007874
144
100.0
145
0.0
146
0.5
147
0.1
148
0.0
 69
0
 70
0
 71
0
 72
0
 73
0
 74
0
 75
0
 76
0
 77
1
 78
12
 79
3
170
0
171
3
172
1
173
0
174
0
175
0
176
0
177
0
178
0
179
2
271
2
272
2
273
2
274
3
275
0
276
0
277
2
278
46
279
2
280
0
281
0
282
0
283
0
284
8
285
0
286
0
288
1
289
3
290
0
340
4C
342
74
371
-2
372
-2
  0
DIMSTYLE
105
7C
330
4
100
AcDbSymbolTableRecord
100
AcDbDimStyleTableRecord
  2
EZ_M_100_H25_CM
 70
0
 40
1.0
 41
0.25
 42
0.125
 43
3.75
 44
0.375
 45
0.0
 46
0.0
 47
0.0
 48
0.0
 49
2.5
140
0.25
141
2.5
142
0.125
143
0.03937007874
144
100.0
145
0.0
146
0.5
147
0.1
148
0.0
 69
0
 70
0
 71
0
 72
0
 73
0
 74
0
 75
0
 76
0
 77
1
 78
12
 79
3
170
0
171
3
172
1
173
0
174
0
175
0
176
0
177
0
178
0
179
2
271
2
272
2
273
2
274
3
275
0
276
0
277
2
278
46
279
2
280
0
281
0
282
0
283
0
284
8
285
0
286
0
288
1
289
3
290
0
340
4C
371
-2
372
-2
  0
DIMSTYLE
105
7D
330
4
100
AcDbSymbolTableRecord
100
AcDbDimStyleTableRecord
  2
EZ_M_50_H25_CM
 70
0
 40
1.0
 41
0.125
 42
0.0625
 43
3.75
 44
0.1875
 45
0.0
 46
0.0
 47
0.0
 48
0.0
 49
2.5
140
0.125
141
2.5
142
0.0625
143
0.03937007874
144
100.0
145
0.0
146
0.5
147
0.05
148
0.0
 69
0
 70
0
 71
0
 72
0
 73
0
 74
0
 75
0
 76
0
 77
1
 78
12
 79
3
170
0
171
3
172
1
173
0
174
0
175
0
176
0
177
0
178
0
179
2
271
2
272
2
273
2
274
3
275
0
276
0
277
2
278
46
279
2
280
0
281
0
282
0
283
0
284
8
285
0
286
0
288
1
289
3
290
0
340
4C
371
-2
372
-2
  0
DIMSTYLE
105
7E
330
4
100
AcDbSymbolTableRecord
100
AcDbDimStyleTableRecord
  2
EZ_M_25_H25_CM
 70
0
 40
1.0
 41
0.0625
 42
0.03125
 43
3.75
 44
0.09375
 45
0.0
 46
0.0
 47
0.0
 48
0.0
 49
2.5
140
0.0625
141
2.5
142
0.03125
143
0.03937007874
144
100.0
145
0.0
146
0.5
147
0.025
148
0.0
 69
0
 70
0
 71
0
 72
0
 73
0
 74
0
 75
0
 76
0
 77
1
 78
12
 79
3
170
0
171
3
172
1
173
0
174
0
175
0
176
0
177
0
178
0
179
2
271
2
272
2
273
2
274
3
275
0
276
0
277
2
278
46
279
2
280
0
281
0
282
0
283
0
284
8
285
0
286
0
288
1
289
3
290
0
340
4C
371
-2
372
-2
  0
DIMSTYLE
105
7F
330
4
100
AcDbSymbolTableRecord
100
AcDbDimStyleTableRecord
  2
EZ_M_20_H25_CM
 70
0
 40
1.0
 41
0.05
 42
0.025
 43
3.75
 44
0.07500000000000001
 45
0.0
 46
0.0
 47
0.0
 48
0.0
 49
2.5
140
0.05
141
2.5
142
0.025
143
0.03937007874
144
100.0
145
0.0
146
0.5
147
0.020000000000000004
148
0.0
 69
0
 70
0
 71
0
 72
0
 73
0
 74
0
 75
0
 76
0
 77
1
 78
12
 79
3
170
0
171
3
172
1
173
0
174
0
175
0
176
0
177
0
178
0
179
2
271
2
272
2
273
2
274
3
275
0
276
0
277
2
278
46
279
2
280
0
281
0
282
0
283
0
284
8
285
0
286
0
288
1
289
3
290
0
340
4C
371
-2
372
-2
  0
DIMSTYLE
105
80
330
4
100
AcDbSymbolTableRecord
100
AcDbDimStyleTableRecord
  2
EZ_M_10_H25_CM
 70
0
 40
1.0
 41
0.025
 42
0.0125
 43
3.75
 44
0.037500000000000006
 45
0.0
 46
0.0
 47
0.0
 48
0.0
 49
2.5
140
0.025
141
2.5
142
0.0125
143
0.03937007874
144
100.0
145
0.0
146
0.5
147
0.010000000000000002
148
0.0
 69
0
 70
0
 71
0
 72
0
 73
0
 74
0
 75
0
 76
0
 77
1
 78
12
 79
3
170
0
171
3
172
1
173
0
174
0
175
0
176
0
177
0
178
0
179
2
271
2
272
2
273
2
274
3
275
0
276
0
277
2
278
46
279
2
280
0
281
0
282
0
283
0
284
8
285
0
286
0
288
1
289
3
290
0
340
4C
371
-2
372
-2
  0
DIMSTYLE
105
81
330
4
100
AcDbSymbolTableRecord
100
AcDbDimStyleTableRecord
  2
EZ_M_5_H25_CM
 70
0
 40
1.0
 41
0.0125
 42
0.00625
 43
3.75
 44
0.018750000000000003
 45
0.0
 46
0.0
 47
0.0
 48
0.0
 49
2.5
140
0.0125
141
2.5
142
0.00625
143
0.03937007874
144
100.0
145
0.0
146
0.5
147
0.005000000000000001
148
0.0
 69
0
 70
0
 71
0
 72
0
 73
0
 74
0
 75
0
 76
0
 77
1
 78
12
 79
3
170
0
171
3
172
1
173
0
174
0
175
0
176
0
177
0
178
0
179
2
271
2
272
2
273
2
274
3
275
0
276
0
277
2
278
46
279
2
280
0
281
0
282
0
283
0
284
8
285
0
286
0
288
1
289
3
290
0
340
4C
371
-2
372
-2
  0
DIMSTYLE
105
82
330
4
100
AcDbSymbolTableRecord
100
AcDbDimStyleTableRecord
  2
EZ_M_1_H25_CM
 70
0
 40
1.0
 41
0.0025
 42
0.00125
 43
3.75
 44
0.00375
 45
0.0
 46
0.0
 47
0.0
 48
0.0
 49
2.5
140
0.0025
141
2.5
142
0.00125
143
0.03937007874
144
100.0
145
0.0
146
0.5
147
0.001
148
0.0
 69
0
 70
0
 71
0
 72
0
 73
0
 74
0
 75
0
 76
0
 77
1
 78
12
 79
3
170
0
171
3
172
1
173
0
174
0
175
0
176
0
177
0
178
0
179
2
271
2
272
2
273
2
274
3
275
0
276
0
277
2
278
46
279
2
280
0
281
0
282
0
283
0
284
8
285
0
286
0
288
1
289
3
290
0
340
4C
371
-2
372
-2
  0
DIMSTYLE
105
83
330
4
100
AcDbSymbolTableRecord
100
AcDbDimStyleTableRecord
  2
EZ_RADIUS
 70
0
 40
1.0
 41
0.25
 42
0.125
 43
3.75
 44
0.375
 45
0.0
 46
0.0
 47
0.0
 48
0.0
 49
2.5
140
0.25
141
0.0
142
0.0
143
0.03937007874
144
100.0
145
0.0
146
0.5
147
0.1
148
0.0
 69
0
 70
0
 71
0
 72
0
 73
0
 74
0
 75
0
 76
0
 77
1
 78
12
 79
3
170
0
171
3
172
0
173
0
174
0
175
0
176
0
177
0
178
0
179
2
271
2
272
2
273
2
274
3
275
0
276
0
277
2
278
46
279
1
280
0
281
0
282
0
283
0
284
8
285
0
286
0
288
1
289
3
290
0
340
4C
342
84
371
-2
372
-2
  0
DIMSTYLE
105
88
330
4
100
AcDbSymbolTableRecord
100
AcDbDimStyleTableRecord
  2
EZ_RADIUS_INSIDE
 70
0
 40
1.0
 41
0.25
 42
0.125
 43
3.75
 44
0.375
 45
0.0
 46
0.0
 47
0.0
 48
0.0
 49
2.5
140
0.25
141
0.0
142
0.0
143
0.03937007874
144
100.0
145
0.0
146
0.5
147
0.1
148
0.0
 69
0
 70
0
 71
0
 72
0
 73
0
 74
0
 75
0
 76
0
 77
0
 78
12
 79
3
170
0
171
3
172
0
173
0
174
1
175
0
176
0
177
0
178
0
179
2
271
2
272
2
273
2
274
3
275
0
276
0
277
2
278
46
279
0
280
0
281
0
282
0
283
0
284
8
285
0
286
0
288
1
289
0
290
0
340
4C
342
84
371
-2
372
-2
  0
DIMSTYLE
105
89
330
4
100
AcDbSymbolTableRecord
100
AcDbDimStyleTableRecord
  2
EZ_CURVED
 70
0
 40
1.0
 41
0.25
 42
0.125
 43
3.75
 44
0.375
 45
0.0
 46
0.0
 47
0.0
 48
0.0
 49
2.5
140
0.25
141
2.5
142
0.0
143
0.03937007874
144
100.0
145
0.0
146
0.5
147
0.1
148
0.0
 69
0
 70
0
 71
0
 72
0
 73
0
 74
0
 75
0
 76
0
 77
1
 78
12
 79
2
 90
2
170
0
171
3
172
1
173
0
174
0
175
0
176
0
177
0
178
0
179
2
271
2
272
2
273
2
274
3
275
0
276
0
277
2
278
46
279
2
280
0
281
0
282
0
283
0
284
8
285
0
286
0
288
1
289
3
290
0
340
4C
371
-2
372
-2
  0
ENDTAB
  0
TABLE
  2
BLOCK_RECORD
  5
9
330
0
100
AcDbSymbolTable
 70
35
  0
BLOCK_RECORD
  5
17
330
9
100
AcDbSymbolTableRecord
100
AcDbBlockTableRecord
  2
*Model_Space
340
1A
 70
0
280
1
281
0
  0
BLOCK_RECORD
  5
1B
330
9
100
AcDbSymbolTableRecord
100
AcDbBlockTableRecord
  2
*Paper_Space
340
1E
 70
0
280
1
281
0
  0
BLOCK_RECORD
  5
74
330
9
100
AcDbSymbolTableRecord
100
AcDbBlockTableRecord
  2
_ARCHTICK
340
0
 70
0
280
1
281
0
  0
BLOCK_RECORD
  5
78
330
9
100
AcDbSymbolTableRecord
100
AcDbBlockTableRecord
  2
_CLOSEDFILLED
340
0
 70
0
280
1
281
0
  0
BLOCK_RECORD
  5
84
330
9
100
AcDbSymbolTableRecord
100
AcDbBlockTableRecord
  2
_CLOSEDBLANK
340
0
 70
0
280
1
281
0
  0
BLOCK_RECORD
  5
93
330
9
100
AcDbSymbolTableRecord
100
AcDbBlockTableRecord
  2
RM_Flexible_hall_and_gym
340
0
 70
0
280
1
281
0
  0
BLOCK_RECORD
  5
99
330
9
100
AcDbSymbolTableRecord
100
AcDbBlockTableRecord
  2
RM_Entry_hub
340
0
 70
0
280
1
281
0
  0
BLOCK_RECORD
  5
9F
330
9
100
AcDbSymbolTableRecord
100
AcDbBlockTableRecord
  2
RM_Public_washrooms
340
0
 70
0
280
1
281
0
  0
BLOCK_RECORD
  5
A5
330
9
100
AcDbSymbolTableRecord
100
AcDbBlockTableRecord
  2
RM_Science_and_field_lab
340
0
 70
0
280
1
281
0
  0
BLOCK_RECORD
  5
AB
330
9
100
AcDbSymbolTableRecord
100
AcDbBlockTableRecord
  2
RM_Maker_and_tech_lab
340
0
 70
0
280
1
281
0
  0
BLOCK_RECORD
  5
B1
330
9
100
AcDbSymbolTableRecord
100
AcDbBlockTableRecord
  2
RM_Dining_48
340
0
 70
0
280
1
281
0
  0
BLOCK_RECORD
  5
B7
330
9
100
AcDbSymbolTableRecord
100
AcDbBlockTableRecord
  2
RM_Classroom
340
0
 70
0
280
1
281
0
  0
BLOCK_RECORD
  5
BD
330
9
100
AcDbSymbolTableRecord
100
AcDbBlockTableRecord
  2
RM_Staff_workroom
340
0
 70
0
280
1
281
0
  0
BLOCK_RECORD
  5
C3
330
9
100
AcDbSymbolTableRecord
100
AcDbBlockTableRecord
  2
RM_Staff_and_teachers
340
0
 70
0
280
1
281
0
  0
BLOCK_RECORD
  5
C9
330
9
100
AcDbSymbolTableRecord
100
AcDbBlockTableRecord
  2
RM_Reception
340
0
 70
0
280
1
281
0
  0
BLOCK_RECORD
  5
CF
330
9
100
AcDbSymbolTableRecord
100
AcDbBlockTableRecord
  2
RM_Office
340
0
 70
0
280
1
281
0
  0
BLOCK_RECORD
  5
D5
330
9
100
AcDbSymbolTableRecord
100
AcDbBlockTableRecord
  2
RM_Lounge_32
340
0
 70
0
280
1
281
0
  0
BLOCK_RECORD
  5
DB
330
9
100
AcDbSymbolTableRecord
100
AcDbBlockTableRecord
  2
RM_Pod_room_4_beds
340
0
 70
0
280
1
281
0
  0
BLOCK_RECORD
  5
E1
330
9
100
AcDbSymbolTableRecord
100
AcDbBlockTableRecord
  2
RM_Laundry
340
0
 70
0
280
1
281
0
  0
BLOCK_RECORD
  5
E7
330
9
100
AcDbSymbolTableRecord
100
AcDbBlockTableRecord
  2
RM_Leader_suite
340
0
 70
0
280
1
281
0
  0
BLOCK_RECORD
  5
ED
330
9
100
AcDbSymbolTableRecord
100
AcDbBlockTableRecord
  2
RM_Node_washroom
340
0
 70
0
280
1
281
0
  0
BLOCK_RECORD
  5
F3
330
9
100
AcDbSymbolTableRecord
100
AcDbBlockTableRecord
  2
RM_Health_room
340
0
 70
0
280
1
281
0
  0
BLOCK_RECORD
  5
F9
330
9
100
AcDbSymbolTableRecord
100
AcDbBlockTableRecord
  2
RM_Night_station
340
0
 70
0
280
1
281
0
  0
BLOCK_RECORD
  5
FF
330
9
100
AcDbSymbolTableRecord
100
AcDbBlockTableRecord
  2
RM_Accessible_WC
340
0
 70
0
280
1
281
0
  0
BLOCK_RECORD
  5
105
330
9
100
AcDbSymbolTableRecord
100
AcDbBlockTableRecord
  2
RM_Garage_and_vehicle_bay
340
0
 70
0
280
1
281
0
  0
BLOCK_RECORD
  5
10B
330
9
100
AcDbSymbolTableRecord
100
AcDbBlockTableRecord
  2
RM_Gear_store
340
0
 70
0
280
1
281
0
  0
BLOCK_RECORD
  5
111
330
9
100
AcDbSymbolTableRecord
100
AcDbBlockTableRecord
  2
RM_Packing_and_boot_room
340
0
 70
0
280
1
281
0
  0
BLOCK_RECORD
  5
117
330
9
100
AcDbSymbolTableRecord
100
AcDbBlockTableRecord
  2
RM_Gear_wash_and_repair
340
0
 70
0
280
1
281
0
  0
BLOCK_RECORD
  5
11D
330
9
100
AcDbSymbolTableRecord
100
AcDbBlockTableRecord
  2
RM_Drying_room
340
0
 70
0
280
1
281
0
  0
BLOCK_RECORD
  5
123
330
9
100
AcDbSymbolTableRecord
100
AcDbBlockTableRecord
  2
RM_Kitchen_and_walk-in
340
0
 70
0
280
1
281
0
  0
BLOCK_RECORD
  5
129
330
9
100
AcDbSymbolTableRecord
100
AcDbBlockTableRecord
  2
RM_General_storage
340
0
 70
0
280
1
281
0
  0
BLOCK_RECORD
  5
12F
330
9
100
AcDbSymbolTableRecord
100
AcDbBlockTableRecord
  2
RM_Shipping_and_garbage
340
0
 70
0
280
1
281
0
  0
BLOCK_RECORD
  5
135
330
9
100
AcDbSymbolTableRecord
100
AcDbBlockTableRecord
  2
RM_Staff_change
340
0
 70
0
280
1
281
0
  0
BLOCK_RECORD
  5
13B
330
9
100
AcDbSymbolTableRecord
100
AcDbBlockTableRecord
  2
RM_Janitor_and_IT
340
0
 70
0
280
1
281
0
  0
BLOCK_RECORD
  5
141
330
9
100
AcDbSymbolTableRecord
100
AcDbBlockTableRecord
  2
RM_Mech_and_elec
340
0
 70
0
280
1
281
0
  0
ENDTAB
  0
ENDSEC
  0
SECTION
  2
BLOCKS
  0
BLOCK
  5
18
330
17
100
AcDbEntity
  8
0
100
AcDbBlockBegin
  2
*Model_Space
 70
0
 10
0.0
 20
0.0
 30
0.0
  3
*Model_Space
  1

  0
ENDBLK
  5
19
330
17
100
AcDbEntity
  8
0
100
AcDbBlockEnd
  0
BLOCK
  5
1C
330
1B
100
AcDbEntity
  8
0
100
AcDbBlockBegin
  2
*Paper_Space
 70
0
 10
0.0
 20
0.0
 30
0.0
  3
*Paper_Space
  1

  0
ENDBLK
  5
1D
330
1B
100
AcDbEntity
  8
0
100
AcDbBlockEnd
  0
BLOCK
  5
75
330
74
100
AcDbEntity
  8
0
100
AcDbBlockBegin
  2
_ARCHTICK
 70
0
 10
0.0
 20
0.0
 30
0.0
  3
_ARCHTICK
  1

  0
LWPOLYLINE
  5
77
330
74
100
AcDbEntity
  8
0
  6
BYBLOCK
 62
0
100
AcDbPolyline
 90
2
 70
0
 43
0.15
 10
-0.5
 20
-0.5
 10
0.5
 20
0.5
  0
ENDBLK
  5
76
330
74
100
AcDbEntity
  8
0
100
AcDbBlockEnd
  0
BLOCK
  5
79
330
78
100
AcDbEntity
  8
0
100
AcDbBlockBegin
  2
_CLOSEDFILLED
 70
0
 10
0.0
 20
0.0
 30
0.0
  3
_CLOSEDFILLED
  1

  0
SOLID
  5
7B
330
78
100
AcDbEntity
  8
0
  6
BYBLOCK
 62
0
100
AcDbTrace
 10
-1.0
 20
0.16439898372402537
 30
0.0
 11
0.0
 21
0.0
 31
0.0
 12
-1.0
 22
-0.16439898372402537
 32
0.0
 13
-1.0
 23
-0.16439898372402537
 33
0.0
  0
ENDBLK
  5
7A
330
78
100
AcDbEntity
  8
0
100
AcDbBlockEnd
  0
BLOCK
  5
85
330
84
100
AcDbEntity
  8
0
100
AcDbBlockBegin
  2
_CLOSEDBLANK
 70
0
 10
0.0
 20
0.0
 30
0.0
  3
_CLOSEDBLANK
  1

  0
LWPOLYLINE
  5
87
330
84
100
AcDbEntity
  8
0
  6
BYBLOCK
 62
0
100
AcDbPolyline
 90
3
 70
1
 10
-1.0
 20
0.16439898372402537
 10
0.0
 20
0.0
 10
-1.0
 20
-0.16439898372402537
  0
ENDBLK
  5
86
330
84
100
AcDbEntity
  8
0
100
AcDbBlockEnd
  0
BLOCK
  5
94
330
93
100
AcDbEntity
  8
0
100
AcDbBlockBegin
  2
RM_Flexible_hall_and_gym
 70
0
 10
0.0
 20
0.0
 30
0.0
  3
RM_Flexible_hall_and_gym
  1

  0
LWPOLYLINE
  5
96
330
93
100
AcDbEntity
  8
ROOM-PUBLIC
100
AcDbPolyline
 90
4
 70
1
 10
0.0
 20
0.0
 10
18.973665961010276
 20
0.0
 10
18.973665961010276
 20
18.973665961010276
 10
0.0
 20
18.973665961010276
  0
TEXT
  5
97
330
93
100
AcDbEntity
  8
ROOM-TEXT
100
AcDbText
 10
9.486832980505138
 20
9.966832980505139
 30
0.0
 40
0.6
  1
Flexible hall + gym
 72
1
 11
9.486832980505138
 21
9.966832980505139
 31
0.0
100
AcDbText
 73
2
  0
TEXT
  5
98
330
93
100
AcDbEntity
  8
ROOM-TEXT
100
AcDbText
 10
9.486832980505138
 20
9.126832980505139
 30
0.0
 40
0.42
  1
360 m2  (18.97 m sq.)
 72
1
 11
9.486832980505138
 21
9.126832980505139
 31
0.0
100
AcDbText
 73
2
  0
ENDBLK
  5
95
330
93
100
AcDbEntity
  8
0
100
AcDbBlockEnd
  0
BLOCK
  5
9A
330
99
100
AcDbEntity
  8
0
100
AcDbBlockBegin
  2
RM_Entry_hub
 70
0
 10
0.0
 20
0.0
 30
0.0
  3
RM_Entry_hub
  1

  0
LWPOLYLINE
  5
9C
330
99
100
AcDbEntity
  8
ROOM-PUBLIC
100
AcDbPolyline
 90
4
 70
1
 10
0.0
 20
0.0
 10
7.483314773547883
 20
0.0
 10
7.483314773547883
 20
7.483314773547883
 10
0.0
 20
7.483314773547883
  0
TEXT
  5
9D
330
99
100
AcDbEntity
  8
ROOM-TEXT
100
AcDbText
 10
3.7416573867739413
 20
4.14440008926801
 30
0.0
 40
0.5034283781175861
  1
Entry hub
 72
1
 11
3.7416573867739413
 21
4.14440008926801
 31
0.0
100
AcDbText
 73
2
  0
TEXT
  5
9E
330
99
100
AcDbEntity
  8
ROOM-TEXT
100
AcDbText
 10
3.7416573867739413
 20
3.4396003599033897
 30
0.0
 40
0.35239986468231027
  1
56 m2  (7.48 m sq.)
 72
1
 11
3.7416573867739413
 21
3.4396003599033897
 31
0.0
100
AcDbText
 73
2
  0
ENDBLK
  5
9B
330
99
100
AcDbEntity
  8
0
100
AcDbBlockEnd
  0
BLOCK
  5
A0
330
9F
100
AcDbEntity
  8
0
100
AcDbBlockBegin
  2
RM_Public_washrooms
 70
0
 10
0.0
 20
0.0
 30
0.0
  3
RM_Public_washrooms
  1

  0
LWPOLYLINE
  5
A2
330
9F
100
AcDbEntity
  8
ROOM-PUBLIC
100
AcDbPolyline
 90
4
 70
1
 10
0.0
 20
0.0
 10
5.291502622129181
 20
0.0
 10
5.291502622129181
 20
5.291502622129181
 10
0.0
 20
5.291502622129181
  0
TEXT
  5
A3
330
9F
100
AcDbEntity
  8
ROOM-TEXT
100
AcDbText
 10
2.6457513110645907
 20
2.88247642837037
 30
0.0
 40
0.29590639663222396
  1
Public washrooms
 72
1
 11
2.6457513110645907
 21
2.88247642837037
 31
0.0
100
AcDbText
 73
2
  0
TEXT
  5
A4
330
9F
100
AcDbEntity
  8
ROOM-TEXT
100
AcDbText
 10
2.6457513110645907
 20
2.4682074730852563
 30
0.0
 40
0.20713447764255677
  1
28 m2  (5.29 m sq.)
 72
1
 11
2.6457513110645907
 21
2.4682074730852563
 31
0.0
100
AcDbText
 73
2
  0
ENDBLK
  5
A1
330
9F
100
AcDbEntity
  8
0
100
AcDbBlockEnd
  0
BLOCK
  5
A6
330
A5
100
AcDbEntity
  8
0
100
AcDbBlockBegin
  2
RM_Science_and_field_lab
 70
0
 10
0.0
 20
0.0
 30
0.0
  3
RM_Science_and_field_lab
  1

  0
LWPOLYLINE
  5
A8
330
A5
100
AcDbEntity
  8
ROOM-SEMI-PUBLIC
100
AcDbPolyline
 90
4
 70
1
 10
0.0
 20
0.0
 10
11.40175425099138
 20
0.0
 10
11.40175425099138
 20
11.40175425099138
 10
0.0
 20
11.40175425099138
  0
TEXT
  5
A9
330
A5
100
AcDbEntity
  8
ROOM-TEXT
100
AcDbText
 10
5.70087712549569
 20
6.130416897832207
 30
0.0
 40
0.5369247154206466
  1
Science + field lab
 72
1
 11
5.70087712549569
 21
6.130416897832207
 31
0.0
100
AcDbText
 73
2
  0
TEXT
  5
AA
330
A5
100
AcDbEntity
  8
ROOM-TEXT
100
AcDbText
 10
5.70087712549569
 20
5.378722296243302
 30
0.0
 40
0.37584730079445255
  1
130 m2  (11.40 m sq.)
 72
1
 11
5.70087712549569
 21
5.378722296243302
 31
0.0
100
AcDbText
 73
2
  0
ENDBLK
  5
A7
330
A5
100
AcDbEntity
  8
0
100
AcDbBlockEnd
  0
BLOCK
  5
AC
330
AB
100
AcDbEntity
  8
0
100
AcDbBlockBegin
  2
RM_Maker_and_tech_lab
 70
0
 10
0.0
 20
0.0
 30
0.0
  3
RM_Maker_and_tech_lab
  1

  0
LWPOLYLINE
  5
AE
330
AB
100
AcDbEntity
  8
ROOM-SEMI-PUBLIC
100
AcDbPolyline
 90
4
 70
1
 10
0.0
 20
0.0
 10
10.535653752852738
 20
0.0
 10
10.535653752852738
 20
10.535653752852738
 10
0.0
 20
10.535653752852738
  0
TEXT
  5
AF
330
AB
100
AcDbEntity
  8
ROOM-TEXT
100
AcDbText
 10
5.267826876426369
 20
5.739158754843466
 30
0.0
 40
0.5891648480213703
  1
Maker + tech lab
 72
1
 11
5.267826876426369
 21
5.739158754843466
 31
0.0
100
AcDbText
 73
2
  0
TEXT
  5
B0
330
AB
100
AcDbEntity
  8
ROOM-TEXT
100
AcDbText
 10
5.267826876426369
 20
4.914327967613547
 30
0.0
 40
0.41241539361495916
  1
111 m2  (10.54 m sq.)
 72
1
 11
5.267826876426369
 21
4.914327967613547
 31
0.0
100
AcDbText
 73
2
  0
ENDBLK
  5
AD
330
AB
100
AcDbEntity
  8
0
100
AcDbBlockEnd
  0
BLOCK
  5
B2
330
B1
100
AcDbEntity
  8
0
100
AcDbBlockBegin
  2
RM_Dining_48
 70
0
 10
0.0
 20
0.0
 30
0.0
  3
RM_Dining_48
  1

  0
LWPOLYLINE
  5
B4
330
B1
100
AcDbEntity
  8
ROOM-SEMI-PUBLIC
100
AcDbPolyline
 90
4
 70
1
 10
0.0
 20
0.0
 10
8.48528137423857
 20
0.0
 10
8.48528137423857
 20
8.48528137423857
 10
0.0
 20
8.48528137423857
  0
TEXT
  5
B5
330
B1
100
AcDbEntity
  8
ROOM-TEXT
100
AcDbText
 10
4.242640687119285
 20
4.699307987038733
 30
0.0
 40
0.5708341248993103
  1
Dining (48)
 72
1
 11
4.242640687119285
 21
4.699307987038733
 31
0.0
100
AcDbText
 73
2
  0
TEXT
  5
B6
330
B1
100
AcDbEntity
  8
ROOM-TEXT
100
AcDbText
 10
4.242640687119285
 20
3.9001402121796986
 30
0.0
 40
0.39958388742951717
  1
72 m2  (8.49 m sq.)
 72
1
 11
4.242640687119285
 21
3.9001402121796986
 31
0.0
100
AcDbText
 73
2
  0
ENDBLK
  5
B3
330
B1
100
AcDbEntity
  8
0
100
AcDbBlockEnd
  0
BLOCK
  5
B8
330
B7
100
AcDbEntity
  8
0
100
AcDbBlockBegin
  2
RM_Classroom
 70
0
 10
0.0
 20
0.0
 30
0.0
  3
RM_Classroom
  1

  0
LWPOLYLINE
  5
BA
330
B7
100
AcDbEntity
  8
ROOM-SEMI-PUBLIC
100
AcDbPolyline
 90
4
 70
1
 10
0.0
 20
0.0
 10
6.819090848492928
 20
0.0
 10
6.819090848492928
 20
6.819090848492928
 10
0.0
 20
6.819090848492928
  0
TEXT
  5
BB
330
B7
100
AcDbEntity
  8
ROOM-TEXT
100
AcDbText
 10
3.409545424246464
 20
3.7415885160456184
 30
0.0
 40
0.415053864748943
  1
Classroom
 72
1
 11
3.409545424246464
 21
3.7415885160456184
 31
0.0
100
AcDbText
 73
2
  0
TEXT
  5
BC
330
B7
100
AcDbEntity
  8
ROOM-TEXT
100
AcDbText
 10
3.409545424246464
 20
3.160513105397098
 30
0.0
 40
0.2905377053242601
  1
46.5 m2  (6.82 m sq.)
 72
1
 11
3.409545424246464
 21
3.160513105397098
 31
0.0
100
AcDbText
 73
2
  0
ENDBLK
  5
B9
330
B7
100
AcDbEntity
  8
0
100
AcDbBlockEnd
  0
BLOCK
  5
BE
330
BD
100
AcDbEntity
  8
0
100
AcDbBlockBegin
  2
RM_Staff_workroom
 70
0
 10
0.0
 20
0.0
 30
0.0
  3
RM_Staff_workroom
  1

  0
LWPOLYLINE
  5
C0
330
BD
100
AcDbEntity
  8
ROOM-SEMI-PUBLIC
100
AcDbPolyline
 90
4
 70
1
 10
0.0
 20
0.0
 10
6.708203932499369
 20
0.0
 10
6.708203932499369
 20
6.708203932499369
 10
0.0
 20
6.708203932499369
  0
TEXT
  5
C1
330
BD
100
AcDbEntity
  8
ROOM-TEXT
100
AcDbText
 10
3.3541019662496847
 20
3.697077806407547
 30
0.0
 40
0.42871980019732814
  1
Staff workroom
 72
1
 11
3.3541019662496847
 21
3.697077806407547
 31
0.0
100
AcDbText
 73
2
  0
TEXT
  5
C2
330
BD
100
AcDbEntity
  8
ROOM-TEXT
100
AcDbText
 10
3.3541019662496847
 20
3.096870086131288
 30
0.0
 40
0.3001038601381297
  1
45 m2  (6.71 m sq.)
 72
1
 11
3.3541019662496847
 21
3.096870086131288
 31
0.0
100
AcDbText
 73
2
  0
ENDBLK
  5
BF
330
BD
100
AcDbEntity
  8
0
100
AcDbBlockEnd
  0
BLOCK
  5
C4
330
C3
100
AcDbEntity
  8
0
100
AcDbBlockBegin
  2
RM_Staff_and_teachers
 70
0
 10
0.0
 20
0.0
 30
0.0
  3
RM_Staff_and_teachers
  1

  0
LWPOLYLINE
  5
C6
330
C3
100
AcDbEntity
  8
ROOM-SEMI-PUBLIC
100
AcDbPolyline
 90
4
 70
1
 10
0.0
 20
0.0
 10
5.916079783099616
 20
0.0
 10
5.916079783099616
 20
5.916079783099616
 10
0.0
 20
5.916079783099616
  0
TEXT
  5
C7
330
C3
100
AcDbEntity
  8
ROOM-TEXT
100
AcDbText
 10
2.958039891549808
 20
3.222706618688475
 30
0.0
 40
0.33083340892333385
  1
Staff + teachers
 72
1
 11
2.958039891549808
 21
3.222706618688475
 31
0.0
100
AcDbText
 73
2
  0
TEXT
  5
C8
330
C3
100
AcDbEntity
  8
ROOM-TEXT
100
AcDbText
 10
2.958039891549808
 20
2.759539846195808
 30
0.0
 40
0.23158338624633368
  1
35 m2  (5.92 m sq.)
 72
1
 11
2.958039891549808
 21
2.759539846195808
 31
0.0
100
AcDbText
 73
2
  0
ENDBLK
  5
C5
330
C3
100
AcDbEntity
  8
0
100
AcDbBlockEnd
  0
BLOCK
  5
CA
330
C9
100
AcDbEntity
  8
0
100
AcDbBlockBegin
  2
RM_Reception
 70
0
 10
0.0
 20
0.0
 30
0.0
  3
RM_Reception
  1

  0
LWPOLYLINE
  5
CC
330
C9
100
AcDbEntity
  8
ROOM-SEMI-PUBLIC
100
AcDbPolyline
 90
4
 70
1
 10
0.0
 20
0.0
 10
4.358898943540674
 20
0.0
 10
4.358898943540674
 20
4.358898943540674
 10
0.0
 20
4.358898943540674
  0
TEXT
  5
CD
330
C9
100
AcDbEntity
  8
ROOM-TEXT
100
AcDbText
 10
2.179449471770337
 20
2.41403999663046
 30
0.0
 40
0.2932381560751542
  1
Reception
 72
1
 11
2.179449471770337
 21
2.41403999663046
 31
0.0
100
AcDbText
 73
2
  0
TEXT
  5
CE
330
C9
100
AcDbEntity
  8
ROOM-TEXT
100
AcDbText
 10
2.179449471770337
 20
2.0035065781252444
 30
0.0
 40
0.20526670925260793
  1
19 m2  (4.36 m sq.)
 72
1
 11
2.179449471770337
 21
2.0035065781252444
 31
0.0
100
AcDbText
 73
2
  0
ENDBLK
  5
CB
330
C9
100
AcDbEntity
  8
0
100
AcDbBlockEnd
  0
BLOCK
  5
D0
330
CF
100
AcDbEntity
  8
0
100
AcDbBlockBegin
  2
RM_Office
 70
0
 10
0.0
 20
0.0
 30
0.0
  3
RM_Office
  1

  0
LWPOLYLINE
  5
D2
330
CF
100
AcDbEntity
  8
ROOM-SEMI-PUBLIC
100
AcDbPolyline
 90
4
 70
1
 10
0.0
 20
0.0
 10
3.7416573867739413
 20
0.0
 10
3.7416573867739413
 20
3.7416573867739413
 10
0.0
 20
3.7416573867739413
  0
TEXT
  5
D3
330
CF
100
AcDbEntity
  8
ROOM-TEXT
100
AcDbText
 10
1.8708286933869707
 20
2.072200044634005
 30
0.0
 40
0.25171418905879306
  1
Office
 72
1
 11
1.8708286933869707
 21
2.072200044634005
 31
0.0
100
AcDbText
 73
2
  0
TEXT
  5
D4
330
CF
100
AcDbEntity
  8
ROOM-TEXT
100
AcDbText
 10
1.8708286933869707
 20
1.7198001799516949
 30
0.0
 40
0.17619993234115514
  1
14 m2  (3.74 m sq.)
 72
1
 11
1.8708286933869707
 21
1.7198001799516949
 31
0.0
100
AcDbText
 73
2
  0
ENDBLK
  5
D1
330
CF
100
AcDbEntity
  8
0
100
AcDbBlockEnd
  0
BLOCK
  5
D6
330
D5
100
AcDbEntity
  8
0
100
AcDbBlockBegin
  2
RM_Lounge_32
 70
0
 10
0.0
 20
0.0
 30
0.0
  3
RM_Lounge_32
  1

  0
LWPOLYLINE
  5
D8
330
D5
100
AcDbEntity
  8
ROOM-PRIVATE
100
AcDbPolyline
 90
4
 70
1
 10
0.0
 20
0.0
 10
9.16515138991168
 20
0.0
 10
9.16515138991168
 20
9.16515138991168
 10
0.0
 20
9.16515138991168
  0
TEXT
  5
D9
330
D5
100
AcDbEntity
  8
ROOM-TEXT
100
AcDbText
 10
4.58257569495584
 20
5.062575694955839
 30
0.0
 40
0.6
  1
Lounge (32)
 72
1
 11
4.58257569495584
 21
5.062575694955839
 31
0.0
100
AcDbText
 73
2
  0
TEXT
  5
DA
330
D5
100
AcDbEntity
  8
ROOM-TEXT
100
AcDbText
 10
4.58257569495584
 20
4.2225756949558395
 30
0.0
 40
0.42
  1
84 m2  (9.17 m sq.)
 72
1
 11
4.58257569495584
 21
4.2225756949558395
 31
0.0
100
AcDbText
 73
2
  0
ENDBLK
  5
D7
330
D5
100
AcDbEntity
  8
0
100
AcDbBlockEnd
  0
BLOCK
  5
DC
330
DB
100
AcDbEntity
  8
0
100
AcDbBlockBegin
  2
RM_Pod_room_4_beds
 70
0
 10
0.0
 20
0.0
 30
0.0
  3
RM_Pod_room_4_beds
  1

  0
LWPOLYLINE
  5
DE
330
DB
100
AcDbEntity
  8
ROOM-PRIVATE
100
AcDbPolyline
 90
4
 70
1
 10
0.0
 20
0.0
 10
4.47213595499958
 20
0.0
 10
4.47213595499958
 20
4.47213595499958
 10
0.0
 20
4.47213595499958
  0
TEXT
  5
DF
330
DB
100
AcDbEntity
  8
ROOM-TEXT
100
AcDbText
 10
2.23606797749979
 20
2.42436843876293
 30
0.0
 40
0.23537557657892524
  1
Pod room (4 beds)
 72
1
 11
2.23606797749979
 21
2.42436843876293
 31
0.0
100
AcDbText
 73
2
  0
TEXT
  5
E0
330
DB
100
AcDbEntity
  8
ROOM-TEXT
100
AcDbText
 10
2.23606797749979
 20
2.0948426315524347
 30
0.0
 40
0.16476290360524767
  1
20 m2  (4.47 m sq.)
 72
1
 11
2.23606797749979
 21
2.0948426315524347
 31
0.0
100
AcDbText
 73
2
  0
ENDBLK
  5
DD
330
DB
100
AcDbEntity
  8
0
100
AcDbBlockEnd
  0
BLOCK
  5
E2
330
E1
100
AcDbEntity
  8
0
100
AcDbBlockBegin
  2
RM_Laundry
 70
0
 10
0.0
 20
0.0
 30
0.0
  3
RM_Laundry
  1

  0
LWPOLYLINE
  5
E4
330
E1
100
AcDbEntity
  8
ROOM-PRIVATE
100
AcDbPolyline
 90
4
 70
1
 10
0.0
 20
0.0
 10
4.47213595499958
 20
0.0
 10
4.47213595499958
 20
4.47213595499958
 10
0.0
 20
4.47213595499958
  0
TEXT
  5
E5
330
E1
100
AcDbEntity
  8
ROOM-TEXT
100
AcDbText
 10
2.23606797749979
 20
2.4767527776105704
 30
0.0
 40
0.3008560001384759
  1
Laundry
 72
1
 11
2.23606797749979
 21
2.4767527776105704
 31
0.0
100
AcDbText
 73
2
  0
TEXT
  5
E6
330
E1
100
AcDbEntity
  8
ROOM-TEXT
100
AcDbText
 10
2.23606797749979
 20
2.0555543774167044
 30
0.0
 40
0.21059920009693311
  1
20 m2  (4.47 m sq.)
 72
1
 11
2.23606797749979
 21
2.0555543774167044
 31
0.0
100
AcDbText
 73
2
  0
ENDBLK
  5
E3
330
E1
100
AcDbEntity
  8
0
100
AcDbBlockEnd
  0
BLOCK
  5
E8
330
E7
100
AcDbEntity
  8
0
100
AcDbBlockBegin
  2
RM_Leader_suite
 70
0
 10
0.0
 20
0.0
 30
0.0
  3
RM_Leader_suite
  1

  0
LWPOLYLINE
  5
EA
330
E7
100
AcDbEntity
  8
ROOM-PRIVATE
100
AcDbPolyline
 90
4
 70
1
 10
0.0
 20
0.0
 10
4.312771730569565
 20
0.0
 10
4.312771730569565
 20
4.312771730569565
 10
0.0
 20
4.312771730569565
  0
TEXT
  5
EB
330
E7
100
AcDbEntity
  8
ROOM-TEXT
100
AcDbText
 10
2.1563858652847827
 20
2.3663883555667238
 30
0.0
 40
0.2625031128524261
  1
Leader suite
 72
1
 11
2.1563858652847827
 21
2.3663883555667238
 31
0.0
100
AcDbText
 73
2
  0
TEXT
  5
EC
330
E7
100
AcDbEntity
  8
ROOM-TEXT
100
AcDbText
 10
2.1563858652847827
 20
1.998883997573327
 30
0.0
 40
0.18375217899669827
  1
18.6 m2  (4.31 m sq.)
 72
1
 11
2.1563858652847827
 21
1.998883997573327
 31
0.0
100
AcDbText
 73
2
  0
ENDBLK
  5
E9
330
E7
100
AcDbEntity
  8
0
100
AcDbBlockEnd
  0
BLOCK
  5
EE
330
ED
100
AcDbEntity
  8
0
100
AcDbBlockBegin
  2
RM_Node_washroom
 70
0
 10
0.0
 20
0.0
 30
0.0
  3
RM_Node_washroom
  1

  0
LWPOLYLINE
  5
F0
330
ED
100
AcDbEntity
  8
ROOM-PRIVATE
100
AcDbPolyline
 90
4
 70
1
 10
0.0
 20
0.0
 10
4.242640687119285
 20
0.0
 10
4.242640687119285
 20
4.242640687119285
 10
0.0
 20
4.242640687119285
  0
TEXT
  5
F1
330
ED
100
AcDbEntity
  8
ROOM-TEXT
100
AcDbText
 10
2.1213203435596424
 20
2.3496539935193663
 30
0.0
 40
0.28541706244965515
  1
Node washroom
 72
1
 11
2.1213203435596424
 21
2.3496539935193663
 31
0.0
100
AcDbText
 73
2
  0
TEXT
  5
F2
330
ED
100
AcDbEntity
  8
ROOM-TEXT
100
AcDbText
 10
2.1213203435596424
 20
1.9500701060898493
 30
0.0
 40
0.19979194371475859
  1
18 m2  (4.24 m sq.)
 72
1
 11
2.1213203435596424
 21
1.9500701060898493
 31
0.0
100
AcDbText
 73
2
  0
ENDBLK
  5
EF
330
ED
100
AcDbEntity
  8
0
100
AcDbBlockEnd
  0
BLOCK
  5
F4
330
F3
100
AcDbEntity
  8
0
100
AcDbBlockBegin
  2
RM_Health_room
 70
0
 10
0.0
 20
0.0
 30
0.0
  3
RM_Health_room
  1

  0
LWPOLYLINE
  5
F6
330
F3
100
AcDbEntity
  8
ROOM-PRIVATE
100
AcDbPolyline
 90
4
 70
1
 10
0.0
 20
0.0
 10
4.0
 20
0.0
 10
4.0
 20
4.0
 10
0.0
 20
4.0
  0
TEXT
  5
F7
330
F3
100
AcDbEntity
  8
ROOM-TEXT
100
AcDbText
 10
2.0
 20
2.2152750296794617
 30
0.0
 40
0.2690937870993273
  1
Health room
 72
1
 11
2.0
 21
2.2152750296794617
 31
0.0
100
AcDbText
 73
2
  0
TEXT
  5
F8
330
F3
100
AcDbEntity
  8
ROOM-TEXT
100
AcDbText
 10
2.0
 20
1.8385437277404035
 30
0.0
 40
0.1883656509695291
  1
16 m2  (4.00 m sq.)
 72
1
 11
2.0
 21
1.8385437277404035
 31
0.0
100
AcDbText
 73
2
  0
ENDBLK
  5
F5
330
F3
100
AcDbEntity
  8
0
100
AcDbBlockEnd
  0
BLOCK
  5
FA
330
F9
100
AcDbEntity
  8
0
100
AcDbBlockBegin
  2
RM_Night_station
 70
0
 10
0.0
 20
0.0
 30
0.0
  3
RM_Night_station
  1

  0
LWPOLYLINE
  5
FC
330
F9
100
AcDbEntity
  8
ROOM-PRIVATE
100
AcDbPolyline
 90
4
 70
1
 10
0.0
 20
0.0
 10
3.7416573867739413
 20
0.0
 10
3.7416573867739413
 20
3.7416573867739413
 10
0.0
 20
3.7416573867739413
  0
TEXT
  5
FD
330
F9
100
AcDbEntity
  8
ROOM-TEXT
100
AcDbText
 10
1.8708286933869707
 20
2.072200044634005
 30
0.0
 40
0.25171418905879306
  1
Night station
 72
1
 11
1.8708286933869707
 21
2.072200044634005
 31
0.0
100
AcDbText
 73
2
  0
TEXT
  5
FE
330
F9
100
AcDbEntity
  8
ROOM-TEXT
100
AcDbText
 10
1.8708286933869707
 20
1.7198001799516949
 30
0.0
 40
0.17619993234115514
  1
14 m2  (3.74 m sq.)
 72
1
 11
1.8708286933869707
 21
1.7198001799516949
 31
0.0
100
AcDbText
 73
2
  0
ENDBLK
  5
FB
330
F9
100
AcDbEntity
  8
0
100
AcDbBlockEnd
  0
BLOCK
  5
100
330
FF
100
AcDbEntity
  8
0
100
AcDbBlockBegin
  2
RM_Accessible_WC
 70
0
 10
0.0
 20
0.0
 30
0.0
  3
RM_Accessible_WC
  1

  0
LWPOLYLINE
  5
102
330
FF
100
AcDbEntity
  8
ROOM-PRIVATE
100
AcDbPolyline
 90
4
 70
1
 10
0.0
 20
0.0
 10
2.5495097567963922
 20
0.0
 10
2.5495097567963922
 20
2.5495097567963922
 10
0.0
 20
2.5495097567963922
  0
TEXT
  5
103
330
FF
100
AcDbEntity
  8
ROOM-TEXT
100
AcDbText
 10
1.2747548783981961
 20
1.405105753181771
 30
0.0
 40
0.16293859347946868
  1
Accessible WC
 72
1
 11
1.2747548783981961
 21
1.405105753181771
 31
0.0
100
AcDbText
 73
2
  0
TEXT
  5
104
330
FF
100
AcDbEntity
  8
ROOM-TEXT
100
AcDbText
 10
1.2747548783981961
 20
1.1769917223105149
 30
0.0
 40
0.11405701543562807
  1
6.5 m2  (2.55 m sq.)
 72
1
 11
1.2747548783981961
 21
1.1769917223105149
 31
0.0
100
AcDbText
 73
2
  0
ENDBLK
  5
101
330
FF
100
AcDbEntity
  8
0
100
AcDbBlockEnd
  0
BLOCK
  5
106
330
105
100
AcDbEntity
  8
0
100
AcDbBlockBegin
  2
RM_Garage_and_vehicle_bay
 70
0
 10
0.0
 20
0.0
 30
0.0
  3
RM_Garage_and_vehicle_bay
  1

  0
LWPOLYLINE
  5
108
330
105
100
AcDbEntity
  8
ROOM-EXPEDITION
100
AcDbPolyline
 90
4
 70
1
 10
0.0
 20
0.0
 10
8.602325267042627
 20
0.0
 10
8.602325267042627
 20
8.602325267042627
 10
0.0
 20
8.602325267042627
  0
TEXT
  5
109
330
105
100
AcDbEntity
  8
ROOM-TEXT
100
AcDbText
 10
4.301162633521313
 20
4.609035327289154
 30
0.0
 40
0.3848408672098017
  1
Garage + vehicle bay
 72
1
 11
4.301162633521313
 21
4.609035327289154
 31
0.0
100
AcDbText
 73
2
  0
TEXT
  5
10A
330
105
100
AcDbEntity
  8
ROOM-TEXT
100
AcDbText
 10
4.301162633521313
 20
4.0702581131954325
 30
0.0
 40
0.2693886070468612
  1
74 m2  (8.60 m sq.)
 72
1
 11
4.301162633521313
 21
4.0702581131954325
 31
0.0
100
AcDbText
 73
2
  0
ENDBLK
  5
107
330
105
100
AcDbEntity
  8
0
100
AcDbBlockEnd
  0
BLOCK
  5
10C
330
10B
100
AcDbEntity
  8
0
100
AcDbBlockBegin
  2
RM_Gear_store
 70
0
 10
0.0
 20
0.0
 30
0.0
  3
RM_Gear_store
  1

  0
LWPOLYLINE
  5
10E
330
10B
100
AcDbEntity
  8
ROOM-EXPEDITION
100
AcDbPolyline
 90
4
 70
1
 10
0.0
 20
0.0
 10
7.745966692414834
 20
0.0
 10
7.745966692414834
 20
7.745966692414834
 10
0.0
 20
7.745966692414834
  0
TEXT
  5
10F
330
10B
100
AcDbEntity
  8
ROOM-TEXT
100
AcDbText
 10
3.872983346207417
 20
4.2898616486088486
 30
0.0
 40
0.5210978780017894
  1
Gear store
 72
1
 11
3.872983346207417
 21
4.2898616486088486
 31
0.0
100
AcDbText
 73
2
  0
TEXT
  5
110
330
10B
100
AcDbEntity
  8
ROOM-TEXT
100
AcDbText
 10
3.872983346207417
 20
3.5603246194063436
 30
0.0
 40
0.3647685146012526
  1
60 m2  (7.75 m sq.)
 72
1
 11
3.872983346207417
 21
3.5603246194063436
 31
0.0
100
AcDbText
 73
2
  0
ENDBLK
  5
10D
330
10B
100
AcDbEntity
  8
0
100
AcDbBlockEnd
  0
BLOCK
  5
112
330
111
100
AcDbEntity
  8
0
100
AcDbBlockBegin
  2
RM_Packing_and_boot_room
 70
0
 10
0.0
 20
0.0
 30
0.0
  3
RM_Packing_and_boot_room
  1

  0
LWPOLYLINE
  5
114
330
111
100
AcDbEntity
  8
ROOM-EXPEDITION
100
AcDbPolyline
 90
4
 70
1
 10
0.0
 20
0.0
 10
7.0710678118654755
 20
0.0
 10
7.0710678118654755
 20
7.0710678118654755
 10
0.0
 20
7.0710678118654755
  0
TEXT
  5
115
330
111
100
AcDbEntity
  8
ROOM-TEXT
100
AcDbText
 10
3.5355339059327378
 20
3.8019231642190823
 30
0.0
 40
0.33298657285793093
  1
Packing + boot room
 72
1
 11
3.5355339059327378
 21
3.8019231642190823
 31
0.0
100
AcDbText
 73
2
  0
TEXT
  5
116
330
111
100
AcDbEntity
  8
ROOM-TEXT
100
AcDbText
 10
3.5355339059327378
 20
3.335741962217979
 30
0.0
 40
0.23309060100055162
  1
50 m2  (7.07 m sq.)
 72
1
 11
3.5355339059327378
 21
3.335741962217979
 31
0.0
100
AcDbText
 73
2
  0
ENDBLK
  5
113
330
111
100
AcDbEntity
  8
0
100
AcDbBlockEnd
  0
BLOCK
  5
118
330
117
100
AcDbEntity
  8
0
100
AcDbBlockBegin
  2
RM_Gear_wash_and_repair
 70
0
 10
0.0
 20
0.0
 30
0.0
  3
RM_Gear_wash_and_repair
  1

  0
LWPOLYLINE
  5
11A
330
117
100
AcDbEntity
  8
ROOM-EXPEDITION
100
AcDbPolyline
 90
4
 70
1
 10
0.0
 20
0.0
 10
4.47213595499958
 20
0.0
 10
4.47213595499958
 20
4.47213595499958
 10
0.0
 20
4.47213595499958
  0
TEXT
  5
11B
330
117
100
AcDbEntity
  8
ROOM-TEXT
100
AcDbText
 10
2.23606797749979
 20
2.413907302026089
 30
0.0
 40
0.22229915565787386
  1
Gear wash + repair
 72
1
 11
2.23606797749979
 21
2.413907302026089
 31
0.0
100
AcDbText
 73
2
  0
TEXT
  5
11C
330
117
100
AcDbEntity
  8
ROOM-TEXT
100
AcDbText
 10
2.23606797749979
 20
2.1026884841050655
 30
0.0
 40
0.1556094089605117
  1
20 m2  (4.47 m sq.)
 72
1
 11
2.23606797749979
 21
2.1026884841050655
 31
0.0
100
AcDbText
 73
2
  0
ENDBLK
  5
119
330
117
100
AcDbEntity
  8
0
100
AcDbBlockEnd
  0
BLOCK
  5
11E
330
11D
100
AcDbEntity
  8
0
100
AcDbBlockBegin
  2
RM_Drying_room
 70
0
 10
0.0
 20
0.0
 30
0.0
  3
RM_Drying_room
  1

  0
LWPOLYLINE
  5
120
330
11D
100
AcDbEntity
  8
ROOM-EXPEDITION
100
AcDbPolyline
 90
4
 70
1
 10
0.0
 20
0.0
 10
4.0
 20
0.0
 10
4.0
 20
4.0
 10
0.0
 20
4.0
  0
TEXT
  5
121
330
11D
100
AcDbEntity
  8
ROOM-TEXT
100
AcDbText
 10
2.0
 20
2.2152750296794617
 30
0.0
 40
0.2690937870993273
  1
Drying room
 72
1
 11
2.0
 21
2.2152750296794617
 31
0.0
100
AcDbText
 73
2
  0
TEXT
  5
122
330
11D
100
AcDbEntity
  8
ROOM-TEXT
100
AcDbText
 10
2.0
 20
1.8385437277404035
 30
0.0
 40
0.1883656509695291
  1
16 m2  (4.00 m sq.)
 72
1
 11
2.0
 21
1.8385437277404035
 31
0.0
100
AcDbText
 73
2
  0
ENDBLK
  5
11F
330
11D
100
AcDbEntity
  8
0
100
AcDbBlockEnd
  0
BLOCK
  5
124
330
123
100
AcDbEntity
  8
0
100
AcDbBlockBegin
  2
RM_Kitchen_and_walk-in
 70
0
 10
0.0
 20
0.0
 30
0.0
  3
RM_Kitchen_and_walk-in
  1

  0
LWPOLYLINE
  5
126
330
123
100
AcDbEntity
  8
ROOM-SERVICE
100
AcDbPolyline
 90
4
 70
1
 10
0.0
 20
0.0
 10
7.745966692414834
 20
0.0
 10
7.745966692414834
 20
7.745966692414834
 10
0.0
 20
7.745966692414834
  0
TEXT
  5
127
330
123
100
AcDbEntity
  8
ROOM-TEXT
100
AcDbText
 10
3.872983346207417
 20
4.199129312203831
 30
0.0
 40
0.40768245749551757
  1
Kitchen + walk-in
 72
1
 11
3.872983346207417
 21
4.199129312203831
 31
0.0
100
AcDbText
 73
2
  0
TEXT
  5
128
330
123
100
AcDbEntity
  8
ROOM-TEXT
100
AcDbText
 10
3.872983346207417
 20
3.6283738717101066
 30
0.0
 40
0.28537772024686225
  1
60 m2  (7.75 m sq.)
 72
1
 11
3.872983346207417
 21
3.6283738717101066
 31
0.0
100
AcDbText
 73
2
  0
ENDBLK
  5
125
330
123
100
AcDbEntity
  8
0
100
AcDbBlockEnd
  0
BLOCK
  5
12A
330
129
100
AcDbEntity
  8
0
100
AcDbBlockBegin
  2
RM_General_storage
 70
0
 10
0.0
 20
0.0
 30
0.0
  3
RM_General_storage
  1

  0
LWPOLYLINE
  5
12C
330
129
100
AcDbEntity
  8
ROOM-SERVICE
100
AcDbPolyline
 90
4
 70
1
 10
0.0
 20
0.0
 10
7.0710678118654755
 20
0.0
 10
7.0710678118654755
 20
7.0710678118654755
 10
0.0
 20
7.0710678118654755
  0
TEXT
  5
12D
330
129
100
AcDbEntity
  8
ROOM-TEXT
100
AcDbText
 10
3.5355339059327378
 20
3.8729602997621075
 30
0.0
 40
0.4217829922867125
  1
General storage
 72
1
 11
3.5355339059327378
 21
3.8729602997621075
 31
0.0
100
AcDbText
 73
2
  0
TEXT
  5
12E
330
129
100
AcDbEntity
  8
ROOM-TEXT
100
AcDbText
 10
3.5355339059327378
 20
3.2824641105607104
 30
0.0
 40
0.29524809460069873
  1
50 m2  (7.07 m sq.)
 72
1
 11
3.5355339059327378
 21
3.2824641105607104
 31
0.0
100
AcDbText
 73
2
  0
ENDBLK
  5
12B
330
129
100
AcDbEntity
  8
0
100
AcDbBlockEnd
  0
BLOCK
  5
130
330
12F
100
AcDbEntity
  8
0
100
AcDbBlockBegin
  2
RM_Shipping_and_garbage
 70
0
 10
0.0
 20
0.0
 30
0.0
  3
RM_Shipping_and_garbage
  1

  0
LWPOLYLINE
  5
132
330
12F
100
AcDbEntity
  8
ROOM-SERVICE
100
AcDbPolyline
 90
4
 70
1
 10
0.0
 20
0.0
 10
4.58257569495584
 20
0.0
 10
4.58257569495584
 20
4.58257569495584
 10
0.0
 20
4.58257569495584
  0
TEXT
  5
133
330
12F
100
AcDbEntity
  8
ROOM-TEXT
100
AcDbText
 10
2.29128784747792
 20
2.47351892774517
 30
0.0
 40
0.22778885033406224
  1
Shipping + garbage
 72
1
 11
2.29128784747792
 21
2.47351892774517
 31
0.0
100
AcDbText
 73
2
  0
TEXT
  5
134
330
12F
100
AcDbEntity
  8
ROOM-TEXT
100
AcDbText
 10
2.29128784747792
 20
2.1546145372774825
 30
0.0
 40
0.15945219523384355
  1
21 m2  (4.58 m sq.)
 72
1
 11
2.29128784747792
 21
2.1546145372774825
 31
0.0
100
AcDbText
 73
2
  0
ENDBLK
  5
131
330
12F
100
AcDbEntity
  8
0
100
AcDbBlockEnd
  0
BLOCK
  5
136
330
135
100
AcDbEntity
  8
0
100
AcDbBlockBegin
  2
RM_Staff_change
 70
0
 10
0.0
 20
0.0
 30
0.0
  3
RM_Staff_change
  1

  0
LWPOLYLINE
  5
138
330
135
100
AcDbEntity
  8
ROOM-SERVICE
100
AcDbPolyline
 90
4
 70
1
 10
0.0
 20
0.0
 10
3.872983346207417
 20
0.0
 10
3.872983346207417
 20
3.872983346207417
 10
0.0
 20
3.872983346207417
  0
TEXT
  5
139
330
135
100
AcDbEntity
  8
ROOM-TEXT
100
AcDbText
 10
1.9364916731037085
 20
2.1449308243044243
 30
0.0
 40
0.2605489390008947
  1
Staff change
 72
1
 11
1.9364916731037085
 21
2.1449308243044243
 31
0.0
100
AcDbText
 73
2
  0
TEXT
  5
13A
330
135
100
AcDbEntity
  8
ROOM-TEXT
100
AcDbText
 10
1.9364916731037085
 20
1.7801623097031718
 30
0.0
 40
0.1823842573006263
  1
15 m2  (3.87 m sq.)
 72
1
 11
1.9364916731037085
 21
1.7801623097031718
 31
0.0
100
AcDbText
 73
2
  0
ENDBLK
  5
137
330
135
100
AcDbEntity
  8
0
100
AcDbBlockEnd
  0
BLOCK
  5
13C
330
13B
100
AcDbEntity
  8
0
100
AcDbBlockBegin
  2
RM_Janitor_and_IT
 70
0
 10
0.0
 20
0.0
 30
0.0
  3
RM_Janitor_and_IT
  1

  0
LWPOLYLINE
  5
13E
330
13B
100
AcDbEntity
  8
ROOM-SERVICE
100
AcDbPolyline
 90
4
 70
1
 10
0.0
 20
0.0
 10
3.1622776601683795
 20
0.0
 10
3.1622776601683795
 20
3.1622776601683795
 10
0.0
 20
3.1622776601683795
  0
TEXT
  5
13F
330
13B
100
AcDbEntity
  8
ROOM-TEXT
100
AcDbText
 10
1.5811388300841898
 20
1.7513286843710516
 30
0.0
 40
0.2127373178585772
  1
Janitor + IT
 72
1
 11
1.5811388300841898
 21
1.7513286843710516
 31
0.0
100
AcDbText
 73
2
  0
TEXT
  5
140
330
13B
100
AcDbEntity
  8
ROOM-TEXT
100
AcDbText
 10
1.5811388300841898
 20
1.4534964393690435
 30
0.0
 40
0.14891612250100403
  1
10 m2  (3.16 m sq.)
 72
1
 11
1.5811388300841898
 21
1.4534964393690435
 31
0.0
100
AcDbText
 73
2
  0
ENDBLK
  5
13D
330
13B
100
AcDbEntity
  8
0
100
AcDbBlockEnd
  0
BLOCK
  5
142
330
141
100
AcDbEntity
  8
0
100
AcDbBlockBegin
  2
RM_Mech_and_elec
 70
0
 10
0.0
 20
0.0
 30
0.0
  3
RM_Mech_and_elec
  1

  0
LWPOLYLINE
  5
144
330
141
100
AcDbEntity
  8
ROOM-MECHANICAL
100
AcDbPolyline
 90
4
 70
1
 10
0.0
 20
0.0
 10
8.366600265340756
 20
0.0
 10
8.366600265340756
 20
8.366600265340756
 10
0.0
 20
8.366600265340756
  0
TEXT
  5
145
330
141
100
AcDbEntity
  8
ROOM-TEXT
100
AcDbText
 10
4.183300132670378
 20
4.633580162779734
 30
0.0
 40
0.5628500376366952
  1
Mech + elec
 72
1
 11
4.183300132670378
 21
4.633580162779734
 31
0.0
100
AcDbText
 73
2
  0
TEXT
  5
146
330
141
100
AcDbEntity
  8
ROOM-TEXT
100
AcDbText
 10
4.183300132670378
 20
3.8455901100883607
 30
0.0
 40
0.3939950263456866
  1
70 m2  (8.37 m sq.)
 72
1
 11
4.183300132670378
 21
3.8455901100883607
 31
0.0
100
AcDbText
 73
2
  0
ENDBLK
  5
143
330
141
100
AcDbEntity
  8
0
100
AcDbBlockEnd
  0
ENDSEC
  0
SECTION
  2
ENTITIES
  0
TEXT
  5
147
330
17
100
AcDbEntity
  8
ANNO
100
AcDbText
 10
0.0
 20
4.0
 30
0.0
 40
1.0
  1
CAIRN YOUTH CENTRE - ROOM SQUARES (program v0.7, net areas, side = sqrt(area))
 11
0.0
 21
4.0
 31
0.0
100
AcDbText
  0
TEXT
  5
148
330
17
100
AcDbEntity
  8
ANNO
100
AcDbText
 10
0.0
 20
2.5
 30
0.0
 40
0.6
  1
Net 1,904 m2 x 1.3 = gross 2,476 m2. Units: metres. Each room is a block: move/rotate freely.
 11
0.0
 21
2.5
 31
0.0
100
AcDbText
  0
TEXT
  5
149
330
17
100
AcDbEntity
  8
ANNO
100
AcDbText
 10
-12.0
 20
-1.0
 30
0.0
 40
1.0
  1
PUBLIC
 11
-12.0
 21
-1.0
 31
0.0
100
AcDbText
  0
INSERT
  5
14A
330
17
100
AcDbEntity
  8
0
100
AcDbBlockReference
  2
RM_Flexible_hall_and_gym
 10
0.0
 20
-18.973665961010276
 30
0.0
  0
INSERT
  5
14C
330
17
100
AcDbEntity
  8
0
100
AcDbBlockReference
  2
RM_Entry_hub
 10
20.973665961010276
 20
-7.483314773547883
 30
0.0
  0
INSERT
  5
14E
330
17
100
AcDbEntity
  8
0
100
AcDbBlockReference
  2
RM_Public_washrooms
 10
30.456980734558158
 20
-5.291502622129181
 30
0.0
  0
LWPOLYLINE
  5
150
330
17
100
AcDbEntity
  8
REF-COURT
100
AcDbPolyline
 90
4
 70
1
 10
37.74848335668734
 20
-15.0
 10
61.74848335668734
 20
-15.0
 10
61.74848335668734
 20
0.0
 10
37.74848335668734
 20
0.0
  0
TEXT
  5
151
330
17
100
AcDbEntity
  8
REF-COURT
100
AcDbText
 10
49.74848335668734
 20
-7.5
 30
0.0
 40
0.5
  1
REF: hall as 24 x 15 m court (same 360 m2)
 72
1
 11
49.74848335668734
 21
-7.5
 31
0.0
100
AcDbText
 73
2
  0
TEXT
  5
152
330
17
100
AcDbEntity
  8
ANNO
100
AcDbText
 10
-12.0
 20
-25.973665961010276
 30
0.0
 40
1.0
  1
SEMI-PUBLIC
 11
-12.0
 21
-25.973665961010276
 31
0.0
100
AcDbText
  0
INSERT
  5
153
330
17
100
AcDbEntity
  8
0
100
AcDbBlockReference
  2
RM_Science_and_field_lab
 10
0.0
 20
-36.37542021200166
 30
0.0
  0
INSERT
  5
155
330
17
100
AcDbEntity
  8
0
100
AcDbBlockReference
  2
RM_Maker_and_tech_lab
 10
13.40175425099138
 20
-35.509319713863015
 30
0.0
  0
INSERT
  5
157
330
17
100
AcDbEntity
  8
0
100
AcDbBlockReference
  2
RM_Dining_48
 10
25.93740800384412
 20
-33.458947335248844
 30
0.0
  0
INSERT
  5
159
330
17
100
AcDbEntity
  8
0
100
AcDbBlockReference
  2
RM_Classroom
 10
36.42268937808269
 20
-31.792756809503203
 30
0.0
  0
INSERT
  5
15B
330
17
100
AcDbEntity
  8
0
100
AcDbBlockReference
  2
RM_Classroom
 10
45.241780226575614
 20
-31.792756809503203
 30
0.0
  0
INSERT
  5
15D
330
17
100
AcDbEntity
  8
0
100
AcDbBlockReference
  2
RM_Staff_workroom
 10
54.06087107506854
 20
-31.681869893509646
 30
0.0
  0
INSERT
  5
15F
330
17
100
AcDbEntity
  8
0
100
AcDbBlockReference
  2
RM_Staff_and_teachers
 10
62.769075007567906
 20
-30.88974574410989
 30
0.0
  0
INSERT
  5
161
330
17
100
AcDbEntity
  8
0
100
AcDbBlockReference
  2
RM_Reception
 10
70.68515479066753
 20
-29.33256490455095
 30
0.0
  0
INSERT
  5
163
330
17
100
AcDbEntity
  8
0
100
AcDbBlockReference
  2
RM_Office
 10
77.0440537342082
 20
-28.715323347784217
 30
0.0
  0
INSERT
  5
165
330
17
100
AcDbEntity
  8
0
100
AcDbBlockReference
  2
RM_Office
 10
82.78571112098214
 20
-28.715323347784217
 30
0.0
  0
INSERT
  5
167
330
17
100
AcDbEntity
  8
0
100
AcDbBlockReference
  2
RM_Office
 10
88.52736850775608
 20
-28.715323347784217
 30
0.0
  0
INSERT
  5
169
330
17
100
AcDbEntity
  8
0
100
AcDbBlockReference
  2
RM_Office
 10
94.26902589453002
 20
-28.715323347784217
 30
0.0
  0
TEXT
  5
16B
330
17
100
AcDbEntity
  8
ANNO
100
AcDbText
 10
-12.0
 20
-43.37542021200166
 30
0.0
 40
1.0
  1
PRIVATE
 11
-12.0
 21
-43.37542021200166
 31
0.0
100
AcDbText
  0
INSERT
  5
16C
330
17
100
AcDbEntity
  8
0
100
AcDbBlockReference
  2
RM_Lounge_32
 10
0.0
 20
-51.540571601913335
 30
0.0
  0
INSERT
  5
16E
330
17
100
AcDbEntity
  8
0
100
AcDbBlockReference
  2
RM_Pod_room_4_beds
 10
11.16515138991168
 20
-46.84755616700124
 30
0.0
  0
INSERT
  5
170
330
17
100
AcDbEntity
  8
0
100
AcDbBlockReference
  2
RM_Pod_room_4_beds
 10
17.637287344911257
 20
-46.84755616700124
 30
0.0
  0
INSERT
  5
172
330
17
100
AcDbEntity
  8
0
100
AcDbBlockReference
  2
RM_Pod_room_4_beds
 10
24.109423299910837
 20
-46.84755616700124
 30
0.0
  0
INSERT
  5
174
330
17
100
AcDbEntity
  8
0
100
AcDbBlockReference
  2
RM_Pod_room_4_beds
 10
30.581559254910417
 20
-46.84755616700124
 30
0.0
  0
INSERT
  5
176
330
17
100
AcDbEntity
  8
0
100
AcDbBlockReference
  2
RM_Pod_room_4_beds
 10
37.053695209909996
 20
-46.84755616700124
 30
0.0
  0
INSERT
  5
178
330
17
100
AcDbEntity
  8
0
100
AcDbBlockReference
  2
RM_Pod_room_4_beds
 10
43.525831164909576
 20
-46.84755616700124
 30
0.0
  0
INSERT
  5
17A
330
17
100
AcDbEntity
  8
0
100
AcDbBlockReference
  2
RM_Pod_room_4_beds
 10
49.997967119909156
 20
-46.84755616700124
 30
0.0
  0
INSERT
  5
17C
330
17
100
AcDbEntity
  8
0
100
AcDbBlockReference
  2
RM_Pod_room_4_beds
 10
56.470103074908735
 20
-46.84755616700124
 30
0.0
  0
INSERT
  5
17E
330
17
100
AcDbEntity
  8
0
100
AcDbBlockReference
  2
RM_Laundry
 10
62.942239029908315
 20
-46.84755616700124
 30
0.0
  0
INSERT
  5
180
330
17
100
AcDbEntity
  8
0
100
AcDbBlockReference
  2
RM_Leader_suite
 10
69.4143749849079
 20
-46.68819194257122
 30
0.0
  0
INSERT
  5
182
330
17
100
AcDbEntity
  8
0
100
AcDbBlockReference
  2
RM_Leader_suite
 10
75.72714671547746
 20
-46.68819194257122
 30
0.0
  0
INSERT
  5
184
330
17
100
AcDbEntity
  8
0
100
AcDbBlockReference
  2
RM_Leader_suite
 10
82.03991844604703
 20
-46.68819194257122
 30
0.0
  0
INSERT
  5
186
330
17
100
AcDbEntity
  8
0
100
AcDbBlockReference
  2
RM_Leader_suite
 10
88.35269017661659
 20
-46.68819194257122
 30
0.0
  0
INSERT
  5
188
330
17
100
AcDbEntity
  8
0
100
AcDbBlockReference
  2
RM_Node_washroom
 10
94.66546190718616
 20
-46.61806089912094
 30
0.0
  0
INSERT
  5
18A
330
17
100
AcDbEntity
  8
0
100
AcDbBlockReference
  2
RM_Node_washroom
 10
100.90810259430545
 20
-46.61806089912094
 30
0.0
  0
INSERT
  5
18C
330
17
100
AcDbEntity
  8
0
100
AcDbBlockReference
  2
RM_Node_washroom
 10
107.15074328142474
 20
-46.61806089912094
 30
0.0
  0
INSERT
  5
18E
330
17
100
AcDbEntity
  8
0
100
AcDbBlockReference
  2
RM_Node_washroom
 10
113.39338396854403
 20
-46.61806089912094
 30
0.0
  0
INSERT
  5
190
330
17
100
AcDbEntity
  8
0
100
AcDbBlockReference
  2
RM_Health_room
 10
119.63602465566332
 20
-46.37542021200166
 30
0.0
  0
INSERT
  5
192
330
17
100
AcDbEntity
  8
0
100
AcDbBlockReference
  2
RM_Night_station
 10
125.63602465566332
 20
-46.1170775987756
 30
0.0
  0
INSERT
  5
194
330
17
100
AcDbEntity
  8
0
100
AcDbBlockReference
  2
RM_Accessible_WC
 10
131.37768204243727
 20
-44.92492996879805
 30
0.0
  0
INSERT
  5
196
330
17
100
AcDbEntity
  8
0
100
AcDbBlockReference
  2
RM_Accessible_WC
 10
135.92719179923367
 20
-44.92492996879805
 30
0.0
  0
TEXT
  5
198
330
17
100
AcDbEntity
  8
ANNO
100
AcDbText
 10
-12.0
 20
-58.54057160191333
 30
0.0
 40
1.0
  1
EXPEDITION
 11
-12.0
 21
-58.54057160191333
 31
0.0
100
AcDbText
  0
INSERT
  5
199
330
17
100
AcDbEntity
  8
0
100
AcDbBlockReference
  2
RM_Garage_and_vehicle_bay
 10
0.0
 20
-66.14289686895596
 30
0.0
  0
INSERT
  5
19B
330
17
100
AcDbEntity
  8
0
100
AcDbBlockReference
  2
RM_Gear_store
 10
10.602325267042627
 20
-65.28653829432817
 30
0.0
  0
INSERT
  5
19D
330
17
100
AcDbEntity
  8
0
100
AcDbBlockReference
  2
RM_Packing_and_boot_room
 10
20.348291959457462
 20
-64.6116394137788
 30
0.0
  0
INSERT
  5
19F
330
17
100
AcDbEntity
  8
0
100
AcDbBlockReference
  2
RM_Gear_wash_and_repair
 10
29.419359771322938
 20
-62.01270755691291
 30
0.0
  0
INSERT
  5
1A1
330
17
100
AcDbEntity
  8
0
100
AcDbBlockReference
  2
RM_Drying_room
 10
35.89149572632252
 20
-61.54057160191333
 30
0.0
  0
TEXT
  5
1A3
330
17
100
AcDbEntity
  8
ANNO
100
AcDbText
 10
-12.0
 20
-73.14289686895596
 30
0.0
 40
1.0
  1
SERVICE
 11
-12.0
 21
-73.14289686895596
 31
0.0
100
AcDbText
  0
INSERT
  5
1A4
330
17
100
AcDbEntity
  8
0
100
AcDbBlockReference
  2
RM_Kitchen_and_walk-in
 10
0.0
 20
-79.8888635613708
 30
0.0
  0
INSERT
  5
1A6
330
17
100
AcDbEntity
  8
0
100
AcDbBlockReference
  2
RM_General_storage
 10
9.745966692414834
 20
-79.21396468082143
 30
0.0
  0
INSERT
  5
1A8
330
17
100
AcDbEntity
  8
0
100
AcDbBlockReference
  2
RM_Shipping_and_garbage
 10
18.817034504280308
 20
-76.7254725639118
 30
0.0
  0
INSERT
  5
1AA
330
17
100
AcDbEntity
  8
0
100
AcDbBlockReference
  2
RM_Staff_change
 10
25.399610199236147
 20
-76.01588021516338
 30
0.0
  0
INSERT
  5
1AC
330
17
100
AcDbEntity
  8
0
100
AcDbBlockReference
  2
RM_Janitor_and_IT
 10
31.272593545443563
 20
-75.30517452912434
 30
0.0
  0
TEXT
  5
1AE
330
17
100
AcDbEntity
  8
ANNO
100
AcDbText
 10
-12.0
 20
-86.8888635613708
 30
0.0
 40
1.0
  1
MECHANICAL
 11
-12.0
 21
-86.8888635613708
 31
0.0
100
AcDbText
  0
INSERT
  5
1AF
330
17
100
AcDbEntity
  8
0
100
AcDbBlockReference
  2
RM_Mech_and_elec
 10
0.0
 20
-94.25546382671155
 30
0.0
  0
ENDSEC
  0
SECTION
  2
OBJECTS
  0
DICTIONARY
  5
A
330
0
100
AcDbDictionary
281
1
  3
ACAD_COLOR
350
B
  3
ACAD_GROUP
350
C
  3
ACAD_LAYOUT
350
D
  3
ACAD_MATERIAL
350
E
  3
ACAD_MLEADERSTYLE
350
F
  3
ACAD_MLINESTYLE
350
10
  3
ACAD_PLOTSETTINGS
350
11
  3
ACAD_PLOTSTYLENAME
350
12
  3
ACAD_SCALELIST
350
14
  3
ACAD_TABLESTYLE
350
15
  3
ACAD_VISUALSTYLE
350
16
  3
EZDXF_META
350
2D
  0
DICTIONARY
  5
B
330
A
100
AcDbDictionary
281
1
  0
DICTIONARY
  5
C
330
A
100
AcDbDictionary
281
1
  0
DICTIONARY
  5
D
330
A
100
AcDbDictionary
281
1
  3
Model
350
1A
  3
Layout1
350
1E
  0
DICTIONARY
  5
E
330
A
100
AcDbDictionary
281
1
  3
ByBlock
350
1F
  3
ByLayer
350
20
  3
Global
350
21
  0
DICTIONARY
  5
F
330
A
100
AcDbDictionary
281
1
  3
Standard
350
2C
  0
DICTIONARY
  5
10
330
A
100
AcDbDictionary
281
1
  3
Standard
350
22
  0
DICTIONARY
  5
11
330
A
100
AcDbDictionary
281
1
  0
ACDBDICTIONARYWDFLT
  5
12
330
A
100
AcDbDictionary
281
1
  3
Normal
350
13
100
AcDbDictionaryWithDefault
340
13
  0
ACDBPLACEHOLDER
  5
13
330
12
  0
DICTIONARY
  5
14
330
A
100
AcDbDictionary
281
1
  0
DICTIONARY
  5
15
330
A
100
AcDbDictionary
281
1
  0
DICTIONARY
  5
16
330
A
100
AcDbDictionary
281
1
  3
2dWireframe
350
5A
  3
Basic
350
5B
  3
Brighten
350
5C
  3
ColorChange
350
5D
  3
Conceptual
350
5E
  3
Dim
350
5F
  3
EdgeColorOff
350
60
  3
Facepattern
350
61
  3
Flat
350
62
  3
FlatWithEdges
350
63
  3
Gouraud
350
64
  3
GouraudWithEdges
350
65
  3
Hidden
350
66
  3
JitterOff
350
67
  3
Linepattern
350
68
  3
Modeling
350
69
  3
OverhangOff
350
6A
  3
Realistic
350
6B
  3
Shaded
350
6C
  3
Shaded with edges
350
6D
  3
Shades of Gray
350
6E
  3
Sketchy
350
6F
  3
Thicken
350
70
  3
Wireframe
350
71
  3
X-Ray
350
72
  0
LAYOUT
  5
1A
330
D
100
AcDbPlotSettings
  1

  4
A3
  6

 40
7.5
 41
20.0
 42
7.5
 43
20.0
 44
420.0
 45
297.0
 46
0.0
 47
0.0
 48
0.0
 49
0.0
140
0.0
141
0.0
142
1.0
143
1.0
 70
1024
 72
1
 73
0
 74
5
  7

 75
16
 76
0
 77
2
 78
300
147
1.0
148
0.0
149
0.0
100
AcDbLayout
  1
Model
 70
1
 71
0
 10
0.0
 20
0.0
 11
420.0
 21
297.0
 12
0.0
 22
0.0
 32
0.0
 14
1e+20
 24
1e+20
 34
1e+20
 15
-1e+20
 25
-1e+20
 35
-1e+20
146
0.0
 13
0.0
 23
0.0
 33
0.0
 16
1.0
 26
0.0
 36
0.0
 17
0.0
 27
1.0
 37
0.0
 76
1
330
17
  0
LAYOUT
  5
1E
330
D
100
AcDbPlotSettings
  1

  4
A3
  6

 40
7.5
 41
20.0
 42
7.5
 43
20.0
 44
420.0
 45
297.0
 46
0.0
 47
0.0
 48
0.0
 49
0.0
140
0.0
141
0.0
142
1.0
143
1.0
 70
0
 72
1
 73
0
 74
5
  7

 75
16
 76
0
 77
2
 78
300
147
1.0
148
0.0
149
0.0
100
AcDbLayout
  1
Layout1
 70
1
 71
1
 10
0.0
 20
0.0
 11
420.0
 21
297.0
 12
0.0
 22
0.0
 32
0.0
 14
1e+20
 24
1e+20
 34
1e+20
 15
-1e+20
 25
-1e+20
 35
-1e+20
146
0.0
 13
0.0
 23
0.0
 33
0.0
 16
1.0
 26
0.0
 36
0.0
 17
0.0
 27
1.0
 37
0.0
 76
1
330
1B
  0
MATERIAL
  5
1F
102
{ACAD_REACTORS
330
E
102
}
330
E
100
AcDbMaterial
  1
ByBlock
  2

 70
0
 40
1.0
 71
1
 41
1.0
 91
-1023410177
 42
1.0
 72
1
  3

 73
1
 74
1
 75
1
 44
0.5
 73
0
 45
1.0
 46
1.0
 77
1
  4

 78
1
 79
1
170
1
 48
1.0
171
1
  6

172
1
173
1
174
1
140
1.0
141
1.0
175
1
  7

176
1
177
1
178
1
143
1.0
179
1
  8

270
1
271
1
272
1
145
1.0
146
1.0
273
1
  9

274
1
275
1
276
1
 42
1.0
 72
1
  3

 73
1
 74
1
 75
1
 94
63
  0
MATERIAL
  5
20
102
{ACAD_REACTORS
330
E
102
}
330
E
100
AcDbMaterial
  1
ByLayer
  2

 70
0
 40
1.0
 71
1
 41
1.0
 91
-1023410177
 42
1.0
 72
1
  3

 73
1
 74
1
 75
1
 44
0.5
 73
0
 45
1.0
 46
1.0
 77
1
  4

 78
1
 79
1
170
1
 48
1.0
171
1
  6

172
1
173
1
174
1
140
1.0
141
1.0
175
1
  7

176
1
177
1
178
1
143
1.0
179
1
  8

270
1
271
1
272
1
145
1.0
146
1.0
273
1
  9

274
1
275
1
276
1
 42
1.0
 72
1
  3

 73
1
 74
1
 75
1
 94
63
  0
MATERIAL
  5
21
102
{ACAD_REACTORS
330
E
102
}
330
E
100
AcDbMaterial
  1
Global
  2

 70
0
 40
1.0
 71
1
 41
1.0
 91
-1023410177
 42
1.0
 72
1
  3

 73
1
 74
1
 75
1
 44
0.5
 73
0
 45
1.0
 46
1.0
 77
1
  4

 78
1
 79
1
170
1
 48
1.0
171
1
  6

172
1
173
1
174
1
140
1.0
141
1.0
175
1
  7

176
1
177
1
178
1
143
1.0
179
1
  8

270
1
271
1
272
1
145
1.0
146
1.0
273
1
  9

274
1
275
1
276
1
 42
1.0
 72
1
  3

 73
1
 74
1
 75
1
 94
63
  0
MLINESTYLE
  5
22
102
{ACAD_REACTORS
330
10
102
}
330
10
100
AcDbMlineStyle
  2
Standard
 70
0
  3

 62
256
 51
90.0
 52
90.0
 71
2
 49
0.5
 62
256
  6
BYLAYER
 49
-0.5
 62
256
  6
BYLAYER
  0
MLEADERSTYLE
  5
2C
102
{ACAD_REACTORS
330
F
102
}
330
F
100
AcDbMLeaderStyle
179
2
170
2
171
1
172
0
 90
2
 40
0.0
 41
0.0
173
1
 91
-1056964608
 92
-2
290
1
 42
2.0
291
1
 43
8.0
  3
Standard
 44
4.0
300

342
29
174
1
175
1
176
0
178
1
 93
-1056964608
 45
4.0
292
0
297
0
 46
4.0
 94
-1056964608
 47
1.0
 49
1.0
140
1.0
294
1
141
0.0
177
0
142
1.0
295
0
296
0
143
3.75
271
0
272
9
273
9
  0
DICTIONARY
  5
2D
330
A
100
AcDbDictionary
280
1
281
1
  3
CREATED_BY_EZDXF
350
2E
  3
WRITTEN_BY_EZDXF
350
1B3
  0
DICTIONARYVAR
  5
2E
330
2D
100
DictionaryVariables
280
0
  1
1.4.4 @ 2026-09-30T17:29:46.160570+00:00
  0
VISUALSTYLE
  5
5A
102
{ACAD_REACTORS
330
16
102
}
330
16
100
AcDbVisualStyle
  2
2dWireframe
 70
4
177
3
291
0
 70
58
 90
2
176
1
 90
2
176
1
 90
0
176
1
 90
0
176
1
 40
0.6
176
1
 40
30.0
176
1
 62
7
420
16777215
176
1
 90
1
176
1
 90
4
176
1
 62
7
176
1
 62
257
176
1
 90
1
176
1
 90
1
176
1
 40
1.0
176
1
 90
8
176
1
 62
7
176
1
 40
1.0
176
1
 90
1
176
1
 90
6
176
1
 90
2
176
1
 62
7
176
1
 90
5
176
1
 90
0
176
1
 90
0
176
1
290
0
176
1
 90
1
176
1
 40
0.0
176
1
 90
0
176
1
290
1
176
1
290
1
176
1
290
0
176
1
290
0
176
1
290
0
176
1
290
0
176
1
290
0
176
1
290
0
176
1
290
0
176
1
 90
50
176
1
 40
0.0
176
1
 40
1.0
176
1
 90
0
176
1
 62
18
420
0
176
1
 90
50
176
1
 90
3
176
1
 62
5
420
255
176
1
290
0
176
1
 90
50
176
1
 90
50
176
1
 90
50
176
1
290
0
176
1
 90
50
176
1
 62
256
176
0
 40
1.0
176
0
 90
2
176
1
  1
strokes_ogs.tif
176
1
290
0
176
1
 40
1.0
176
1
 40
1.0
176
1
  0
VISUALSTYLE
  5
5B
102
{ACAD_REACTORS
330
16
102
}
330
16
100
AcDbVisualStyle
  2
Basic
 70
7
177
3
291
1
 70
58
 90
2
176
1
 90
2
176
1
 90
0
176
1
 90
1
176
1
 40
0.6
176
1
 40
30.0
176
1
 62
7
420
16777215
176
1
 90
1
176
1
 90
4
176
1
 62
7
176
1
 62
257
176
1
 90
1
176
1
 90
1
176
1
 40
1.0
176
1
 90
8
176
1
 62
7
176
1
 40
1.0
176
1
 90
1
176
1
 90
6
176
1
 90
2
176
1
 62
7
176
1
 90
5
176
1
 90
0
176
1
 90
0
176
1
290
0
176
1
 90
1
176
1
 40
0.0
176
1
 90
0
176
1
290
0
176
1
290
1
176
1
290
1
176
1
290
0
176
1
290
0
176
1
290
0
176
1
290
0
176
1
290
0
176
1
290
0
176
1
 90
50
176
1
 40
0.0
176
1
 40
1.0
176
1
 90
0
176
1
 62
18
420
0
176
1
 90
50
176
1
 90
3
176
1
 62
5
420
255
176
1
290
0
176
1
 90
50
176
1
 90
50
176
1
 90
50
176
1
290
0
176
1
 90
50
176
1
 62
256
176
0
 40
1.0
176
0
 90
2
176
1
  1
strokes_ogs.tif
176
1
290
0
176
1
 40
1.0
176
1
 40
1.0
176
1
  0
VISUALSTYLE
  5
5C
102
{ACAD_REACTORS
330
16
102
}
330
16
100
AcDbVisualStyle
  2
Brighten
 70
12
177
3
291
1
 70
58
 90
2
176
1
 90
2
176
1
 90
0
176
1
 90
2
176
1
 40
0.6
176
1
 40
30.0
176
1
 62
7
420
16777215
176
1
 90
1
176
1
 90
4
176
1
 62
7
176
1
 62
257
176
1
 90
1
176
1
 90
1
176
1
 40
1.0
176
1
 90
8
176
1
 62
7
176
1
 40
1.0
176
1
 90
1
176
1
 90
6
176
1
 90
2
176
1
 62
7
176
1
 90
5
176
1
 90
0
176
1
 90
0
176
1
290
0
176
1
 90
1
176
1
 40
0.0
176
1
 90
0
176
1
290
0
176
1
290
1
176
1
290
1
176
1
290
0
176
1
290
0
176
1
290
0
176
1
290
0
176
1
290
0
176
1
290
0
176
1
 90
50
176
1
 40
0.0
176
1
 40
1.0
176
1
 90
0
176
1
 62
18
420
0
176
1
 90
50
176
1
 90
3
176
1
 62
5
420
255
176
1
290
0
176
1
 90
50
176
1
 90
50
176
1
 90
50
176
1
290
0
176
1
 90
50
176
1
 62
256
176
0
 40
1.0
176
0
 90
2
176
1
  1
strokes_ogs.tif
176
1
290
0
176
1
 40
1.0
176
1
 40
1.0
176
1
  0
VISUALSTYLE
  5
5D
102
{ACAD_REACTORS
330
16
102
}
330
16
100
AcDbVisualStyle
  2
ColorChange
 70
16
177
3
291
1
 70
58
 90
2
176
1
 90
2
176
1
 90
0
176
1
 90
2
176
1
 40
0.6
176
1
 40
30.0
176
1
 62
7
420
16777215
176
1
 90
1
176
1
 90
4
176
1
 62
7
176
1
 62
257
176
1
 90
1
176
1
 90
1
176
1
 40
1.0
176
1
 90
8
176
1
 62
7
176
1
 40
1.0
176
1
 90
1
176
1
 90
6
176
1
 90
2
176
1
 62
7
176
1
 90
5
176
1
 90
0
176
1
 90
0
176
1
290
0
176
1
 90
1
176
1
 40
0.0
176
1
 90
0
176
1
290
0
176
1
290
1
176
1
290
1
176
1
290
0
176
1
290
0
176
1
290
0
176
1
290
0
176
1
290
0
176
1
290
0
176
1
 90
50
176
1
 40
0.0
176
1
 40
1.0
176
1
 90
0
176
1
 62
18
420
0
176
1
 90
50
176
1
 90
3
176
1
 62
5
420
255
176
1
290
0
176
1
 90
50
176
1
 90
50
176
1
 90
50
176
1
290
0
176
1
 90
50
176
1
 62
256
176
0
 40
1.0
176
0
 90
2
176
1
  1
strokes_ogs.tif
176
1
290
0
176
1
 40
1.0
176
1
 40
1.0
176
1
  0
VISUALSTYLE
  5
5E
102
{ACAD_REACTORS
330
16
102
}
330
16
100
AcDbVisualStyle
  2
Conceptual
 70
9
177
3
291
0
 70
58
 90
2
176
1
 90
2
176
1
 90
0
176
1
 90
3
176
1
 40
0.6
176
1
 40
30.0
176
1
 62
7
420
16777215
176
1
 90
1
176
1
 90
4
176
1
 62
7
176
1
 62
257
176
1
 90
1
176
1
 90
1
176
1
 40
1.0
176
1
 90
8
176
1
 62
7
176
1
 40
1.0
176
1
 90
1
176
1
 90
6
176
1
 90
2
176
1
 62
7
176
1
 90
5
176
1
 90
0
176
1
 90
0
176
1
290
0
176
1
 90
1
176
1
 40
0.0
176
1
 90
0
176
1
290
0
176
1
290
1
176
1
290
1
176
1
290
0
176
1
290
0
176
1
290
0
176
1
290
0
176
1
290
0
176
1
290
0
176
1
 90
50
176
1
 40
0.0
176
1
 40
1.0
176
1
 90
0
176
1
 62
18
420
0
176
1
 90
50
176
1
 90
3
176
1
 62
5
420
255
176
1
290
0
176
1
 90
50
176
1
 90
50
176
1
 90
50
176
1
290
0
176
1
 90
50
176
1
 62
256
176
0
 40
1.0
176
0
 90
2
176
1
  1
strokes_ogs.tif
176
1
290
0
176
1
 40
1.0
176
1
 40
1.0
176
1
  0
VISUALSTYLE
  5
5F
102
{ACAD_REACTORS
330
16
102
}
330
16
100
AcDbVisualStyle
  2
Dim
 70
11
177
3
291
1
 70
58
 90
2
176
1
 90
2
176
1
 90
0
176
1
 90
2
176
1
 40
0.6
176
1
 40
30.0
176
1
 62
7
420
16777215
176
1
 90
1
176
1
 90
4
176
1
 62
7
176
1
 62
257
176
1
 90
1
176
1
 90
1
176
1
 40
1.0
176
1
 90
8
176
1
 62
7
176
1
 40
1.0
176
1
 90
1
176
1
 90
6
176
1
 90
2
176
1
 62
7
176
1
 90
5
176
1
 90
0
176
1
 90
0
176
1
290
0
176
1
 90
1
176
1
 40
0.0
176
1
 90
0
176
1
290
0
176
1
290
1
176
1
290
1
176
1
290
0
176
1
290
0
176
1
290
0
176
1
290
0
176
1
290
0
176
1
290
0
176
1
 90
50
176
1
 40
0.0
176
1
 40
1.0
176
1
 90
0
176
1
 62
18
420
0
176
1
 90
50
176
1
 90
3
176
1
 62
5
420
255
176
1
290
0
176
1
 90
50
176
1
 90
50
176
1
 90
50
176
1
290
0
176
1
 90
50
176
1
 62
256
176
0
 40
1.0
176
0
 90
2
176
1
  1
strokes_ogs.tif
176
1
290
0
176
1
 40
1.0
176
1
 40
1.0
176
1
  0
VISUALSTYLE
  5
60
102
{ACAD_REACTORS
330
16
102
}
330
16
100
AcDbVisualStyle
  2
EdgeColorOff
 70
22
177
3
291
1
 70
58
 90
2
176
1
 90
2
176
1
 90
0
176
1
 90
2
176
1
 40
0.6
176
1
 40
30.0
176
1
 62
7
420
16777215
176
1
 90
1
176
1
 90
4
176
1
 62
7
176
1
 62
257
176
1
 90
1
176
1
 90
1
176
1
 40
1.0
176
1
 90
8
176
1
 62
7
176
1
 40
1.0
176
1
 90
1
176
1
 90
6
176
1
 90
2
176
1
 62
7
176
1
 90
5
176
1
 90
0
176
1
 90
0
176
1
290
0
176
1
 90
1
176
1
 40
0.0
176
1
 90
0
176
1
290
0
176
1
290
1
176
1
290
1
176
1
290
0
176
1
290
0
176
1
290
0
176
1
290
0
176
1
290
0
176
1
290
0
176
1
 90
50
176
1
 40
0.0
176
1
 40
1.0
176
1
 90
0
176
1
 62
18
420
0
176
1
 90
50
176
1
 90
3
176
1
 62
5
420
255
176
1
290
0
176
1
 90
50
176
1
 90
50
176
1
 90
50
176
1
290
0
176
1
 90
50
176
1
 62
256
176
0
 40
1.0
176
0
 90
2
176
1
  1
strokes_ogs.tif
176
1
290
0
176
1
 40
1.0
176
1
 40
1.0
176
1
  0
VISUALSTYLE
  5
61
102
{ACAD_REACTORS
330
16
102
}
330
16
100
AcDbVisualStyle
  2
Facepattern
 70
15
177
3
291
1
 70
58
 90
2
176
1
 90
2
176
1
 90
0
176
1
 90
2
176
1
 40
0.6
176
1
 40
30.0
176
1
 62
7
420
16777215
176
1
 90
1
176
1
 90
4
176
1
 62
7
176
1
 62
257
176
1
 90
1
176
1
 90
1
176
1
 40
1.0
176
1
 90
8
176
1
 62
7
176
1
 40
1.0
176
1
 90
1
176
1
 90
6
176
1
 90
2
176
1
 62
7
176
1
 90
5
176
1
 90
0
176
1
 90
0
176
1
290
0
176
1
 90
1
176
1
 40
0.0
176
1
 90
0
176
1
290
0
176
1
290
1
176
1
290
1
176
1
290
0
176
1
290
0
176
1
290
0
176
1
290
0
176
1
290
0
176
1
290
0
176
1
 90
50
176
1
 40
0.0
176
1
 40
1.0
176
1
 90
0
176
1
 62
18
420
0
176
1
 90
50
176
1
 90
3
176
1
 62
5
420
255
176
1
290
0
176
1
 90
50
176
1
 90
50
176
1
 90
50
176
1
290
0
176
1
 90
50
176
1
 62
256
176
0
 40
1.0
176
0
 90
2
176
1
  1
strokes_ogs.tif
176
1
290
0
176
1
 40
1.0
176
1
 40
1.0
176
1
  0
VISUALSTYLE
  5
62
102
{ACAD_REACTORS
330
16
102
}
330
16
100
AcDbVisualStyle
  2
Flat
 70
0
177
3
291
1
 70
58
 90
2
176
1
 90
2
176
1
 90
0
176
1
 90
2
176
1
 40
0.6
176
1
 40
30.0
176
1
 62
7
420
16777215
176
1
 90
1
176
1
 90
4
176
1
 62
7
176
1
 62
257
176
1
 90
1
176
1
 90
1
176
1
 40
1.0
176
1
 90
8
176
1
 62
7
176
1
 40
1.0
176
1
 90
1
176
1
 90
6
176
1
 90
2
176
1
 62
7
176
1
 90
5
176
1
 90
0
176
1
 90
0
176
1
290
0
176
1
 90
1
176
1
 40
0.0
176
1
 90
0
176
1
290
0
176
1
290
1
176
1
290
1
176
1
290
0
176
1
290
0
176
1
290
0
176
1
290
0
176
1
290
0
176
1
290
0
176
1
 90
50
176
1
 40
0.0
176
1
 40
1.0
176
1
 90
0
176
1
 62
18
420
0
176
1
 90
50
176
1
 90
3
176
1
 62
5
420
255
176
1
290
0
176
1
 90
50
176
1
 90
50
176
1
 90
50
176
1
290
0
176
1
 90
50
176
1
 62
256
176
0
 40
1.0
176
0
 90
2
176
1
  1
strokes_ogs.tif
176
1
290
0
176
1
 40
1.0
176
1
 40
1.0
176
1
  0
VISUALSTYLE
  5
63
102
{ACAD_REACTORS
330
16
102
}
330
16
100
AcDbVisualStyle
  2
FlatWithEdges
 70
1
177
3
291
1
 70
58
 90
2
176
1
 90
2
176
1
 90
0
176
1
 90
2
176
1
 40
0.6
176
1
 40
30.0
176
1
 62
7
420
16777215
176
1
 90
1
176
1
 90
4
176
1
 62
7
176
1
 62
257
176
1
 90
1
176
1
 90
1
176
1
 40
1.0
176
1
 90
8
176
1
 62
7
176
1
 40
1.0
176
1
 90
1
176
1
 90
6
176
1
 90
2
176
1
 62
7
176
1
 90
5
176
1
 90
0
176
1
 90
0
176
1
290
0
176
1
 90
1
176
1
 40
0.0
176
1
 90
0
176
1
290
0
176
1
290
1
176
1
290
1
176
1
290
0
176
1
290
0
176
1
290
0
176
1
290
0
176
1
290
0
176
1
290
0
176
1
 90
50
176
1
 40
0.0
176
1
 40
1.0
176
1
 90
0
176
1
 62
18
420
0
176
1
 90
50
176
1
 90
3
176
1
 62
5
420
255
176
1
290
0
176
1
 90
50
176
1
 90
50
176
1
 90
50
176
1
290
0
176
1
 90
50
176
1
 62
256
176
0
 40
1.0
176
0
 90
2
176
1
  1
strokes_ogs.tif
176
1
290
0
176
1
 40
1.0
176
1
 40
1.0
176
1
  0
VISUALSTYLE
  5
64
102
{ACAD_REACTORS
330
16
102
}
330
16
100
AcDbVisualStyle
  2
Gouraud
 70
2
177
3
291
1
 70
58
 90
2
176
1
 90
2
176
1
 90
0
176
1
 90
2
176
1
 40
0.6
176
1
 40
30.0
176
1
 62
7
420
16777215
176
1
 90
1
176
1
 90
4
176
1
 62
7
176
1
 62
257
176
1
 90
1
176
1
 90
1
176
1
 40
1.0
176
1
 90
8
176
1
 62
7
176
1
 40
1.0
176
1
 90
1
176
1
 90
6
176
1
 90
2
176
1
 62
7
176
1
 90
5
176
1
 90
0
176
1
 90
0
176
1
290
0
176
1
 90
1
176
1
 40
0.0
176
1
 90
0
176
1
290
0
176
1
290
1
176
1
290
1
176
1
290
0
176
1
290
0
176
1
290
0
176
1
290
0
176
1
290
0
176
1
290
0
176
1
 90
50
176
1
 40
0.0
176
1
 40
1.0
176
1
 90
0
176
1
 62
18
420
0
176
1
 90
50
176
1
 90
3
176
1
 62
5
420
255
176
1
290
0
176
1
 90
50
176
1
 90
50
176
1
 90
50
176
1
290
0
176
1
 90
50
176
1
 62
256
176
0
 40
1.0
176
0
 90
2
176
1
  1
strokes_ogs.tif
176
1
290
0
176
1
 40
1.0
176
1
 40
1.0
176
1
  0
VISUALSTYLE
  5
65
102
{ACAD_REACTORS
330
16
102
}
330
16
100
AcDbVisualStyle
  2
GouraudWithEdges
 70
3
177
3
291
1
 70
58
 90
2
176
1
 90
2
176
1
 90
0
176
1
 90
2
176
1
 40
0.6
176
1
 40
30.0
176
1
 62
7
420
16777215
176
1
 90
1
176
1
 90
4
176
1
 62
7
176
1
 62
257
176
1
 90
1
176
1
 90
1
176
1
 40
1.0
176
1
 90
8
176
1
 62
7
176
1
 40
1.0
176
1
 90
1
176
1
 90
6
176
1
 90
2
176
1
 62
7
176
1
 90
5
176
1
 90
0
176
1
 90
0
176
1
290
0
176
1
 90
1
176
1
 40
0.0
176
1
 90
0
176
1
290
0
176
1
290
1
176
1
290
1
176
1
290
0
176
1
290
0
176
1
290
0
176
1
290
0
176
1
290
0
176
1
290
0
176
1
 90
50
176
1
 40
0.0
176
1
 40
1.0
176
1
 90
0
176
1
 62
18
420
0
176
1
 90
50
176
1
 90
3
176
1
 62
5
420
255
176
1
290
0
176
1
 90
50
176
1
 90
50
176
1
 90
50
176
1
290
0
176
1
 90
50
176
1
 62
256
176
0
 40
1.0
176
0
 90
2
176
1
  1
strokes_ogs.tif
176
1
290
0
176
1
 40
1.0
176
1
 40
1.0
176
1
  0
VISUALSTYLE
  5
66
102
{ACAD_REACTORS
330
16
102
}
330
16
100
AcDbVisualStyle
  2
Hidden
 70
6
177
3
291
0
 70
58
 90
2
176
1
 90
2
176
1
 90
0
176
1
 90
1
176
1
 40
0.6
176
1
 40
30.0
176
1
 62
7
420
16777215
176
1
 90
1
176
1
 90
4
176
1
 62
7
176
1
 62
257
176
1
 90
1
176
1
 90
1
176
1
 40
1.0
176
1
 90
8
176
1
 62
7
176
1
 40
1.0
176
1
 90
1
176
1
 90
6
176
1
 90
2
176
1
 62
7
176
1
 90
5
176
1
 90
0
176
1
 90
0
176
1
290
0
176
1
 90
1
176
1
 40
0.0
176
1
 90
0
176
1
290
0
176
1
290
1
176
1
290
1
176
1
290
0
176
1
290
0
176
1
290
0
176
1
290
0
176
1
290
0
176
1
290
0
176
1
 90
50
176
1
 40
0.0
176
1
 40
1.0
176
1
 90
0
176
1
 62
18
420
0
176
1
 90
50
176
1
 90
3
176
1
 62
5
420
255
176
1
290
0
176
1
 90
50
176
1
 90
50
176
1
 90
50
176
1
290
0
176
1
 90
50
176
1
 62
256
176
0
 40
1.0
176
0
 90
2
176
1
  1
strokes_ogs.tif
176
1
290
0
176
1
 40
1.0
176
1
 40
1.0
176
1
  0
VISUALSTYLE
  5
67
102
{ACAD_REACTORS
330
16
102
}
330
16
100
AcDbVisualStyle
  2
JitterOff
 70
20
177
3
291
1
 70
58
 90
2
176
1
 90
2
176
1
 90
0
176
1
 90
2
176
1
 40
0.6
176
1
 40
30.0
176
1
 62
7
420
16777215
176
1
 90
1
176
1
 90
4
176
1
 62
7
176
1
 62
257
176
1
 90
1
176
1
 90
1
176
1
 40
1.0
176
1
 90
8
176
1
 62
7
176
1
 40
1.0
176
1
 90
1
176
1
 90
6
176
1
 90
2
176
1
 62
7
176
1
 90
5
176
1
 90
0
176
1
 90
0
176
1
290
0
176
1
 90
1
176
1
 40
0.0
176
1
 90
0
176
1
290
0
176
1
290
1
176
1
290
1
176
1
290
0
176
1
290
0
176
1
290
0
176
1
290
0
176
1
290
0
176
1
290
0
176
1
 90
50
176
1
 40
0.0
176
1
 40
1.0
176
1
 90
0
176
1
 62
18
420
0
176
1
 90
50
176
1
 90
3
176
1
 62
5
420
255
176
1
290
0
176
1
 90
50
176
1
 90
50
176
1
 90
50
176
1
290
0
176
1
 90
50
176
1
 62
256
176
0
 40
1.0
176
0
 90
2
176
1
  1
strokes_ogs.tif
176
1
290
0
176
1
 40
1.0
176
1
 40
1.0
176
1
  0
VISUALSTYLE
  5
68
102
{ACAD_REACTORS
330
16
102
}
330
16
100
AcDbVisualStyle
  2
Linepattern
 70
14
177
3
291
1
 70
58
 90
2
176
1
 90
2
176
1
 90
0
176
1
 90
2
176
1
 40
0.6
176
1
 40
30.0
176
1
 62
7
420
16777215
176
1
 90
1
176
1
 90
4
176
1
 62
7
176
1
 62
257
176
1
 90
1
176
1
 90
1
176
1
 40
1.0
176
1
 90
8
176
1
 62
7
176
1
 40
1.0
176
1
 90
1
176
1
 90
6
176
1
 90
2
176
1
 62
7
176
1
 90
5
176
1
 90
0
176
1
 90
0
176
1
290
0
176
1
 90
1
176
1
 40
0.0
176
1
 90
0
176
1
290
0
176
1
290
1
176
1
290
1
176
1
290
0
176
1
290
0
176
1
290
0
176
1
290
0
176
1
290
0
176
1
290
0
176
1
 90
50
176
1
 40
0.0
176
1
 40
1.0
176
1
 90
0
176
1
 62
18
420
0
176
1
 90
50
176
1
 90
3
176
1
 62
5
420
255
176
1
290
0
176
1
 90
50
176
1
 90
50
176
1
 90
50
176
1
290
0
176
1
 90
50
176
1
 62
256
176
0
 40
1.0
176
0
 90
2
176
1
  1
strokes_ogs.tif
176
1
290
0
176
1
 40
1.0
176
1
 40
1.0
176
1
  0
VISUALSTYLE
  5
69
102
{ACAD_REACTORS
330
16
102
}
330
16
100
AcDbVisualStyle
  2
Modeling
 70
10
177
3
291
0
 70
58
 90
2
176
1
 90
2
176
1
 90
0
176
1
 90
2
176
1
 40
0.6
176
1
 40
30.0
176
1
 62
7
420
16777215
176
1
 90
1
176
1
 90
4
176
1
 62
7
176
1
 62
257
176
1
 90
1
176
1
 90
1
176
1
 40
1.0
176
1
 90
8
176
1
 62
7
176
1
 40
1.0
176
1
 90
1
176
1
 90
6
176
1
 90
2
176
1
 62
7
176
1
 90
5
176
1
 90
0
176
1
 90
0
176
1
290
0
176
1
 90
1
176
1
 40
0.0
176
1
 90
0
176
1
290
0
176
1
290
1
176
1
290
1
176
1
290
0
176
1
290
0
176
1
290
0
176
1
290
0
176
1
290
0
176
1
290
0
176
1
 90
50
176
1
 40
0.0
176
1
 40
1.0
176
1
 90
0
176
1
 62
18
420
0
176
1
 90
50
176
1
 90
3
176
1
 62
5
420
255
176
1
290
0
176
1
 90
50
176
1
 90
50
176
1
 90
50
176
1
290
0
176
1
 90
50
176
1
 62
256
176
0
 40
1.0
176
0
 90
2
176
1
  1
strokes_ogs.tif
176
1
290
0
176
1
 40
1.0
176
1
 40
1.0
176
1
  0
VISUALSTYLE
  5
6A
102
{ACAD_REACTORS
330
16
102
}
330
16
100
AcDbVisualStyle
  2
OverhangOff
 70
21
177
3
291
1
 70
58
 90
2
176
1
 90
2
176
1
 90
0
176
1
 90
2
176
1
 40
0.6
176
1
 40
30.0
176
1
 62
7
420
16777215
176
1
 90
1
176
1
 90
4
176
1
 62
7
176
1
 62
257
176
1
 90
1
176
1
 90
1
176
1
 40
1.0
176
1
 90
8
176
1
 62
7
176
1
 40
1.0
176
1
 90
1
176
1
 90
6
176
1
 90
2
176
1
 62
7
176
1
 90
5
176
1
 90
0
176
1
 90
0
176
1
290
0
176
1
 90
1
176
1
 40
0.0
176
1
 90
0
176
1
290
0
176
1
290
1
176
1
290
1
176
1
290
0
176
1
290
0
176
1
290
0
176
1
290
0
176
1
290
0
176
1
290
0
176
1
 90
50
176
1
 40
0.0
176
1
 40
1.0
176
1
 90
0
176
1
 62
18
420
0
176
1
 90
50
176
1
 90
3
176
1
 62
5
420
255
176
1
290
0
176
1
 90
50
176
1
 90
50
176
1
 90
50
176
1
290
0
176
1
 90
50
176
1
 62
256
176
0
 40
1.0
176
0
 90
2
176
1
  1
strokes_ogs.tif
176
1
290
0
176
1
 40
1.0
176
1
 40
1.0
176
1
  0
VISUALSTYLE
  5
6B
102
{ACAD_REACTORS
330
16
102
}
330
16
100
AcDbVisualStyle
  2
Realistic
 70
8
177
3
291
0
 70
58
 90
2
176
1
 90
2
176
1
 90
0
176
1
 90
2
176
1
 40
0.6
176
1
 40
30.0
176
1
 62
7
420
16777215
176
1
 90
1
176
1
 90
4
176
1
 62
7
176
1
 62
257
176
1
 90
1
176
1
 90
1
176
1
 40
1.0
176
1
 90
8
176
1
 62
7
176
1
 40
1.0
176
1
 90
1
176
1
 90
6
176
1
 90
2
176
1
 62
7
176
1
 90
5
176
1
 90
0
176
1
 90
0
176
1
290
0
176
1
 90
1
176
1
 40
0.0
176
1
 90
0
176
1
290
0
176
1
290
1
176
1
290
1
176
1
290
0
176
1
290
0
176
1
290
0
176
1
290
0
176
1
290
0
176
1
290
0
176
1
 90
50
176
1
 40
0.0
176
1
 40
1.0
176
1
 90
0
176
1
 62
18
420
0
176
1
 90
50
176
1
 90
3
176
1
 62
5
420
255
176
1
290
0
176
1
 90
50
176
1
 90
50
176
1
 90
50
176
1
290
0
176
1
 90
50
176
1
 62
256
176
0
 40
1.0
176
0
 90
2
176
1
  1
strokes_ogs.tif
176
1
290
0
176
1
 40
1.0
176
1
 40
1.0
176
1
  0
VISUALSTYLE
  5
6C
102
{ACAD_REACTORS
330
16
102
}
330
16
100
AcDbVisualStyle
  2
Shaded
 70
27
177
3
291
0
 70
58
 90
2
176
1
 90
2
176
1
 90
0
176
1
 90
2
176
1
 40
0.6
176
1
 40
30.0
176
1
 62
7
420
16777215
176
1
 90
1
176
1
 90
4
176
1
 62
7
176
1
 62
257
176
1
 90
1
176
1
 90
1
176
1
 40
1.0
176
1
 90
8
176
1
 62
7
176
1
 40
1.0
176
1
 90
1
176
1
 90
6
176
1
 90
2
176
1
 62
7
176
1
 90
5
176
1
 90
0
176
1
 90
0
176
1
290
0
176
1
 90
1
176
1
 40
0.0
176
1
 90
0
176
1
290
0
176
1
290
1
176
1
290
1
176
1
290
0
176
1
290
0
176
1
290
0
176
1
290
0
176
1
290
0
176
1
290
0
176
1
 90
50
176
1
 40
0.0
176
1
 40
1.0
176
1
 90
0
176
1
 62
18
420
0
176
1
 90
50
176
1
 90
3
176
1
 62
5
420
255
176
1
290
0
176
1
 90
50
176
1
 90
50
176
1
 90
50
176
1
290
0
176
1
 90
50
176
1
 62
256
176
0
 40
1.0
176
0
 90
2
176
1
  1
strokes_ogs.tif
176
1
290
0
176
1
 40
1.0
176
1
 40
1.0
176
1
  0
VISUALSTYLE
  5
6D
102
{ACAD_REACTORS
330
16
102
}
330
16
100
AcDbVisualStyle
  2
Shaded with edges
 70
26
177
3
291
0
 70
58
 90
2
176
1
 90
2
176
1
 90
0
176
1
 90
2
176
1
 40
0.6
176
1
 40
30.0
176
1
 62
7
420
16777215
176
1
 90
1
176
1
 90
4
176
1
 62
7
176
1
 62
257
176
1
 90
1
176
1
 90
1
176
1
 40
1.0
176
1
 90
8
176
1
 62
7
176
1
 40
1.0
176
1
 90
1
176
1
 90
6
176
1
 90
2
176
1
 62
7
176
1
 90
5
176
1
 90
0
176
1
 90
0
176
1
290
0
176
1
 90
1
176
1
 40
0.0
176
1
 90
0
176
1
290
0
176
1
290
1
176
1
290
1
176
1
290
0
176
1
290
0
176
1
290
0
176
1
290
0
176
1
290
0
176
1
290
0
176
1
 90
50
176
1
 40
0.0
176
1
 40
1.0
176
1
 90
0
176
1
 62
18
420
0
176
1
 90
50
176
1
 90
3
176
1
 62
5
420
255
176
1
290
0
176
1
 90
50
176
1
 90
50
176
1
 90
50
176
1
290
0
176
1
 90
50
176
1
 62
256
176
0
 40
1.0
176
0
 90
2
176
1
  1
strokes_ogs.tif
176
1
290
0
176
1
 40
1.0
176
1
 40
1.0
176
1
  0
VISUALSTYLE
  5
6E
102
{ACAD_REACTORS
330
16
102
}
330
16
100
AcDbVisualStyle
  2
Shades of Gray
 70
23
177
3
291
0
 70
58
 90
2
176
1
 90
2
176
1
 90
0
176
1
 90
2
176
1
 40
0.6
176
1
 40
30.0
176
1
 62
7
420
16777215
176
1
 90
1
176
1
 90
4
176
1
 62
7
176
1
 62
257
176
1
 90
1
176
1
 90
1
176
1
 40
1.0
176
1
 90
8
176
1
 62
7
176
1
 40
1.0
176
1
 90
1
176
1
 90
6
176
1
 90
2
176
1
 62
7
176
1
 90
5
176
1
 90
0
176
1
 90
0
176
1
290
0
176
1
 90
1
176
1
 40
0.0
176
1
 90
0
176
1
290
0
176
1
290
1
176
1
290
1
176
1
290
0
176
1
290
0
176
1
290
0
176
1
290
0
176
1
290
0
176
1
290
0
176
1
 90
50
176
1
 40
0.0
176
1
 40
1.0
176
1
 90
0
176
1
 62
18
420
0
176
1
 90
50
176
1
 90
3
176
1
 62
5
420
255
176
1
290
0
176
1
 90
50
176
1
 90
50
176
1
 90
50
176
1
290
0
176
1
 90
50
176
1
 62
256
176
0
 40
1.0
176
0
 90
2
176
1
  1
strokes_ogs.tif
176
1
290
0
176
1
 40
1.0
176
1
 40
1.0
176
1
  0
VISUALSTYLE
  5
6F
102
{ACAD_REACTORS
330
16
102
}
330
16
100
AcDbVisualStyle
  2
Sketchy
 70
24
177
3
291
0
 70
58
 90
2
176
1
 90
2
176
1
 90
0
176
1
 90
1
176
1
 40
0.6
176
1
 40
30.0
176
1
 62
7
420
16777215
176
1
 90
1
176
1
 90
4
176
1
 62
7
176
1
 62
257
176
1
 90
1
176
1
 90
1
176
1
 40
1.0
176
1
 90
8
176
1
 62
7
176
1
 40
1.0
176
1
 90
1
176
1
 90
6
176
1
 90
2
176
1
 62
7
176
1
 90
5
176
1
 90
0
176
1
 90
0
176
1
290
0
176
1
 90
1
176
1
 40
0.0
176
1
 90
0
176
1
290
0
176
1
290
1
176
1
290
1
176
1
290
0
176
1
290
0
176
1
290
0
176
1
290
0
176
1
290
0
176
1
290
0
176
1
 90
50
176
1
 40
0.0
176
1
 40
1.0
176
1
 90
0
176
1
 62
18
420
0
176
1
 90
50
176
1
 90
3
176
1
 62
5
420
255
176
1
290
0
176
1
 90
50
176
1
 90
50
176
1
 90
50
176
1
290
0
176
1
 90
50
176
1
 62
256
176
0
 40
1.0
176
0
 90
2
176
1
  1
strokes_ogs.tif
176
1
290
0
176
1
 40
1.0
176
1
 40
1.0
176
1
  0
VISUALSTYLE
  5
70
102
{ACAD_REACTORS
330
16
102
}
330
16
100
AcDbVisualStyle
  2
Thicken
 70
13
177
3
291
1
 70
58
 90
2
176
1
 90
2
176
1
 90
0
176
1
 90
2
176
1
 40
0.6
176
1
 40
30.0
176
1
 62
7
420
16777215
176
1
 90
1
176
1
 90
4
176
1
 62
7
176
1
 62
257
176
1
 90
1
176
1
 90
1
176
1
 40
1.0
176
1
 90
8
176
1
 62
7
176
1
 40
1.0
176
1
 90
1
176
1
 90
6
176
1
 90
2
176
1
 62
7
176
1
 90
5
176
1
 90
0
176
1
 90
0
176
1
290
0
176
1
 90
1
176
1
 40
0.0
176
1
 90
0
176
1
290
0
176
1
290
1
176
1
290
1
176
1
290
0
176
1
290
0
176
1
290
0
176
1
290
0
176
1
290
0
176
1
290
0
176
1
 90
50
176
1
 40
0.0
176
1
 40
1.0
176
1
 90
0
176
1
 62
18
420
0
176
1
 90
50
176
1
 90
3
176
1
 62
5
420
255
176
1
290
0
176
1
 90
50
176
1
 90
50
176
1
 90
50
176
1
290
0
176
1
 90
50
176
1
 62
256
176
0
 40
1.0
176
0
 90
2
176
1
  1
strokes_ogs.tif
176
1
290
0
176
1
 40
1.0
176
1
 40
1.0
176
1
  0
VISUALSTYLE
  5
71
102
{ACAD_REACTORS
330
16
102
}
330
16
100
AcDbVisualStyle
  2
Wireframe
 70
5
177
3
291
0
 70
58
 90
2
176
1
 90
2
176
1
 90
0
176
1
 90
0
176
1
 40
0.6
176
1
 40
30.0
176
1
 62
7
420
16777215
176
1
 90
1
176
1
 90
4
176
1
 62
7
176
1
 62
257
176
1
 90
1
176
1
 90
1
176
1
 40
1.0
176
1
 90
8
176
1
 62
7
176
1
 40
1.0
176
1
 90
1
176
1
 90
6
176
1
 90
2
176
1
 62
7
176
1
 90
5
176
1
 90
0
176
1
 90
0
176
1
290
0
176
1
 90
1
176
1
 40
0.0
176
1
 90
0
176
1
290
0
176
1
290
1
176
1
290
1
176
1
290
0
176
1
290
0
176
1
290
0
176
1
290
0
176
1
290
0
176
1
290
0
176
1
 90
50
176
1
 40
0.0
176
1
 40
1.0
176
1
 90
0
176
1
 62
18
420
0
176
1
 90
50
176
1
 90
3
176
1
 62
5
420
255
176
1
290
0
176
1
 90
50
176
1
 90
50
176
1
 90
50
176
1
290
0
176
1
 90
50
176
1
 62
256
176
0
 40
1.0
176
0
 90
2
176
1
  1
strokes_ogs.tif
176
1
290
0
176
1
 40
1.0
176
1
 40
1.0
176
1
  0
VISUALSTYLE
  5
72
102
{ACAD_REACTORS
330
16
102
}
330
16
100
AcDbVisualStyle
  2
X-Ray
 70
25
177
3
291
0
 70
58
 90
2
176
1
 90
2
176
1
 90
0
176
1
 90
2
176
1
 40
0.5
176
1
 40
30.0
176
1
 62
7
420
16777215
176
1
 90
1
176
1
 90
4
176
1
 62
7
176
1
 62
257
176
1
 90
1
176
1
 90
1
176
1
 40
1.0
176
1
 90
8
176
1
 62
7
176
1
 40
1.0
176
1
 90
1
176
1
 90
6
176
1
 90
2
176
1
 62
7
176
1
 90
5
176
1
 90
0
176
1
 90
0
176
1
290
0
176
1
 90
1
176
1
 40
0.0
176
1
 90
0
176
1
290
0
176
1
290
1
176
1
290
1
176
1
290
0
176
1
290
0
176
1
290
0
176
1
290
0
176
1
290
0
176
1
290
0
176
1
 90
50
176
1
 40
0.0
176
1
 40
1.0
176
1
 90
0
176
1
 62
18
420
0
176
1
 90
50
176
1
 90
3
176
1
 62
5
420
255
176
1
290
0
176
1
 90
50
176
1
 90
50
176
1
 90
50
176
1
290
0
176
1
 90
50
176
1
 62
256
176
0
 40
1.0
176
0
 90
2
176
1
  1
strokes_ogs.tif
176
1
290
0
176
1
 40
1.0
176
1
 40
1.0
176
1
  0
DICTIONARYVAR
  5
1B3
330
2D
100
DictionaryVariables
280
0
  1
1.4.4 @ 2026-09-30T17:29:46.169007+00:00
  0
ENDSEC
  0
EOF
